avg_data_time,avg_fb_time,avg_opt_time,avg_step_time,grad_norm,loss,loss_q0,loss_q1,loss_q2,loss_q3,mse,mse_q0,mse_q1,mse_q2,mse_q3,param_norm,samples,seg_ce,seg_ce_q0,seg_ce_q1,seg_ce_q2,seg_ce_q3,seg_dice,seg_dice_q0,seg_dice_q1,seg_dice_q2,seg_dice_q3,seg_focal,seg_focal_q0,seg_focal_q1,seg_focal_q2,seg_focal_q3,seg_presence,seg_presence_q0,seg_presence_q1,seg_presence_q2,seg_presence_q3,step
3.5536110401153564,1.4628489017486572,0.2710292339324951,1.8793566226959229,0.9999995126420724,1.7046537399291992,1.954426646232605,1.8245452642440796,1.7286861737569175,1.3588863015174866,1.0008931159973145,1.0022976398468018,0.9983047246932983,1.0015506744384766,0.999796599149704,249.76241639357292,8,0.6812916398048401,0.19607721269130707,0.35720765590667725,0.857353945573171,1.0644546747207642,0.9847725629806519,0.9835343360900879,0.9792511463165283,0.9827361702919006,0.9918261468410492,0.39985013008117676,0.39985013008117676,0.39985013008117676,0.39985013008117676,0.39985013008117676,0.7610751390457153,0.7610751390457153,0.7610751390457153,0.7610751390457153,0.7610751390457153,0
0.0006723427772521973,0.4850346279144287,0.17154027938842772,0.7100606536865235,0.9999995044339399,1.5409891057014462,1.7826534933079783,1.6552488161967343,1.5406198641503916,1.2231585979461663,0.8806041783094407,0.8815865581804286,0.8795346596302128,0.8863829262379745,0.8748525446681885,249.77081124562037,808,0.6062125745415693,0.19045015005140348,0.3681795168381473,0.7989508937781964,0.9959145236813846,0.9783183705806728,0.9662146887492614,0.9762996753056842,0.9835333362431596,0.9854850292776188,0.3487210597097873,0.3063220406979155,0.3397527065032572,0.36597811728016305,0.37662582570000724,0.5641022691130643,0.5411662167864418,0.5629119220452429,0.5665103933061234,0.5828414308397394,100
0.0007646465301513672,0.4466166758537293,0.19222006797790528,0.6940964245796204,0.999999429029829,1.240334498882294,1.5181525217488483,1.311065460908859,1.1900689107615783,0.9509720148109815,0.6430966895818712,0.6699103369501427,0.6356009834590436,0.6312655565215309,0.6352133044382415,249.7956035809758,1608,0.45625888705253587,0.172977782528976,0.2542259096302451,0.5780215495970185,0.7993071210093611,0.9745846772193906,0.9640865880867532,0.9706853057611443,0.9792910666000554,0.9838309378158756,0.24432181723415855,0.22681176629412922,0.21560616125875623,0.25727704501733517,0.2749000919301335,0.26060679957270594,0.2693842041301608,0.2509518029058679,0.2578769357466115,0.26345213291848607,200
0.030750715732574464,0.46956907749176025,0.18358808279037475,0.7094093489646912,0.9999993428571823,0.9924854856729509,1.2977818088914872,1.0655734230732103,0.9245509207248687,0.7118082816520951,0.4558783426880836,0.4863707108713281,0.4435824058179195,0.44796346415073557,0.4453374605144609,249.82182025427338,2408,0.3413523177802563,0.1622594466161489,0.1769100114189346,0.39221352181576796,0.595728877628819,0.9699509006738662,0.962964423637294,0.9637989001027468,0.9723661662241737,0.9792055758562959,0.16542459703981885,0.1502465602740571,0.14762382063714916,0.1724170276878077,0.18740265698809377,0.15873841701075428,0.15858928969682173,0.15249895629869123,0.15519659350190404,0.16776932621793586,300
0.0006095623970031738,0.47092594385147096,0.1854674005508423,0.7095466709136963,0.9999992407932641,0.8094320303201678,1.1152993660528672,0.8651241581452072,0.7170886240824308,0.5295524971569003,0.30934370607137673,0.3301966437726347,0.2996929727381257,0.30473879258139,0.30189275906313584,249.84570602620218,3208,0.24105425536632522,0.15663113264204237,0.13977686433017555,0.24754744625151764,0.4222460056669146,0.9624918341636662,0.963154909390848,0.9549825067447527,0.9578920316816578,0.9738159721820193,0.09595195684581997,0.08684522307758198,0.08928394366793219,0.09688477767537346,0.11105189266516345,0.12316473020240672,0.1380453219691526,0.11544878652253138,0.12072667754208198,0.11782489818094967,400
0.03015674591064453,0.45690404415130614,0.18005934476852417,0.690975410938263,0.9584816129786004,0.6567861598730087,0.9853258568989608,0.7350794842823803,0.5569042527853556,0.3907820300923449,0.1934396339952945,0.21413075249446056,0.18750610715984664,0.18677736574144507,0.1867404371086097,249.8707280357205,4008,0.18127590939402582,0.15651890188455583,0.11970979075666538,0.14659198825780428,0.29033868946135044,0.9543004435300827,0.9622374098551899,0.9499795171263307,0.9402605206219113,0.9642446027309807,0.05594497935846448,0.05017285287184153,0.05384377067802483,0.05531273975004604,0.06348811578936878,0.0921714833751321,0.10013325648676408,0.08534111085931712,0.08631536673142837,0.09672057804979244,500
0.0006716179847717285,0.47316858291625974,0.19119415044784546,0.7184387969970704,0.7988340971360267,0.57695052921772,0.8947951448136479,0.6451777674488187,0.4525357458602498,0.2919432816446805,0.11487240821123122,0.13101478352926801,0.10992184776774387,0.10980009535948437,0.10784812633945637,249.8963341719731,4808,0.14710564106702814,0.1576564947620106,0.116257651411381,0.10494207790880294,0.2176401371675762,0.9448506361246111,0.9610732223676596,0.9385705264573251,0.9244623675390526,0.9572229476574343,0.03599813374690709,0.03268956344862633,0.03302104152815858,0.035885702322789134,0.0430293639643433,0.07858948275272272,0.08352198705171654,0.07421561962140001,0.07933570485248412,0.07676607884035339,600
0.03065274715423584,0.4620778226852417,0.15692468643188476,0.6736238884925843,0.6365325930956662,0.5201897218823429,0.8552137310688314,0.6037851943797672,0.3961513390143713,0.24407456948685996,0.07569261018186801,0.09863730168495415,0.07049520559532116,0.06745407994659175,0.06705665510537026,249.91614770472958,5608,0.12376902267336844,0.15617825877972152,0.11497598698305096,0.07631829533548587,0.15038942608667238,0.9325851362943652,0.9621193519005414,0.9318714366131226,0.9030798367091586,0.9354478325416788,0.025432277666404844,0.024593151652087013,0.024248542892986658,0.024004018138207156,0.028881076769671638,0.07045941885007781,0.08580700920802203,0.06781224924641939,0.06588086347009744,0.06290851045757262,700
0.0006923460960388183,0.4840023350715637,0.18418044567108155,0.7237164282798767,0.5722036605964157,0.49973855137824996,0.8275820487584815,0.5805074673323403,0.37189031670342626,0.21523617906975998,0.05327736288309096,0.07175973525796181,0.04842465326544785,0.04728412833898811,0.046162139355521804,249.93218585359875,6408,0.11350717924535275,0.15630494463138106,0.11346028326522727,0.06551721078617058,0.12026113577033444,0.9260770237445827,0.9634404610364862,0.9423807527337754,0.8916833611270086,0.9065072889795008,0.02252423277124763,0.021945778992122546,0.020519550871990984,0.02166475143876687,0.02616617830527811,0.07445299384766263,0.09116932200506712,0.07083831568736408,0.07119302121825068,0.06494089550477901,800
0.03171642065048218,0.44204159736633303,0.1923224902153015,0.6908555173873902,0.5597272221198719,0.4941238829493522,0.8192221138958639,0.5747763887800362,0.3612808105913367,0.19687314291356836,0.0433023779466748,0.05903692519021151,0.03972855665617513,0.03684358256491454,0.036199609539015014,249.94996825873568,7208,0.10874297305941587,0.15865069767678838,0.11580753232343034,0.0617934999635091,0.09235338651228185,0.9178421765565874,0.9619955859833487,0.9381257894665307,0.8926142209285013,0.8749320840134339,0.02057235121726991,0.02051515193402489,0.019454546122237886,0.019615610809745016,0.02258463470520925,0.06842696223873646,0.07865775974703512,0.06724006874072884,0.059851547620083025,0.0666735149239756,900
0.000764758586883545,0.4808522343635559,0.1874619245529175,0.7216366004943847,0.4664385980391565,0.4804225039482117,0.8031372651059362,0.5691682451537683,0.35002128423099815,0.18240405877374793,0.03565047901123761,0.04761488443828203,0.034321593237109475,0.031117881923704085,0.03011507888070562,249.96864779896478,8008,0.10216649547219275,0.15840742533857177,0.11639922188727984,0.05843388506959023,0.07722252702594486,0.916514197587967,0.9601410939731703,0.9405286751155352,0.8914808250369042,0.8698928318917758,0.018062493773177254,0.0185306768934118,0.016371250747137578,0.01679561510157418,0.021250751451589174,0.061873592862393724,0.07205871084734881,0.05826884077915959,0.05290570866946182,0.06649294932007745,1000
0.0006904053688049316,0.4365541362762451,0.18826463222503662,0.6773436641693116,0.45160536830894826,0.4683400082588195,0.8024583854205871,0.5642820769462027,0.3384396557276152,0.1732115200435628,0.03518810596317053,0.050984853695248085,0.03263020588328012,0.029606182411240023,0.028144357279323205,249.98226802924555,8808,0.0954959264025092,0.1570091771801518,0.11441757810720499,0.05274704845585662,0.05943435303182629,0.8997136741876605,0.9616635386190266,0.9365626585080431,0.8706649088976428,0.8300294134081625,0.016395849632099266,0.0166307474279033,0.01531663062815793,0.016115382984828425,0.01759624889367543,0.06019718955154531,0.0690489931664203,0.05936775891029315,0.05735579824791853,0.05531421950566864,1100
0.028952045440673826,0.46909881591796876,0.17953280925750734,0.7036951279640198,0.44692946282623924,0.4748494467139244,0.8130759154215895,0.5730166529874662,0.3395259793052511,0.16409609905270287,0.033731886576861186,0.04984380225512646,0.030724643495693028,0.02774835376885167,0.026291648344845306,249.99295662667518,9608,0.0934725975617766,0.15901940485628527,0.11670809878274731,0.051312282053607224,0.04257015714591198,0.8951045900583267,0.9625638867958938,0.9434527816930657,0.8689747616816103,0.803347956050526,0.014451361456885935,0.014720846387087415,0.014266236583697852,0.013622359356978973,0.01508383880676835,0.05996509179822169,0.071314217378662,0.05705522878373578,0.05763125212096579,0.053921461134868294,1200
0.0008357620239257813,0.46683191299438476,0.16949172019958497,0.6904987287521362,0.4095626766232666,0.45609760940074917,0.7907453961473289,0.5602641206979743,0.3439997433183282,0.15676077169003758,0.0300578298792243,0.040347057527729435,0.029559703227132562,0.026555824380081444,0.0245572315905188,250.00737541906463,10408,0.08991957619786259,0.15912260209757204,0.11462326858192681,0.0517127270129724,0.040298465020000326,0.8908545380830764,0.9580834019121037,0.936679036319256,0.8726407504425594,0.801777255946192,0.013815528638660908,0.013840015672107853,0.013275479897856714,0.013189148645883858,0.014966606162488467,0.057329733134247364,0.06815756769190547,0.049264004179276545,0.05907308978539025,0.05340888030744466,1300
0.028491742610931396,0.4703428506851196,0.177267005443573,0.6991645622253418,0.48106667902381073,0.4575232586264612,0.7975891615877201,0.5637163346268468,0.3307735698648019,0.15181040033334645,0.030416439902037382,0.04227740774352349,0.029327409505152818,0.025884446097851396,0.024398888583953792,250.01866118791398,11208,0.09022822938859455,0.15883998423065962,0.114706069691894,0.04751839780128829,0.04254503708060195,0.8846972346305848,0.9585315791805782,0.9395960532512867,0.8611824403304865,0.78424152601056,0.015200620647519827,0.01584474371521543,0.014551639333655376,0.013483064371336367,0.016881929194872705,0.06728913271392224,0.07958856075955323,0.06035856699412592,0.07136745297287751,0.05788973211026861,1400
0.0008417463302612305,0.464987678527832,0.1736161518096924,0.6908398509025574,0.4571256333913622,0.4752642959356308,0.7961776871069345,0.5620074970242769,0.3263409953150483,0.15158762093419315,0.029976390637457356,0.04111128006196393,0.028029884879841746,0.02500736545253958,0.02374065237055563,250.03537911471582,12008,0.09122132677584883,0.1587966105579275,0.11328476610714971,0.04674521644806701,0.03533139908365133,0.8882923960685728,0.9598355353933513,0.942623640208141,0.8623772928560214,0.7700852755157425,0.01374026968609541,0.014400093025008668,0.012953867169056579,0.012983704604536137,0.014654040066311248,0.07110122183570645,0.07579827300825086,0.06463529534749285,0.07362607433094158,0.06870368603033533,1500
0.02893543004989624,0.4617451286315918,0.19702600002288817,0.7119252967834473,0.4710388008300096,0.46061877608299245,0.7930683185314316,0.5579266145301233,0.334332663151953,0.15138443689793335,0.030383884012699126,0.04315185848751973,0.02874642729422258,0.025387698060108547,0.023999884333461535,250.04776505995181,12808,0.0881046773120761,0.15856925651357678,0.1124155394845273,0.04622860523787413,0.033851133002899575,0.8770675706863402,0.9582436947986996,0.9380469310223758,0.8708194852477369,0.7401849550008777,0.014015265409834679,0.014223761686807494,0.013237928550447055,0.013785025796316784,0.014805029081180691,0.06645927655685228,0.07221220013527246,0.06500273150825953,0.07018019953087641,0.05838560770382169,1600
0.0007287144660949707,0.46630197048187255,0.19139055013656617,0.7099933648109436,0.5002439728189433,0.46764023989439013,0.7905751659359997,0.5583581439546635,0.32175939024692785,0.13766900501786705,0.030477716308087117,0.03750920031366127,0.03030005063156823,0.026992873143610634,0.025751202780613925,250.06085783857358,13608,0.08844235252588988,0.15790647567619925,0.11017192175259458,0.040538907767128395,0.03285695950346277,0.8620503985881806,0.9607355550387017,0.9358490325309132,0.849821122147929,0.6812053663845367,0.01430930085014552,0.013862795572662836,0.014595867190006625,0.012870627109092382,0.016103584326823607,0.08799485574942083,0.09150789155295393,0.09484968792043019,0.0803329933167964,0.08506481015287776,1700
0.029405808448791503,0.46647417068481445,0.16360024452209473,0.683010094165802,0.432572936628402,0.44722906261682516,0.7876287543111382,0.5509404049765682,0.330529370437866,0.13913703151047255,0.02889403384178876,0.03723952817834082,0.02859918574034344,0.02624235105352098,0.024317461531609297,250.07151449790427,14408,0.08418266493827106,0.15782946364747155,0.10960839874184079,0.043301084842444604,0.03132956508973922,0.8649479931592942,0.9615227596627344,0.9362080822342559,0.8531985161428766,0.7067825862516964,0.012597768688574432,0.013200537161901586,0.01148013411999642,0.012053479782583736,0.013893983976837866,0.05538495169021189,0.06626779667567462,0.05070916312630823,0.054444218230967796,0.05150072659065094,1800
0.0007259893417358398,0.4724475932121277,0.18451950550079346,0.7122861123085023,0.4647024347060998,0.44660093978047355,0.7884546591636328,0.5684618785559575,0.32305023049854714,0.13370999371589593,0.02807202998548747,0.03265254567053547,0.02900219587696211,0.026463059364291615,0.02453918679682322,250.08061031829882,15208,0.08389297746121885,0.15833079990218665,0.1136594347168352,0.04069394888558793,0.026491703787212127,0.8443172287940979,0.9613498688381625,0.9376392333864043,0.8414534612194356,0.6520889650943664,0.01277771074324847,0.012509522294715272,0.012245109870542423,0.012220934698985803,0.014017592691058334,0.08491680792532859,0.08931733021403065,0.0728072242780858,0.0776953762776786,0.09932283888202766,1900
0.027928590774536133,0.4494516468048096,0.18137188196182252,0.6823926758766174,0.5304002099591689,0.4606418627500535,0.7916284945721808,0.5591743672266606,0.3441333268115769,0.13729892360355395,0.02846322603523731,0.0342998743110981,0.02850936052467052,0.02625236817779233,0.02455117377504032,250.0898067036995,16008,0.08710956566035746,0.15944092226429635,0.11148410558234896,0.04692415102148678,0.028579088730559712,0.85542051076889,0.95879652007268,0.9365994998564326,0.8628406833060349,0.6615510082724105,0.013065120587125424,0.014226978179067377,0.011650614214886454,0.012087799080494628,0.014202610371943238,0.08382288943568716,0.09175243129077272,0.08321794463457387,0.07899130083011249,0.08099853770541793,2000
0.0005994033813476562,0.46031641721725464,0.1957072949409485,0.7106412315368652,0.5140897838744881,0.4511911761760709,0.8010406396959139,0.5531392039223154,0.3224645370528812,0.12985638100453611,0.028502940982580192,0.03701171087627504,0.028088918472216905,0.025553160284956307,0.023905764434046003,250.09795058781518,16808,0.08429395278915763,0.15922689648426103,0.10975933549079032,0.03933806130219075,0.03080304582122593,0.8509253865480425,0.963281461402126,0.9345536169680686,0.8471108709062852,0.6451690475786895,0.01307975046336651,0.012973037581263194,0.012943618211217901,0.012888689039807246,0.01356204704792108,0.07162847897503526,0.08134015372944185,0.0775716474068097,0.06350529292997496,0.06416301585493543,2100
0.0007340812683105469,0.4451569151878357,0.185421404838562,0.6864017653465271,0.44593425793449876,0.45987632662057887,0.7750035812597326,0.5566232689624825,0.3296966020661494,0.13032925771500067,0.025968692693859322,0.0312707484240683,0.02610281086414332,0.023635599947490617,0.022204249841037877,250.11048713699788,17608,0.08792814847081899,0.15862118883032217,0.11261514909025551,0.043831496699396226,0.02578335475156861,0.8564397245645526,0.9567673309867928,0.9380614314102323,0.8613780630820705,0.6489863316848794,0.012598491394892341,0.012955360180160533,0.012378768151814953,0.012096231125529204,0.012944530397555033,0.06177485619613432,0.06591388566130904,0.059958455858893867,0.06030159351947416,0.060588479291206664,2200
0.030209808349609374,0.4553558373451233,0.19189512491226196,0.6999967646598816,0.45132733258787544,0.45986232966184604,0.7938918226531579,0.5514453013631752,0.32736230649614856,0.12831739327076613,0.026353454217314727,0.030520528480077927,0.02691857955035041,0.02470291818502131,0.022747033307778428,250.11775234340297,18408,0.08597511094063515,0.15995048897873096,0.11157880568089971,0.04147254978056237,0.021537182390405415,0.8386425745487215,0.964089702814818,0.9342300146021305,0.8520972155114654,0.5998368183967516,0.012134921946562831,0.01256598155097371,0.010900401654727958,0.012062179718306795,0.012863138683709164,0.06935066976351668,0.07730550791166026,0.06079794421547994,0.06998482938875915,0.06787048376353437,2300
0.0010116720199584961,0.46610556602478026,0.16626745700836182,0.6863458967208862,0.4516540187257214,0.4407765822112561,0.7867432111034208,0.5518852388081343,0.3150370742740299,0.12739828048924529,0.02676360469311475,0.02890926368498042,0.028218597770952005,0.025983970309492985,0.02414557948245101,250.12845914733347,19208,0.08089203204959634,0.15855457392685549,0.10964071471244102,0.0382403028862817,0.021204878041369182,0.8287924861907962,0.9651957195179129,0.9322400860812359,0.8269640086906888,0.6063549806626799,0.011603883919306102,0.012128449451433968,0.011208958637839913,0.010948457050921736,0.012076164003122928,0.0687045121705159,0.07877848204453561,0.07026972369361731,0.06359162361686815,0.06245966816018004,2400
0.03143265247344971,0.48181402921676636,0.18208795070648193,0.7171273279190064,0.48052633193236227,0.4479740181565285,0.7820468264467575,0.5520086292771321,0.32774333731602817,0.12530804736504578,0.02575183272361755,0.028558441501695144,0.026910413506526298,0.024291459260518938,0.023139152008126336,250.13774499112415,20008,0.08443146985024212,0.1592149204191039,0.10998817425275194,0.03989686098707429,0.024698281386111555,0.8318884795904157,0.96053186964755,0.935698191036925,0.8578999766522206,0.5850210456915627,0.012290021358057847,0.012880370267392952,0.011920654277906628,0.01137127269764489,0.012849673815510885,0.06976573028950951,0.07725983203785937,0.0686318451001034,0.06875985313212174,0.06450137998008187,2500
0.0007626533508300782,0.44800917148590086,0.18876642227172852,0.6927799749374389,0.4793044771366261,0.44498511478304864,0.7809999418946418,0.5534324585773788,0.31501595541200744,0.13035373320864818,0.02487896526232362,0.027764119095921237,0.02556202598302166,0.023733229247575753,0.022430887922503376,250.14501387628925,20808,0.08423309493809933,0.16006653125469497,0.11074495639825727,0.03771104543232061,0.02667859801139806,0.8380261093378064,0.9584888397501059,0.9417183921127126,0.8419408906013408,0.6209415719972405,0.013233751901425426,0.014822969654163064,0.01196528780346476,0.01158946132574705,0.014292438662394677,0.07119691130239515,0.08320869866964546,0.06255601533722384,0.05799090262611414,0.07902615670538488,2600
0.03727112054824829,0.4726222920417786,0.18156341314315796,0.7134093499183655,0.4365585107643942,0.4465704709291458,0.78995115989592,0.5577310649729569,0.3251119052144614,0.11774457361280298,0.026262888088822378,0.030694730647998603,0.026225148561251084,0.02475691797550427,0.02332276694438199,250.1517097500874,21608,0.08312257792800665,0.16029768695191648,0.11101245328537014,0.04067824756387959,0.02368333774796427,0.8282281059026713,0.9603235657622178,0.9426560958446055,0.8414553666656663,0.5668825799042411,0.012327066580764948,0.012603974719418265,0.01110797615474841,0.012527001484043216,0.012945125962021893,0.06841499865986414,0.07597109680404757,0.05949007234541258,0.07091126174835317,0.06592651239125848,2700
0.0007204222679138184,0.45820109605789183,0.18057148456573485,0.696931562423706,0.44855301937405434,0.44699218451976785,0.7909139959599958,0.5618090240851701,0.3200849619979906,0.12788771349936726,0.024996051657944912,0.028313517224297167,0.02512110876828287,0.024088658060472768,0.02261490538716317,250.16271003925414,22408,0.0847872208058834,0.1599443233450046,0.11350462420119176,0.03882397832994411,0.029712546856608235,0.8398916679620748,0.9640810982719143,0.9419367489031556,0.8405832813517886,0.6149755683541299,0.013128042924217882,0.013208513038418213,0.011983591392816269,0.011644310606090285,0.015734270941466105,0.07032480569556356,0.08874661157014943,0.05947187963585198,0.06588064174693417,0.06845336514525115,2800
0.0411697244644165,0.4657134914398193,0.1738991379737854,0.6964078307151794,0.461623381808583,0.44679738849401485,0.7868541291694056,0.5610776661950007,0.3222830012954515,0.1251503260403721,0.026245166976004815,0.03239803987353575,0.025801525679508254,0.02430871466697732,0.022677052588244196,250.17652589537263,23208,0.08421049199998383,0.16004997338216315,0.11303989271468981,0.041063074281741975,0.024737467376243844,0.8367900747060776,0.959599365585858,0.9383465080868967,0.8413473306031065,0.6083094678332466,0.012800277490168818,0.01384841470700718,0.013181227069877663,0.011730133487012573,0.012479608637472642,0.07460294520016757,0.07427967225019008,0.08084367612586814,0.07242139865382768,0.07074595923212601,2900
0.0007529282569885254,0.49006478548049925,0.17414377450942994,0.7209002637863159,0.402475484862694,0.4527646049857139,0.7752368103694438,0.5553591837485631,0.32838794149458395,0.12051120412381577,0.02380791315808891,0.024288610211146876,0.02481506924544063,0.023867097254842526,0.022091757934440882,250.18473776523535,24008,0.0857700351253152,0.15927498314180985,0.11202049344068488,0.041453802636824535,0.023893812439718203,0.839384468793869,0.9623399931808995,0.9401789001056126,0.8449856999516491,0.5867264407841275,0.011993580628186468,0.012504495905134189,0.01178460467518086,0.011183155146427459,0.012540394773975738,0.07093032443430282,0.07966827851688034,0.0666500138229736,0.0654201443283819,0.07214474459900902,3000
0.0006639695167541504,0.4338095664978027,0.18778491735458375,0.6736633849143981,0.47865262143537546,0.45385738998651526,0.7924236186526035,0.5499378689988098,0.3289394694216109,0.12430000295862559,0.023932918328791852,0.026954001565040495,0.02439986258237199,0.022847768101914252,0.021305668987333756,250.1924670237204,24808,0.08684003412723537,0.16168447495861482,0.1120335201478817,0.04237925563482384,0.027690875683911143,0.8375062167644496,0.963106699423357,0.9370971291579987,0.8540767431259153,0.5948037376999853,0.013418000000528995,0.013311573010022674,0.01272482132613236,0.012890404282028188,0.014683214556425801,0.08642324795480821,0.08896645451895885,0.0765603570299308,0.08426137651800741,0.09451017361367116,3100
0.05050765514373779,0.4500148034095764,0.1940983462333679,0.6985958909988403,0.3888697620203062,0.440698692947626,0.7811553164532312,0.550956864514922,0.325419606410322,0.11740202060019654,0.022982129007577904,0.022219575712816762,0.024266850712717093,0.023142021051829782,0.0218804765694045,250.20270916100537,25608,0.08366925261914726,0.16115099182951523,0.1118177977573669,0.04202692699396894,0.02371655552194931,0.8356696939468381,0.9616703683869879,0.9389397259960832,0.8461306549253913,0.5767069558839545,0.011750964582897736,0.012283001740446744,0.011096091529067896,0.01126210607056106,0.012642436086930133,0.06542519927024844,0.08000112576301259,0.05580537592490707,0.0649967246467159,0.0646064690188378,3200
0.0006748723983764648,0.46746164560317993,0.16774112701416016,0.6864265084266663,0.41778061268122724,0.4365076659619808,0.7832054257392885,0.5538110161343447,0.3095710142917438,0.11814105694250364,0.023841935712844133,0.023628694750368592,0.025194411954054446,0.02404448983784255,0.022472655000846598,250.21065722371068,26408,0.08153106205165382,0.16098842526737012,0.11227463640702458,0.03611643670060612,0.0203365190999537,0.8259034550189975,0.9629792555382377,0.9372594038454382,0.8310521819869872,0.580924242008023,0.011460289801470932,0.012791787396724283,0.010749620468301978,0.010585671652410995,0.011787774940816363,0.06383395872078834,0.07363869468926589,0.06675713679466685,0.05595111784047735,0.05935590398929465,3300
0.03113605499267578,0.468264262676239,0.1925624752044678,0.7163686895370484,0.398706362410177,0.4400353610515595,0.7767043182363063,0.5515780955831581,0.3210383051352976,0.11922419346942033,0.022654221989214428,0.022958697829180967,0.023773727442407733,0.02277784288436642,0.021079022848211663,250.2166095466669,27208,0.08278098165988927,0.16039489716759503,0.11291060896120343,0.03930710796851916,0.019209961471942184,0.8301118010282522,0.9614468104552227,0.9375830334480685,0.8440383916125872,0.5813676437326502,0.011332907523028544,0.012584213530693538,0.011238179123899517,0.010201946437280836,0.011319603588359022,0.05954744553891944,0.07401055586158606,0.05132998744347874,0.05441715984351697,0.05942963440468826,3400
0.0007430887222290039,0.4244065260887146,0.19969610452651979,0.6757478308677674,0.4312764481765446,0.44652149140834807,0.7771192541216855,0.5582112254431606,0.3108484580730782,0.12059343361701721,0.023530158344656237,0.022942813947833693,0.024603260188506764,0.023957475523153925,0.022566628064482622,250.22875165046003,28008,0.08426576159894461,0.16177885780240053,0.1126682524426052,0.03587769684501186,0.02206221773790626,0.8270240622758864,0.9577627010864784,0.9394730633267986,0.8353704657310099,0.5633002339265281,0.01213724203407764,0.013011862650642738,0.011659882411969677,0.011611466413029502,0.012266183997958134,0.06117116566281773,0.06257536691512061,0.05969931814112127,0.06230353858942783,0.06015415494927224,3500
0.029560532569885254,0.47658515691757203,0.17366448640823365,0.7053838157653809,0.4327453150123476,0.44775799468159666,0.7833256216512787,0.5514273608134966,0.32038452639466247,0.12246023491024972,0.023861543312668813,0.025091888589991455,0.0245526071090651,0.02374157208417142,0.02201951869059031,250.24131701017888,28808,0.08323286842554811,0.16124374467741548,0.11225564070677353,0.03721162495868547,0.020679982239616833,0.8303752607107162,0.9598546704208407,0.9348801445152801,0.8465689959980193,0.5772503662835529,0.011513834740035235,0.012077109812741616,0.01139199548521958,0.010926721284964254,0.011631560414972798,0.07816820953972639,0.08903458472276628,0.07778037125823532,0.07133857645427008,0.07388259169319408,3600
0.000782928466796875,0.4561713147163391,0.1753466558456421,0.6833539867401123,0.44161711370151174,0.4452422046661377,0.7849687434294643,0.5587342802663242,0.32816960942492945,0.11622827044595473,0.02266625711694361,0.02523174268357894,0.022841935934574936,0.022102673976588515,0.02052751394491907,250.25062942369195,29608,0.08558987163007262,0.16139294309358979,0.11550228210280136,0.042367061058049466,0.02323182410244957,0.826703686118126,0.9632942279179892,0.9383612767774233,0.8566265039973788,0.5641218432317986,0.012559543047100299,0.013062868666762087,0.012565527676737737,0.011954337060352958,0.012609460192480918,0.07502534682862463,0.08087585261091577,0.07022959508514993,0.07405358658384073,0.07469419445136283,3700
0.02974597692489624,0.46804688692092894,0.1986633062362671,0.7237576937675476,0.3667208596783529,0.4559925964474676,0.7784844675854825,0.554032431209468,0.33130529683594584,0.11773193516674349,0.022376397550106036,0.022601388886233958,0.023119053271807483,0.022738948236128275,0.020795637752149196,250.257844015588,30408,0.08661884743720293,0.16192248179085877,0.11360770208786608,0.0422857908997685,0.02003435650709597,0.8434704011678698,0.9611989978569835,0.9386493384021602,0.8560644090175618,0.5803167056501592,0.011212719203904256,0.012147878802114698,0.011127128476302501,0.010517799512337084,0.011068962048739191,0.06147227131761611,0.07029442948724458,0.06399059480643025,0.05498767792082883,0.055942691166707324,3800
0.0006886506080627441,0.45506141662597654,0.1812182855606079,0.6882457876205444,0.3800614838345695,0.46126306086778635,0.7884058377572474,0.5536530653635663,0.3154123238663175,0.11692954167309738,0.023965245112776756,0.024254847804383785,0.02408703611447263,0.024675438773646884,0.022679861158960396,250.26333024190862,31208,0.08620599791407585,0.16206835755812282,0.11185394743314155,0.03602032717410014,0.02005489297120626,0.8301326268911359,0.9628138728439805,0.9394032878753464,0.8285692595130771,0.5483873840835363,0.011481929761357606,0.01245077027748005,0.01134575727419593,0.010167680849872561,0.011891359709099757,0.06160062242066487,0.0734036315209648,0.054334798932839684,0.05342812319541004,0.06390969956474801,3900
0.029241821765899657,0.46282299757003786,0.19172088623046876,0.7102352976799011,0.3821358543215201,0.45165811166167263,0.7724662287142673,0.5548840983322374,0.32577528792191623,0.11867084100766832,0.021190714631229644,0.01866444377047776,0.022861004311211946,0.022693914428188636,0.020619902948891423,250.27591463631458,32008,0.08694080442190173,0.16136097177429098,0.11489690119331628,0.04148330146354209,0.020233881691716544,0.8351291489601131,0.9623022878054275,0.9374493274975705,0.8445675883503907,0.5812855728991745,0.01162978663109243,0.012470247761970284,0.010901664616540067,0.011065205361035483,0.01206800273293392,0.06690354493446646,0.07387367957859363,0.06516653132900882,0.06163831848589424,0.06635711442319871,4000
0.0008333897590637207,0.4692902946472168,0.18093787908554076,0.7054435849189759,0.3893862065493644,0.4396249932050704,0.7750393453240397,0.5480978963326432,0.32298844088102846,0.1137377036933972,0.022007372342050056,0.018760801707394418,0.023286697469005503,0.02381656904691372,0.022129518022467622,250.285056217054,32808,0.08308880273252724,0.16219669863581654,0.11159130349299137,0.04027397456412439,0.01940657202920257,0.8185581821203233,0.9603960314393046,0.9383736666367982,0.8413368331061469,0.5314181562002543,0.011758179017342623,0.012040714756585665,0.011332743375904251,0.01149004694425325,0.012176359611265548,0.06430255010549446,0.0678784700596589,0.059954616264024374,0.06284999787685991,0.06652432347312194,4100
0.0007923555374145508,0.4447339630126953,0.18436686277389527,0.6823607969284058,0.39889896834608185,0.43753628343343715,0.7656136940826075,0.561065921795022,0.3232229539917572,0.11424908880144351,0.020980958733707665,0.018404011972098035,0.022349516404521423,0.02245152895856233,0.020812486005188143,250.2918931451165,33608,0.08433102294802668,0.1624558473927806,0.1163270549432745,0.04062333163391386,0.018624941507436297,0.8205956572294231,0.957159141097406,0.9403087658789553,0.8518866840336063,0.5551657745683635,0.011590044260956346,0.012639371280774778,0.01134305811279174,0.010697498094911377,0.011607501235428357,0.05289125376846643,0.05291676819042278,0.05345891194770711,0.04843809686135501,0.056037451929619723,4200
0.029885320663452147,0.47725893020629884,0.18048209190368653,0.7116705965995789,0.4203770030079906,0.43260772705078143,0.7814027142030591,0.5534427116580195,0.3219364337049991,0.11707024727860146,0.021492500267922886,0.020781139080736012,0.021384627573231958,0.02263726543885868,0.021112093693172608,250.30146788919876,34408,0.08089590329676868,0.16159653277594802,0.11325396593401146,0.038963867664838635,0.02002648842512224,0.8261700910329817,0.9651777185306647,0.948816711571127,0.854196806939748,0.5639392235931369,0.011217548684217038,0.012305135650492698,0.010555568380271375,0.01072631818869223,0.011293312719197215,0.06433230194845238,0.08075559363215479,0.054005028090419835,0.061948732675563695,0.0608289402751427,4300
0.0006997466087341308,0.44846909284591674,0.19275099754333497,0.6962324905395508,0.3952700073877876,0.449143540263176,0.7837066805639928,0.5633029290474951,0.32380529731997953,0.11044764361883465,0.020459301397204407,0.018926147157109736,0.021246096837179117,0.021885003823706003,0.02005850804443849,250.3098619619069,35208,0.08588759738951922,0.16417655619077903,0.11749082904619473,0.04046254179379698,0.01630991138072249,0.8235640329122544,0.960042306988738,0.9450203130642569,0.8473775406246599,0.5506256875809299,0.011200226126238697,0.011865739808092989,0.01105074950222236,0.010434821503662059,0.011326774072490242,0.06894935897551473,0.07679020995057603,0.06863244049357797,0.05392225032024411,0.07440415984376124,4400
0.029772605895996094,0.48215254306793215,0.16765796184539794,0.7066142749786377,0.42483392900659084,0.4431865939497948,0.7871813404983677,0.559037047624588,0.32184894902761596,0.11018032763983297,0.021724617257714268,0.021745553987129084,0.021993993872251268,0.022640814008407804,0.02041044485769739,250.3158822035964,36008,0.08390814170241351,0.16434131116431366,0.11635202971788551,0.04058260357570509,0.017292071506622323,0.8252512866258618,0.9591453166177427,0.9391189831953785,0.8463437571082008,0.5500377688383195,0.01152661454398185,0.012379047158292404,0.010434184741610907,0.011282470458468731,0.012032239232212305,0.07871097600553192,0.0871359552847704,0.07666842494016651,0.0779645188949829,0.07300664864026897,4500
0.0007495665550231933,0.45920334339141844,0.18051400899887085,0.6921486043930054,0.38538890109733387,0.44245910689234724,0.7837698892834258,0.5500017695449754,0.31117572991899334,0.11664803991926476,0.022737579327076665,0.02047118177330219,0.023323580925687065,0.024585783134022966,0.022370197176140662,250.32470930010882,36808,0.08279022756963965,0.16277283737339926,0.11196242529524568,0.03732334778301026,0.01836981303231948,0.8243188583850857,0.9624173201851008,0.9382081670624219,0.8203047491146617,0.5596645109831015,0.011792177911847836,0.012833386467596913,0.01255435795572243,0.010734917359809831,0.011045780924564985,0.0666884256270714,0.07590520229387415,0.06977608974501669,0.06422504195809796,0.05648348261007759,4600
0.029026801586151122,0.46754146814346315,0.18768834590911865,0.710987298488617,0.375334212204942,0.43856043100357023,0.7752780986723493,0.5415923694769549,0.314542566570971,0.11371698333211597,0.020995107553899283,0.01725621391784088,0.023167002630846884,0.023303135142972057,0.020844053520568638,250.33084236417463,37608,0.08257529085502033,0.1633090048192818,0.11085115970733264,0.03588637810769595,0.015743621433519317,0.8155862259864805,0.9608709906863272,0.9310032666350402,0.8383791324165129,0.547578127306198,0.010920395492576054,0.011810643069672399,0.010699609672883508,0.010121281336372098,0.010900388221543666,0.06368764703162014,0.06889830277275262,0.06441864374937722,0.062046255347215445,0.059201753596017974,4700
0.000675661563873291,0.4495995330810547,0.18074424743652343,0.6811352682113647,0.40271018216280713,0.4301120227575303,0.7753412691495752,0.5471898352131626,0.3272109659961781,0.11492758103463634,0.020992805343121295,0.018264604777458223,0.022460596943226874,0.022724231122992926,0.02031411534469378,250.3439254306256,38408,0.08223275631666184,0.16199157611336748,0.11211057067825109,0.04240106466638206,0.022729990045811846,0.8188851803541188,0.962731258843535,0.936733788645207,0.8471261953505181,0.5516809746979529,0.01233910454902798,0.014075016580341824,0.01242423434339956,0.011397971169432055,0.011650614288934113,0.0641043044999242,0.0789511301254313,0.058463284386520466,0.06302870771077533,0.0572789242517863,4800
0.03471419095993042,0.4650218844413757,0.18434154510498046,0.7031332874298095,0.3737842665049228,0.44328339159488683,0.772748855001109,0.5499351658114234,0.3200623427853366,0.11258030278125994,0.02151285990141332,0.01804484388732539,0.022979251956145964,0.023825670767405337,0.021362826965635788,250.3530841190111,39208,0.08476595703512431,0.1635079405445982,0.11310155554931967,0.036596380457811564,0.021573227361024253,0.8186258721351619,0.9589529584571358,0.9357844722929914,0.8384378873152182,0.5330155473675215,0.012242460120469334,0.012017260022137476,0.011272647015600639,0.011660919964389152,0.01404029077514628,0.06452351311221721,0.061058507921795034,0.055490493905454435,0.06259358188298145,0.07921906310573296,4900
0.0006074094772338867,0.4434991383552551,0.17473662853240968,0.6713259220123291,0.36366641580609604,0.42859690785408017,0.7823974629459174,0.5534160769745415,0.3122325814569117,0.11672657367628102,0.021280612088739884,0.017085639805451983,0.022298391502094915,0.024209212905429673,0.021262719082312843,250.3606850909922,40008,0.07976322241127491,0.16453405080930047,0.1142102129319135,0.03521239676407159,0.015624882667507013,0.8106992477178568,0.96187918374072,0.9378860578233121,0.8267674409237107,0.5497797645560093,0.010759694622829559,0.011884025123435999,0.01072085275333008,0.009845136645605268,0.010660938553324123,0.06259390199324118,0.06968287004755157,0.05892369059010354,0.06034126127205938,0.0620497061407467,5000
0.0006785321235656738,0.4715006899833679,0.18381671905517577,0.7084883046150208,0.3770052185079031,0.42761693552136415,0.7712135101847086,0.5455096901991427,0.32186402148842175,0.113037415461181,0.021771201416850083,0.01781179226326896,0.022905262850989122,0.02486375463557058,0.021525361996195095,250.3686617162479,40808,0.07966242525726557,0.16308087079636166,0.11077787669805378,0.03683720354637412,0.016182951178384693,0.8078593343496323,0.9601726936552808,0.9396126652375244,0.8340432242408325,0.5332389340553112,0.010692690582945943,0.011519656154698662,0.01029013173941237,0.010197586821479037,0.01075867069757554,0.054140170218888665,0.060943658801442285,0.04762046136057529,0.05473985120297021,0.05342113597692763,5100
0.03010350227355957,0.4470233535766602,0.1884693694114685,0.6879691553115844,0.3740517295978788,0.43179748415946984,0.7660854103589303,0.5498503385405792,0.32933254344294804,0.11249378558561623,0.02154783083125948,0.019013659628766666,0.022661033356072075,0.024276196533306073,0.020379798077743174,250.37923389304436,41608,0.08289062581956382,0.1629245017062534,0.11291533261537554,0.03984379655248816,0.022011515686601823,0.8125015449523931,0.9589385462529735,0.9354584985657743,0.8442757782912017,0.5384471112879643,0.011965037016198032,0.012473239796236156,0.011873732494974603,0.011233792167552032,0.012252467804127061,0.05749952603364363,0.06515073131022014,0.05072871999888633,0.0548509306337854,0.05888240636548321,5200
0.000611867904663086,0.4456082534790039,0.19632450580596925,0.6961290979385376,0.356552780650968,0.44292566090822216,0.7683348844547088,0.5492210404493325,0.32011299190398695,0.11059711513216385,0.022167797740548854,0.018732196229537694,0.023055830511695404,0.025712101737681382,0.02084001537432762,250.38812031663088,42408,0.08251977227628235,0.16246289162352523,0.11255956600554544,0.03593701071967586,0.015755851424803,0.818005835413933,0.959077216020905,0.9361780007087181,0.8279387388273933,0.520876515107077,0.010465000311378383,0.011231576933958884,0.010172466130056108,0.00982869373281947,0.010684238019007471,0.0541869290010072,0.057983025899249155,0.05251900995131674,0.05076041426422577,0.05583564107321566,5300
0.028022148609161378,0.4414833998680115,0.21861738681793214,0.714854154586792,0.39684624189697265,0.44542176902294156,0.7776433162245093,0.549680967470111,0.31632063089421525,0.1152227847872536,0.02211823754012584,0.016405559688185658,0.023030833728838403,0.027044516522437334,0.021689431548444306,250.39893663308902,43208,0.08167095527052876,0.16417471319437038,0.11124163937901484,0.032675892968351675,0.015696867314406525,0.8212169551849365,0.96236606994096,0.9399544729799181,0.8233987597955603,0.5334738821931226,0.010500048985704778,0.011154353397204459,0.010174568610142928,0.010013665346411498,0.010695133139404771,0.060991877831984294,0.07133287752695457,0.053143529038223884,0.05891139764894938,0.06036862370156037,5400
0.0006114530563354492,0.434043390750885,0.20317590951919556,0.6895939922332763,0.37642561460647245,0.4266951236128807,0.7766994800664445,0.5565302163203135,0.309113117706294,0.10582913608726019,0.022155124712735404,0.017911239267151984,0.022742491429621852,0.02722928431261367,0.02087771231223138,250.40743425519574,44008,0.0798046782799066,0.16451904707148576,0.11437435113491223,0.031166968453261577,0.01777260166639892,0.7945613616704941,0.9582611969884892,0.9384519327133096,0.8083323249311155,0.5106941598271013,0.011162730501964683,0.012339639356879858,0.011265451965086602,0.009693665719224207,0.011345367515545098,0.059297732785344115,0.06239876335458401,0.05104456459455952,0.0563271783028889,0.06627300442324592,5500
0.028907086849212647,0.4649323534965515,0.19087539196014405,0.7119151949882507,0.35775853164169613,0.4443602484464645,0.7714518861533292,0.5466411092909438,0.3178067798006166,0.10888226841337724,0.02043813738971948,0.014528362031992335,0.022835491365322497,0.026141565869149484,0.019200385660494687,250.41531569524685,44808,0.08437324341386553,0.16357151476236487,0.11070333100775238,0.0355600605397149,0.019396074664961512,0.8209093451499938,0.9627906917446877,0.9394996086115475,0.8242257071524551,0.549266421615179,0.011632293881848452,0.012609022117443214,0.01099240158243926,0.010867546986999734,0.011891208078955577,0.055637898808345215,0.06530014522862512,0.05084476192852344,0.04835381631537816,0.0564885470716648,5600
0.0005659747123718261,0.4560165524482727,0.18005147218704223,0.6895136904716491,0.3622009082183365,0.43635591745376573,0.7775298565479337,0.5494402274867609,0.3070668565418256,0.10895594350289346,0.02159820454195141,0.0154113075374786,0.02309472939273729,0.028181739263798144,0.01986189228737385,250.42081632528038,45608,0.08031245276331905,0.16406382179906212,0.11111692985907418,0.030696690101270106,0.014658358293256494,0.805666268467903,0.9616230890668672,0.9388734268658051,0.8033239359232645,0.5199203855955785,0.010424849241971968,0.011398565969223473,0.010590071780465282,0.009348964393513287,0.010344688789872693,0.06111434472724795,0.06880945785273916,0.059331293288750635,0.056658590942546314,0.05950164906587906,5700
0.028582470417022707,0.44551191091537473,0.20448028564453125,0.7054857063293457,0.3792185350629145,0.44468269109725955,0.7775106136308331,0.5557148154124176,0.31789959926644096,0.10974885174414012,0.021712983045727,0.015386138924589147,0.023142624969160815,0.029797691629146743,0.019498038478195673,250.431624635308,46408,0.08343033410608763,0.16406361822876617,0.11294371819142063,0.03283873358083403,0.017551284291349896,0.8083253270387648,0.9642338473260692,0.9392033479001259,0.8080146575103632,0.5206907929443733,0.011410406641662126,0.01271515615667666,0.01108953154111041,0.010678103363202155,0.011053664811954996,0.07215353092178702,0.07727756417182648,0.07701483094548385,0.06250974137599219,0.07079524664072002,5800
0.0007382893562316895,0.4511149525642395,0.18060627222061157,0.6848665690422058,0.37432321910897326,0.440316710472107,0.7772082033611482,0.5451667596186913,0.31626895784723513,0.11128244939118784,0.022529146242886766,0.01658788839818308,0.02394610391846593,0.03061934328657022,0.018444437065517707,250.44114244320755,47208,0.08133612219244243,0.164730199036144,0.11008017493544942,0.03144081086347985,0.016306451203652622,0.8158079922199248,0.9610070302372885,0.9324889028710981,0.809497114651057,0.5417650014318106,0.010672970325686038,0.011262068106107932,0.010452792306231076,0.010158348111055645,0.010876354356710815,0.06027011861267962,0.06276101714940047,0.06059072774301705,0.05576988563953656,0.06204734057131959,5900
0.029565186500549318,0.4653396224975586,0.184951069355011,0.7052525162696839,0.41265148477268515,0.4457600018382075,0.7751066528748128,0.5472006171463645,0.32336914927756055,0.10732857498558282,0.02294229405000805,0.017286840069029377,0.02437280912330762,0.0313534754553536,0.018516769652512484,250.45145151654677,48008,0.0821579352766275,0.1637997020070799,0.11032859853563463,0.031037334052589863,0.0185791858226715,0.8144622230529788,0.9613292292456764,0.9317163455295056,0.8226341000665423,0.5214817485910782,0.011081431172788146,0.012591729536826643,0.010640111470465514,0.010110877006274974,0.010890526191747577,0.06126767175737768,0.06770663433838811,0.06642892503025216,0.05220147643582587,0.05897977206846103,6000
0.0005885934829711914,0.4426300096511841,0.183673255443573,0.6803400039672851,0.37732807539335494,0.4377517279982567,0.7680627268319038,0.5461189755887698,0.3221563094109298,0.10582711854291087,0.021507347226142892,0.015207155162523339,0.023007839151441726,0.031139573920518155,0.01676843999273549,250.46113170543646,48808,0.08262255303561691,0.16418222703185742,0.11010472446379035,0.03263339097844436,0.0216033059322849,0.8115268564224237,0.9593858727637461,0.9388760153693385,0.8119894954562188,0.5313707951343426,0.012003723569214347,0.012517303292292593,0.011204764910155183,0.010736322675365962,0.013553742406362977,0.06486858105752619,0.06731203447242139,0.05676703339188612,0.050824566620867706,0.08463850443373727,6100
0.0006435489654541015,0.44710793018341066,0.20718634128570557,0.7092708325386048,0.3975149856361805,0.43988158658146853,0.77325929914202,0.5501752329724175,0.3236737796174947,0.10233791029669449,0.0216236745007336,0.015049066682042063,0.022688656726053788,0.031633230472975095,0.016717228777899634,250.47247035083257,49608,0.08231017049401997,0.1642898056580096,0.11198865256848782,0.03255292973643291,0.018583309167146757,0.8107412135601044,0.9604878903043517,0.9389176425479705,0.8117103873200674,0.5181909327062302,0.011385148586705326,0.012595763154403899,0.010960719441728932,0.010045257586967286,0.012012960794598954,0.061606748569174585,0.06840694792496216,0.060328863075258095,0.05439558108244558,0.06360136797239066,6200
0.03149166345596313,0.45173590660095214,0.17714604377746582,0.6817481112480164,0.3853617334420843,0.4312594513595106,0.7816559143510525,0.5479996328808598,0.3128875691249882,0.10964312321429169,0.0215952682495117,0.017139916817255896,0.022668125040675547,0.03207776826844049,0.016736250578153342,250.47951342822643,50408,0.07991986935958266,0.16471664278822795,0.11075239643915412,0.02938442265701001,0.016437683805546773,0.7975275969505311,0.9606016380529779,0.9407453795069276,0.7963590577158637,0.5318105660671751,0.011111788530834015,0.01206767835480837,0.010914794721439016,0.010150821478445237,0.011153109819022324,0.07489489912055435,0.08627661072429926,0.0638055759338067,0.07751134580614934,0.07217356398717942,6300
0.0005785989761352539,0.46494494915008544,0.18834596633911133,0.708889729976654,0.37842892673936745,0.4377201114594937,0.775378101339964,0.5580030638704858,0.3075975617798776,0.10415326984065795,0.021138163320720202,0.015147926436006052,0.0222587162116296,0.03238071103418329,0.01645035812185262,250.4893282532451,51208,0.0822909699007869,0.16467951802171277,0.11408255521267173,0.027615076404206646,0.01853794551196514,0.8023696553707121,0.9596515952426689,0.9425833628921912,0.795972678324451,0.5254603380888279,0.011596931619569659,0.012379304360093487,0.010983234670545365,0.011049186737458826,0.011828603052442349,0.06499810645356774,0.06697770462275669,0.06276685879048378,0.06492375167410656,0.0650532852307382,6400
0.029622461795806885,0.4608763027191162,0.18389129400253296,0.7002678489685059,0.39393952163446094,0.41260358408093467,0.7729843231294875,0.5537189300413484,0.3110777444399156,0.10483538737106654,0.021939690783619882,0.014282065344102283,0.022215390459649136,0.03342504344612084,0.016027253625604008,250.50128853243243,52008,0.07565064137801537,0.1642085850411066,0.1135063000299312,0.029924395546602364,0.018595005051422583,0.7876674169301989,0.9617919725489752,0.940066564020025,0.7863559577916114,0.5162051709161862,0.01103641007095575,0.011501002208884219,0.010664016651433145,0.010577114479331007,0.011462204227292992,0.06815728178480637,0.07850207221247474,0.05347884854020937,0.06888510704120238,0.07196745739740978,6500
0.0006380534172058106,0.4556369090080261,0.18062228202819824,0.6939289212226868,0.3771387972484823,0.412263836711645,0.7767821437603721,0.5414584081458009,0.3065400369680272,0.10187309644615168,0.02211441799066961,0.01470088939358657,0.023281902186167623,0.03375364151389266,0.01644503333576591,250.51215855954814,52808,0.07461688816547392,0.16383788706483077,0.10878112320990664,0.02879699577505773,0.015147978588186978,0.7796379566192628,0.9631033965059228,0.9367718362937804,0.7791247336337201,0.4982613154056361,0.010279550161212682,0.011640506250330728,0.00980453479670636,0.009466910081055881,0.010300424991952328,0.059870167730841764,0.06618660986297639,0.05683418640704906,0.052268167526702956,0.06422574984561241,6600
0.0389748477935791,0.47846662521362304,0.17564679384231568,0.7123230290412903,0.3509321737192789,0.4391701576113701,0.7709642131746672,0.5454023776955867,0.3044739664353507,0.09868922743358104,0.022540734559297552,0.015192358240361616,0.024286242095355078,0.03471906753162843,0.016163631744290634,250.52232982368193,53608,0.08120368599891671,0.16387478385773885,0.11033857936289782,0.02709332781825026,0.014962294154898513,0.7978525316715238,0.9595052026459402,0.9285348713101436,0.7743857129655708,0.5045397206356652,0.01056695889215916,0.011944332917031073,0.01013189601475623,0.009632312121208408,0.010471599838255274,0.06252490921760911,0.07500752392147736,0.05722619763017162,0.05167522848962397,0.06557462558971328,6700
0.0007289838790893555,0.4454083585739136,0.18749346017837523,0.6890602803230286,0.42609190314382567,0.42922953799366964,0.7709709453204329,0.5487489597099582,0.3118240019278743,0.10975590093833638,0.022929627401754252,0.017764660805739737,0.02283782794072134,0.03428514792458779,0.016649324792187392,250.5302465451013,54408,0.07960473336279399,0.16257047188029716,0.11128392088703995,0.031216936985225388,0.018878827296288272,0.7987071835994726,0.9615173264155316,0.9381989604089322,0.7796257203491177,0.5278215353081868,0.01131700445432216,0.012130751984105233,0.011007841392533808,0.010938154707259663,0.011247389545527897,0.061051599115598945,0.06732380462972995,0.05934810473288351,0.05626229944625003,0.061668275895233216,6800
0.030707919597625734,0.45578234910964965,0.18321171283721924,0.6931979918479919,0.38083737661202827,0.4313277050852774,0.7738413951335805,0.5555334116267687,0.3050950604556787,0.10505620455596504,0.02200968206860125,0.014227848836722283,0.022912753280252215,0.03514430011537942,0.015835938802579542,250.53635244881275,55208,0.07994537882506844,0.16379580864539506,0.11409406968862705,0.027801554887602574,0.016899563749207227,0.7952781164646148,0.9621687607887469,0.9352252329930217,0.7699190640088284,0.5231224993380107,0.01065196231473237,0.01183572064559811,0.010369045058228443,0.010023731362036986,0.010411504460725841,0.06066107749182263,0.06570638511120938,0.057436959857771204,0.06329641080810691,0.05649347153901145,6900
0.0007053327560424805,0.4507539558410645,0.18156943082809449,0.6842443680763245,0.40979904260572403,0.43520556807517996,0.7706631639064884,0.5445226300156345,0.3082757446111418,0.1034819578958883,0.02315634462982417,0.016596985166558085,0.023069285328570267,0.035419255161804004,0.01678543273734039,250.54414648898484,56008,0.08029783584177493,0.16423094968001034,0.10999396534742051,0.02861814332815508,0.016171490475436836,0.8000548392534254,0.9586778029417379,0.9380235123746808,0.7763076062295946,0.5072696413943383,0.010588817675597972,0.011698273086968152,0.010342304118170912,0.009806084222908988,0.010565509174570983,0.05860447156243027,0.06541281211404842,0.051753623520885125,0.05657832046705936,0.06145149907934914,7000
0.0008334803581237793,0.44166314125061035,0.21306066274642943,0.7081603527069091,0.3879770450721222,0.43443255439400663,0.77884383733366,0.5467203966001191,0.30411421878133865,0.09664145725614885,0.022206689715385444,0.015626102603752835,0.02275020958992042,0.03592469531763843,0.015666253435626328,250.55351931428285,56808,0.08058385275304322,0.16365780316147144,0.11095829878638439,0.027873933838212225,0.015303987682130468,0.7934647017717359,0.9637539608805789,0.9378607813904924,0.7626915551761885,0.5062802483638131,0.010582744483836,0.011684093035428843,0.01010116313288853,0.010083112733707548,0.010423333747038518,0.06320916786207817,0.0748992316509305,0.05667536530314327,0.06323070893372928,0.05806518909373029,7100
0.030108323097229005,0.4481678557395935,0.18489944219589233,0.6861953687667847,0.371659291130462,0.4604510217905046,0.7881939534767435,0.5537876018853943,0.318433422419725,0.10107528039494927,0.02206230557523669,0.014624895321952025,0.022415524809925907,0.035787568963986126,0.01597693345373432,250.56628123024228,57608,0.08629772193729882,0.16617027254697914,0.1132736211277056,0.02961833081305689,0.01731220359542522,0.8128013539314268,0.9614696063204295,0.9405964635242927,0.7849779906073168,0.507773819599259,0.011060294576454905,0.01181708924978766,0.010523173323762808,0.010521728724621586,0.011361337170067643,0.06891706306021665,0.07682234802914238,0.06238626244817388,0.0646395286623174,0.07172129655863792,7200
0.0007190203666687012,0.4694462084770203,0.19478166818618775,0.7196858835220337,0.3654000112963007,0.4485392720997333,0.7787738028418255,0.5495277561553539,0.3221066630984608,0.10209304165649927,0.02228385978378356,0.01625530102882038,0.022607302854526532,0.034829975439137496,0.015737058253007686,250.57570553563912,58408,0.08405057558789852,0.16468665561652546,0.1129092113816575,0.030771614937111738,0.01720928510854101,0.8084805339574819,0.9611773755162807,0.9339936857354149,0.7980070427844398,0.5079758607960763,0.010807500276714557,0.011770955754875256,0.01023743956532653,0.010120684048160921,0.011125356219015389,0.06097237243549897,0.07487665085245862,0.05118831821725828,0.05534756761411888,0.06304073558025497,7300
0.030353612899780273,0.4442829895019531,0.18637937545776367,0.6830276679992676,0.4236656801176298,0.4346820831298829,0.7813691632167715,0.549848526041972,0.3097788209490706,0.10377367658122463,0.023259964790195226,0.016391855896123363,0.02301209677870456,0.03779327783338498,0.01534048985803918,250.58239389922593,59208,0.08019340798258778,0.16458508710603462,0.11137732435270672,0.02829549000998301,0.01780403000944086,0.7964726603031163,0.9628439999915458,0.9372097901089695,0.7608685472396894,0.516717626732223,0.010551390512846414,0.01176261796892897,0.010334239221215924,0.009567377677262585,0.01064704305121714,0.06496789686847483,0.06810706592844554,0.05847830134254307,0.07236374904062941,0.0618509356697489,7400
0.0006165766716003418,0.46135797262191774,0.19364116191864014,0.7092017722129822,0.37666307692126194,0.43716249555349374,0.777313373634748,0.5568661092143309,0.30550937741343487,0.10174721127874413,0.02113513175398112,0.014172552012028952,0.02186379509389788,0.0361079191381895,0.014616474194425935,250.5911410477029,60008,0.08205848226323724,0.1651755698094859,0.1138945547373672,0.029527930499568505,0.015284680597431636,0.7919015187025072,0.9616431989402405,0.9405658201167458,0.7649727883886119,0.5118875313252922,0.011296758414246141,0.012491447777078262,0.010986486256220628,0.010565792775300686,0.011001241504883675,0.0685049638384954,0.0773656038288897,0.06283706915074673,0.06583117808932899,0.06695578930715862,7500
0.03894446134567261,0.4497273135185242,0.17295004844665526,0.6765075492858886,0.3586242043572147,0.4456679694354535,0.7696946900372114,0.5486728495359418,0.3026839870184955,0.09924553262276778,0.02274199474602937,0.013887308783607062,0.02339333217358218,0.03835347953187948,0.015222739521414041,250.59819230821597,60808,0.08328815035521982,0.16426230399707029,0.111679924428463,0.027522627540891707,0.016254346582314217,0.7982455670833588,0.9608015869188742,0.9337450644373897,0.7486487420478671,0.5064758314026724,0.01091270494507626,0.011826138223581212,0.010371875830460337,0.010350752209248675,0.011037992838666662,0.059857058962807054,0.06484031537974926,0.055190200849901845,0.059295916694705145,0.059636905973052844,7600
0.0006354236602783203,0.48025572299957275,0.1640190625190735,0.6966393566131592,0.37864064461206565,0.4319276544451712,0.7621944417507187,0.5539839537155751,0.29591778142131725,0.09835968449472744,0.022729471828788515,0.013052710565954001,0.022064989343323183,0.03988986226448899,0.014483200460871594,250.60862429142193,61608,0.08002810362726455,0.1626193509460084,0.1132105605093518,0.025457208418234626,0.017102328157749622,0.7890816998481751,0.9623858673231941,0.9401767618126337,0.7350186216381366,0.5022571182505969,0.010746520189568396,0.01159883939472985,0.010610826922618229,0.010143872807329556,0.010648165714931993,0.06351170297712087,0.05883965733474846,0.06413208555448989,0.05923738045934238,0.07277237617953579,7700
0.02839437246322632,0.46008543014526365,0.18872363567352296,0.7040565443038941,0.4534721894766723,0.4241605477035046,0.7724525380007765,0.5579325639709987,0.3107576033172131,0.10109933329125242,0.022144588176161065,0.013962295223423776,0.022070621874797882,0.03664981131441892,0.015170941111587349,250.62017464721933,62408,0.07893472136929636,0.1642823332643256,0.11531173280373061,0.03108056499443663,0.016321261957775616,0.7872749376296992,0.9624713595877302,0.9394980352563955,0.7653243885590476,0.5115487700416932,0.010695821424014864,0.011799942181901401,0.010881644068765885,0.010093706086851074,0.01013208663623249,0.06272090303449657,0.06661191157996035,0.06161642325492983,0.062309136921612614,0.060665697425775676,7800
0.0006462383270263672,0.44915233373641966,0.1976427125930786,0.6987235689163208,0.38744705425581333,0.43144491314887995,0.7628446187771535,0.5649700976432634,0.3029857522965782,0.09726508568834372,0.022134970566257833,0.013668596410048254,0.021668884457346622,0.04007236003020749,0.01569246876062134,250.63247809888267,63208,0.0813407919928431,0.16433306465126565,0.11804761820809635,0.026815048029615745,0.013748078604866919,0.7759594762325285,0.9569597854300841,0.9373814555558752,0.7412962584547658,0.486343581919317,0.010789356962777686,0.01142384816057315,0.010631891737810945,0.009925429014580664,0.011032670165015458,0.0618358998565236,0.06525463145772793,0.056533170633632286,0.05686639596757737,0.067290263164506,7900
0.028816609382629393,0.46730679988861085,0.19782854080200196,0.719390275478363,0.41527291026745644,0.4230980968475343,0.7725464695539235,0.551847412701576,0.29865600697455874,0.1008908074386049,0.021814046343788494,0.013479704569834158,0.02190283744005106,0.035665819151026575,0.014897446664474397,250.6413847059095,64008,0.0784061999991536,0.16515230956750032,0.11309138769584325,0.028595352354395105,0.0162379714339916,0.7849722313880919,0.95901119525616,0.9394485742174166,0.7514939868505099,0.5106879879932593,0.010604822062887249,0.01178727711622532,0.010121808903071508,0.01006263431401984,0.010490547081842877,0.053195072757080186,0.06369050978085926,0.050628521344474244,0.0464545979340505,0.05266760433977932,8000
0.0006344056129455566,0.46268935918807985,0.1726141667366028,0.6861999106407165,0.37429531879727007,0.4235012398660182,0.7777577532189233,0.5522101867680598,0.29952026409538157,0.09312040039717595,0.021690360894426698,0.012262674319386786,0.022080993199852673,0.03956916416554073,0.014160308797188378,250.64834936239566,64808,0.07898362835869198,0.1649553524900457,0.11201230906928425,0.028355660149827624,0.015229818249483487,0.7759591943025587,0.963684976709132,0.9408555994130144,0.7407825517027004,0.48540282056287476,0.011284788458142432,0.012194939043220818,0.01140700784662381,0.010592882869471063,0.010955497292646513,0.06462851199321443,0.07273710077647501,0.0663591335442932,0.05940728389510981,0.060277062317321974,8100
0.0009521055221557617,0.47730002164840696,0.1851487612724304,0.7162769770622254,0.38480743528932077,0.4291551667451858,0.7733022834245974,0.55217369719521,0.30490899823606005,0.0999992609378838,0.022099727401509877,0.013428946001043246,0.021935921011410738,0.03913046297617254,0.014610146815400757,250.65741854680607,65608,0.07960287656635048,0.16471691143054215,0.11310497675459467,0.027529437013436107,0.015858049997838117,0.7846574580669404,0.9611556458358588,0.9384099032197688,0.7519640150666235,0.50772470491273,0.010516734614502638,0.011779275286244234,0.010213306346386264,0.009870337308384478,0.01014480578735294,0.06577369901584464,0.06916748220772621,0.05443412144566057,0.057976701918523776,0.0796655829840651,8200
0.03395724773406982,0.4592693161964416,0.17837271451950074,0.6902967834472656,0.35732630008682803,0.42646940723061577,0.7783959712023331,0.5549729073047645,0.3089369537139478,0.09688753174731926,0.0230431639496237,0.014451479081206186,0.021456473693251595,0.03993239813399585,0.013770595105003797,250.6678703175744,66408,0.07794672016054391,0.16541829535170746,0.11382232770323762,0.028793455676217987,0.014394814015499188,0.7864717763662338,0.961593598127365,0.9415202942490574,0.7458463666113943,0.50945888033935,0.010093550025485454,0.011123453018903415,0.010146523925941443,0.009314174511977896,0.00994745656676894,0.06288186415098608,0.06940975276950703,0.060576821791473744,0.06132656869012864,0.06085146602590061,8300
0.0007461214065551758,0.45281224489212035,0.19066231250762938,0.6981467223167419,0.42085379345042306,0.4145776063203811,0.7729996726161139,0.5541272624251773,0.3038385943695904,0.09836205211990082,0.023092825626954434,0.01678372550592885,0.021410580354829137,0.040075847040861846,0.014502317467161489,250.6744664202842,67208,0.07650201372802257,0.1641310249847141,0.11423812042345705,0.027873368277214476,0.015375625631341823,0.7694647109508514,0.9617942307816176,0.941478623864577,0.7417539656162263,0.4868420597683683,0.010325818392448134,0.011215310022133128,0.010704056088591816,0.009380379330832508,0.010114754406075436,0.05457177947624586,0.06257963307517395,0.048503302254344405,0.05099685479537584,0.056485825703237146,8400
0.030049216747283936,0.4644524621963501,0.169747633934021,0.687193558216095,0.37787721859977785,0.44065479367971405,0.7745865711144035,0.5468920259385981,0.2956623546200092,0.10269893963022277,0.02221875155344604,0.01436329141142778,0.02268650339195323,0.03986449313345195,0.013421761630774291,250.68031581427982,68008,0.08232193686068055,0.16433394327759712,0.11115796683776753,0.025986097014745604,0.017035776956673458,0.7915460968017576,0.9630652972097904,0.9340862936230112,0.7314686512700018,0.5207956775190871,0.01111664044670761,0.01247742364232962,0.010845921287733705,0.009725642315753853,0.011187711345306045,0.06596644223202017,0.07756440751836632,0.05950159814599302,0.05820656156196343,0.06648509068471296,8500
0.0009600830078125,0.49002225160598756,0.17224388360977172,0.7152786874771118,0.39311028152174443,0.4432862713932993,0.7744477130645927,0.5431945543301292,0.3048992346899182,0.10279341505678445,0.021823687758296746,0.013495960701690173,0.022062893295046036,0.038068807190831944,0.013287455936812837,250.68749009856185,68808,0.0828865581750869,0.16567985262981688,0.11010877848579191,0.02892812975572749,0.0168223365326412,0.8054473608732227,0.9591094288715104,0.9381825808946249,0.7525641561723224,0.5424146875739093,0.010935048041865226,0.012330464271525319,0.010273718494959734,0.010385257367720349,0.010622138959740342,0.0639278782811016,0.07564076994394153,0.05780957120844176,0.06228016271694174,0.05861901285116675,8600
0.030725920200347902,0.4477545237541199,0.1774420404434204,0.6783342242240906,0.35851729959062784,0.43174873828887944,0.7709564186748445,0.5524685986340041,0.3116890762071567,0.10273128631405341,0.02359731808304786,0.014296409116642922,0.021920885839499537,0.04142042718177557,0.015145331255805038,250.69824683309895,69608,0.07848378455266354,0.16466597788074483,0.11264054721221327,0.027806935610056337,0.013247765324866548,0.7882672703266145,0.9622055616403491,0.9405064052343366,0.7527814580584464,0.4985496991719949,0.009905350240878756,0.011241850870241614,0.009820532787125564,0.009415018895008377,0.009202627751689684,0.06015933235175906,0.06860497783522075,0.059258247213438066,0.055567475527806165,0.05771667130578021,8700
0.0007700538635253907,0.46018569469451903,0.19171932935714722,0.7023961186408997,0.41063922442256734,0.4284840878844261,0.7635886923751645,0.5508418951672739,0.3067543794317997,0.09851760895394565,0.022660371121019127,0.01367200162009004,0.02218752748784468,0.03995464016489759,0.014644779811673496,250.7084392440397,70408,0.08074295949190852,0.1647251666940037,0.11348242843241406,0.028907618847316015,0.017438804002163643,0.7792483025789259,0.9565114304048926,0.9341952180621605,0.7409086324790921,0.48964513208142557,0.011058522369712595,0.012044666938708358,0.010692451650163895,0.010437359553900101,0.011067050340034034,0.06249813810049081,0.06934129367681946,0.055444254194776735,0.060829378091637944,0.06434873797825373,8800
0.03078396797180176,0.46695378303527835,0.16774659872055053,0.6876463603973388,0.40159208875758834,0.4409974557161331,0.7783090242552099,0.5502465671681342,0.2948427950998523,0.09436027530662626,0.02340993443503976,0.01343929382904065,0.022644733648469792,0.0426455833378055,0.013736856223728798,250.71746818517744,71208,0.0817772962898016,0.16555081219027892,0.11275267565345502,0.025778903294231673,0.014665549139973224,0.7827803200483323,0.9617308044652331,0.9324835015738268,0.7154210285758071,0.49225705272548825,0.010452559022232893,0.011788087164333782,0.010319225757600775,0.009388275132602394,0.010230304645169724,0.06036797119304537,0.06993639729318954,0.053834091718407646,0.056159821374095836,0.06055797236347263,8900
0.0006081342697143554,0.4727278470993042,0.17583507776260376,0.7022809743881225,0.3724631045159185,0.43442426055669764,0.7781120564135325,0.5504386009060765,0.30741805004177924,0.10092853489175932,0.02203956518322228,0.013840809202933976,0.021742669469552407,0.04179306896258669,0.012341147529308876,250.72593616478366,72008,0.08153441250324243,0.1657074020372183,0.11233972626573897,0.027334357360908706,0.019044059235156986,0.7934816735982894,0.9616796944943653,0.9399821340719005,0.7393573275501863,0.5425755718107999,0.010961367487907409,0.012177317641604856,0.011051059063065817,0.009699498122278119,0.010818798017006316,0.05630669035715982,0.06364854069104445,0.05634942771692606,0.04979133933005672,0.0548729125653175,9000
0.0005879020690917969,0.4684883093833923,0.18172817707061767,0.7057952499389648,0.3899874463265304,0.45221948981285104,0.782872602540492,0.5562849201654133,0.3150699829976808,0.09588642706949785,0.021446039909496895,0.013268054289628422,0.02202987323368068,0.03888929073061597,0.013317836605379146,250.73458307785145,72808,0.08539177857339385,0.16638750218609863,0.11431672404471191,0.03114544100275164,0.015055172348037885,0.797329563498497,0.9609133028774005,0.9365049719810487,0.7614249853711378,0.5032623737587211,0.011152804330922667,0.01195550417232159,0.01128424739367084,0.010468131671414567,0.010753326400284476,0.06929278209456238,0.0733319572942324,0.06571096984216167,0.06710420386976028,0.07022273764038371,9100
0.03689976930618286,0.44129424333572387,0.1754919958114624,0.6716447043418884,0.4208479215101419,0.4286650848388671,0.7711620941684031,0.5532726345902285,0.3001969109848142,0.10246351449885986,0.022434029206633573,0.013660662376613756,0.021751353956295735,0.04096335530281074,0.013644406592328724,250.7435340463771,73608,0.07965444497764114,0.1638031808001484,0.11319887533861132,0.028099060554523034,0.01617437661670653,0.7803325498104098,0.9623864331648715,0.9380500647070489,0.727283517420292,0.50643687659097,0.010838740309700374,0.011255612501883824,0.010842060320407451,0.010166932588908818,0.0110811163847633,0.07832882148781208,0.079126540488556,0.07777758445305728,0.07361603855075369,0.08264243224494726,9200
0.0007999491691589356,0.4716563487052918,0.1820739197731018,0.7070162749290466,0.39398423262850896,0.42797772794961925,0.7692593341624301,0.5395989283013742,0.29970944186254406,0.09570874710193872,0.02280210524797438,0.014130363756083635,0.023106199915608305,0.04199152856552021,0.013415284387335394,250.75092093171483,74408,0.07917174406349664,0.1641465984974747,0.1099332785902761,0.026236747640983327,0.013726590718660085,0.7764521068334577,0.9617963433265685,0.9278685266141734,0.7316258574018676,0.4930956553721769,0.010251143379136924,0.011697872694909446,0.009846419661990185,0.009726983941711325,0.009591707197166437,0.05696337188594042,0.06643273145029395,0.05370129307845184,0.05480428907202973,0.05197899908295291,9300
0.029033882617950438,0.4381395220756531,0.18793193817138673,0.6795394396781922,0.3928752725474427,0.43192652001976967,0.7764906739577268,0.548196100940307,0.30190353804343445,0.09736775342082869,0.022076074294745927,0.014205975042512782,0.021853847049728602,0.041422294538367446,0.012289896075540761,250.75756176083374,75208,0.08108083706349138,0.16515359825048687,0.11244949422500744,0.028352969610509857,0.015320237506838405,0.7873244929313657,0.9610856572786964,0.9360374717248813,0.7280817863103506,0.5174934539724799,0.010627367962151768,0.011565531981297021,0.01053560911505312,0.009738533327204963,0.01063380097541228,0.06623759150505065,0.0728717936680485,0.061883324153583316,0.06152601088019643,0.06877923239588597,9400
0.0006016373634338378,0.473923397064209,0.1829219388961792,0.710754063129425,0.4262083787885236,0.4257052019238472,0.7715882919728753,0.5472140075668457,0.29493042185185436,0.09952944327421763,0.022948769191280017,0.0146716529987036,0.02294805225615623,0.043210462686969285,0.013378579169511792,250.76528324722076,76008,0.07938014004379514,0.16558998429144806,0.11169009667540356,0.026402906009200262,0.013956589804298276,0.7710759192705156,0.957979971972796,0.9303653227589126,0.7129651464242985,0.502024877678465,0.010477536935359234,0.011590512908207094,0.00998014783013672,0.009791051206940952,0.010435316424937571,0.059701813005376615,0.06193127958641312,0.05862364278140444,0.05687935718579249,0.06094183319860514,9500
0.04720542907714844,0.4510602807998657,0.17598626613616944,0.6868583655357361,0.3669077505887672,0.42246151477098454,0.7748947528877643,0.5484246739760581,0.28989997616793883,0.09726710937881236,0.022757518542930486,0.012999499957500535,0.022346181201463835,0.04344816696322936,0.01228391803387139,250.77375603065425,76808,0.07819112071767446,0.1649579837767765,0.11291904299679202,0.02409186973328713,0.01561006202119523,0.7740501761436462,0.96189597580168,0.9312510332912972,0.7106533861986478,0.5096681567205895,0.010448773049283766,0.011568002607391194,0.010095132841762408,0.009711693540114056,0.010427203814494579,0.0588383201137185,0.0659516546005063,0.05516985861989888,0.05399235508100376,0.060183526763629515,9600
0.0007024741172790527,0.4584297013282776,0.19033076047897338,0.7029043173789978,0.33832468151267087,0.43261836782097834,0.772963876836002,0.552436199021894,0.2973986365696761,0.09437287471351778,0.022634357679635286,0.012627825384697644,0.021766355126922897,0.041695529839150536,0.012908546074746759,250.78282574560248,77608,0.08065867746248842,0.16448920957433694,0.1139407733498618,0.02757588572556027,0.014797409123586687,0.781201284527778,0.9617948792874812,0.9376529358154121,0.7161443100392244,0.48756845622139205,0.010104616433382039,0.011132443624471008,0.00996074791737767,0.00931813665304008,0.010081107048367614,0.05721429063240071,0.06423767695014254,0.05578408537129336,0.05302111722768545,0.05626668464043796,9700
0.03450965881347656,0.42491734981536866,0.19092591524124145,0.6703174757957459,0.33963731178562695,0.4259589691460133,0.7735347411643836,0.5420604878887137,0.2938175526848109,0.09320213595788443,0.02254764842800795,0.01200219699384654,0.02266354239570666,0.04511864209750307,0.012247248075938102,250.79334032264435,78408,0.07884567704051727,0.16463663926904246,0.10948630940308551,0.02581017663692718,0.013793814364758336,0.7683391228318215,0.9633940398975572,0.9341916339920171,0.7019185399144424,0.48435906302985976,0.01040030488744378,0.011447144155854017,0.010527123502869025,0.009596603220434843,0.009972152997556905,0.06334373344900081,0.07058399807555844,0.06045883868068935,0.05579365036146316,0.06558749192443336,9800
0.0008378386497497559,0.48582918643951417,0.18340292930603028,0.726619474887848,0.3734075636873055,0.4371768441796302,0.7710352886013869,0.5569883447427015,0.29861084740412863,0.09690154841179167,0.02195210407488048,0.013264888380767724,0.02131023970343033,0.041928797715196454,0.012402942004675045,250.79999678593592,79208,0.08298291068524126,0.16459638178348532,0.11489490799319291,0.02823674480773902,0.017162175486242492,0.7829684340953823,0.9604729140677103,0.9396376082530387,0.7096589173141283,0.5035430619559317,0.011313826646655803,0.012086127391766491,0.010987902234774083,0.011605474820948748,0.010573001630452989,0.06337750840466475,0.0689526452433045,0.05814468499962601,0.06705706597452885,0.05955216971457685,9900
0.02956676483154297,0.4415020537376404,0.19546716451644897,0.6901020956039429,0.39569731538360425,0.427367142289877,0.7705099242504195,0.5531902695313482,0.30478556986365984,0.088607493806914,0.02320073103532195,0.012109808300414844,0.021501634296220862,0.045225859406803355,0.012551236576235232,250.81009513857978,80008,0.07905553162097934,0.16371295510819445,0.1135949683112976,0.027370826531911183,0.01487496334156448,0.7751382666826242,0.9661409352162876,0.9401932031680373,0.7232615130288256,0.4750868662964874,0.010600791713222858,0.011525607985359706,0.01040435473267466,0.009727397778381901,0.010796752706321359,0.07239010742865506,0.07617346117404677,0.0705296971381475,0.07048176006369648,0.07246335063526771,10000
0.0007647299766540528,0.4726054525375366,0.176041157245636,0.7031218242645264,0.3478470312016916,0.424368004053831,0.7717541129965529,0.5502581186592572,0.2959122627973555,0.09517316418782908,0.022732200911268593,0.012374798982943363,0.021785661282662582,0.044538234206847854,0.011858833822338733,250.8211110865433,80808,0.07992738675326105,0.1650436157458706,0.11293630570603103,0.027920168879209093,0.01737047995021105,0.7728236806392665,0.960487468932804,0.9366886397966966,0.7003715500235557,0.4993107894269548,0.011521573695354158,0.013078052303018535,0.01108276932231653,0.010627259565517312,0.011394856864180744,0.06759612961439412,0.0813263206791721,0.061094801009928194,0.06462098089279603,0.06432172264281369,10100
0.0007887959480285644,0.44886436939239505,0.20965251207351684,0.7119052505493164,0.3867949701374085,0.43535783439874653,0.7718910375237464,0.5506444112821055,0.2958553150045067,0.099524965906276,0.02246493624523283,0.013302129283547407,0.021776848100125805,0.04506972008855664,0.012367358468104122,250.8273568805889,81608,0.08253241114318371,0.16488138914108302,0.11318458435548989,0.02507786156368975,0.01824348317436175,0.7826911664009099,0.9617993581295012,0.9363060731779437,0.7091432377863465,0.5028625201470783,0.011369994995184245,0.012182418827433147,0.010826588430526581,0.011138028491372139,0.01136185002218157,0.06347087242480487,0.06974827639678542,0.05802907897860593,0.06536548724038307,0.06151281463566965,10200
0.03556070327758789,0.45504539012908934,0.18883032321929932,0.6965445613861084,0.3515529449503773,0.4386043156683443,0.7708369581294914,0.5491312159074315,0.2985836292688663,0.09389230238311749,0.022447820715606207,0.013386258314962362,0.02191039399319406,0.043847805490860564,0.012020355382725133,250.836782693579,82408,0.08240849245339635,0.1648673254863491,0.11363224761711581,0.026377279617083367,0.014443763838225631,0.7774824565649037,0.9591718241572376,0.9318146802283627,0.7154980882620203,0.4858348771017428,0.010428664418868727,0.011584095621531435,0.010018843002113937,0.009954021911686045,0.009967213712765707,0.05626526150037537,0.06147819651960159,0.050447094997366,0.05693143936506927,0.05513647923065465,10300
0.0007087755203247071,0.4762081599235535,0.17087050437927245,0.7023039603233338,0.3659553601108509,0.41431886702775955,0.7723665281345968,0.5399179817814574,0.2997638863738646,0.0922767188117543,0.022824187967926266,0.012624649406949935,0.02298025838344505,0.04122830556179771,0.013638398053910204,250.84632747001004,83208,0.07594819722697141,0.1655365387860097,0.11057134878478549,0.02754612484697306,0.01204227222465156,0.7576551127433779,0.9597079948375102,0.9259071817523555,0.7267596658907441,0.45480775155162373,0.009533488943707188,0.01083794175892285,0.009443206468744114,0.008612023232032372,0.009352891640825926,0.054962854096665986,0.061741786344761185,0.05342779976413832,0.05091595059510265,0.05424942294912521,10400
0.037777862548828124,0.45073479175567627,0.19012220382690428,0.6959396910667419,0.4446413112617005,0.42525562211871143,0.7707827557553896,0.5518096475040214,0.3008989020799982,0.09711045765568711,0.0233007341157645,0.014075171610176409,0.02190190203734398,0.04556741859190739,0.01235790661974953,250.85581375341437,84008,0.07993052063509823,0.16409000152133288,0.112940942594672,0.02729254241268603,0.018812731606885794,0.7733278480172159,0.9602379675356221,0.9355539957097935,0.7067936631349411,0.5031661993035896,0.011386072095483535,0.012454032507083268,0.011829140265107013,0.010090893249099066,0.01117481060030584,0.07630482362117616,0.09481808573364672,0.0748583035584648,0.05947434139461855,0.07632393198302725,10500
0.0007880830764770508,0.46447417497634885,0.1899797773361206,0.7094426465034485,0.278897420331021,0.4377436849474906,0.771714410770719,0.554316961888185,0.2894081769940945,0.09409605047625047,0.02236715049482882,0.011554785468833192,0.021483208528076555,0.04403442471252323,0.011380942115742384,250.86345539626276,84808,0.08193911556154489,0.1650072261691094,0.11549725406563159,0.0255407592227969,0.013700005588243193,0.7803445214033125,0.961338463509194,0.9332499202993729,0.6968109020246911,0.5030545430338899,0.010139245940372346,0.01109183325745583,0.009878744114401565,0.009524065224328438,0.010001426686674518,0.05876162803266197,0.06370571463490687,0.05521506106615371,0.05365831194257436,0.06251972154005556,10600
0.032970960140228274,0.45644779682159425,0.18088097095489503,0.6897423386573791,0.4002736245345795,0.42895520374178886,0.772458640471944,0.5599716939480909,0.3071078981411942,0.09242180745066403,0.02350594320334495,0.013240817757455173,0.020853615321039434,0.04512309634476496,0.01275520732705086,250.8709570807176,85608,0.07942802511155607,0.16495077361194604,0.11621480354343555,0.02700815102447886,0.01647958742913361,0.7698780727386475,0.9591323058560213,0.9393097496176345,0.724627026065983,0.4800916420879651,0.01108579507796094,0.011079550070582702,0.011253705354833821,0.010151983327253363,0.011980438025770191,0.06521415059454744,0.06587549321845451,0.06585174207912237,0.055936017160080564,0.07419137779011659,10700
0.0007850766181945801,0.4670679497718811,0.18764073371887208,0.7123444366455078,0.3381534980660024,0.4453250840306285,0.7687539283959377,0.554746250767226,0.305606894977185,0.09013071615820517,0.021500645615160466,0.011407203034427495,0.02144711177343283,0.044612050627600056,0.010750994376995896,250.88318173694512,86408,0.08546659235842531,0.16511414642885047,0.11473732007616155,0.028396857143456914,0.017018561657991187,0.7907591509819031,0.9617017144864463,0.9362175770855821,0.7236601535786582,0.495495428483953,0.01121838903054595,0.011828034097012483,0.011147373390102052,0.010662405080167126,0.011148916811204316,0.0649307351093739,0.06673841792782594,0.05918694737820177,0.06349389223402463,0.07090420351319368,10800
0.03013715982437134,0.42830581426620484,0.20544748067855834,0.6855710053443909,0.34103399947343427,0.4279218615591527,0.7669046193361282,0.551187577598913,0.29897995183342396,0.0889386510375538,0.02238757303915918,0.01222457981202752,0.02150571066211313,0.04519495328300093,0.011952804229474579,250.8924566786938,87208,0.07999568479135635,0.1640825514495373,0.1138164250243113,0.02677097742102649,0.012480551306974935,0.7704515129327784,0.9601618820428851,0.936246332914933,0.7138636532582733,0.46744703894178297,0.010031451084651052,0.011003944375552244,0.009857861442122485,0.00929242856555471,0.009942035697712539,0.0622637158632278,0.07107116620347365,0.056635955935749,0.05698307283516779,0.06426755040643159,10900
0.0006499338150024414,0.4727352213859558,0.17689526319503784,0.7054420328140258,0.3489296428144945,0.42927150949835796,0.7732955540688532,0.5485001697164511,0.29259258361145996,0.09629115702971672,0.023492618910968308,0.012552776079589748,0.022037897102089376,0.047316696181303186,0.012475053678349685,250.90210639266337,88008,0.07916852267459032,0.1653877690012725,0.11289093631279218,0.024577550099019223,0.012554523478594086,0.766611991524697,0.9608160240470238,0.9325970709323883,0.695772630153316,0.48243893638695856,0.010004744452890004,0.011103148077930908,0.009939577832878774,0.009238996870336271,0.009677071686797217,0.05783880901522933,0.06620579215539797,0.05589441326446827,0.0523795730498905,0.05628798751732207,11000
0.030507352352142334,0.45234481811523436,0.17117870330810547,0.6769775056838989,0.3810153225252884,0.43295942157506945,0.7700521575896098,0.5422914359472731,0.2911219732159405,0.09706597762543187,0.0231909703463316,0.012343820188883059,0.022289714156673652,0.046226329109932685,0.01186211720713614,250.9122413830868,88808,0.0803876870498061,0.1644486893692288,0.11039245109721488,0.026384743664932618,0.013407486397041616,0.7810700476169585,0.9626578688621527,0.9334988321749688,0.6903771651324938,0.5186918640011893,0.010121699864976103,0.011498467228706417,0.00982099213415218,0.009205002896024368,0.009875614001020706,0.06033365149982274,0.06646170321701898,0.05624612555531832,0.060896195415685424,0.05718785239851677,11100
0.021352555751800537,0.45856070041656494,0.19663459300994873,0.7101295399665832,0.3550152090613684,0.4221621105074882,0.7699397347243545,0.5476444046944375,0.30002123566911254,0.09538592297027544,0.021181641984730982,0.011001402213985986,0.02224117750787021,0.04258447007843008,0.011792671213524907,250.92092810777683,89608,0.0790011625178158,0.16484503161731018,0.11310106869010864,0.027349282931738886,0.013528123822450912,0.768658195734024,0.9624530288386223,0.9296923975149788,0.7209652584532031,0.49045268874362546,0.010197271779179567,0.010811497409153596,0.010297333377820893,0.009515467466806751,0.010113798311544893,0.056625010427087556,0.06286537448595751,0.053091010238858836,0.05334583698751648,0.056693345472654866,11200
0.0006974482536315918,0.46823994398117064,0.17464290618896483,0.69443284034729,0.3504969851278367,0.43425847128033646,0.7662520956993109,0.5535322461172802,0.2999239411776657,0.09652199457177352,0.02220115127041936,0.011540376477641995,0.021587333082717583,0.04463986480835252,0.01216356379693837,250.92958089577655,90408,0.08253782184794543,0.16490698210895047,0.11397218881784199,0.029073947902630883,0.016060085185959493,0.7802816247940063,0.9587097248435027,0.9366263585669967,0.7118130632178493,0.4949880408756624,0.011151339099742467,0.011262876824475824,0.010845564325366186,0.01066782770225059,0.01183414067789383,0.06004997720010581,0.05988783792592586,0.051151993976053,0.059231600783292294,0.07066555794914663,11300
0.02769472122192383,0.45761163234710694,0.18563583850860596,0.6995335626602173,0.3465743118852254,0.4235543599724769,0.7703606820106508,0.5413242755112828,0.2991686095461321,0.09868724459763792,0.02388782362453639,0.012253127582371234,0.02221196555291061,0.0477879713178037,0.01224695921917031,250.93903846262444,91208,0.07708999743685131,0.1644337519258259,0.11056409709194988,0.02558394232831682,0.012582125456883834,0.7677326720952989,0.9632206973433499,0.9339399769823389,0.6979165000208261,0.4909049228276359,0.00963429178111255,0.010604339826386424,0.009520009093518767,0.008970719064768559,0.009467343843569714,0.05592639750568195,0.06278805407462641,0.0557264528747293,0.050628592697992615,0.05480114714067318,11400
0.00076141357421875,0.4799093842506409,0.17397000074386595,0.7108745336532593,0.37216808414159813,0.4427249126136302,0.775961354792675,0.5460873459869964,0.2961029816094947,0.09405649738680377,0.02375595521181823,0.014371046996631897,0.021685872079786978,0.04887109358653265,0.012314073339496776,250.94840279632257,92008,0.08270059216767549,0.16497235585038897,0.11115582287311558,0.02440343567160081,0.014742750123045155,0.7812679839134211,0.9613298684637119,0.9385446790816652,0.6910599457181018,0.49033311448599143,0.010353090455755592,0.011492248047926567,0.01035664948406364,0.009458368720041356,0.009932535511784638,0.058027572187129416,0.0658435207404301,0.05790346762811204,0.053526215286895086,0.053722029270016056,11500
0.03186964511871338,0.4566501617431641,0.17968231678009033,0.6927744388580322,0.3080579018025975,0.42847695469856295,0.7681068154051904,0.5590832622628237,0.2960009881191785,0.09371120537938685,0.02218112474307418,0.012445240410064192,0.021274700071917823,0.04577893138242262,0.011751419883533318,250.95872633878554,92808,0.08037949200719598,0.1640025240679582,0.11640056998354115,0.025215431421788174,0.013323475178954982,0.774406059980392,0.9622636511921879,0.9360605176181013,0.7055198603206212,0.4917674583681463,0.010094462260603902,0.011627987359437,0.009815271856629003,0.00953525664647006,0.009459834940214613,0.061996062099933615,0.08023736702064818,0.05433474908068299,0.05604238889904486,0.058393948141075395,11600
0.0007760453224182128,0.4676220011711121,0.18745925903320312,0.7104211640357971,0.3659052109736416,0.4227262847125529,0.7612252433032278,0.5487875972348861,0.30494692405018015,0.1021510719242108,0.023239571452140798,0.012724519592714818,0.0214114067799384,0.045011917502566653,0.01178161463648756,250.9639235165243,93608,0.07872846744954583,0.16404970715390155,0.11253142268350808,0.029270153871588055,0.016928938605902184,0.7852843624353403,0.9568653419056042,0.9374781554878349,0.7208088217478876,0.5382493087394754,0.010461040860973297,0.011795293534782161,0.010314262850154746,0.009396161473321053,0.010490680752256553,0.0626898343442008,0.07639843383355727,0.05450700652684169,0.05326652918274531,0.06815296906191648,11700
0.029978065490722655,0.4458603382110596,0.1805833625793457,0.6843455672264099,0.39160536783719113,0.4367252719402312,0.7726359084884133,0.549253381863989,0.2954058675140872,0.09163261820832566,0.02386867000721395,0.014932358750005335,0.021211797526727125,0.04637578017101058,0.012028158381981869,250.97292749646573,94408,0.0812347043678164,0.1648913624021114,0.11210117014971643,0.02562281082997598,0.014768699453192301,0.7755129420757292,0.9600893999163013,0.9415818230070249,0.7005059393440806,0.4720138288954254,0.010435821274295444,0.011420586501729288,0.009864166207291719,0.01003992263136841,0.010363571070415046,0.06403487555216997,0.07186220296309881,0.05662024495041354,0.05973798274403308,0.06778430459039514,11800
0.0006890153884887695,0.47833808898925784,0.17032527923583984,0.7063365387916565,0.4226469425647259,0.4424561561644076,0.7684843393339632,0.5509450736383331,0.298857295363353,0.09593333322051417,0.02385265636257825,0.01269003490642937,0.02189796691394696,0.049505441631905,0.012449213917795066,250.98289932921594,95208,0.08330627046525477,0.16413409921570085,0.11271880260885579,0.025435945619065203,0.01716997908881387,0.7813178557157516,0.9607851395860392,0.9345682100073934,0.6956901433606624,0.4865723439165064,0.011196645516902207,0.011496162300722474,0.011666385403761982,0.01067646119556335,0.010836871610199281,0.06657181285321712,0.06634648999532204,0.06942042861916294,0.06738193371584492,0.06262414872243595,11900
0.031831250190734864,0.45657906532287595,0.1783253836631775,0.6886897587776184,0.3403399244716484,0.4355092525482177,0.7808680043334061,0.5509760174417748,0.2971834181453372,0.09770808779634539,0.022726079076528554,0.012835076431344662,0.021336625728254347,0.04540800078190519,0.012110761400545006,250.99507602317703,96008,0.08124484982341536,0.16577292020831805,0.11374451142827464,0.027005979145976355,0.014553490566322581,0.7779867911338809,0.9614081834043776,0.938193837286895,0.7067644420614102,0.5009485548734661,0.010413834503851836,0.011739507698941788,0.010093731523390112,0.009729371871799229,0.010004972717724728,0.0714768594544148,0.07823059699786383,0.05971367699166498,0.06627492068588339,0.08086081579735031,12000
0.0007386422157287598,0.4824764657020569,0.17989880561828614,0.7148999404907227,0.400119808576559,0.4202687673270702,0.7686758505947444,0.5447114324247512,0.29826213083206077,0.09477967101459701,0.022463787887245415,0.01177965889356154,0.022335358734267795,0.04578705454388489,0.011608624656219025,251.00748018343188,96808,0.07891576463356617,0.16471822625573943,0.11119622374708585,0.027326628475044013,0.016806017067412752,0.7651241803169251,0.9606091385962919,0.9339294272500115,0.7069863353020106,0.4884064868092534,0.010894821216352287,0.012137653712438893,0.011313093098736291,0.009925774936206064,0.010237626295916177,0.06537212998606264,0.0672497577444815,0.06242847870280209,0.06554459502968274,0.06596430008411751,12100
0.0007782626152038574,0.4491460967063904,0.1717493987083435,0.6730737400054931,0.37565955426207076,0.43172933533787766,0.7670866533624173,0.5606420095029633,0.2944830525862541,0.0943007225593651,0.02102409676648674,0.012688941842583411,0.020192376261969132,0.04207909575320385,0.011038420669023621,251.02048946008932,97608,0.08194682691246274,0.16424445017402717,0.11683332571073585,0.029028614387406334,0.013814613788843078,0.7735946458578111,0.9603100897560654,0.9419067709069506,0.7066728551136814,0.4884035616105302,0.010708575891330844,0.01169156785092444,0.010581894912511887,0.009875177753795133,0.010578323450335405,0.07184905481757602,0.07941346222145637,0.06493740419759171,0.0626320246668337,0.07886949235096494,12200
0.030408446788787843,0.4811954927444458,0.17220688104629517,0.7080747771263123,0.3106070457769222,0.4244873826205731,0.7665874652294306,0.5558765507211868,0.2912682069115119,0.09653498793011574,0.02361890697851776,0.011504310307483822,0.021414877716725796,0.04885273216532009,0.0121288888448321,251.0297673742499,98408,0.0789905774593353,0.16408432278917243,0.11478658173890671,0.025048771573433496,0.015163549130541555,0.7657757228612899,0.9618969148922452,0.9378506599688066,0.6799181071248385,0.4891018968316449,0.010374833126552413,0.01126677067371307,0.009992903185204852,0.009921908957219804,0.010361203492911005,0.061595192132517684,0.0674760812565376,0.05286407071695317,0.060029939476326816,0.06638284489067629,12300
0.0006432461738586425,0.449931697845459,0.1828141975402832,0.684528579711914,0.3687610514856323,0.4302318349480629,0.7722463260576563,0.5559816175001734,0.2946487917726588,0.09232117266543781,0.023169369101524354,0.012884950817978582,0.0214540189989109,0.045004349306855373,0.01171975865130134,251.03541886979178,99208,0.08117676991969343,0.1646676674051191,0.11517502472517976,0.028407638838969386,0.01718209696320788,0.7709075385332109,0.9606401104371531,0.9361477798603949,0.7046868767536866,0.48051854489380824,0.0115882350737229,0.011967291117383577,0.012534472474610392,0.011182447493146275,0.010709761386167823,0.06132561836391686,0.0672172872571148,0.06017341918034596,0.05803699271333675,0.05978886664415579,12400
0.028950989246368408,0.46788582563400266,0.1760096573829651,0.6981910181045532,0.3291473359482155,0.4422378881275653,0.7716744473135032,0.5508867994024258,0.2922948494778209,0.09402160951355987,0.022325974609702814,0.012926170896712899,0.021364647319329345,0.04314905348884403,0.011785943809497572,251.0439101048869,100008,0.08306761994957924,0.1642940728752702,0.11344472188594311,0.02598823146454652,0.015195819826868281,0.7838398674130439,0.9637758546957265,0.9375651431788363,0.7070538434550987,0.48278499173594036,0.010621294640004632,0.01136043805120238,0.010818270895299794,0.0097296697125026,0.010499273782473187,0.061391912731341994,0.0645070427778626,0.059642558084718245,0.05821866379470457,0.06311568988302914,12500
0.0006246280670166016,0.4557873439788818,0.2104541015625,0.7199738359451294,0.321008502690644,0.4280989769101143,0.7657753713060136,0.5559737075865271,0.2911943237989995,0.08966855273988002,0.022779389126226315,0.011964138050904816,0.020635149339213957,0.04689695217229166,0.01107509829199466,251.0499709221946,100808,0.07992307677865021,0.1643899581072353,0.11493620913475758,0.025806651839509313,0.012849730696194822,0.7688247030973437,0.9608479561191979,0.9422115328907965,0.6901876776676464,0.47393882824824407,0.010105323456227777,0.011145169404104788,0.01004897188162431,0.009457000689535158,0.009760866815654131,0.05345444173086437,0.06164277930476578,0.04737601987086238,0.050484760173509245,0.05429795731145599,12600
0.02941450595855713,0.4413546848297119,0.17787252187728883,0.6710582423210144,0.38737783020911976,0.4280074298381807,0.7681288715884163,0.5580810954624964,0.2915327201627161,0.09306171750649801,0.02426469085738062,0.011070090329315701,0.0210505555024032,0.04831555249280038,0.012199100268642524,251.0568488123762,101608,0.07927943183109165,0.16558414203685978,0.11612265160815281,0.024143048028406344,0.014547247866479056,0.7688645040988923,0.9573924742350925,0.9380414903163916,0.68416308077503,0.47557068367799127,0.0099726585089229,0.010928054425083301,0.00948940944349901,0.009499157691740147,0.010178685245207614,0.05930304430192338,0.07211060834616338,0.05208978970132936,0.05576437858749848,0.05954590381071388,12700
0.0007911014556884765,0.47591864347457885,0.18101584672927856,0.7123237538337708,0.41148184009599403,0.4381213350594041,0.7762599965700735,0.5451334760087364,0.29180146001009116,0.09411780141848829,0.023927035117521877,0.013258418312314182,0.022474758309351903,0.04750561534181006,0.013154889875527546,251.0669342779961,102408,0.08117011975497006,0.1642359296719614,0.11111070702991212,0.024438444907424747,0.013904486200772231,0.7751609402894973,0.963874666736676,0.9309052412543819,0.69458145953213,0.47429570238640967,0.010341116227209561,0.011192136739667216,0.010377907368544291,0.009637358586347324,0.010080744031856359,0.07059464139165358,0.07025133917117131,0.06317853651856958,0.06994375569379169,0.07996605591169811,12800
0.029065263271331788,0.4576690101623535,0.17645243406295777,0.6874037480354309,0.371421308810452,0.4295747566223143,0.7696001230059443,0.5584537706204828,0.2987312340983457,0.09361115643622893,0.022809307370334875,0.011973410090935,0.021009945239971548,0.04676332757108572,0.011620277688236489,251.0739677814978,103208,0.08052742630243298,0.16422563420759648,0.11540821018362686,0.02924957425801635,0.012846423940958852,0.7765155333280566,0.9611621192983676,0.9388209139662136,0.6986846491462826,0.4962394586717238,0.010292392680421472,0.011320615209941123,0.010418072675487835,0.010056162868274151,0.009419760695009527,0.07656712165568022,0.0748380206827376,0.07232961029097032,0.08082093073325378,0.07883025839162824,12900
0.0007122921943664551,0.49497666358947756,0.17210348844528198,0.7192003321647644,0.31491517518440604,0.43827220097184205,0.7646831195679075,0.5467996962186763,0.2897766564901063,0.0883492813820298,0.023289236407727013,0.011908760224359702,0.021834819827501354,0.04642278018246335,0.011280153973038779,251.08136633050023,104008,0.08320517130196095,0.164392350005432,0.1118836482850517,0.026175087782366283,0.01820689776842749,0.7765250474214553,0.9584754646663939,0.9325078196641872,0.6844101250171661,0.48013423605896927,0.011298894379287956,0.012208880163606762,0.012184404811208563,0.009675995207194666,0.011081689880390105,0.0649448363564443,0.0728673724410619,0.06846395364462787,0.05240734391330848,0.06608782025340451,13000
0.02983213424682617,0.44769505023956296,0.1826641583442688,0.6808185768127442,0.36220402704043725,0.4169299368560314,0.7701541246437437,0.5442192607569969,0.29198579801500113,0.09026551223359996,0.02324087859131394,0.01112595059363762,0.022710445422636345,0.04692547897340408,0.011370857358157916,251.08856272016428,104808,0.07692278003320095,0.16563395407141684,0.1109360699252835,0.025963955082244153,0.013221465454150266,0.7538323652744294,0.9588732783387346,0.9294027066093752,0.6851558243164987,0.4752048342846906,0.010005270638503136,0.010800136475846532,0.009703562445082197,0.009296087782060453,0.01020049024149417,0.07067318565212194,0.06872250289633505,0.06937717163571341,0.06011926985734932,0.08448751482557362,13100
0.0008277201652526856,0.4838847589492798,0.17779181241989137,0.7132780814170837,0.35156236435095956,0.4307061298191545,0.7804165230792703,0.551973389549405,0.2916336821308777,0.09779115715571264,0.024457859704270956,0.014198095950261847,0.021648889095449316,0.05113186120097322,0.011034842224395144,251.0951914800862,105608,0.08005030501633886,0.16589996934805096,0.11398274010700706,0.024518432623859672,0.015672980875726595,0.7690595972537991,0.9608165511807192,0.9339476471171949,0.6717147343787392,0.5144594347122867,0.010553489513695249,0.011682508214946513,0.01062379196208184,0.009526901352520455,0.01035714595080676,0.06409040844067931,0.06975362919162478,0.058799672793811555,0.060780947444154236,0.06661074851077084,13200
0.0007607007026672364,0.4476193523406982,0.17763770818710328,0.6771663808822632,0.33458084462998544,0.42274463132023815,0.7751023237521836,0.5489910500171852,0.29581942263899763,0.09441226776234987,0.02251348807476462,0.011201418181642513,0.021380646612781724,0.04504191014097956,0.01182290810137624,251.10563726639063,106408,0.07779621686786406,0.16496807642472108,0.11256308526946943,0.027481951795109538,0.012119982689164765,0.7642211699485778,0.9635377578246282,0.938457193741431,0.6994625603280414,0.473649227619171,0.009661429212428626,0.010889726327971005,0.009488642184684684,0.009000306492444222,0.009318530141580399,0.05789160161744803,0.07045743175519575,0.05170051265412416,0.05343294899410953,0.05628647605048084,13300
0.032061924934387205,0.4785937833786011,0.18383926630020142,0.7165502429008483,0.32634894220495164,0.4261721457540985,0.7717316330334782,0.5461510394386312,0.285902683794831,0.09288811684529259,0.022900532195344582,0.013598167827646989,0.02184252385705259,0.0487269766566307,0.011312758679033872,251.1127376254185,107208,0.07944994391873482,0.16503103141579337,0.11170194889582583,0.024547192569842884,0.011482788984414552,0.7615554350614546,0.961173613105664,0.9350003387460755,0.6686433933300678,0.481722203498715,0.009759074784815311,0.010812675226123277,0.009747896898051157,0.00907149198907297,0.009313531252752314,0.05615119585301727,0.06245586512672703,0.05191402909013648,0.055041655955326264,0.05485602190604372,13400
0.0006795573234558105,0.45787845849990844,0.1893032646179199,0.7004666972160339,0.3214198716132421,0.4445439222455026,0.7774247316257011,0.5434215953046418,0.2995038866251709,0.08928943143903527,0.022889958526939144,0.011168712415108636,0.021646794904778995,0.04743824657984077,0.0106103977953105,251.12021812632307,108008,0.08344638288021083,0.1654962654102525,0.11146667146317239,0.028876414669211942,0.012873187436277717,0.7814475506544116,0.962102358914772,0.9351779632973221,0.698251778185368,0.47320600734515617,0.010508335051126774,0.011968070685090319,0.00988349575386822,0.009682023809291432,0.010441654511272304,0.06365863138809799,0.07176582372466205,0.0581926109822783,0.05709849194157877,0.067931923660746,13500
0.02947415828704834,0.4648651337623596,0.19323630332946778,0.7122326040267944,0.3808614762400109,0.41644975736737266,0.764374041362949,0.5559802108577317,0.29891841799160673,0.09600598154508547,0.023507267609238602,0.011121723218820987,0.02136491566459287,0.04688192123302344,0.012492967361206381,251.12674588810745,108808,0.07671386715024711,0.16437863404660136,0.11470948900951412,0.028083575670847863,0.0128529633053439,0.7583816528320313,0.9595251951528636,0.9366351393412572,0.6979617515640075,0.4729775268098581,0.009883398255333305,0.010531943359756431,0.009603672299762157,0.009585091527201625,0.009878728309295324,0.06295846099732445,0.06565998786422636,0.0583488789044929,0.06394484171320292,0.06390676077608251,13600
0.0008163809776306153,0.461859724521637,0.1860002088546753,0.7115461492538452,0.35471381001340696,0.42334585368633276,0.7783295874502141,0.5499096627674955,0.30286845347835034,0.09039202653824997,0.022398053538054224,0.012144253176052645,0.020639516538081878,0.04575771802710822,0.010997402003935373,251.13384321931196,109608,0.0787880118563772,0.16526463269895192,0.11281643079479316,0.02930961741197816,0.014618494297969221,0.7669804021716111,0.9635708922264625,0.943043963203217,0.7160510904001958,0.4772723523361422,0.010741760944947599,0.011960434346167627,0.010313163357968932,0.009945942360220601,0.010704074796483415,0.06225165826268492,0.07590897071321362,0.060545179347752255,0.05282082198440885,0.059702465178277236,13700
0.03038536548614502,0.45897783994674685,0.17861081838607787,0.6907435822486877,0.31749252468944617,0.4325826881825922,0.766016431412294,0.5448676191556912,0.2952186815116717,0.0959462848309751,0.024265047698281705,0.012104498210886674,0.02245788254703466,0.05039774679133424,0.01019272173162671,251.14596814216935,110408,0.07978922029957179,0.1648915908229885,0.11165013776805538,0.023427808284984492,0.01421403213728057,0.7816595017910005,0.9585920999299234,0.9300854971202521,0.6910134764109254,0.5225707441568374,0.00986193298827857,0.01061441143511317,0.009684124867467636,0.00948543362949349,0.009664494339275456,0.05330834347754712,0.05843953265627812,0.04657021531602367,0.05392118355322281,0.054630646396063916,13800
0.0007779335975646972,0.47574679136276243,0.1956541919708252,0.7261537075042724,0.30767055103103413,0.42001786783337614,0.7650010211794984,0.5535034800366486,0.2893035158928898,0.08814897302707496,0.02176702710799873,0.011505780270204454,0.02090074403011906,0.047956590090567866,0.01062595663190058,251.15476453596307,111208,0.07888414124026887,0.16500103736625008,0.11380858118740872,0.025509005567679786,0.011586354758103627,0.7545809674262993,0.9588001648000641,0.9392112219820221,0.672213093108601,0.4681171994317663,0.009867551391944281,0.011058701129228464,0.009529846551714039,0.009259568105658726,0.009561335909265016,0.062480789078399546,0.06589977372455984,0.05002927128225568,0.06486491325518327,0.06845298120751979,13900
0.029802536964416503,0.448010106086731,0.1777391505241394,0.6792151927947998,0.2911529896459491,0.4346296995878217,0.7600635682441752,0.5501577451891966,0.296111507038471,0.08952520633890725,0.022466488620266317,0.011296598879829515,0.021876939760328944,0.04542692728670949,0.009319290347407794,251.16250658175224,112008,0.08212700082920493,0.16464623231060654,0.11419003336552548,0.027461081637721037,0.013437990827768453,0.7820112794637671,0.9573759138584137,0.9317791285536214,0.704294276354935,0.4899149520343611,0.010056770802475513,0.011199186249560084,0.009711041798055027,0.009331973948575595,0.010058556767075915,0.050301562463864684,0.05789092632143627,0.046949219351191715,0.04723115853983635,0.04964622086060519,14000
0.0007094240188598633,0.4791923999786377,0.1740223240852356,0.7094447088241577,0.3854631600728906,0.418254409432411,0.7638507041395923,0.5428987847907201,0.286447939845387,0.09545226110636597,0.02427696703001856,0.012700873538756702,0.022494675582084747,0.04884407184298203,0.012002602636591713,251.17360270895088,112808,0.07725938446819781,0.1649738606445644,0.11079990019907753,0.02585367942993768,0.011960889833668872,0.7559859448671332,0.9572021839570024,0.9320689643524128,0.6654841139696649,0.4812756011735148,0.009732097405940296,0.010889946844200691,0.009649566431738883,0.0092054690135382,0.009225876800326714,0.050970254943240444,0.05719392464201592,0.04898956496320778,0.04812932549525898,0.049758555295770626,14100
0.0006885528564453125,0.434260356426239,0.18518177747726441,0.6730826020240783,0.380692263394745,0.42907258734107,0.7701321134761884,0.5543593072951748,0.3007792592387311,0.09054520949322913,0.02407464881427586,0.012388901994088479,0.02040020101774616,0.04809149753048339,0.01193863746366478,251.18432412044305,113608,0.07944210037589074,0.16439372187062182,0.11476089748634301,0.028741312402681542,0.012842379821673598,0.7705093687772745,0.9612754017722852,0.9415566391751244,0.7042035016146571,0.4683747980046401,0.01060872785747052,0.01154694857303889,0.010512618697839331,0.010332628891972647,0.010051423133435584,0.06954592647962266,0.07214986456425065,0.06893195614672554,0.06858486078933562,0.06859413366067534,14200
0.028567206859588624,0.47156821966171264,0.19295256614685058,0.7186786103248596,0.3524245165660602,0.43031662493944167,0.7737326357099745,0.5496637216910788,0.29805249474905987,0.09547721997332509,0.0227877566125244,0.010674611182400479,0.02122666896857356,0.046602422908278825,0.011236779105298578,251.1909429463108,114408,0.0793148864433169,0.16485426823298147,0.11246362565437219,0.025251151017817136,0.014470480968785605,0.7788306075334549,0.9625445292109533,0.9382662440774636,0.706257482173995,0.4930341615102677,0.009932438821997498,0.011251591685568062,0.009669226733753068,0.009076391225176061,0.009835971775342801,0.057036871211603286,0.06772864335241217,0.04550447997804471,0.056372198968978944,0.060265732092870644,14300
0.0007927393913269042,0.44498988628387454,0.18404322147369384,0.6809704256057739,0.35358967491878845,0.4133595411479475,0.7766154635848337,0.5565303263263168,0.28731305558573095,0.0946403878719308,0.02269050245638936,0.010936540959273712,0.02117928003927116,0.04803439335558903,0.010312579294969874,251.2015425263495,115208,0.07765133894979956,0.16557795954922028,0.11553518611624419,0.02593439984878507,0.016821132340132754,0.7591424256563188,0.9608911027798073,0.935384152091552,0.6698912035937258,0.5035772789356319,0.010869300719350583,0.011948732045516811,0.010293325833610706,0.010338990605727892,0.011062409596647626,0.06707651901058855,0.0766845713396465,0.059946329959572484,0.0615915811921686,0.07149365897355384,14400
0.029109392166137695,0.47905550479888914,0.17679630756378173,0.708050172328949,0.35559211475647323,0.41530249208211917,0.7718236717310821,0.5417649254566289,0.2917308563781525,0.09555861495955048,0.02352570473216473,0.01203937848960174,0.02206451185956235,0.04948972316140338,0.011602132733867962,251.2114484153607,116008,0.07686210732907062,0.16562262034033715,0.11082819453099882,0.024887531630241284,0.013931082129521771,0.760036936402321,0.9595284720155647,0.9314345897697814,0.6885985077353951,0.4872284598128734,0.009903903640806669,0.010707164452197082,0.00989472629820428,0.009397478573931453,0.009668608856669007,0.062074930681847065,0.06818953169420124,0.0600354245364121,0.05932787724727174,0.0611672547905771,14500
0.0006659770011901855,0.41014760732650757,0.21326287031173707,0.6764020586013794,0.39797843091142704,0.40324872732162437,0.768308982810872,0.5502164716229719,0.29582849039950176,0.09105890162389367,0.023642842769622804,0.010237908966958843,0.022020206167636558,0.04942810637029733,0.01068236238339858,251.22425570200713,116808,0.07401785121299327,0.16521135418810295,0.1138334634549478,0.026655039758506166,0.013919103214091254,0.7494002485275267,0.9604971319596397,0.9294037142220664,0.6814305576411155,0.502214704661092,0.009887703619897367,0.011155744282439102,0.009780828589025662,0.008920539794913071,0.009859995964513639,0.05795002669619864,0.0654836365200435,0.05477693958331227,0.04982372126383286,0.06206853327580472,14600
0.02905261754989624,0.47493176221847533,0.1877610731124878,0.7167382740974426,0.3315002874595374,0.41377129480242725,0.7694248234524447,0.5511661822669175,0.3062074822458353,0.0924028095885597,0.023216185858473175,0.010988863584968978,0.021708188893426444,0.04549145941537887,0.010852835570081262,251.23652422451767,117608,0.07598658366128798,0.16589636513415512,0.11372446074433944,0.028918997398365995,0.013220406605362002,0.764099979698658,0.9582999089184924,0.9344860562955702,0.7114444943991575,0.48479112909345173,0.009410310657694931,0.010695249529774567,0.009229577877581267,0.008868323304605746,0.00910592294789007,0.051706137345172445,0.05713566601659882,0.050406579319657654,0.05052710725417869,0.049762173094717914,14700
0.0006316685676574707,0.4529146122932434,0.16750728607177734,0.6728054428100586,0.35368303934243317,0.424849051386118,0.7716548468631047,0.5484889306169649,0.2928368135797026,0.09410637330263849,0.02335346031002701,0.012518179837990416,0.021815155372647936,0.04766027757486965,0.010112174489768219,251.24586406341146,118408,0.07924678884446619,0.16534258675976432,0.11272335705976914,0.025444484440426185,0.017045083366101603,0.7700078278779983,0.9593280639785989,0.9331941384842948,0.688277268633596,0.5141060763597493,0.010766275525093079,0.011954826293871382,0.010522304365525871,0.009407486554515052,0.011195647167041899,0.06932028819806879,0.07767997986117667,0.059493973195636075,0.06979289200559186,0.06891743774060162,14800
0.028384342193603515,0.45368714809417726,0.17851127862930297,0.6838447666168213,0.34208839401244723,0.41131355568766637,0.7795106967290242,0.5531054997284505,0.29606117595007075,0.09452013643957409,0.022045618402771642,0.011928770091441096,0.021220634853567122,0.045375626753358295,0.01084635451635613,251.25296929353644,119208,0.0771738335117698,0.16518420685421328,0.11436932703613158,0.028395707995436576,0.01587029620194312,0.7597803193330761,0.9644589351885247,0.9376754904431952,0.6896719566003524,0.48964536961700245,0.010274020493961878,0.01131124944623673,0.010040744039412996,0.009961915488808074,0.010003818639753649,0.05784365243976937,0.06991457163186911,0.05328817713078549,0.05580109769458521,0.05521277092131121,14900
0.0005983471870422363,0.4725685667991638,0.18022578716278076,0.7052356338500977,0.3786794215255382,0.43338330805301634,0.7678259916641008,0.5522010343830756,0.29919532367161383,0.09611315338281536,0.023818421550095083,0.0135664546244483,0.021434222911370957,0.04695940491787735,0.01128775360042689,251.2615995181504,120008,0.08090701997280125,0.16346019162005504,0.1137470276617423,0.02685943462531128,0.01741083699744194,0.7792749232053753,0.9621869646125102,0.9350237924878193,0.698335946457727,0.5033027129147641,0.010733984569087628,0.011865922774015061,0.011899195986277453,0.009364871113073258,0.009784467270477652,0.07169016311294397,0.08066436430455734,0.07285833162391872,0.0631166878039949,0.07048096544089268,15000
0.029818294048309327,0.45098047971725463,0.1854260492324829,0.6893782424926758,0.3318232593469349,0.4215867437422277,0.7688246931436767,0.5471838190071827,0.29724965287894795,0.09212794276704721,0.022051893360912796,0.011538493921111661,0.02195944846495267,0.0454051529387475,0.01084078456632687,251.27075754954205,120808,0.07891234233975414,0.1655810790358431,0.11228482957911372,0.027578284674466998,0.012879007055658082,0.7650157290697097,0.9581619074925241,0.9345781264673686,0.6971710403129531,0.4827693960677956,0.009782682475633924,0.010699090067721868,0.00954205513333424,0.009071721769278014,0.00981734962295299,0.05985048422589895,0.05477772116024098,0.059327109125195336,0.054331283816801655,0.06994769178436826,15100
0.0007860016822814941,0.4796919059753418,0.1716201114654541,0.7060921263694763,0.3778705183780476,0.4258460393548012,0.7688750457887207,0.5532169603361876,0.29015022032134546,0.0910069929824315,0.024665697952732435,0.011312693675951028,0.02165623126652441,0.0498036141271278,0.012543364835126112,251.2767379564854,121608,0.07878032125532629,0.16449265676150054,0.11447113366990255,0.024481624247901106,0.014583000585805363,0.7595442259311679,0.961318685909627,0.9332581705647736,0.6792773203366365,0.4558624966259308,0.010273774885572493,0.01091474608802889,0.010671818376578426,0.008807133387533892,0.010882068652022178,0.06446762313134971,0.06455294603549443,0.06586311348333149,0.05700562138127562,0.07152378632821499,15200
0.0007060647010803222,0.44604461431503295,0.17649511814117433,0.6759524297714233,0.3917441628648445,0.42135575838387,0.7757074724261958,0.5547737742960457,0.2923563385009767,0.09001321029455331,0.02349063782952725,0.011048386276039908,0.02097445044200866,0.05133998346515,0.010616986488457764,251.28384838473468,122408,0.07834062926471239,0.16514050324137008,0.11453200904652482,0.02545326398918404,0.014271503861751772,0.7581289628148078,0.9627153954158228,0.9386085557937623,0.6654735380411142,0.48483362478705566,0.010016911844722929,0.011621433814677097,0.009619086754973982,0.00942001065704972,0.009492282216132701,0.05839172835927456,0.07140262807418672,0.054126827809959685,0.05610064834356304,0.05268549455034258,15300
0.03059865713119507,0.4862679004669189,0.1743949031829834,0.711553225517273,0.35656582854501767,0.4339631281793118,0.7750531177950127,0.5535376509747557,0.29870649697007357,0.09993947836614787,0.02134939997456967,0.01027656555886412,0.020963493520970055,0.04722510487898375,0.010036202285083992,251.29437483735313,123208,0.08313169144093989,0.16536354510140097,0.11400743604628082,0.02808923875107557,0.020474728802219032,0.7791849836707117,0.9620107386914472,0.9375032189580583,0.6904426887228681,0.5274104649112342,0.0119936232548207,0.013909505351371533,0.011599532218131512,0.01169999751539246,0.010691353257390707,0.06341663299594075,0.07919448110941471,0.0585400090557667,0.06344090491231227,0.05204734150985523,15400
0.0007547497749328613,0.44962832927703855,0.18118873834609986,0.6864124751091003,0.33639121018442597,0.4355934138596058,0.7696913940721455,0.5539396525060061,0.2856001699258225,0.09720249553330436,0.022052212292328493,0.010788756517319172,0.021099293210282522,0.04677135102583221,0.010652869101613763,251.3025732493531,124008,0.08180096644908197,0.16379909203749274,0.11422189671999564,0.026540024360868764,0.014115122402421168,0.7720406264066696,0.9642038922331642,0.9372337564589486,0.6790117340039483,0.49009925982890995,0.010670032664202146,0.01169389234132827,0.010502192699325777,0.009702268638057157,0.01066052495764617,0.06267805086448783,0.07385636831221251,0.057167824306007836,0.059294243685920074,0.0588831345192515,15500
0.029057414531707765,0.4517402148246765,0.1997177004814148,0.7074085426330566,0.383738672754469,0.422023296803236,0.7782099996108173,0.5528133091792256,0.28874178446829324,0.09661086166606231,0.0237223151139915,0.0113382166037794,0.020780274170087924,0.051131304544396725,0.011031858815912003,251.3101599682747,124808,0.0776387498341501,0.1648399408886343,0.11426169680597643,0.025458053254988053,0.012333033518527882,0.7640967267751695,0.9636745928415181,0.9403972533387203,0.6589951521158218,0.5040259086618241,0.009437779476866127,0.010632677957965207,0.009133595262737203,0.008828411065042018,0.00928090936869529,0.057019664868712426,0.07025351312235405,0.050042174612237464,0.0542045450024307,0.055193366670031434,15600
0.0006700086593627929,0.4550183391571045,0.18618533849716187,0.6918977236747742,0.2939390270900281,0.42913178622722625,0.7714249720505633,0.5587603948182533,0.29041691348646537,0.08926339054702169,0.023195977034047223,0.010163874397389777,0.020868469598806578,0.04922725043380287,0.010480795266743696,251.31484884670095,125608,0.07998802766203875,0.16538294535395096,0.11681557185947904,0.025618011969426233,0.013131228743671137,0.7601140084862713,0.9620378816862243,0.9357745968633226,0.669124384169225,0.4773622680204522,0.010080768894404173,0.011271415245211663,0.009642347041517504,0.009161332191002592,0.010216975533958395,0.053726026811637,0.06056531180376054,0.049287454910679825,0.051097963546419996,0.05332973393143533,15700
0.030149240493774414,0.47206745862960814,0.19178084373474122,0.7171870398521424,0.32038089381726786,0.4077653755247595,0.7653712139024846,0.5520198450016613,0.2926319008320575,0.08464114458117296,0.021548800822347416,0.010554968605872121,0.02144005320423363,0.04438636738341303,0.009927818921637046,251.322407781596,126408,0.07620582498610025,0.16572900722315032,0.1142449475188351,0.02683249147143214,0.01233213615378357,0.7507615524530405,0.9563024685933039,0.9333329281615256,0.7031789818406098,0.4575029423792069,0.009666845593601463,0.010686096963012127,0.009651074188307438,0.00902319255052134,0.009421938602901908,0.05590850861510262,0.06128241634124297,0.05351866920941967,0.05332766818115492,0.055971042507170735,15800
0.0006293630599975585,0.4638868451118469,0.1841672682762146,0.7019882774353028,0.30062365327177387,0.4091075541079045,0.762202430242873,0.5534453691512927,0.2877663342520524,0.09016664377234587,0.024197446359321476,0.010682991438803118,0.02150826943198255,0.05103843065058172,0.01110707515237243,251.33131531144156,127208,0.07516280345618724,0.16354567704901182,0.11531598343714781,0.024637408872351257,0.011825501177764418,0.7466278702020641,0.9612161227538759,0.9323338988949268,0.6649304297863035,0.4647625403908583,0.009165023141540588,0.009998196201914613,0.009213975215257672,0.008569839904835154,0.0090117818349077,0.04916010390734299,0.0549651071229308,0.046359415885115794,0.046096513879825336,0.050074874499562,15900
0.029687342643737794,0.4548716735839844,0.1836378788948059,0.6936374926567077,0.3026289179044395,0.4299638886749746,0.7678770400961428,0.5509586802550733,0.2879447682330813,0.08898860525938206,0.02267898076213896,0.010877724932206246,0.021542347716883986,0.04729204836901491,0.010493600462355843,251.33975097883706,128008,0.08041814574971796,0.16466826955843616,0.1141627622911564,0.02655909703865363,0.011914959135151656,0.7587406828999517,0.9607038800068166,0.9326354618910906,0.6691091799965271,0.4642768875922561,0.009954602527432136,0.01117234321070776,0.009615660197316455,0.009379106152874355,0.009525281396438745,0.055053759184665964,0.06197488292073188,0.04929177155001803,0.05352702100376169,0.054350958357762956,16000
0.0010147571563720703,0.4909338068962097,0.18151272773742677,0.7290826416015626,0.34881937866000984,0.42269779533147783,0.765923596639684,0.5545064344930875,0.28861639975944414,0.09091983353228941,0.024516620691865686,0.012427163215722632,0.021521245543822717,0.050531384704860884,0.010409265075271061,251.3473125538027,128808,0.07811044083908202,0.16405013100029955,0.11514483834282636,0.024604251583228685,0.013054721753456098,0.7624265471100805,0.9600557219535909,0.9324773196398362,0.6641188027145704,0.4915875472520521,0.009625078754033886,0.010766966634474814,0.009571673271678498,0.008978545225103541,0.009288167634880858,0.053629800294293074,0.059795084276814355,0.05130846022559177,0.05186085101700097,0.052107732478333134,16100
0.0006194138526916504,0.45007129907608034,0.17691547632217408,0.6799615907669068,0.3178914823602801,0.4383430591225624,0.7729346852990527,0.5501314753590661,0.28754606015980255,0.09115902759302201,0.023508640872314572,0.01141500533952272,0.021464960059631454,0.050056554169859754,0.00987320022364514,251.35430209772258,129608,0.08188277617096905,0.16519635908342717,0.11385835117209553,0.024951774961082265,0.012071357306820239,0.7741559609770774,0.9615076857419754,0.9336904913052178,0.6648568123579027,0.48733012528901676,0.009660670747980474,0.01065653231486085,0.009665118288080218,0.008708700360730279,0.009600238142053727,0.05687622670593555,0.06303831793608802,0.05510038889888457,0.05092624195727691,0.05880811866003303,16200
0.030140933990478517,0.48179270505905153,0.17517902851104736,0.7138024520874023,0.306096231934975,0.41911301597952844,0.7620764390501394,0.5482320262429613,0.2942422128239262,0.08935171771016744,0.024975926233455535,0.010817522548937373,0.02172344877908473,0.05004614419087707,0.010463686090648421,251.36415195803426,130408,0.07614624201320115,0.16438421772585973,0.1130749565782026,0.025384124804618227,0.01165905087203769,0.7596929293870921,0.9588804705433113,0.9327448600282273,0.6839624160452729,0.4689001614575855,0.009201638419181108,0.010423553629566429,0.009092481279367346,0.00849215586115666,0.008971767882550392,0.04949013040837598,0.05920958154044537,0.04728142352026529,0.044655488730916175,0.048022578409003064,16300
0.0007709455490112305,0.4616722631454468,0.1632866668701172,0.6830260872840881,0.29007530730737024,0.44421061664819705,0.7734153617932962,0.5540559085410671,0.29350888934628716,0.09062680855091944,0.02387736621312798,0.011273989228992858,0.02145731400211403,0.05091892975598131,0.010203549116203896,251.3724812843508,131208,0.08363891202956436,0.16614863341583785,0.11409919016883453,0.027383774630220726,0.01301723444091446,0.7785930240154266,0.9583460755139883,0.9354549908856733,0.672850483744015,0.4909670311591529,0.010569744943641133,0.012015828969029394,0.010357082515972066,0.009800488138433743,0.010018451483866384,0.05840511831454932,0.06837759479808003,0.05470738694533157,0.05560354936611035,0.05447733669267222,16400
0.029838719367980958,0.44718692302703855,0.19995568990707396,0.7042194032669067,0.39597470719795147,0.4150080882012842,0.7712648847001663,0.5515325049248835,0.2862073712461037,0.09267933366100982,0.024854045026004322,0.011509252080515515,0.021593501636137557,0.05123570231814788,0.011901787612448896,251.3831358993849,132008,0.07665748846717176,0.1644701311721447,0.11455991293769328,0.024932331434416845,0.014727001710066403,0.7503650406002995,0.9622057882395197,0.9323877338320025,0.6631512904385901,0.4743164420718019,0.010261216512881218,0.012194557922912087,0.00962932769713613,0.00878858503270383,0.010651751810979875,0.06730319223715929,0.07725169985465946,0.05403826044979117,0.062121826924123026,0.0762442076298648,16500
0.0007153940200805664,0.43359951972961425,0.19390016078948974,0.679265730381012,0.37407676796213934,0.40484650671482125,0.772772246728772,0.551375319560368,0.2768596176153576,0.08929777737146455,0.02354076250456274,0.012656063729714931,0.020819592647827564,0.05175132564722731,0.010409580298443955,251.3931289864356,132808,0.07615049976855512,0.16564478036826064,0.11425728098704262,0.025857393805367435,0.013802648412756026,0.7391304224729542,0.957841881267402,0.9392742615479689,0.6374874332012278,0.47607478367543854,0.01041792348725721,0.011542846448719507,0.010120202066042474,0.01001093405633209,0.010110103979550174,0.05767793684266508,0.06610469117699923,0.05313990852580622,0.057518180469289804,0.05487061479433839,16600
0.029168787002563475,0.48469754695892336,0.17324124813079833,0.7109207272529602,0.2914956685622575,0.4047995653748512,0.7699866620288504,0.5413642224608639,0.296004775146099,0.08971345199545702,0.023723386013880375,0.009997050821160279,0.021898888902054443,0.048924468564014195,0.01058095377446174,251.40069199760092,133608,0.07351153738796712,0.1642593122247993,0.11025762025799068,0.027439523650945673,0.012361895960592343,0.7530256795883179,0.9640933754800384,0.9342479304391512,0.6764666399999294,0.4900924580357088,0.009105086065828799,0.01017134398457478,0.009096978800086183,0.008209290593165107,0.009163092486383789,0.05397519774691316,0.06281251512959943,0.04742889436208633,0.05354026628565944,0.05321990025332653,16700
0.0006057071685791016,0.44873247146606443,0.18401959657669067,0.6835032820701599,0.37287131140766255,0.4197120709717274,0.7590511180647652,0.5508197043916867,0.286399362529529,0.09075715285504148,0.02281294551678003,0.01079387972763173,0.021342712326039515,0.05113304366773749,0.010270434873001203,251.40895474805097,134408,0.07883092153817418,0.16432591231923596,0.11336641397162026,0.02532169955381331,0.012333425847325661,0.7593112987279893,0.9595372281481873,0.9377103124933299,0.6639275160875728,0.4825121882415953,0.009784573605284095,0.010932054059420843,0.009617637423110274,0.009165893239464533,0.0094124371451991,0.04554176569450646,0.0473285697110409,0.0386871916076783,0.043334150924644564,0.052450985299600766,16800
0.030560534000396728,0.4531555700302124,0.1956746482849121,0.7010372829437256,0.38307733874351174,0.4216840846836566,0.7719730859849513,0.5596342347562314,0.28915929639248666,0.08951264208130467,0.022217792859300967,0.011143003423448388,0.020522921553650948,0.04815662906122239,0.010405818209330609,251.41886114179252,135208,0.07863974820822475,0.16481185846212448,0.11697073791014116,0.025611763710137164,0.011949693870069191,0.7585005640983583,0.9626398909382698,0.9383964198439017,0.6841988342667596,0.4766689747850468,0.009967779987491664,0.010832022891448048,0.009901827871900696,0.009383633049668251,0.009734332981458477,0.059671787149272855,0.06519650070950751,0.05540305446661282,0.05850198587903823,0.059126606700663366,16900
0.0007268023490905761,0.46638529539108275,0.18462393522262574,0.7037501740455627,0.3298000111942573,0.44599488973617574,0.7684483112172885,0.550635763622345,0.2837997623905537,0.0900061110950123,0.023545016674324883,0.012014203523582909,0.020711058711117867,0.051641918583773046,0.010116455571378687,251.43431764832832,136008,0.08333304004743695,0.16428072718863784,0.11263151534218742,0.024064319329336257,0.011711143315006778,0.7734983944892881,0.9605774430518451,0.9422802782439168,0.6572526201605801,0.47719662135603746,0.01008274241350591,0.011772481843512105,0.009850183259101303,0.009214638067642222,0.0090672239058751,0.056807160105672626,0.06847279345433413,0.05133979485594376,0.051698793763935075,0.05289820020940773,17000
0.028606483936309813,0.48514939308166505,0.17072767972946168,0.7084324359893799,0.3268414397232324,0.425995514690876,0.7682147940993311,0.5495521073991605,0.2782796649864653,0.08612025491893294,0.02369336246512832,0.011193240188295027,0.02156543167994213,0.051131871598425166,0.010165055195408832,251.44227085865327,136808,0.07972937405109407,0.1646528344601392,0.1137714023438936,0.023989631881270155,0.011856808152515436,0.7550982481241225,0.9605665209889411,0.9315144425373896,0.6455330510637652,0.46066648803259197,0.009736206834204501,0.010599925641436136,0.010029727499486442,0.009149687501384101,0.009124632125818431,0.051933479950530485,0.0559765453054569,0.05268652369290522,0.051406813730411595,0.04740643098791081,17100
0.000686500072479248,0.4860922932624817,0.18167684316635133,0.7228796887397766,0.36884490519235336,0.43076328262686714,0.7751827144143573,0.5489229706150508,0.2846678676795585,0.0897440185731987,0.02262660534121097,0.01105298794894923,0.021463630097935456,0.04924221785436753,0.009589340243747782,251.4484978921763,137608,0.08134355612099171,0.16489426342386718,0.1139370155072323,0.025608601197307828,0.014222928240040747,0.7655645215511323,0.9636874896797101,0.9314817579256162,0.6579627722345721,0.48354050086945605,0.010022527454420924,0.01118579416315834,0.009811667744846394,0.00941028759731906,0.009666823510791069,0.05884138522902506,0.06505415027132776,0.053507630929945836,0.05463998664063228,0.06254353891750894,17200
0.000614306926727295,0.4325518822669983,0.19432558059692384,0.6787280464172363,0.37251653189713063,0.41830993026494995,0.7732964877637556,0.5517755295197986,0.2878565988526113,0.09301282633812384,0.02414126679301261,0.011139525007697814,0.02155347556816702,0.052580673024966974,0.010589773217081813,251.45810993516838,138408,0.07650843904819338,0.16414604247234046,0.11342926718985911,0.024384635740255078,0.012127099070662197,0.7560919669270514,0.9657440482025934,0.9352845945923597,0.658910727210161,0.49020703222889195,0.009419888567645102,0.01044492808127188,0.009551833334532528,0.00878808844902712,0.008968393920580495,0.053338515069335714,0.05876573917354634,0.05252570917676249,0.05336884176585731,0.04903088583019919,17300
0.03136986255645752,0.4708809494972229,0.18837105989456177,0.7139558458328247,0.322263921385924,0.4289724302291871,0.7684970214253382,0.5451213576210038,0.2971958446517663,0.09039343065165696,0.023780808681622148,0.011184685892381129,0.0222607931573293,0.05194185698526585,0.010378698301244159,251.46472129845182,139208,0.07917464971542355,0.16395791272322344,0.11147235438693319,0.0248744749152874,0.012843447331404636,0.7628651565313341,0.9628812693414236,0.9321279656141994,0.6837583962996401,0.4675907858053044,0.009750179015099999,0.010894482638243415,0.009580282302825562,0.009054575787024125,0.009402146101952648,0.056056821271777156,0.06622093936339732,0.05194393094279805,0.052354669399634395,0.05300123517368756,17400
0.0006465458869934082,0.4570776033401489,0.1688780665397644,0.6803164219856263,0.29610756483702544,0.4174711275100708,0.7707907211298892,0.5466074276995917,0.28494696130263636,0.08973801170648937,0.024621816035360088,0.011814630475139832,0.021981472870515217,0.052016012898478896,0.009960437649814179,251.46983911138773,140008,0.076061650775373,0.16490645653972721,0.11200960260886018,0.0240331569102846,0.0107982990732089,0.7503603726625443,0.961171720064048,0.9329267243544258,0.6590016791897433,0.46959077023980644,0.00922498447354883,0.010434190667413107,0.009093875936683142,0.008523072137536,0.00890980024433615,0.055530258594080825,0.0664356479966881,0.052508393300056286,0.04815316091458983,0.0555484999982106,17500
0.027682979106903077,0.4705827260017395,0.17681524991989137,0.6983613300323487,0.2963763094710803,0.4278399384021758,0.7633133068013551,0.5508053653801867,0.2898195981979362,0.08541645253008882,0.023218567958101642,0.011776824795701238,0.021341499944145855,0.04925555063877256,0.010039636068026589,251.47522947684828,140808,0.08023690890520815,0.16518696208498382,0.11390043033931692,0.02525087962741961,0.011756450742366118,0.760210658311844,0.9582925821418192,0.9338312510114447,0.6765469849109651,0.45029016377414083,0.009593314370140433,0.01057198031606218,0.009462744073691578,0.008863968630321324,0.009469313922469842,0.05182545201154424,0.05561834825573496,0.0529139007636471,0.04683051085099578,0.05187895330259119,17600
0.0007178950309753418,0.4543504500389099,0.17335994482040407,0.6785656428337097,0.319876926554082,0.4248010864853859,0.7683471558758846,0.5500928696590607,0.2901602332550352,0.09121150951305379,0.021546424087136994,0.011814026572840083,0.020870184086589617,0.045922825678742334,0.01032717182423989,251.49032859906782,141608,0.07960807165130974,0.16476156863455582,0.11308749342702099,0.026042833240822915,0.012420333742893322,0.767014400959015,0.9593323159676331,0.9396522542865006,0.6888256191566432,0.4889447916791123,0.00993658573832364,0.010846941089347131,0.00950091097446293,0.009656183972393957,0.009688103283790626,0.05864902688656001,0.06746790194301869,0.052368120619182244,0.05206418891126912,0.061521430978692,17700
0.02916398525238037,0.47323576927185057,0.18358019828796387,0.7104294323921203,0.41453290686199223,0.4074365016818047,0.7692149538811442,0.552296106679452,0.2978287026286124,0.08957694653080026,0.023486680532805622,0.014902300929111207,0.02087077194670401,0.04984177865374548,0.010109246328196538,251.50054489104542,142408,0.07652779605239632,0.16456050315841278,0.11458398451922465,0.02614210506136983,0.01700980405579424,0.7502415126562122,0.9593856383542545,0.9390327133662959,0.6898367065649768,0.47543304091457744,0.010931746489368383,0.011852262022553895,0.009480784582022403,0.011549647720769423,0.010892840661515184,0.06298459119163453,0.07454950217401884,0.051502393076070845,0.06552011918945201,0.06126082510846024,17800
0.0005869030952453613,0.4454997205734253,0.18190692424774169,0.6798372077941894,0.3691748413155718,0.4019934362173081,0.762975572546323,0.5443287134482598,0.2985461949190099,0.08896743668766144,0.023337788479402648,0.01133095003638624,0.022107002083992303,0.05026002976561515,0.010113843696257256,251.5064238023175,143208,0.07297020219266416,0.1634687598380778,0.11138915399294246,0.02582650188245432,0.0109005691943151,0.7458243060112,0.9626584036482709,0.9322402589608237,0.6928083362864029,0.4652130195969028,0.009016627306118607,0.010493468371633865,0.008933060102808381,0.008421383656802317,0.008445460277838268,0.05065613267477601,0.05709617708861412,0.04354643951906425,0.050107787347014106,0.05201122394289099,17900
0.033611886501312256,0.4611350035667419,0.19508831977844238,0.7107171273231506,0.4025603525662026,0.4213129027187826,0.781508821313099,0.553323037848614,0.2966284495778385,0.08931230424958118,0.024118671282194557,0.010660183649780535,0.020707424370442897,0.05329366736651322,0.01002039389305876,251.51832390753526,144008,0.07753565054386856,0.16527050292940543,0.1142643399094,0.024615245122381942,0.015131565487678788,0.7587771940231326,0.9646644688421676,0.9401231588113423,0.6749929914680812,0.4769154147190206,0.009919220013543967,0.011759703398071295,0.009248402741931299,0.00911820535951007,0.009722093677184749,0.05811768730403858,0.07654799948201096,0.04980069796651564,0.05307408930429324,0.054691521446311835,18000
0.0006258583068847656,0.4582446217536926,0.18612958908081054,0.7015645098686218,0.3114184136965411,0.41157603666186326,0.7657931388952797,0.5527924406139747,0.2820554224188337,0.08720938793311897,0.02351825530640782,0.010131120294905632,0.021544877475168072,0.050904355392279756,0.009769954545145784,251.52660456259284,144808,0.076941040288657,0.16439801370486234,0.11476667186893198,0.02344206887069966,0.016273995211052415,0.7445939546823501,0.9612570453912783,0.9321817477112228,0.6538554841363935,0.46844893693923934,0.01062151154968888,0.010583096143240338,0.009819219268493995,0.00985810584541708,0.0121490028910697,0.06283822359517212,0.0591452304655925,0.052378313332472184,0.06326825938191905,0.0751130290087671,18100
0.0007134485244750977,0.470492959022522,0.18364606618881227,0.7074709033966065,0.2755134733348079,0.42385193735361065,0.7702963751681309,0.5515609034225704,0.2850661975573061,0.09312996308115072,0.023950905492529272,0.011276849398161577,0.020643131179137946,0.05111272858576504,0.00901557677699362,251.53148464219373,145608,0.07833964593708519,0.16540316928257331,0.11346818879246713,0.025047330660055638,0.013106128121203278,0.7646805697679518,0.9590289586401997,0.9410534991602008,0.6560815959065047,0.4976107168962614,0.009538502544164652,0.01025280056699635,0.009116887057012916,0.009257558278342775,0.00961611521763996,0.05154496567323803,0.05807508770970906,0.04739348996769296,0.05354578364036842,0.047308702564693675,18200
0.028465018272399903,0.4474006676673889,0.20463388204574584,0.7045408773422241,0.3059215057942058,0.4191854076087472,0.7658087824520309,0.5506263029093693,0.2911771024081199,0.093478542470345,0.02338823163881897,0.011162929926802847,0.020974237911610138,0.04805051490107426,0.0108783802292733,251.53740021036074,146408,0.07674241688102486,0.16422755412365267,0.11392070360556995,0.025913313136731973,0.010550251344661003,0.7588299953937531,0.961767635847393,0.9359619072591423,0.6807398963197369,0.4713603736776295,0.009108377262018628,0.009961890382692214,0.009250783669583585,0.008339995651061992,0.008977416166659404,0.0554694283846766,0.0582427466043124,0.052260489268886955,0.05030276198984586,0.06160127733260246,18300
0.0008081412315368653,0.4528492522239685,0.17765644550323487,0.6854273700714111,0.2501294290383613,0.4246791453659533,0.7643155068159097,0.55679720779157,0.29270788681168136,0.09008667535357633,0.023389641856774692,0.010540547741111381,0.0208533836234303,0.05059121670069011,0.009715071676194438,251.5413655551618,147208,0.07856777673587209,0.1640993838012218,0.11631886379243177,0.02587793318563588,0.010839592721265723,0.7586941301822665,0.961993964910507,0.9365656141172422,0.6692962906371921,0.47233588111643854,0.009206163366325206,0.010300216311588886,0.009105405200832554,0.008576225769657511,0.008867145865224302,0.05083081526681782,0.05461051731836052,0.049115703812766545,0.04895630921126827,0.05068079933847248,18400
0.02996384382247925,0.46606879234313964,0.1818061089515686,0.703625566959381,0.3691360063685093,0.42045026808977126,0.7696459578796172,0.55436061923964,0.2943110660250697,0.09065904735841529,0.022768699647858753,0.011615805009799734,0.021795558220331097,0.04947603207404666,0.010529319955755704,251.54723531032027,148008,0.07863239636644724,0.164938631681769,0.11463480834898196,0.027837878240424444,0.012341874424071813,0.751086345911026,0.9602719447422482,0.9328868605240045,0.6785569622808579,0.4718651665882631,0.010516949347220361,0.011539793125148261,0.010105816326076874,0.010086839586230266,0.010229401779361063,0.06032521196641025,0.06477786907532684,0.0576445990193047,0.06222841610694881,0.05640221577645703,18500
0.0008301806449890137,0.45673853635787964,0.18247148275375366,0.6945007681846619,0.376543238389493,0.4331497256457802,0.771279335916042,0.5528769828200911,0.29192428893986155,0.08512996525107488,0.023431901223957552,0.011826840118737898,0.021413240176246767,0.04843214768694623,0.009580302973231564,251.55313322868307,148808,0.08109939493238925,0.16543741457164285,0.1143069791487244,0.026317213041086994,0.013122982161572367,0.7694320040941238,0.960056870281697,0.933005360324988,0.6744997262954706,0.4800616822190049,0.009830583145376302,0.01123951548710465,0.00996316358910509,0.008615473191076448,0.009530457782492218,0.05469204340130092,0.06621979758143426,0.0512964572695097,0.05031592093762899,0.05095233280952629,18600
0.02883415699005127,0.44813511848449705,0.20399169206619264,0.7022144937515259,0.3076032991474529,0.43556716531515105,0.7652597291284496,0.5519344822780512,0.29377017829691965,0.09281287174970715,0.02337349677458405,0.011873645330545376,0.02134316902406313,0.04971747949683783,0.009406574465145163,251.55983575484916,149608,0.0809872000664473,0.16408001770984082,0.11458858952328962,0.025973342720009212,0.011919350195850394,0.7736013662815089,0.9606109702423827,0.9339388132095336,0.6856560478940529,0.4942593386466491,0.009635694283060733,0.010612928472272194,0.009536650817136503,0.009187406136177523,0.009090244959302761,0.051359172179363664,0.06040607953069891,0.044453787967260655,0.04790780928128504,0.05145306637719832,18700
0.0007583498954772949,0.43366647243499756,0.19856637954711914,0.6849480175971985,0.317794629650897,0.40475105866789796,0.7668674347752877,0.5508118520692458,0.29352189793630884,0.08679415842640065,0.02423398302402346,0.010829011248212976,0.02124579294018215,0.05132045790863534,0.010627933454734631,251.56647834817957,150408,0.07349011590704325,0.16353737952356995,0.11311728941257466,0.0256976829141085,0.01174794602486366,0.7441511833667755,0.9645864235406567,0.9367300364160044,0.6686654990469962,0.4644689771616569,0.008989989487454298,0.01021491597798144,0.008938600933275262,0.008288864205867321,0.008736837048205402,0.053603959078900504,0.060563110524195836,0.05059601924593377,0.04786320685848798,0.05640177287718399,18800
0.040008444786071774,0.49823488473892213,0.17345749855041503,0.7291962933540345,0.35954489857651695,0.42059098497033137,0.7727133926592374,0.5500999189598462,0.2827346726859872,0.09065880734419472,0.022850125171244153,0.011340905542142291,0.02194881548081906,0.049454654532631766,0.009921961452739958,251.57549279105498,151208,0.07883483983576292,0.16498570567683182,0.11244084255796079,0.024982078825613763,0.014609146043253333,0.7567437487840655,0.9621210788425647,0.9341477250828989,0.6558834844513948,0.47826408216918737,0.010471298352349548,0.01108243645560977,0.011261471027963096,0.009415076989190363,0.0100667526493308,0.06518345375079665,0.06787740114439092,0.0703442731692932,0.05542634940510129,0.06635613628586637,18900
0.006675143241882325,0.44720518112182617,0.18018571138381959,0.6878314113616943,0.2762218209046677,0.42272552326321583,0.7599888244314059,0.5430809665370628,0.29538651196093374,0.09314933444919256,0.02316346990875898,0.010549107640001328,0.021313489349307223,0.051872039585388094,0.009128043469353562,251.5835990952764,152008,0.07845844609662896,0.16362019667499947,0.11102608921560082,0.02578567489270544,0.013772499768219405,0.7665418872237209,0.9606683824621317,0.937706591631915,0.6755929791868617,0.5016390422882114,0.010101083414629106,0.01117154860726456,0.009879890134608426,0.009640896429073786,0.009660745925026868,0.05540352826006713,0.06547366502431877,0.04678664230615707,0.057452268889311514,0.05083983845715162,19000
0.03868523359298706,0.46544470071792604,0.18591979742050171,0.7125388836860657,0.29095196842787596,0.43342019662261005,0.7571903688896102,0.5529957939848377,0.29745518580461194,0.08686702561480986,0.022336537837982187,0.011203311299365287,0.02087649268111545,0.047790787813182106,0.009882297405046677,251.59398558212163,152808,0.08158407466486088,0.16375971106803364,0.11433641756907029,0.027965127849855893,0.01068512548411648,0.7703230315446851,0.9586199164966458,0.9376789106136304,0.6854572014930916,0.46658761192251164,0.009583462267182765,0.010692881109813854,0.009452727857228541,0.009097205243336076,0.009014646980970618,0.049823966920375835,0.056090943758254415,0.0494480668723084,0.04696391100207199,0.046326664320769755,19100
0.0006185460090637207,0.46213737249374387,0.17066401720046998,0.6916436672210693,0.3423024039057139,0.41749662831425666,0.7735232505533433,0.5505743385185297,0.28834747766353624,0.09068783838751812,0.023400809355080123,0.011997518548741934,0.02161600410054149,0.05007488747621525,0.009931127135844339,251.60878731346006,153608,0.07750765645876526,0.1654345076945092,0.11356197767955371,0.025619417748518516,0.012384342887902241,0.7560864976048473,0.9596738404697839,0.9329556773335151,0.6601699320029241,0.48446000169440756,0.009484345726668841,0.010740947661300508,0.009606398459661252,0.00860401665155147,0.009097247694929441,0.06671692617237569,0.07881074827164418,0.06064418168129037,0.06539234592655335,0.06382086484328557,19200
0.0006683468818664551,0.4607359337806702,0.18708861827850343,0.708839099407196,0.3671246568953687,0.4103692613542077,0.7690919742479422,0.5504224023016373,0.2844957476809397,0.09456539584092007,0.02333981974050402,0.011762533397644064,0.021253240036566066,0.04955644785758838,0.010950170875814508,251.61859653396724,154408,0.07655924830585722,0.16510144834007537,0.11406560290125345,0.026013916670742574,0.013736929159186576,0.7463810396194461,0.9583979894171706,0.9346961142993213,0.6559915940965242,0.4761541686299759,0.010117649370804432,0.011771803419873295,0.009882311984472491,0.008847918403545511,0.010113771848191733,0.0550517851510085,0.06652469996229886,0.04844839596950291,0.05098941543691759,0.05530167313309793,19300
0.02818965196609497,0.46962050199508665,0.1725152039527893,0.6980921244621277,0.3065819114414746,0.4257045528292656,0.7665071348052713,0.5485417821685673,0.28853310941950255,0.08981705863994582,0.024397873422130942,0.010583968238849464,0.02133348450149754,0.05274537237833294,0.01033576898505941,251.6267214709502,155208,0.07850450722500676,0.16496605325990654,0.11251296745944134,0.023900799492610196,0.01264287905383205,0.757430775761604,0.95947993216823,0.9355226213556864,0.663910138774925,0.4623192422604435,0.009953402853570874,0.01203961951185519,0.009413276113531906,0.00871417245569644,0.009694310230395149,0.06043104717740792,0.08031342730658197,0.05070694599319531,0.04892227640200599,0.06239219904241582,19400
0.0006682968139648437,0.4424992418289185,0.1887284803390503,0.6819330883026123,0.30981269343628404,0.42158075034618375,0.7694998392077718,0.5447120354137316,0.28664990924103745,0.09308849533958613,0.022220002152025724,0.010656578332613527,0.021616268641549464,0.048816099641015694,0.010247227959903267,251.63370973952055,156008,0.07870318364351984,0.16535729255402498,0.11156833889012668,0.025367359820928876,0.01264989237435503,0.7587611174583427,0.9607033224767474,0.9339402604868068,0.6682656616440624,0.4879639921054033,0.009755264474079012,0.010673020556390845,0.009745411373136992,0.009137181140950532,0.00941763736281386,0.05759083884768188,0.06199835567917836,0.0541982023284476,0.05777422437707634,0.05608015985800905,19500
0.030775237083435058,0.4821124529838562,0.17043972492218018,0.7044035530090332,0.25213806027351215,0.4243750402331351,0.7628441753983499,0.5589080862700935,0.27765558014578956,0.09149621194455682,0.022709625298157347,0.0102036647510249,0.02043525521786739,0.052156287549252806,0.010357114318303946,251.6445260374509,156808,0.0795196777582168,0.1646044921875,0.1160353745978612,0.023023087319663973,0.010995943449074173,0.7520182371139524,0.9582113644480705,0.938921764779549,0.637255253638813,0.4659017507622883,0.009594063099939378,0.010508104269392785,0.009495277014838615,0.00907310579011944,0.009277762069435013,0.054673608328448614,0.0611435555957723,0.05122551724175886,0.0510678561024597,0.05514916520077373,19600
0.0007459139823913575,0.43478275775909425,0.16044246435165405,0.6508719658851624,0.30653605960593744,0.42564897149801256,0.7650149427547351,0.5448382123255401,0.2980527124684497,0.09499264476820819,0.023776893112808475,0.01024282665035344,0.02200487305458301,0.05290365558280852,0.010471508550690482,251.65383353076106,157608,0.07912979234009987,0.1639493425893043,0.11205481020777433,0.02547530142215954,0.014258638260071161,0.7663783621788023,0.9620236810007247,0.9307418490799378,0.6785093773271605,0.4877664366364477,0.00989801702555269,0.011075137113100354,0.009730372083823727,0.00919214656730134,0.009625332348514343,0.056050649713724886,0.06166211849107484,0.050349747014402535,0.055904839802341344,0.05684847933240238,19700
0.028489971160888673,0.466547908782959,0.18710856437683104,0.7077445793151855,0.33306316930373836,0.42592230230569833,0.7695855955676267,0.5428593476116658,0.2996689296726671,0.08898302275539917,0.02241387318354101,0.010919363871862245,0.022154582091607145,0.04725871861874291,0.010058227297158365,251.66200771367335,158408,0.07932605970650912,0.16507299192766162,0.11135116744786512,0.027272526628565868,0.012378487497392933,0.7671463078260424,0.9608073963387174,0.9299876499176019,0.6988122606155824,0.4785604925438906,0.009868481201119713,0.010900996141320113,0.009646569807082422,0.009104385313920067,0.009797080482199504,0.054554354174761115,0.058028618907117885,0.05049669084430206,0.049916175138846774,0.059597989230181586,19800
0.0007428312301635742,0.4527637577056885,0.16884947538375855,0.6744679474830627,0.3841672830392156,0.4104389131069185,0.7560758079335992,0.5473886171052621,0.2879299077633268,0.08771277827635623,0.021987853068858376,0.010522994985091474,0.021857650617007608,0.04707460958208584,0.010398049492277378,251.68310533084403,159208,0.07738994963467126,0.16287628532758847,0.11254800052143803,0.02680341113560101,0.013590546081825436,0.7570541441440582,0.9609734047957457,0.9341877003048743,0.6704099564938927,0.48345152106702644,0.009677165709435942,0.010541751255571354,0.009951865727211854,0.008893615775112376,0.00934388035959843,0.04720153695205225,0.05645783907794925,0.045187406097863626,0.04286596735284943,0.04508732137815333,19900
0.030293073654174805,0.4859192991256714,0.17405417680740357,0.7124210405349731,0.26349228071958125,0.4301654133200646,0.7675975127653638,0.5475825202402648,0.2989297098992914,0.08276363603452934,0.021218296112492686,0.010562586885961628,0.021313232445299472,0.048040534743746185,0.00961528512234336,251.69257947165798,160008,0.08117268845438957,0.16434166898781605,0.11347434422030495,0.026911510408364155,0.0109911588802978,0.7580155164003373,0.9613174579360272,0.9317934993673993,0.6922351255845486,0.4442282449012685,0.009852621192112573,0.010818681923079897,0.009596728376010477,0.009178457344788003,0.009645717551764018,0.05283551811007782,0.056974013601641414,0.048619489038011984,0.051565535274972554,0.05340826450471911,20000
0.0006647801399230957,0.4286763095855713,0.1885023307800293,0.6721913075447082,0.33938681399294607,0.43975397095084207,0.7714347143518435,0.5480336843368907,0.2912332811966319,0.09224610175411027,0.023645698837935943,0.01240697713691017,0.02181974639825058,0.04948765365865653,0.010539305846854719,251.69822248852637,160808,0.08194165511056782,0.16481075176286497,0.11303295928519216,0.026073458217992795,0.01160275807247355,0.7709638810157772,0.9607417370399198,0.9315680482735238,0.6762759979135294,0.479902641604776,0.00985755942296237,0.01089030088924242,0.009694539354920081,0.00926209500132891,0.009444207611048354,0.05279739886522296,0.06083089755468778,0.048905980584095225,0.050253674924703985,0.05001546984093022,20100
0.0006671595573425293,0.4639445924758911,0.1806487774848938,0.698258421421051,0.36751025508473945,0.42011207357048985,0.7743241404419516,0.5566428935889036,0.2854275252751034,0.08164308802975756,0.02214807543903591,0.013056983909481644,0.020574817170548917,0.049094229602538376,0.009156011705917708,251.70743930626998,161608,0.07913539506495004,0.16558278889501868,0.11475187673637957,0.02548289603842219,0.012057376448236711,0.7471752303838731,0.960120762462047,0.9414781298902297,0.6619030865638157,0.44494502939936187,0.009934409176930788,0.011471168455477822,0.009699149605244253,0.009057047832554769,0.009469557875415426,0.061469557080417875,0.06967886042924808,0.05835181258317795,0.062191000689104506,0.056098579261709455,20200
0.030987634658813476,0.441858184337616,0.19214934825897217,0.6894553971290588,0.3285168947195133,0.4407027807831763,0.7691931204314832,0.5518443887170997,0.30073599735511586,0.089067390170041,0.021945697823539365,0.012190253884335485,0.02137468574862732,0.04653973406880521,0.011404468959998986,251.71503983435565,162408,0.0825225729867816,0.16431677439495115,0.11384380534291264,0.026621478496541298,0.01047275279097223,0.7703718674182893,0.9618805032550243,0.9368199894302764,0.70534353361604,0.45435702682134516,0.00976528500672431,0.010659755289293183,0.009820986774406933,0.009176335276943223,0.00922835635401272,0.05774999632732943,0.06348018897411398,0.05443442061077806,0.05384915573548176,0.05789689985868429,20300
0.0007177972793579101,0.4611297345161438,0.2017751693725586,0.7178195691108704,0.27027386123630204,0.42915612131357184,0.7720418741860362,0.5559384873235858,0.28542529862890953,0.08823259756526845,0.02370527936145663,0.010703216521967637,0.02015971503971857,0.05156255788815936,0.010192802703794942,251.7263940748957,163208,0.07967541750520471,0.16540963501494543,0.11541462707634714,0.025020796153917203,0.010879474025926894,0.7566592937707897,0.9603676205964254,0.9395312603545066,0.6519425765178993,0.4566633328397006,0.009687453496735549,0.010868614830246875,0.009617030850031242,0.008948708239399144,0.009346739400208071,0.05910933617036788,0.0647777983053649,0.0573532527092179,0.05815284140408039,0.05615067115442001,20400
0.05348653316497803,0.46761691093444824,0.16235709190368652,0.6855376887321473,0.37199295611069494,0.4154093724489213,0.7735553927642781,0.5492467958595344,0.2845150732935354,0.08587231291859061,0.02359919303096829,0.010709919474692528,0.02163982195971707,0.051214192351647515,0.010559920833165351,251.73651693499346,164008,0.07608123037964103,0.16470170159315323,0.11344440469575907,0.023365561591158508,0.010341773962637666,0.7463355123996732,0.9639476092205834,0.93343192707632,0.6581138868637278,0.45636201190035874,0.009147043144330388,0.010340950759031737,0.009161453542885249,0.008513531317301279,0.008640771404211735,0.06112456130329519,0.06829931980152565,0.055179996063126284,0.059923962848215155,0.06114879094117711,20500
0.0006736469268798828,0.44940871477127076,0.21524300813674926,0.7194470834732055,0.28667262095352847,0.43140677556395535,0.7682519353530263,0.5486131385335784,0.28563834299497715,0.08848698953947712,0.025284201363101597,0.010442475905272993,0.021634938310042682,0.059111824291119074,0.008683140216875952,251.7410700881909,164808,0.07973154019564398,0.164415305795301,0.11272511627580141,0.023601774671845443,0.011039264045119962,0.757118012309074,0.962329093096913,0.9336901204339394,0.6283127931403175,0.4772977655933751,0.009490585764870054,0.010605100427578751,0.00941413289550784,0.008749673610973153,0.009146292628820553,0.053358534930739554,0.061175269643879565,0.04797713382610035,0.05075251561584969,0.05339072997837017,20600
0.029547865390777587,0.48520487546920776,0.17405029535293579,0.7120500016212463,0.29205380213645615,0.41724818915128714,0.7677874902769319,0.5466148671480491,0.3023003120079779,0.08777953829520792,0.024495214084163306,0.010489063590463543,0.021882400905645066,0.050892634500061824,0.010872696978875853,251.75208548114642,165608,0.07560132998973138,0.16432102334637158,0.11239551139328999,0.026830368070367074,0.00928003573790193,0.7538611623644822,0.9625013160567756,0.9310417836959219,0.6881169749197559,0.4428310886407508,0.008742511905729776,0.009910228769860167,0.008686582961572556,0.008099092692833076,0.008475174489789277,0.058264179178513564,0.07238941904523463,0.0496157607631843,0.048197129821822574,0.06644898574226181,20700
0.0007519388198852539,0.4627893042564392,0.1604495120048523,0.6751548981666565,0.3046360773359281,0.42194877512753015,0.7649278478472649,0.5521232186342185,0.28900588519379583,0.08736760449595747,0.022771201580762863,0.01014459749722747,0.021108188486288988,0.05021110047033142,0.009564101829309946,251.761333239886,166408,0.07872377946972854,0.16493114509195553,0.11368846014704344,0.02374069153941072,0.0134915250854101,0.7579035437107083,0.9580923147226503,0.936619522717764,0.6708394703526178,0.46304243326187133,0.009927865967620164,0.011167363375815424,0.010492102033239012,0.008952225377631897,0.00910706169437617,0.05525057328399271,0.06330965163859083,0.05809718756365393,0.04812642024489598,0.05155403306242077,20800
0.03224362373352051,0.46207160472869874,0.18548041105270385,0.7004616022109985,0.2667012579240032,0.416872739493847,0.7632524620723253,0.5436602652738882,0.2912532623126129,0.09271841357443848,0.02386000459082425,0.009952588284415713,0.021983547065948145,0.05282219582907508,0.008963839503635164,251.76732051595707,167208,0.07679869841784238,0.16451310054422016,0.11187961206422842,0.025413267402561494,0.012636810645013678,0.7548967826366421,0.9605371963801642,0.9301694624916805,0.6600897994553939,0.4959256152311958,0.009437060863710938,0.010445763058776932,0.009370298985932946,0.008677554260243041,0.0092886208816815,0.04984459820669145,0.05877740517616492,0.04470671932134966,0.04811414182795401,0.04727909904356825,20900
0.0006929421424865722,0.46374104022979734,0.16511163234710693,0.6845246577262878,0.29992787219598593,0.411741935759783,0.7718004334454588,0.5475972038407567,0.28139746014011646,0.08492190921588716,0.024241915391758077,0.009941729830432152,0.021253285851516847,0.05302384584575613,0.010264839765670013,251.77427841288508,168008,0.07511107358150187,0.16593701098904462,0.11234672723452473,0.023548227061049736,0.009773307314336985,0.7342552554607391,0.9598424585178638,0.9354116230703595,0.6415615287793942,0.44028090649438134,0.0091579386102967,0.010559831247335734,0.008800056519756861,0.008525251105110146,0.008787935409803415,0.05573831422487277,0.06749769211323427,0.04347749111533957,0.05163304853974089,0.059413912129651754,21000
0.02897779703140259,0.470260374546051,0.17529769182205202,0.7041555404663086,0.37889443645812015,0.43321909159421923,0.7691313801585017,0.5465198856182193,0.2828348986408179,0.09633277134219212,0.022189364964142436,0.011060510373984759,0.021209341715331426,0.04942500947954811,0.00992831537808148,251.78446401422264,168808,0.08214118005707852,0.16539597014586116,0.1114311094479585,0.025203232946954274,0.01590224521452404,0.7686004501581187,0.9591222859180726,0.9377823112502929,0.6547691362335326,0.5055609831762552,0.011014199161436412,0.012174279223456314,0.011117384228214787,0.010133623914604897,0.010459514559519968,0.0690150138689205,0.08026934107597752,0.0662722704813831,0.06515488072367824,0.06277433173749501,21100
0.0006804752349853515,0.44423741579055787,0.1885089635848999,0.6890585017204285,0.28432589123474433,0.4291412372887136,0.7751973627125411,0.5525160066992322,0.28609649354303396,0.08831491485074326,0.024877237910404807,0.011074220258206218,0.02091622948603028,0.054006844557856724,0.009929028857796162,251.79065570306622,169608,0.07875084221363066,0.16575362997529391,0.11392186637793747,0.02343285559269952,0.010831056867603337,0.757427857518196,0.9612673599058421,0.9375067252979107,0.6535624660236723,0.45332403726630155,0.009330044104717668,0.01048295813276194,0.009466030362941264,0.008664842734349445,0.008738726815004112,0.05337499954737724,0.0607253273714977,0.05071282406363671,0.0524202703319035,0.04990879219578027,21200
0.0009185647964477539,0.4789265561103821,0.1858549475669861,0.7179864430427552,0.3567653278416232,0.43217640921473516,0.7744264457750758,0.5455047838198837,0.2829743449886639,0.09195306168540428,0.02310198813676834,0.012441224171865488,0.022140927906506357,0.051409349023603695,0.010019665736905934,251.79687707059747,170408,0.08096585605293515,0.1654558475684683,0.11190054506445546,0.023086636837398818,0.013028671529016215,0.7588655108213427,0.9605521248021256,0.9301475313993603,0.6584201406260002,0.469717602811608,0.010179188000038267,0.011272379224949062,0.010115681634021859,0.00912233572351477,0.010019737122324748,0.06711373443249612,0.07573684888738075,0.06291696747573905,0.061536081239601484,0.06691393609770445,21300
0.02811105251312256,0.45274986505508424,0.1693722701072693,0.6766018295288085,0.28835978400116485,0.4168353459239004,0.7723762093380809,0.5516670954287348,0.28834166945280276,0.08773528847843405,0.02413004810921848,0.01127069398267741,0.020572839019324017,0.05280420946383794,0.009011614435585217,251.80360607372467,171208,0.07647436501458289,0.16498218460835248,0.11373311543284952,0.02457559252131697,0.012178783747367566,0.7570161724090576,0.9618762090881878,0.9396403069472191,0.6575408037577833,0.49019965231418594,0.009297381483484059,0.010435014572193754,0.009085479421756379,0.008790852420388883,0.008986523194471378,0.05270050741732119,0.06037920998299821,0.05191553268469308,0.05223643385030536,0.04679852909408516,21400
0.0007982778549194335,0.47558127164840697,0.17767226934432984,0.7061955833435059,0.2612121094590652,0.4230401292443275,0.7686871825741025,0.5507842288978062,0.30454968082873785,0.08485505624363823,0.022179018799215564,0.009702542916101035,0.021264053529026484,0.049446166929556015,0.009828929609752131,251.81265360017045,172008,0.0785443646460772,0.16425826510197025,0.11356754371182837,0.028285488927698058,0.010565349866547396,0.7565484255552296,0.9634541829830506,0.9345816308586159,0.6936071111510193,0.4495942445028396,0.0093219417403452,0.01056741795686977,0.00902950549637204,0.008496006973776582,0.009188610052556875,0.05177814172348005,0.06196297391029406,0.045181243535622334,0.04847639126577028,0.051556716403657825,21500
0.029237003326416017,0.44919403076171877,0.18626459836959838,0.6901038479804993,0.32439997765788053,0.4089267486333847,0.7655299740268832,0.5551156667263608,0.2884320987908692,0.08275997628756228,0.024769546184688806,0.009595919942899434,0.020635789275452815,0.055152852109188695,0.00956643485233585,251.82117392351856,172808,0.07542071759700775,0.16484821310385733,0.11449443496277797,0.02421728443765494,0.01408687823235048,0.7366394728422165,0.9609012863737476,0.9390620326866272,0.6481871706945405,0.4464911367129352,0.01014139347709716,0.010497170057088284,0.009171266237820462,0.009995045727706158,0.010840940153569836,0.05778524665161971,0.06143382083168847,0.04688112170982132,0.05818789109151376,0.06376116887385987,21600
0.0006676435470581055,0.47461864948272703,0.18464303493499756,0.7123924946784973,0.33486597551856356,0.42359649091959,0.7756522022983396,0.5513592201565938,0.28254452946004077,0.08677924059257644,0.022560426704585555,0.011033715257529633,0.021388508221775102,0.047538536600768545,0.010310123528187897,251.8300552916704,173608,0.07814360933844,0.16533986920291924,0.11375436356301033,0.02474416578372051,0.00956551666431461,0.7509947234392171,0.9636220706319343,0.9357022879615664,0.6642579920773439,0.44850260166838657,0.009335019320715218,0.010445235385243015,0.009270222709765507,0.008715936435808608,0.008885592963352867,0.05712637347634883,0.06599296465543217,0.05149223443574062,0.05479714597157878,0.055696510502349285,21700
0.033336524963378904,0.463665235042572,0.19023579359054565,0.709496042728424,0.30269086724886246,0.41868495091795926,0.7706055650251155,0.5509945378445158,0.27922198782467467,0.0862880913594451,0.02346335830166936,0.01129785517873574,0.021655408644790552,0.051761190160877366,0.010484167946672703,251.83977285819657,174408,0.07728681201115249,0.16537668060530256,0.11402957565566094,0.022095334401276985,0.009383988552144722,0.7455586075782776,0.95876520478786,0.9331765697144043,0.6501469145784725,0.44995250868109576,0.009335529231466346,0.010743636020983991,0.009301833939821565,0.008379241198282015,0.008921937893879107,0.05650929947383701,0.0631312868619328,0.05197909991210786,0.0566842644837313,0.054474686729148646,21800
0.0007035350799560547,0.4571306896209717,0.17415119647979738,0.684248685836792,0.2900390449411544,0.4236961764097212,0.7642398739970011,0.5484478760286761,0.2817770512116079,0.0906252482832938,0.02294758513569831,0.01038504643907206,0.021742359338114498,0.05228578316452296,0.008793364660745925,251.85368666755076,175208,0.07917502727359539,0.16417601413505012,0.11301459221403455,0.021992382484093066,0.014735375803794859,0.7555664521455764,0.9608980752700982,0.9314924530644234,0.6523104015022825,0.48156615741112674,0.010439811176620423,0.010723774834687626,0.01003470350708303,0.010302450806560996,0.01063726152129032,0.06737498222384602,0.06879276895332467,0.06697184409019975,0.06538944795370254,0.06816952103319775,21900
0.02840449094772339,0.48497758388519285,0.17645015239715575,0.7154896211624145,0.2638524739903147,0.4335527537763118,0.7702523287881188,0.5527659932581284,0.29675119963227503,0.08985707935891624,0.022475861832499507,0.009757633009017096,0.020734206858413456,0.0494166020475024,0.010370574945854166,251.86016524545713,176008,0.08067204311490062,0.16469672843446875,0.11383969429880382,0.027085057439577138,0.010968242587347953,0.7637908339500423,0.9630836048736949,0.9387731853012861,0.6854501175028938,0.4451484463993133,0.00943589961156249,0.010407980889302169,0.009339641363252535,0.008598807809532294,0.00936729447925801,0.05204557202290748,0.05956732942791554,0.04820326435863252,0.0474028056820056,0.0529899525605721,22000
0.0007185482978820801,0.4517508554458618,0.17085267305374147,0.6764432835578919,0.3229412324532484,0.43177392125129693,0.771655218112163,0.552927314141475,0.28501998446881743,0.08887505442759054,0.022884105583652836,0.010080270544410899,0.020501115848523887,0.04906542439415471,0.01018055583492859,251.86678848629748,176808,0.07980907369405031,0.16433902787856564,0.11424119973879887,0.02388469677637605,0.011060596138997193,0.7691496884822844,0.9638123958538741,0.9399527860890831,0.6712956539556091,0.46733505901743155,0.009252089909277854,0.010394912150998917,0.009243300733575162,0.008461826478642433,0.00892574806784182,0.048180328384041765,0.05670427510944693,0.04390970471426167,0.04402890615621765,0.04881265889242532,22100
0.02990321159362793,0.4754662084579468,0.18446540355682373,0.7133179306983948,0.3610232607897135,0.4215812955796717,0.7674183616497252,0.5450328603223119,0.2896957996204428,0.09412554364421014,0.023207081835716965,0.00995101236160202,0.021935195385754776,0.047579698001215746,0.010506655740042793,251.87308040585808,177608,0.07740203537046915,0.1653158626532907,0.11052718181367767,0.026514097502480415,0.012303840174560546,0.7631039547920229,0.9603150061198636,0.9345990609336682,0.6770094064026395,0.4939335692174656,0.009586570509709414,0.010584218695924935,0.009459095687226771,0.008857168663899961,0.00949314599328665,0.05614249846592429,0.06367301708245031,0.05593593443248479,0.04796853678821685,0.05776798767058694,22200
0.0006676363945007324,0.463688862323761,0.1685046672821045,0.6873543953895569,0.3586170507399947,0.42148924112319963,0.7744812381091377,0.5418405564711054,0.28941071597696544,0.09327897118112326,0.02387798192910851,0.01148802536055721,0.021673701847978143,0.05173821271243459,0.01009442309355911,251.8808916207612,178408,0.07728521641343829,0.16456391071451154,0.11046295286340505,0.02473247121540305,0.01308940081998669,0.7561119228601455,0.9636348142412503,0.9346923232078549,0.6644335264719805,0.4784847790119693,0.0094591900287196,0.010664258918408399,0.009447441890805887,0.008699747422954191,0.009037685587399591,0.05617182700196279,0.06636566742153593,0.049552769390218764,0.05435855136799977,0.05392647871186082,22300
0.0006435084342956543,0.4585626316070557,0.20023720026016234,0.7105484414100647,0.2645059651610611,0.43769154474139227,0.7708852691987969,0.5396617476610427,0.29394739924769103,0.09401438001256714,0.021931939609348767,0.010105313447848022,0.022693734851348728,0.048268700491500435,0.009107727658313991,251.89161002240212,179208,0.08153206478804352,0.16433097125418425,0.1097483798227411,0.02573006127409989,0.013024179848770686,0.7747744530439375,0.9641353477418948,0.9280477625892511,0.6787031732928683,0.5016394321735093,0.009802468577399845,0.010821319193439144,0.009600513542883422,0.009199860995801177,0.009406598604833463,0.055242829602211725,0.06247762396964611,0.05113463977133816,0.053825538127600214,0.05220682361664682,22400
0.02795264720916748,0.4603427791595459,0.17328426122665405,0.6868880224227906,0.29080363105618545,0.4141306452453139,0.7755962192397752,0.5551366833681912,0.28172323261223825,0.08018501165012507,0.023900551935657873,0.01242047147081262,0.021099537827036143,0.053635769032278825,0.009126956299157218,251.89937717539146,180008,0.07709633404389024,0.16611707994003905,0.11562547356504754,0.024295011210026002,0.010254949822086197,0.7352332979440691,0.9603984865945641,0.9350357335252861,0.6424368952386947,0.4348706852102508,0.00953420219477265,0.010933816334539928,0.009156512859824698,0.009202174430516498,0.008913639344782199,0.049541748687624905,0.05849307069324496,0.04245791381666646,0.05083629830117955,0.0466313830668658,22500
0.0006443929672241211,0.4565581250190735,0.19423466444015502,0.7022437906265259,0.3449192085446515,0.41971081584691994,0.7722034783818618,0.5560620806433935,0.2881213989027818,0.08669192443461449,0.023282346418127427,0.01040010730356876,0.020355980923267604,0.0565357707218146,0.009694930956992392,251.90956747750886,180808,0.07850928310304876,0.1649055297500524,0.11577434047605054,0.023460661782376935,0.012562305742521785,0.7467804968357088,0.9631745449861684,0.9375781835329656,0.6485208577435944,0.46020247538884457,0.0099610104970634,0.011058754528680789,0.009945602624234978,0.009478025978593076,0.009383242679377119,0.05814323687460272,0.06523761830418999,0.05405710811839637,0.058219865728777076,0.05532667011694483,22600
0.03095684289932251,0.4433617043495178,0.19124529600143433,0.6865085816383362,0.3256767322414811,0.4295281414687634,0.7699935981119521,0.540964179844768,0.2980444522672575,0.09024015861582393,0.023090525139123196,0.01093948008245648,0.022898906742705494,0.04875770641098681,0.010695280375348734,251.91675769637834,181608,0.0803388938307762,0.16408683171476982,0.11164753430488496,0.02735850602927566,0.01259152369207835,0.7650958651304242,0.9639129825312681,0.9228256557274749,0.6912432018079252,0.46201718705041084,0.009873330011032522,0.011723626868310156,0.009690670369848322,0.008405788169291458,0.009628068045142813,0.05792373069562019,0.0725755381369681,0.05370999477303552,0.04670530727721357,0.05864112628433778,22700
0.0009140276908874512,0.4642768454551697,0.19041354179382325,0.7079055953025818,0.30012221975036174,0.43872803419828393,0.7736210746235318,0.5449194301057747,0.2877394448761917,0.08698531887619886,0.02280736292712391,0.010300415103427241,0.021613641715948533,0.050554449153387575,0.009091212045451673,251.92394371687553,182408,0.0815712241269649,0.16444356196456483,0.1121466968346525,0.024518978611719044,0.011530472884407719,0.7644300717115399,0.9633747000164455,0.933648210669321,0.664669571824335,0.45798188609045903,0.009835680518299342,0.011433017769207552,0.00947250062649054,0.008729687064830486,0.009465652422325027,0.05959900314745033,0.06787874031216941,0.05399506127217874,0.054574468913279606,0.06071324927411421,22800
0.030719192028045655,0.46421345949172976,0.19303292274475098,0.7117614197731018,0.323811898580576,0.4056274341046811,0.7658680158051832,0.5497869020416627,0.2817166169113087,0.08680932548169683,0.024054383020848023,0.010490369987102191,0.02180721883528998,0.05066074197676698,0.009896285175459419,251.93505649311763,183208,0.07431466870009902,0.16420558513256528,0.11348467009762928,0.024159632370781118,0.011564088106246258,0.7440639960765841,0.961910507483789,0.9312510632333304,0.6548148524538383,0.4637629459543927,0.008981467643752693,0.010274265802939208,0.009098326164253406,0.008304054224341417,0.0084905295814501,0.050881647516507644,0.05996945675337221,0.048401461012794536,0.05056663948898945,0.046170601195360456,22900
0.0007440423965454101,0.4369771909713745,0.19466137886047363,0.6827534770965576,0.3581841903425465,0.4188648885488511,0.7665830410189102,0.5407990988803235,0.28936536699809395,0.08740022358660755,0.024476219620555646,0.010302847409103469,0.02228123054214537,0.05049431345779105,0.010487037726577267,251.94951812980315,184008,0.07702303273603324,0.16451327345437475,0.11035264662751872,0.02565508357818342,0.012417888119061641,0.7572455823421478,0.9611663073301315,0.9301691444497129,0.6694958524571518,0.45658587990580357,0.009316551897209136,0.010683624433457014,0.009555176929591996,0.00826340732466499,0.008933564270468984,0.05658734027296307,0.062295833835378296,0.059627845139161924,0.05191115154539819,0.05289359626335065,23000
0.031155946254730223,0.48019615650177,0.17147159814834595,0.7041196942329406,0.25669790576861384,0.43261556506156923,0.7687622484902442,0.5462335689802371,0.28774431789126026,0.08936773101428908,0.025612994004040927,0.0107255792061757,0.021368534435903776,0.05354645729560577,0.009673543108896487,251.96210161280607,184808,0.07901442080736164,0.16542121467038318,0.11259175280127867,0.02390422161904367,0.010651681327446165,0.7611768543720241,0.9586008387833399,0.9338430641877535,0.653768670405441,0.4645571504012647,0.00913109436165542,0.010110263852631963,0.009189559504239232,0.00842975165750911,0.008848355477114758,0.05463062841910867,0.061894145250558995,0.052831776926971295,0.048458121858872896,0.05655757243834795,23100
0.0006501221656799316,0.4354485726356506,0.17955353260040283,0.6677118825912476,0.31819995279501834,0.42458276614546764,0.7612626597966027,0.5483288009768552,0.2869676349398036,0.09022468696077342,0.024482650142163036,0.01078284816074229,0.021113752034827335,0.054093983301964535,0.009846125175023363,251.96808059389042,185608,0.07906039541587237,0.16378328574792997,0.11303511840625874,0.02389320872428538,0.014433795285642783,0.7526679611206055,0.9586104932170227,0.9352870754246573,0.6465995635550754,0.4556944581566664,0.010083891260437664,0.010349402591813038,0.009478618499361772,0.008987193994331524,0.011673803894568693,0.059459911630256115,0.06369673582455761,0.050801769138576,0.0525607423517683,0.0720734047357279,23200
0.0010416007041931152,0.4709030532836914,0.1886038041114807,0.7121877694129943,0.3146651384053999,0.42152637571096413,0.7603878153497299,0.5553686073640508,0.27901221562118417,0.08493227820861807,0.022323036072775717,0.009852435617054359,0.020442436083515255,0.051415047969142494,0.009197614867965068,251.97444877588404,186408,0.07884752687066798,0.16417440275351192,0.11483826524600749,0.022773947079144218,0.010774869129424132,0.7559133577346806,0.9600441203781618,0.9415760976512261,0.6544447481944302,0.4617722615819848,0.009457013811916111,0.010733383798054354,0.009639777538434759,0.008743269398262364,0.00868020717082132,0.05014166413806379,0.0560895683827685,0.04898120798624873,0.04940832379708039,0.04611423932557255,23300
0.032135119438171385,0.45337785720825197,0.18776409864425658,0.6952753448486328,0.2891167235554128,0.4206609880924226,0.7653264864203853,0.5524563989014312,0.2854592521586011,0.08678130304153592,0.023437472283840192,0.010352527230051495,0.020800128129301872,0.052427630787294115,0.010067973091308751,251.98126883066126,187208,0.07826366469264025,0.16460110900021094,0.1144042399901789,0.02450891761413434,0.0111132775947674,0.7483123499155049,0.9585892152540464,0.9390642888916352,0.6470179069581341,0.45014808308425847,0.009254540945403286,0.010537506578029281,0.009092712266262152,0.008399586537244487,0.009028557375240241,0.05278747491305693,0.06197675684294137,0.04779874365799378,0.0476159024106142,0.05415116084405957,23400
0.0006409692764282227,0.4673173952102661,0.18794359683990478,0.7093946743011474,0.2960357440697886,0.4264103500545026,0.7647418116739665,0.5562869335742706,0.2838769527964103,0.089707470051579,0.022448011357337237,0.010905923187391637,0.020776298868053777,0.04944296447942272,0.01023590748823778,251.9904718839747,188008,0.07967154192738231,0.16422654639387355,0.116330119880273,0.025007309448212764,0.009855349165816582,0.7526615828275675,0.9604380133566157,0.9336134293612011,0.6602030512614119,0.4573384836023929,0.009593643413390968,0.010676052882620277,0.009407552642787396,0.008952759446289687,0.009247585675706533,0.058332574046216897,0.06791366088453316,0.053414263683272165,0.05228406155768494,0.05864301908021683,23500
0.030996959209442138,0.4560308647155762,0.17721241235733032,0.6858671331405639,0.3236719052798295,0.41614933863282233,0.7740299199916876,0.552738275589088,0.2866907764666822,0.09013973521444567,0.022464597132056945,0.009751135580792868,0.021546210011897174,0.05198407255774065,0.009820209762327906,251.99557573366704,188808,0.07765571939758956,0.1664708507608395,0.11461744858668405,0.02483840574265049,0.011327098392058706,0.745950632691383,0.959035133828922,0.9330093729190343,0.6570304180345228,0.4692606952692896,0.009490734501741828,0.010644497606447149,0.009469090387798269,0.008998819203766925,0.008905888219769094,0.053750266227871185,0.059610498470387234,0.050551246240352975,0.05626883030798968,0.04929623241231447,23600
0.0007246184349060059,0.45404510736465453,0.1963817882537842,0.70265549659729,0.30276071363070456,0.4293438278138633,0.7624695054801974,0.5527134624884488,0.2939215056928509,0.08924928712373487,0.022354829488322146,0.009797722171716596,0.021121892637196674,0.04858892538534303,0.010012658767886843,252.00194311328727,189608,0.08016318306326874,0.16429614796884756,0.11428125634630953,0.027209779160473433,0.01085206993964824,0.7597478654980666,0.9603371063308532,0.9353677081934946,0.6790092646194794,0.4569310086722275,0.00958504065871239,0.010759104898050776,0.009696032916334384,0.008801613370039194,0.009014089190287098,0.054612972708419,0.06252832327720147,0.04736500106098015,0.055230783142626576,0.05232334760853985,23700
0.031995131969451904,0.4335330080986023,0.19986801624298095,0.6907992839813233,0.2697427172712844,0.41559370130300516,0.7678987783287214,0.5445359778113483,0.29018608237486426,0.08611612992970304,0.02237288390286266,0.01087507931881277,0.02194465223200075,0.049149131395135055,0.008704885578343542,252.0110297916689,190408,0.07688757244497538,0.16470655502449166,0.11109523696870341,0.025409915470011493,0.011243927136937516,0.7556098306179045,0.9620183893523292,0.9314202817474928,0.6785737881388686,0.4684192131480899,0.00933151143603027,0.010718317943776314,0.009068292043194525,0.008466800592762504,0.00912283430476253,0.04971145021627311,0.058625840569153924,0.04671977454244169,0.04577930544907467,0.04814533123904312,23800
0.0008040428161621094,0.4723152947425842,0.19122808218002318,0.7154576706886292,0.3270326739725357,0.45379876971244804,0.7730656140863649,0.5454982477397731,0.28624409058859934,0.08833223203208276,0.02403818634338677,0.01182139595239044,0.022646493665370086,0.05244239223783189,0.009981784376338078,252.01911896069444,191208,0.08490458225831392,0.16460404880824528,0.11192673059621289,0.023659981101982946,0.010992292829225972,0.772814370393753,0.9621648407289397,0.9276513042657275,0.6586893969866896,0.4486001069674234,0.009819512194953856,0.010688419997404322,0.009482873353999163,0.00916790697781532,0.009777527338752664,0.05743597395718097,0.06401716853000326,0.052472540739797804,0.0512514859679218,0.06155345013956283,23900
0.04463557720184326,0.45227988958358767,0.1865334367752075,0.6961032652854919,0.32169452828822864,0.42649575740098933,0.7672851699326431,0.547086681447812,0.295613538230484,0.08449848769658115,0.022626906149089337,0.011852427102451041,0.021001558454327333,0.04788711314421875,0.009871236158553806,252.02590561304925,192008,0.07918286245316267,0.16380008644071103,0.11238222876888006,0.027277333525023487,0.010547487860602243,0.7593138784170155,0.962676966718852,0.9370071214822991,0.6839435777472492,0.44459126171121754,0.009244393566623339,0.010480612892602464,0.009258260825343093,0.0085823607733988,0.008625128001523041,0.05237412360031157,0.05821634904284196,0.048025065465408585,0.051935398871612595,0.05123450502819443,24000
0.008607630729675292,0.478175253868103,0.17492918252944947,0.7146331000328064,0.30764229824400363,0.4275904205441475,0.776482971567734,0.5586260257615252,0.2885167565811605,0.08092811504112825,0.022756181722506885,0.010545711415390697,0.020742007372804815,0.049926664540092036,0.008901927912398718,252.03213595027347,192808,0.07989623023197054,0.16488670265557717,0.11662960413497742,0.025931902838988413,0.01179582409784009,0.7551308965682982,0.964015968874389,0.9373250640544691,0.6639275128401597,0.4532414890673694,0.00971548770554364,0.01062987179851488,0.009808079618000488,0.009122001230987959,0.009295901112562534,0.055233337604440776,0.06508559721531171,0.05175194848501646,0.05229803663452418,0.05150987091236657,24100
0.03354481935501099,0.47493371725082395,0.17216858863830567,0.7056560945510865,0.36225945542636717,0.4319418057799341,0.765361313190726,0.5497110609824837,0.2856093487159037,0.0924098886984405,0.022264334168285136,0.01079740929762246,0.02136901494306631,0.048903405462624554,0.00976048307233315,252.0399967567237,193608,0.0821003020554781,0.16535205290549324,0.11310527118352744,0.024968200335327626,0.015811045395286022,0.7643139982223514,0.9581633745520206,0.9374912735743404,0.6630616871019201,0.47903181816720714,0.01082931118551642,0.01136463126857523,0.009746836799268535,0.010623398964526132,0.011514532067789332,0.06456091815140096,0.06770851425783443,0.05312129533969057,0.06456625638626669,0.07242802854835381,24200
0.0007871150970458985,0.46589433908462524,0.17541572093963623,0.6964073491096496,0.25380266665936496,0.4332565480470658,0.7676458367320333,0.5506905116023818,0.3007261564218721,0.08826620020979156,0.023518681339919568,0.010155643989291903,0.021674852945027558,0.05062231687439042,0.009020109547025255,252.0462963792557,194408,0.07993080917745835,0.16451803562743805,0.11453866607543683,0.025976002284563923,0.011344064611035437,0.7712806040048596,0.9620824091172104,0.9306431481351402,0.6895954090495444,0.48612649762952637,0.009377704416401686,0.010681995114926518,0.00940236562609438,0.008310313670094624,0.009119228542958572,0.04718704809900374,0.05538109361314385,0.042933822290103944,0.043799660049465505,0.046257853762221496,24300
0.0008490610122680664,0.4721733856201172,0.1927891492843628,0.7214511656761169,0.3000189125574943,0.4281235730648039,0.7662202472710496,0.5526770835073245,0.2858556059736703,0.0915043548652037,0.022682802542112766,0.009699208758057873,0.020982723900126034,0.049798798293399435,0.010125252811271771,252.05316394532474,195208,0.07989262571558355,0.16449903166709243,0.11433358711091061,0.02580953381684181,0.011139066303604929,0.764077669680119,0.9619545794245025,0.9358264274388849,0.6613577265835292,0.48205582106236333,0.009708009671885526,0.01104917266494154,0.009316473529059253,0.008992366647188672,0.009468296505558811,0.05157458729576321,0.05893437387375387,0.050939104246264966,0.047850141177730766,0.04844446968498454,24400
0.030356578826904297,0.42760701894760134,0.19570041179656983,0.6754506945610046,0.24196208448742315,0.43751331508159663,0.7654565877504481,0.5418340284280826,0.30062103867530826,0.08680950989446014,0.02243741432670505,0.00986930164740299,0.021296195126104846,0.04950848520733414,0.009445984157488275,252.0605161781519,196008,0.08151083650067448,0.1638170515115444,0.11020903262295255,0.027124255091184775,0.012418852679641738,0.7697049725055695,0.9642402052339923,0.9383767713536877,0.6847339230775825,0.4549107090119395,0.009674963306169952,0.010697685411764612,0.009655740825034726,0.008940891715465122,0.00926906369145839,0.05013435785425826,0.05558862567381991,0.04579852020773326,0.0469077728618868,0.051622209876465305,24500
0.0007080626487731933,0.43701154947280885,0.17715912342071533,0.6685587859153748,0.3615101325089838,0.4128679174184801,0.7690333819135711,0.5477481909512266,0.29725947837583994,0.08636588548930987,0.022987689953297374,0.011018725555449556,0.021280151735140276,0.0513857401832564,0.008799442099795371,252.0687869366249,196808,0.07624634087085727,0.16479737073817144,0.11275505894785609,0.026408679295452934,0.011792099235915685,0.751770921647549,0.9617016245710082,0.9344273802592672,0.6754916019775167,0.47273984772187677,0.009210300748236472,0.010234611738037237,0.009496237803723297,0.008517266887628556,0.008696475156789861,0.050449152672663346,0.05855331027959573,0.04820383345320596,0.04575665467348529,0.049766529329914475,24600
0.03308333158493042,0.43310179948806765,0.17212634801864624,0.6651731514930725,0.333875062849259,0.4220435608923437,0.7735478743982093,0.5446236614258058,0.29079166977362314,0.08745541912064232,0.022409127941355113,0.009439252726911929,0.021712028266241145,0.05023880745163625,0.010471563020782592,252.08404347000052,197608,0.0778937992081046,0.16487709557610833,0.1115891085236624,0.02571260321335238,0.010083112116674628,0.7528697681427002,0.9631578440301151,0.9327849771386834,0.6704211843446123,0.4627666422780953,0.009549674177542326,0.011051475228608082,0.009522484828247345,0.008736261547847114,0.008833492275784316,0.06409229416633025,0.07191396938218027,0.06331559879234636,0.056006168005650225,0.06442416948925278,24700
0.0008521294593811036,0.4877268147468567,0.17030295610427856,0.7150849580764771,0.3315797745512378,0.4308804988861083,0.7675238595325121,0.5398250176970449,0.288233665935695,0.08723436738881803,0.0241634082235396,0.011087348880673932,0.021908192151126323,0.052826175582595204,0.009360755947677222,252.09300729841576,198408,0.08041322764009243,0.1645485947326738,0.11004685304526778,0.02757418893743307,0.01063180410354916,0.7669928944110873,0.9610954045641178,0.9330048784613612,0.6568255153298375,0.4714523421393501,0.009835577509365971,0.011075834375426032,0.009264214400900531,0.009863355711568133,0.009165240565521855,0.05493597762892023,0.06409532515384375,0.049524839850034544,0.059220946368295675,0.04693524984953302,24800
0.04181609869003296,0.45205074548721313,0.17095102548599242,0.6839160060882569,0.3016138139931506,0.4287815028429028,0.7682314093520001,0.5488270750859886,0.2989459920171146,0.0864546690045334,0.022195880124345427,0.009784880189633952,0.02124502442595435,0.05140879172328356,0.009194864383217222,252.10243109607848,199208,0.07985277738422146,0.16412031621467793,0.11236720432232063,0.026349238734188915,0.011354493046542862,0.7667570304870606,0.9643749141111599,0.9373788342243288,0.6851186223932206,0.4721910255711251,0.009521149753127248,0.010638957152642854,0.009519481432919459,0.008817305566894043,0.009040187134566459,0.05528756174724553,0.062076567788040556,0.04944811358411867,0.05333919469518836,0.05609628633118985,24900
0.0007160687446594238,0.48472209930419924,0.1782519245147705,0.7164800262451172,0.3053601302085778,0.4098823103308677,0.767419511828918,0.5610305547066362,0.2942194033464696,0.09064136149432024,0.023108183406293392,0.01013256106118524,0.020328958409980103,0.04993258640001534,0.008757821498943911,252.11575906951143,200008,0.07564409460872405,0.1650608107854762,0.11753115183471333,0.026965907243885347,0.012848818343009733,0.7466688647866248,0.9585952859758677,0.9361279192178147,0.6760263774729423,0.47293768682569803,0.009758075796999041,0.0101017910208492,0.009574969438329826,0.008739927735145935,0.010681672050301348,0.064970392533578,0.06759749122900388,0.061021086931957506,0.05581538334101166,0.07567402555712692,25000
0.037413902282714843,0.462044894695282,0.17840614080429076,0.6923550319671631,0.29998739631665333,0.42210504800081255,0.7802383382241808,0.5525160287527761,0.2917985199579126,0.08995498509480154,0.02253156239166855,0.00941167171701666,0.0210736547074711,0.05349635871768484,0.00859937238790323,252.12644155596664,200808,0.07874219954013821,0.16497192359887633,0.11439946444178907,0.025877619699111887,0.01284049268051948,0.7634598949551582,0.9660169767154442,0.935908391069404,0.6602749759382236,0.49724026446072556,0.009485826529562485,0.010745710700975497,0.009392255906750654,0.008860997260227549,0.00904201089738394,0.054465790472459044,0.06623338955546632,0.04779731760933296,0.05221795263481353,0.053318246791604886,25100
0.0007350730895996093,0.46208620071411133,0.19210245370864867,0.7068109011650086,0.28640010422231,0.42671169415116317,0.7711134042969369,0.5497500734017782,0.29823507441534225,0.08766004703182556,0.02240286983549595,0.010056127426787251,0.021663368662802444,0.048687272057052436,0.009072087819777856,252.132406989239,201608,0.0798089798912406,0.16563794845565744,0.11295990488147938,0.029059429585780058,0.010955632871092509,0.7666727137565611,0.9592889690781659,0.9322033288242576,0.6879133867848778,0.47485685045949094,0.009964323649182911,0.01125091049611012,0.010212540265743258,0.008773124781581232,0.009636388375390766,0.06128168371506033,0.07343518720531367,0.05294536110349334,0.055294452969599325,0.06503539555115143,25200
0.0006924200057983398,0.46697498321533204,0.17694386959075928,0.6989029359817505,0.21966588909693,0.43125612318515766,0.7633786272240558,0.5459049131883226,0.29364331477674915,0.09159217194951688,0.023015332799404858,0.009676332311219967,0.022023018338191116,0.05211174355480323,0.008568196717083228,252.13778638813847,202408,0.08007363526150583,0.16505198439234467,0.11200821907866908,0.02460208742218686,0.01190096729665458,0.7638589239120476,0.9588478672994325,0.9323638295349872,0.6699696723463497,0.48216839672363954,0.009545506597496572,0.010727788570451816,0.009345291896075329,0.008969207849408599,0.009003797313198442,0.05053821470923136,0.05700483199225717,0.04788667292110489,0.04910005028226259,0.04725801822834126,25300
0.034086759090423586,0.47138381004333496,0.17686500787734985,0.7011670470237732,0.2890122544940867,0.43044605180621137,0.767690709188356,0.5538005129272392,0.29141714480338693,0.08382256158480512,0.024377376399934293,0.012957618467687577,0.02092847039162274,0.05448405488836342,0.008830147931401277,252.14237613368778,203208,0.07985466979444025,0.16397674913382398,0.11506021201190816,0.024328625263561592,0.01014457757180361,0.7592627727985385,0.9605742770822804,0.9357257208354034,0.6570064314086028,0.4571530837761729,0.00922341351397336,0.010418640636843649,0.009065447571936627,0.008610032541169356,0.00878786604459348,0.0527632504841313,0.0603478848325772,0.04697227846839828,0.050609879073395286,0.05355536808063719,25400
0.0006834888458251954,0.4605829048156738,0.1966960024833679,0.7124582767486572,0.37190832329886786,0.41595316261053084,0.7715252726166343,0.543802672209431,0.2814900638631813,0.08975903750373615,0.023945926325395713,0.010974834361433898,0.022394452846391275,0.050350166424374315,0.009424502711369638,252.1475884255071,204008,0.07644484505057338,0.16490205215713954,0.11120198974710196,0.025264068755885234,0.011454527065994665,0.7476605167984962,0.960946887573868,0.9279956242338341,0.6395097651951744,0.4759733664807933,0.009316724238451573,0.010898632155090729,0.009061416616867197,0.008577674540949055,0.008858621808307881,0.060693098045885574,0.07100586721269546,0.051268352394858684,0.06261773308642868,0.05833428200372133,25500
0.03248072862625122,0.4625934338569641,0.17463157176971436,0.6906070446968079,0.27584435408600294,0.4170986543595791,0.7667935847645935,0.546564267307032,0.2837259064797523,0.09170180009540378,0.02409586028195917,0.010540696799796584,0.021939899400894428,0.05405164449607493,0.008243927609386477,252.15342008281297,204808,0.07645138924941423,0.16449916997168318,0.11200413260547841,0.0231214116891969,0.012481692373257126,0.7559427666664127,0.9610143775987156,0.9306628007054983,0.6521653305247147,0.5027535331660302,0.009490326973609627,0.010544244315253925,0.0092869968092466,0.008761414342102996,0.009386127933933227,0.04998181564500558,0.05593859908945566,0.04697939568031273,0.05014352483086219,0.046592112444799945,25600
0.0006754183769226074,0.4795790457725525,0.18489208698272705,0.7201753163337707,0.35182931185288946,0.4107459463179112,0.7601205484599483,0.5514051145378581,0.28892712407943,0.08596970917605747,0.022644341029226783,0.010692626133333055,0.02119744243595669,0.05009130897903531,0.009708805513833097,252.15876776977964,205608,0.07594375725835562,0.16374366251485692,0.1141134307501798,0.025306338777135323,0.010079211673972731,0.7446643787622456,0.9613280454460449,0.934057132677829,0.6680169722648578,0.45615185346078424,0.00914690708275885,0.01006988834409158,0.009090931968456341,0.008667242395776233,0.008801001588677247,0.04802717181853953,0.054290869627242874,0.04513293601067224,0.044609572437375476,0.047995594932501204,25700
0.029891817569732665,0.45038375616073606,0.1769285297393799,0.6821533894538879,0.24353905845111104,0.4118670517206191,0.7599983127589153,0.5405447978722419,0.2783884102063722,0.09074509433369227,0.02382694608531891,0.010163116751021245,0.02191827848651691,0.05265989885290297,0.008830253763290339,252.16831853470904,206408,0.07589588414877654,0.16356783901071806,0.11008337144004662,0.024603622901513855,0.01181504131977142,0.7499972116947164,0.9603984785564059,0.9320769134320712,0.6390980394530632,0.48938104451292813,0.009703717576339834,0.010546032020226494,0.008968011309441767,0.008865139418462578,0.01045019399503818,0.05344289723783732,0.06212333769438229,0.0443862581282462,0.0489485295118667,0.058190551946068744,25800
0.0008433413505554199,0.4732717990875244,0.1821849250793457,0.7076017379760742,0.33397506426305,0.416462279856205,0.7758372175566698,0.545789411025388,0.2854589795530663,0.09242765670969856,0.024679208351299175,0.010653933863145641,0.021623287796594063,0.05326927225813609,0.009762967975304727,252.17556344957268,207208,0.0762173817865551,0.16569616273045548,0.11205564882150103,0.024574523991239938,0.01270074404813536,0.747093744874001,0.962174870549364,0.9317791525806698,0.6490083581291589,0.4689577713084581,0.00948779855854809,0.010283866575225554,0.009654469023059522,0.008465344461822701,0.009686513838999381,0.06040332321543249,0.06195107970555172,0.060333801763683366,0.051641258183643575,0.06856420812145547,25900
0.03450033664703369,0.46519062042236325,0.17266791582107544,0.6895672941207885,0.29626558240781914,0.40748140439391156,0.7735539842396972,0.5431048131173426,0.2758655335890687,0.08704083757850896,0.02413052915595472,0.0113996699941102,0.022646266844642087,0.05695553025455065,0.00826818247810174,252.1810256739773,208008,0.0760235418379307,0.16597500947924945,0.11106743511849451,0.021168667223324,0.015073248298500439,0.7390427350997923,0.95937970529,0.9266778285970392,0.6206468615232338,0.48750777549273244,0.01021969771245494,0.011616378566638257,0.009804234046671424,0.010116981213219972,0.009466585956906456,0.05578518138732761,0.06564130241410257,0.05006542665519049,0.05691990391375664,0.051303231514439086,26000
0.0006559276580810547,0.47994289875030516,0.17268604755401612,0.7064678740501403,0.2872906587772285,0.40820097804069533,0.7682524175927193,0.5380813883759126,0.27906363065132006,0.08106216753077748,0.024357194956392044,0.010328248797888209,0.022061212031900528,0.052089204762411245,0.009227971538822554,252.18609235411344,208808,0.07457777101546527,0.1645437612539472,0.10999066395717753,0.024205355193111573,0.010674444423404657,0.7363495975732801,0.9626698057250219,0.9292081528239775,0.6410004852619854,0.4520381855134349,0.00917022495530546,0.010308392034696025,0.00894426511960072,0.008601305392298815,0.008858310542908022,0.05229606563341805,0.05781433724689913,0.05213421336456876,0.049510439777998204,0.05002013187906452,26100
0.033552048206329343,0.44683382034301755,0.17729999542236327,0.6757576847076416,0.31420386199414774,0.42857317700982095,0.7687895614743806,0.5490818805810879,0.28038976917561853,0.08640052788151602,0.02308153589256108,0.01023799428381117,0.021463612437520825,0.052656898572656964,0.008920026081374164,252.19212651106187,209608,0.08180886894464494,0.16485543045156825,0.11357550235783175,0.02381045170867643,0.017627914097716954,0.7546638554334635,0.9604599812756414,0.9314992134164017,0.6385379166332722,0.46434110249440697,0.011290953885763885,0.010820511933236156,0.010983197963455822,0.012826433002027038,0.01058264718314191,0.0698971067275852,0.06778952789353429,0.06224678138316389,0.08624893852231125,0.06387818995479148,26200
0.0006890296936035156,0.4865869975090027,0.17502075672149658,0.7152818155288696,0.2603507968545334,0.4315438191592693,0.7638064489552844,0.5529615552084787,0.2935173931903172,0.08661793026269651,0.02313727526925504,0.009825977506504097,0.02111305883154274,0.05582359787848793,0.008827243482479454,252.20071305087745,210408,0.07998497314751145,0.16270342691425702,0.11495299237115039,0.023925240751153206,0.010574764768392135,0.7580412021279335,0.9653975432902053,0.9328463322775706,0.6589326311887236,0.4700990970812592,0.009536974683869638,0.010693475898159173,0.009413912494533844,0.008808078828214683,0.009039575205522335,0.052335322054568645,0.06084688071962121,0.046678401586998805,0.04918388410717481,0.050656661417508804,26300
0.0006882953643798828,0.46080398082733154,0.2067454957962036,0.7199678945541382,0.24248872316207218,0.4235957585275174,0.7595159040754706,0.5505324783278441,0.2794048504858477,0.08751205803924483,0.023079277183860557,0.009825764403479247,0.02122222362360096,0.05101088442635246,0.008957253077288008,252.20880708188574,211208,0.07931806012988096,0.16458959284409944,0.11399670336030274,0.023701261010066404,0.011883441010171452,0.7592631644010545,0.9588483586833249,0.9335654973983762,0.6432085572219474,0.48619416356086725,0.009479867983609445,0.010483853238639408,0.009380387902424177,0.008681923307751012,0.009385507767039699,0.050591547880321754,0.054071166552603266,0.048319829223841836,0.051393780060021654,0.048484019753768245,26400
0.0308341383934021,0.4677804207801819,0.16932064056396484,0.6922552919387818,0.2347322933154695,0.43900252670049644,0.7668103312994063,0.5473325052471072,0.2908727184722298,0.08696942002884032,0.022317576194182048,0.009466593957095624,0.021083125835974464,0.05088210016194928,0.008934729987668897,252.21599353169435,212008,0.0827388718537986,0.16461884120911782,0.11204691638273219,0.026688713894078602,0.011931872468624937,0.7701766359806057,0.9612996307029533,0.9363069147975358,0.6568122866906617,0.47142325789550604,0.009661538465879856,0.010838460073457658,0.009672114509157828,0.008589497544361575,0.009405106173757003,0.05276724314782766,0.05928599869311562,0.04952566849533472,0.04940559728757331,0.05256743669062039,26500
0.0006726455688476563,0.4823625206947327,0.17509545803070067,0.7123734951019287,0.34096391428014006,0.42346678957343137,0.7652107029396867,0.5450926940230754,0.2936158743486449,0.08138051223205892,0.024051982304081326,0.009937791405529318,0.022117356454734394,0.05208579246311238,0.009926156415971684,252.22249636210452,212808,0.07812611065804953,0.16377720372930998,0.11122708252685913,0.026929932395798387,0.0100952540879677,0.7530260506272317,0.9627600823562158,0.9321722814849777,0.6672366349891037,0.43758686749558706,0.00918333577457816,0.010480966371706297,0.008949704306181888,0.008589236346478965,0.008742253524006201,0.06319048210978509,0.06668622438620951,0.054357679880352,0.06277592271637696,0.06950560494963275,26600
0.028575491905212403,0.47050612449645995,0.16380954265594483,0.688605592250824,0.32740079334104033,0.4067313027381897,0.7657242911992616,0.5484092926277839,0.29290054391050585,0.08585974271518516,0.02405798154883087,0.010537456956898474,0.021325022247893836,0.05080051707613357,0.010555631764224365,252.2301940870644,213608,0.07483493089675895,0.16540253116297965,0.11345978444989986,0.026609921084524802,0.0120078776875607,0.7333976835012438,0.9575364472939795,0.9327488394344554,0.6639616895684208,0.4428418594906585,0.009524186477065088,0.010585246105995209,0.008991529033793246,0.00945119758349563,0.00905931662077285,0.05407578398939222,0.06090487188602,0.045672255102545016,0.05706938927692486,0.05142875525558221,26700
0.0006732511520385743,0.48383824110031126,0.1649083685874939,0.7040528750419617,0.2750595814063894,0.43705999106168747,0.7586145001813909,0.5516565992718646,0.2945929369223967,0.09279672406139029,0.020752353435382242,0.00978799937122049,0.02173154086229347,0.04809843428942946,0.008940874496200941,252.23636898162943,214408,0.08327360775321718,0.16353005751830735,0.1149908044508525,0.026773743472793793,0.011388606030046568,0.7723157036304475,0.9605172828796805,0.9281440729186645,0.6803802021202597,0.4864983675526637,0.009589579773601144,0.010897673711334484,0.009298178519211001,0.009072448472059996,0.008917559399360822,0.048922446268843525,0.054933007236745324,0.04419302117755816,0.047792111985645966,0.04829878517935586,26800
0.030907537937164307,0.4598089623451233,0.1690455961227417,0.6824441146850586,0.311947778525453,0.4264001770317555,0.7734748308475207,0.5500975483879053,0.2895654815726162,0.09004105735570195,0.023677475694566977,0.010067305562328195,0.021332594884788614,0.05366054597060862,0.009291868830914611,252.24503077013293,215208,0.07913655912503596,0.16511172443055203,0.11251767145041482,0.028307076227828475,0.01061126669635995,0.7531886458396908,0.9613701523496552,0.936849846559413,0.6509833373674544,0.4697170808911322,0.01005834903102368,0.011354048852808768,0.010142624365753517,0.009722164602632205,0.008976612817496052,0.058630053598899404,0.06774501519416487,0.05528781217906403,0.05675124412788668,0.0542012689751573,26900
0.0007525348663330078,0.475110809803009,0.19019819736480714,0.7207235312461853,0.31818640049009506,0.43005498722195634,0.7721193468847943,0.5485769548113382,0.28755302790237325,0.08491861330201983,0.0224389966018498,0.010369962973650108,0.02188643073002812,0.049189849872494223,0.008707486620196733,252.25461707774764,216008,0.07940480230376121,0.16423416636710925,0.11254467673244942,0.024874047217519943,0.00996342735269513,0.7612862765789032,0.9632155651269957,0.932118646997623,0.6712532944940215,0.4658735339458172,0.009324973882175984,0.010433519497340506,0.009538538778624525,0.008355082591893662,0.008895471711189318,0.06304489320609714,0.08182534215062158,0.054763952095219254,0.05045908450181434,0.06333745164939987,27000
0.03158952236175537,0.4587441539764404,0.1661803102493286,0.6831666111946106,0.24798098257274934,0.41475479826331146,0.7731677700021412,0.5475370180949071,0.2925143485817195,0.08886561489791849,0.023803196144290266,0.01111162429761308,0.02098039457681433,0.05287385176276214,0.00819074716841273,252.26127588635612,216808,0.07565914526581763,0.16567075052740857,0.11301637833055701,0.02424835852602533,0.010824364635125535,0.7553401237726216,0.9603402541336403,0.9347625052529662,0.6611886210739616,0.48764017691799244,0.008921976522542533,0.010367977011470153,0.008717268961593165,0.008088691410823513,0.008712530914493201,0.05085194414947181,0.06440442340843917,0.0459859447406703,0.04474271140777719,0.050174593656123014,27100
0.0006543469429016114,0.46431589365005493,0.1893911099433899,0.7077853441238403,0.31921968502512577,0.42002021908760073,0.7706017610503406,0.5564311600468134,0.29653468400966837,0.08588894429388189,0.023028899119235575,0.010702437687120063,0.020702858424086257,0.05231030347143731,0.00858678527007249,252.2703218069091,217608,0.07941896602511403,0.16525685569135143,0.11559800301375021,0.02651591232705226,0.017194862422568485,0.749364069700241,0.9596018043960016,0.9362557898746444,0.6686381148128976,0.46721007801451797,0.011100339265540242,0.011700170316801567,0.011264833875439972,0.010171721155596213,0.011280156748878932,0.06820835713064295,0.07469507520223354,0.06575994325011672,0.06258495278179459,0.06942929277956521,27200
0.0006325006484985352,0.4564217948913574,0.1759112524986267,0.6856974124908447,0.28754041966952487,0.41203194260597215,0.7696003417174022,0.53636552487549,0.29213110184619195,0.08200731604574205,0.025068102823570387,0.010329954038869828,0.022819484633050457,0.05099121146768581,0.009157709302355784,252.276469347592,218408,0.07466995343565938,0.1652762571009257,0.10893434315527745,0.02639714159260069,0.010914069235593796,0.7458202970027924,0.9597582381258731,0.9254877156332917,0.6650132323116189,0.45288985617020544,0.008931489391252396,0.009860812623794844,0.009181703149193995,0.008247922742464244,0.008619246399279102,0.05008564814925195,0.05669962229727896,0.0436441721345641,0.048547375353862735,0.0520014337308824,27300
0.029112484455108643,0.4698902988433838,0.19943516492843627,0.7224168252944946,0.3130532332103688,0.42396266937255855,0.7639308876247812,0.5520671387051428,0.2980421823091234,0.08582085005314878,0.02326449772343039,0.010512266492080547,0.021129668023177353,0.049250789895617916,0.00978677338891277,252.28284507079886,219208,0.07809057177975776,0.1634658459694153,0.11441010209017022,0.02666210365938381,0.010072880628133562,0.7609268236160278,0.9632743834167392,0.9350615268529845,0.6864344337238707,0.44898342680556613,0.008965571965090928,0.010104253945711957,0.008901927780446612,0.008488888404547028,0.008447450666117877,0.06102547945920381,0.07231551728221365,0.04980483396888471,0.06301946819383791,0.06049009772378424,27400
0.0008137655258178711,0.4772148895263672,0.1784106683731079,0.7115402007102967,0.25580837403630685,0.4184757205843926,0.7663046934665779,0.5490116881583024,0.29429172634385375,0.08182327728245778,0.023821260281838487,0.01005746115548298,0.020972035497118145,0.05243913294574203,0.009003993656207356,252.28887050568204,220008,0.07717844473198053,0.16547838319570585,0.1122757253174337,0.026216341121945257,0.011008844521194517,0.7482181331515311,0.9574566981731316,0.9393757575534165,0.6672782515370574,0.4421629539601087,0.009234714002814153,0.01058733966440344,0.009085758890802233,0.008720147236098739,0.008603334243688258,0.05066386597231032,0.06100921721603622,0.048376255673525256,0.04713282149804889,0.0465183830134533,27500
0.03515730142593384,0.4524393630027771,0.17446239948272704,0.6786354517936707,0.3280466288967409,0.43025142431259156,0.7682081334016937,0.5490293885751442,0.2861479130087856,0.08647514459869218,0.023578081363812082,0.010041098573883247,0.02140668319708478,0.05170734826938814,0.010079941956237667,252.29594211648623,220808,0.07961384948343042,0.16510675378419704,0.11314579351775114,0.02410164663042322,0.010294493566212983,0.754536670744419,0.9610961457645453,0.9332668390325318,0.653896232541098,0.453865723950522,0.009419265056494625,0.010543983015749197,0.009380755131132906,0.008505023413217455,0.009182758550479933,0.05235224583651872,0.05481148841661502,0.049122287759116715,0.04785924815710938,0.05768881895870125,27600
0.0006800317764282227,0.4748285365104675,0.18696145057678223,0.716274094581604,0.3161888728438053,0.4187861280143259,0.7814149869182127,0.5479197862602416,0.28782736510038376,0.08528999646714591,0.023787680724635708,0.010460148774895556,0.02176295449469416,0.0562208883781382,0.008983233804211121,252.30370487503137,221608,0.0780466241016984,0.1664412773002393,0.11287527997933686,0.026832572838410434,0.010476831667029032,0.7422120213508605,0.9623853580030812,0.9304933425926025,0.6341048494932497,0.4566359917322795,0.009812912726774814,0.010752133441172419,0.00947143290790596,0.009693503940844544,0.009421583612672464,0.05714237728621809,0.06224855306316856,0.05363445730791207,0.059987657198167246,0.05355873104281061,27700
0.038642327785491946,0.4568516945838928,0.1685097908973694,0.6778497719764709,0.29197921874414456,0.4166703575849534,0.7644262567002288,0.549160196621846,0.2862522222022427,0.08693695123614882,0.024089945005252963,0.010288332163366266,0.021272874226973895,0.057326088746157564,0.009400995016548092,252.31484904690728,222408,0.07797436833381648,0.1644568255030981,0.11333367008767371,0.026019642267009604,0.01103074409977787,0.7475152236223221,0.9613745558646416,0.9327973896457304,0.6369876275037193,0.4642382931481138,0.009885231852531429,0.010710663377477595,0.009774427408189405,0.009592058625012794,0.009529398682941666,0.054217194952070676,0.05909307004122806,0.05212557882774397,0.05456475457275644,0.05173694004157656,27800
0.0007158493995666503,0.4736653470993042,0.1849334168434143,0.7122631597518921,0.2927253928129175,0.4188545666635034,0.7746734879118327,0.5432504885368517,0.28788437078285467,0.08204799585079696,0.022231986643746496,0.009818329589758461,0.021742904388874378,0.05162191807745057,0.008874385218219875,252.32563147235646,223208,0.07759591054171314,0.16454018414654623,0.11066820239228706,0.02584054521623188,0.009238746750468653,0.753675996661186,0.9638518659358329,0.934272688519848,0.6653333273013882,0.45134334343869553,0.009059956897981471,0.01013544483229201,0.008864699317528339,0.008650176479434345,0.008654772756418206,0.055915251672267914,0.06825999550253874,0.04664575047832952,0.05548525004330294,0.05503367686917858,27900
0.031491825580596926,0.45470303535461426,0.17036969423294068,0.6782199430465699,0.2738682174922451,0.415147350281477,0.7629249971269981,0.5448982844526846,0.2856742052726768,0.08492526525034771,0.024841102771461007,0.010203659272941666,0.02136757232123212,0.05750212796549333,0.009414331061263714,252.33502390632654,224008,0.0755739558488131,0.16431987458381103,0.11207676599367283,0.02168380013671505,0.009530932255410273,0.7378943476080897,0.9606156821412166,0.9333342183172032,0.6418942395579871,0.44261478972666446,0.008927693185396495,0.010385748194665582,0.008637918127972762,0.008367688281452679,0.008281108710770183,0.05116709277033804,0.05926570878476623,0.048668548543257334,0.04883277597146456,0.0475564110635337,28000
0.0006791019439697266,0.4909031772613525,0.1639747428894043,0.7069567465782165,0.2676233229127828,0.41128305152058603,0.769553711960436,0.5485492789862197,0.281241762502627,0.08882784544665188,0.025608160113915802,0.009715649645317707,0.021077513635414196,0.05635414173487912,0.010404583217982709,252.3440311110756,224808,0.07430933002382518,0.16603515226414756,0.11295861615708061,0.022128699237311457,0.009214722315029143,0.7392924398183822,0.9586292152298225,0.9355053872454399,0.6332770285281271,0.45520444902671753,0.008631775192916398,0.009876537722061964,0.008485244518584192,0.008142653198658744,0.008198712266943778,0.04763195474632087,0.052585881968242175,0.04468404132343248,0.04677846503698012,0.04713646795241364,28100
0.0308943510055542,0.46296297073364256,0.16542195320129394,0.677542335987091,0.3487631546260616,0.4411424095928669,0.771745425249849,0.5558919002468455,0.27724898201709525,0.08678190997440591,0.022993407836183886,0.010056760179785285,0.021286593952580646,0.0569577336962728,0.009602035575175702,252.34916856992606,225608,0.0829790469910949,0.1656116009689867,0.11509371750452665,0.02080294930758331,0.009504739576427989,0.7616205948591235,0.9605229081852096,0.9349485641516349,0.6263336887249372,0.4706595013944469,0.009684443699661646,0.010920381140229968,0.009675165967889816,0.008506276033754128,0.009321655485332397,0.06038732254412023,0.06961004139780667,0.04864491591149051,0.04904578631000884,0.07225913335141558,28200
0.0006349730491638184,0.46702166557312014,0.17532479763031006,0.6939578819274902,0.26642610187499055,0.4346912914514546,0.770756107214924,0.5518782785598272,0.28386485865384226,0.08628573016587485,0.024087855685502292,0.009545727727560481,0.021310766534681683,0.05423141649643484,0.009994456357874342,252.3555717281611,226408,0.08055027421563861,0.16499710593321537,0.1145997914148772,0.023955535808685098,0.009534703238624265,0.7490412598848347,0.9623388356814098,0.9327696694972661,0.6353057083901037,0.43663703455873165,0.009354777452535925,0.010439982486795205,0.009293182381488227,0.008719442084734652,0.008847739749952507,0.05760631190612912,0.06341636432632454,0.05648446804348459,0.05501914138428897,0.05477600649971031,28300
0.00071730375289917,0.46133124113082885,0.1758238697052002,0.6906828260421753,0.2813984417082272,0.4367789287865164,0.7667258166371373,0.5546664633774415,0.2865976299902403,0.0901447461357199,0.023073788601905107,0.009671437478637393,0.021247797911720642,0.0528668219298877,0.00869936003507445,252.3672549383446,227208,0.08249327853322029,0.16438878729869505,0.11578641373095257,0.026045746806152906,0.012462962888211259,0.7644999888539314,0.9619800563149622,0.931697605572311,0.6461928267069542,0.4818142277579154,0.010258009242825205,0.010777671200533695,0.010260299891875727,0.009856103101011475,0.010088248045674411,0.054170894688577415,0.055941130317465615,0.054821482791308426,0.05530584485809822,0.05022546615431548,28400
0.029494051933288575,0.48395824909210206,0.16994858741760255,0.7074381017684936,0.28553187957897314,0.4304283156991005,0.765283165706529,0.549965625903646,0.2870131835608735,0.08086425368412486,0.02509397871326654,0.010265481642111092,0.020732553797911425,0.055130248175173834,0.009942338225075948,252.37422198739446,228008,0.07889058649539944,0.16477510477933605,0.11357200573213765,0.023516977359352813,0.00838811185571961,0.7500669437646865,0.9606435779068203,0.9379955513881204,0.6507947784368228,0.4256973008761245,0.00901072517037391,0.010106418794883344,0.008855849117692044,0.008364977409035773,0.008649344527256794,0.0494698189641349,0.05527356218037847,0.04593048200693204,0.04723238277002637,0.04886891109753779,28500
0.0006800556182861328,0.4717813014984131,0.181285719871521,0.7063055634498596,0.2915294514118322,0.43094760864973064,0.7680799592943758,0.5492466941822407,0.29627525214638056,0.08802700962292621,0.02226434953045101,0.010508577399270833,0.020873982571931786,0.05334966729262045,0.008949669496748532,252.3797926384767,228808,0.08096117386594416,0.16546045075736793,0.11262048801710443,0.026988331873768142,0.010090505699197611,0.7676438343524931,0.9581858796231888,0.9391847649285956,0.6614320455278668,0.49014473482243087,0.009336928171105681,0.010788276850921557,0.009085071121537393,0.008524428172303098,0.00885276134957749,0.050983884460292776,0.0617496892718562,0.04754178357462205,0.046989999400185646,0.047307949481550045,28600
0.03664690494537354,0.43090599060058593,0.20200958728790283,0.6852246499061585,0.265722777323316,0.43054221600294107,0.7705403803592891,0.5451787600239497,0.2881703666476318,0.08590845084550336,0.02483887679874897,0.009608659606000675,0.021490712464759948,0.05541773897833952,0.008976743059504907,252.38952435204757,229608,0.07910373389720919,0.16478054173550202,0.11186849669490051,0.023961472086781694,0.011041972459178798,0.762683553695678,0.9627006771552619,0.9326598612428871,0.6490322379178776,0.47738282633631435,0.009209621641784902,0.010262899193449396,0.009145157366484708,0.008470026912644158,0.00898818186421492,0.049816993419080975,0.05836133741361285,0.04681847578601784,0.04601531098488456,0.04823071933403774,28700
0.0006217598915100097,0.4766243886947632,0.1796174907684326,0.708833453655243,0.2473922148503434,0.41475906699895876,0.7674064786747244,0.5467697424102201,0.2867158956504895,0.0767531117866978,0.02299751673825084,0.009420787475796208,0.021922586719793198,0.04933499492277084,0.010071631073190987,252.39952979656238,230408,0.076576181370765,0.16469060682287107,0.11270173280182928,0.025054206251741616,0.00935566710829181,0.7361932015419007,0.9629301720797412,0.9278220209775793,0.6651280513790805,0.4062802818151984,0.008902470064349464,0.010026677288209098,0.008863966621907117,0.0083943434164338,0.008362666087105192,0.05060405509546399,0.0567730546580872,0.048639566505922695,0.047101148689370695,0.05003901968000108,28800
0.04036072015762329,0.43608190298080446,0.1797029972076416,0.6672794508934021,0.278954909039227,0.4214494304358956,0.7784565208440136,0.5465579853521136,0.2917000878565379,0.08322897519747816,0.023568876218050726,0.011241534136562665,0.021358395891343526,0.052539312631113125,0.00815140622043187,252.40679972058973,231208,0.07738141210749748,0.1644923147210415,0.11195587991820691,0.02575936938732822,0.010826589642607385,0.7539261454343793,0.9651618320891197,0.9349162281971976,0.6573414820255614,0.46050347035853706,0.00910996061284095,0.010101718208851647,0.008986414957491426,0.008370053947506721,0.00905508047025931,0.05256315755192191,0.06058949248201429,0.04620276238345569,0.04961814181786952,0.05471383891859323,28900
0.0006741523742675781,0.45748546838760373,0.19942054986953736,0.7101646161079407,0.2657214623450206,0.42044723764061925,0.7700894339374764,0.5551520186360535,0.2794030747391328,0.08741315579320791,0.022234949143603442,0.010101418735252487,0.021093249960463453,0.0512020621164876,0.00834188474328729,252.41634624689542,232008,0.07878686714917418,0.165130328643259,0.11470885128469513,0.025536944818269597,0.010399189287265714,0.7536461579799654,0.9610708232909914,0.9356571229921504,0.6460494583940759,0.47065554696004747,0.009807581263594333,0.010472213726234489,0.00963197583504331,0.009497923774017212,0.009664570602277909,0.05522621999029072,0.05865109089771824,0.0521266391470788,0.0530629079505044,0.05730277937634485,29000
0.03408360481262207,0.4575386357307434,0.17235480785369872,0.6851803874969482,0.381998707036157,0.41492438837885853,0.7802647635898485,0.5556227091577024,0.29258509846773406,0.09063651427334432,0.023077599778771392,0.009589013960436594,0.020717948424414944,0.04876908780760769,0.008959238614325469,252.42402398104264,232808,0.07626047721132638,0.16558338932812539,0.11618596159822334,0.0270044543269595,0.013570745728964755,0.7518484342098238,0.9629646730932957,0.9326551690861419,0.6744141775605955,0.48318183422088656,0.009819775391370055,0.010956794982228214,0.009591468612428065,0.009129466743327439,0.009749330456971246,0.07067656365077711,0.07839677428308732,0.07032062915367443,0.06695229745119205,0.06806141226615188,29100
0.000739285945892334,0.4889707040786743,0.17783713102340698,0.7202504515647888,0.26561055693602825,0.43221355140209206,0.7681170152414828,0.5460832388628094,0.2876197197680989,0.0880252517563732,0.0236255188845098,0.009988337131473447,0.021889985612933614,0.05430529906593374,0.008219866593074256,252.4317697902412,233608,0.08028091710060836,0.16477463449086624,0.11274386548176014,0.024870654168937915,0.010244894622040816,0.7577527910470959,0.9603210050578507,0.9293821690574524,0.6514350839436349,0.4681984226954609,0.009360211701132352,0.010296916962951569,0.00919815001605206,0.00874998750798221,0.009098650767516935,0.05242316757794468,0.06177982712301231,0.045341857694207635,0.04938283250231319,0.05198002972296977,29200
0.0006827044486999511,0.44687623262405396,0.1926233196258545,0.6964022707939148,0.2841863508835582,0.4305254133045674,0.7641077724533464,0.5511287497085269,0.29868621822624,0.08706085301331568,0.022696303268894543,0.011355782075125219,0.021264980108594723,0.04693178503907149,0.008978276569522105,252.44211067920997,234408,0.08015554644167416,0.1641015539217234,0.11428593363142713,0.02771957198690089,0.011374138368646043,0.7706884449720385,0.9602496782738953,0.9343695559547945,0.6901050584656842,0.4759939393481692,0.00920602796599269,0.010448948702489464,0.008980227085011241,0.008511097844512679,0.008909320292641994,0.04758156289346514,0.05536945427220366,0.044942732615559124,0.044849214853630165,0.0452442750083031,29300
0.03401446342468262,0.4796776413917542,0.17442556619644164,0.7112614703178406,0.31039574747912213,0.41063977316021905,0.7662807486274026,0.5452269259376903,0.2838386026433278,0.09167675147222913,0.02321534269489347,0.010474539885451807,0.021977568151827772,0.05107259427003445,0.00992903656997652,252.4527974158206,235208,0.07587220989167685,0.16520755463105474,0.1117475217032195,0.02430194985655699,0.011884740309053387,0.7477488335967064,0.9589008497681846,0.9306669235229492,0.653997007360314,0.4789913790170535,0.009226197551470255,0.010613857736103832,0.009203365396949178,0.008417793605145697,0.008781324928019986,0.04811705988831819,0.05544987042001226,0.04269570123812008,0.046091995641664746,0.04866308396205658,29400
0.0006924128532409668,0.458041627407074,0.16186636447906494,0.6784891247749328,0.2818087858544319,0.41599755838513397,0.7709437136320365,0.5529014257152688,0.276780547332887,0.08993134156224278,0.02382917154580356,0.01053792049927499,0.020789777111422523,0.055987542794312846,0.009197852685714937,252.4594138081625,236008,0.07693254912272093,0.16496269404888164,0.11434439395032997,0.02248832627580806,0.010927750818830516,0.7463542750477784,0.9611687355853143,0.9377399839852985,0.6272547068991189,0.4730279936676933,0.009147733743302529,0.010368835156228629,0.009480027495281835,0.008360965228084608,0.008446923570175256,0.0491816179151647,0.05692533215388969,0.045621402901441364,0.04733805990792389,0.047486729136047234,29500
0.04470701456069946,0.44762635707855225,0.16454736948013304,0.6662854218482971,0.3400763213022492,0.42744155377149573,0.7588201874240317,0.5545162746780798,0.28485592404281485,0.0912443488681068,0.02306103502400222,0.010215266603287927,0.020920543306458175,0.0513790677288088,0.008765814278982969,252.46655649633388,236808,0.07993431942537431,0.16379308954799335,0.11492339078533023,0.025816668067937316,0.011498015751082372,0.7623034459352491,0.9591881471787584,0.9348024500043766,0.6483494812163748,0.4980898372208084,0.009461166239343576,0.01055185454875513,0.009345101739132874,0.008815920655278205,0.009073056122967197,0.05568671187851576,0.05966544619284711,0.05668410286797509,0.05728304918499996,0.04860619598912307,29600
0.0006839442253112793,0.46539161682128904,0.17669035196304322,0.7004153466224671,0.2990783521358177,0.42320215612649914,0.7608852572219312,0.5552725118559757,0.2746367923062831,0.08564817230568161,0.023299003010615712,0.01015628317457645,0.021380927592415246,0.05354184985151561,0.00873476372219754,252.47569295465115,237608,0.0797735691070557,0.16362511169078733,0.11544341420805136,0.02191450457501026,0.014460345528944936,0.7484153026342394,0.9601119307584544,0.9329701517079316,0.625495316673867,0.47228211913276574,0.010466979942284524,0.01154425900299535,0.009881654084735613,0.009397020688586269,0.010927945246742147,0.05958255764096985,0.06913122377943157,0.0530445096460549,0.05338171092024191,0.061607411159342804,29700
0.03183586120605469,0.46020318508148195,0.164803946018219,0.6797774410247803,0.3098233549715345,0.4328732660412785,0.7668725056348791,0.551794160831542,0.28863200102932773,0.08514075563411122,0.02142138881608844,0.01016911703380104,0.021113336312451533,0.046802819172929375,0.008440638193860655,252.48710491384148,238408,0.08246031954884528,0.16471690983300047,0.11342801054318744,0.026546765559032803,0.015471172697003448,0.7668462246656415,0.9610004537347433,0.9363005845319659,0.6717844217394787,0.4656762025119126,0.010836376082152127,0.011837899066273862,0.011285976329374885,0.009094246316332528,0.011007881869625364,0.0639171376358718,0.06329928435259254,0.06705564864068508,0.054282398380261505,0.07082121227307156,29800
0.0005963397026062012,0.47034980297088624,0.18426162719726563,0.7086323690414429,0.2698067014956189,0.4321209327876567,0.7709864282182286,0.5454170122261974,0.2846422505363358,0.08330420944459585,0.023589808652177448,0.010196366887872253,0.021568908836812745,0.05589423840385429,0.008839598998227822,252.49676037793057,239208,0.08075826583430175,0.1647574956794935,0.11140608282819871,0.025159602402709414,0.010706324885808388,0.7528282934427264,0.96135331504047,0.934104628460381,0.6322175691422732,0.4618664383888243,0.009616645360365514,0.010603752637897356,0.00929223873993,0.008812997427759404,0.009591825463219865,0.056782182501628954,0.06536291511396751,0.05175590826578999,0.05396037201694758,0.05453847911760055,29900
0.02991673946380615,0.4396597766876221,0.18165478229522705,0.6756682324409485,0.24440248094890302,0.4163900323212148,0.7706984298569826,0.5505416369970945,0.28577969014329274,0.0842614479631454,0.023437408660538495,0.009824670120031525,0.021451362845742835,0.055990347961486185,0.010201696094612144,252.5039034592805,240008,0.0771421617548913,0.16603457019442597,0.11420983854452323,0.022465101018222793,0.009716236256985917,0.7346940559148782,0.9592538703055606,0.9301115114595633,0.6461944195328567,0.4400505630282664,0.00939395576016977,0.010978394174682231,0.009487972636420977,0.008552032563510151,0.008536128716350337,0.05136223863810301,0.05848014427881154,0.045297313106959045,0.05143702480567511,0.04945560305186349,30000
0.000771784782409668,0.4769152188301086,0.18033383369445802,0.7090345764160156,0.3018888494016486,0.4086230741441249,0.7636403612188393,0.5512140114883801,0.2932231657530945,0.08799366100594908,0.026063587446697057,0.010519532326961286,0.02168689508523258,0.05718581829948919,0.008891641488642854,252.51037977188855,240808,0.07379260851070286,0.16419542826510766,0.11453630042436361,0.02405594119538918,0.011228863148734414,0.740380107164383,0.9612258347305088,0.9297422936984474,0.648808475680973,0.47309485268710305,0.008862152728252111,0.010058527223363112,0.008719683448262091,0.007975138661087195,0.008904583086924888,0.05046090932097285,0.058976266920767954,0.046941159825239845,0.04531648345291616,0.05168490538951653,30100
0.038672804832458496,0.46271350622177126,0.16362947463989258,0.678762652873993,0.2799579739213944,0.4095880742371084,0.7626393230337849,0.558528352963743,0.27186013932400077,0.08535384080144315,0.0246620719972998,0.010185238878291696,0.020222566291444033,0.05962024318443529,0.008617677790648747,252.51796725334617,241608,0.075563950855285,0.163410226843859,0.11669636725774274,0.02119523433236342,0.010159392108073232,0.7388547092676165,0.962271465439545,0.9378042036506736,0.6020515596688677,0.4834547197481372,0.009003669295925646,0.010691309671260802,0.00875614038881312,0.008164681732858453,0.008516631671227504,0.05070030006580057,0.06094500951861082,0.04608329754266042,0.04599658772812703,0.050268700447390374,30200
0.0006183528900146484,0.47071895360946653,0.17586950302124024,0.7011075687408447,0.26767655250453465,0.435841100215912,0.772079184294888,0.5444084694173841,0.2855868517970426,0.0830520984440387,0.024674688619561496,0.01009468462665757,0.02153869643676851,0.05920707545219316,0.008106049209075802,252.52404667278196,242408,0.08054772324860102,0.16662254131011422,0.11096533788281059,0.022059125167866955,0.008604153487984868,0.757359982132912,0.9570733345866771,0.9339919090271,0.6343120941748991,0.4521677585748525,0.009077541707083584,0.01037698690712666,0.009052010059408918,0.008441051728545857,0.008297295946689261,0.05033140628715046,0.05908358485034651,0.04930441314572139,0.042899322817221475,0.049451337546458154,30300
0.0007467055320739746,0.46559070110321044,0.1671440601348877,0.6844525218009949,0.2709077964884167,0.41575785413384436,0.7630483120987095,0.5521008820105822,0.28058868744105914,0.0856307561551859,0.022840538388118153,0.009729672604979764,0.02060960458161737,0.049405686505069255,0.009102459580916428,252.5353801175228,243208,0.07635067045688627,0.16371991431590205,0.1138259832102519,0.024658827114388972,0.009369630688035544,0.7456177306175231,0.9617948999109956,0.9383164335519828,0.6527283431213587,0.442895456619069,0.009000745350494981,0.010324162402257475,0.009010079720367997,0.00806700944395683,0.008702554354718348,0.04817894789390269,0.052290589279812026,0.048920214926012034,0.04320626242399627,0.04879797931741637,30400
0.03341839075088501,0.46559529066085814,0.18601115942001342,0.7051137232780457,0.29918920078642663,0.4308491072058679,0.771654066638412,0.5482318528617416,0.29112224545829085,0.08903542057611048,0.021346690738573672,0.009605994659680532,0.021382641110297602,0.047113710498322074,0.00888071396388115,252.54697550468794,244008,0.0802444651629776,0.16492283664574117,0.11288080174320685,0.026718978824084336,0.010227446674834934,0.7666260418295859,0.9629967758588704,0.934715292726954,0.6832950373285817,0.4759747350215913,0.00937857704702765,0.010501961299940675,0.009485670392071677,0.00859223194564357,0.008836501033511015,0.06263401207514112,0.06737126024422518,0.06421948858769601,0.06379279092952764,0.054919083593413215,30500
0.0006355547904968262,0.46005011081695557,0.17717767715454102,0.6905906748771667,0.23653981759136336,0.42353517845273014,0.7756350043416026,0.5412511928957333,0.2905824252506767,0.08658554542523171,0.02429720773361623,0.009891932045575239,0.021850835180328217,0.05465420663722181,0.008994291820682782,252.55451962940646,244808,0.07706224251538517,0.16506215378642086,0.11002354156606055,0.02407856480860147,0.010463226711950623,0.7544850444793699,0.9640054816007615,0.9337798633745737,0.658681236670918,0.46206002113146655,0.0091654514009133,0.010456360327079885,0.008839365425139509,0.008473929786457546,0.008910369777526616,0.05463881531497465,0.0639302911411505,0.04846945548743694,0.05301174875259683,0.053053975686765266,30600
0.031092925071716307,0.45246708154678345,0.20424771308898926,0.7086811470985412,0.2862388340668283,0.4101495806872845,0.7756985735248882,0.5596073631729397,0.2930747376874497,0.08779812236857969,0.024261266393586996,0.009912044690871551,0.020307837540263322,0.05565569512204294,0.008122404234288895,252.56091995389545,245608,0.07556963902898126,0.16545284793183623,0.11633802563525163,0.02514851358804611,0.014842038446235967,0.7443585079908369,0.9628244528899326,0.9380182921886451,0.6514853075009962,0.48661003556362403,0.010111285466700792,0.01122363286495612,0.010464613548490223,0.008804893960595262,0.010179673228412874,0.05568344881525263,0.06195788032979367,0.054407076449593916,0.049898927794222565,0.057230218689412304,30700
0.0008172941207885742,0.45339816331863403,0.1690232539176941,0.6748722958564758,0.33487854308899895,0.44194696560502056,0.7687593804341613,0.5557977742210944,0.29347031508621424,0.08654256969488955,0.02344500510953367,0.010590266776336444,0.020471930746607005,0.05431303687295631,0.010003419956695792,252.57027224544169,246408,0.08305386159569023,0.164322125925639,0.11515397476076522,0.02750396609649454,0.009486012342008387,0.7639754271507261,0.9622508518606702,0.9375683077703713,0.6598273835684122,0.4435921433809641,0.010068431622348717,0.011191893155712665,0.010156504238262701,0.009387272662532179,0.00936797817514555,0.06003861485980454,0.0674819080159068,0.060159826015620976,0.058268595996655875,0.053108146182588634,30800
0.02918170690536499,0.4562902569770813,0.19571714162826537,0.7049665665626526,0.3176077107002356,0.444319570958614,0.7665794683763616,0.5465331930584376,0.2873903653286037,0.08593006993163817,0.023475145511329166,0.009593320605255525,0.021020107975022666,0.05124273899834132,0.009311658983922892,252.58123639745602,247208,0.08354508174583318,0.16406977563523303,0.11201563295390868,0.025926741530657608,0.013447985322046913,0.778070846796036,0.9635588953701346,0.9382254656155898,0.657665781893777,0.4686741999217444,0.009590303730219603,0.010897823172854251,0.00958538059766093,0.008573204278945925,0.009209348125996428,0.04667234649881719,0.05302466065488542,0.04317447114735843,0.046288499470745904,0.043845098656573295,30900
0.0007170963287353515,0.47618907928466797,0.1724093747138977,0.7029676389694214,0.24702804443376158,0.4097177895903589,0.7640752405396307,0.5516891972203951,0.28307344590752853,0.08026052337603362,0.023330753380432723,0.010049230952415587,0.021678421821857086,0.05575607800035895,0.007697099535983524,252.58856617347826,248008,0.07579118322581054,0.163461961827353,0.11450605448241813,0.02330067781659102,0.009806341042609074,0.7385420346260071,0.9630539211303153,0.9302864637806187,0.6381842351948045,0.45434914783398694,0.008907983640674506,0.010265719048015749,0.008680909739844679,0.008086856844270416,0.008651475415646634,0.059218732831068335,0.07075763834854933,0.05247269720353898,0.049627235238898774,0.0637795124224426,31000
0.029862961769104003,0.4566817760467529,0.1697581124305725,0.6778698897361756,0.3158800244379153,0.42131054043769844,0.7731547823006457,0.559242169671463,0.29788516849413055,0.08457913844989094,0.024723038794472813,0.00956489745625401,0.019906125492679897,0.053992127237482285,0.00970722796831517,252.59450607556803,248808,0.07722341660410163,0.16387495500120242,0.11658174340736187,0.025735190483812447,0.013134728358299647,0.7528555765748022,0.9657909595830875,0.9405351686027812,0.6720034504150599,0.439444593651585,0.009566118987277153,0.010702914023898879,0.009619090589694679,0.009076619027975952,0.009025656472812728,0.05825267822016031,0.06717807006366051,0.05216376025906219,0.05938889716872985,0.055430481488762236,31100
0.0007068729400634766,0.4840061187744141,0.16731125831604005,0.7043532752990722,0.28437840178199053,0.4223544014990332,0.7645171405700252,0.5508386924646902,0.28592945232686384,0.08402022983728342,0.02410625096410511,0.009637724085791327,0.020722668869915823,0.05731588299621384,0.008829454085295738,252.60064577535206,249608,0.07888170465826985,0.16457573706426018,0.11400469468123677,0.023227516452386764,0.012555169151517364,0.7494611617922781,0.9609696075395883,0.9369766378172358,0.640701984817331,0.4517412044183174,0.00988000920508056,0.010642821763448296,0.009487581497805122,0.009284742644545856,0.010126581126259583,0.0635675352904945,0.06350654585825918,0.048531405177813236,0.06638294255191632,0.0765324000062213,31200
0.0006323742866516113,0.45173800230026245,0.17306851148605346,0.6762489914894104,0.23275194940155045,0.414188519269228,0.7692199731484433,0.543765389538826,0.2806964523624629,0.08419182210427187,0.02368420745246113,0.010722619685559324,0.02171689289265332,0.049619842422544,0.008594997951620952,252.6062879675546,250408,0.0760614020191133,0.1652121225992837,0.11124748233309457,0.023757495014121693,0.012417369051667534,0.7460837346315393,0.9618732703037745,0.9320227820822532,0.656827238787497,0.4505290960400836,0.009338183160871273,0.010170372386868942,0.009300286519995087,0.009037573327077551,0.008883179389808923,0.04524663530290126,0.05264286617151434,0.04085640933741117,0.04332837056218912,0.04427662889902614,31300
0.029788055419921876,0.47379727363586427,0.17729504108428956,0.7056848573684692,0.28537024018459206,0.41868955567479144,0.7743552766814088,0.5480416871837732,0.2744443456858695,0.08675635837524838,0.022995774322189393,0.01038414746001916,0.02188232242965053,0.05164465833116664,0.008874799661763312,252.6177106793135,251208,0.07816511165350677,0.1657296143988571,0.11359725642910938,0.02368434346892466,0.011297764119836821,0.7460901290178302,0.9611191363027779,0.9275295116852235,0.6367559426962728,0.469454543972478,0.009499017465859664,0.01077823562888743,0.009497378890393024,0.008720415606718473,0.008994546508669692,0.04988466620445251,0.059515534250047256,0.047137456907669906,0.04677556232652727,0.04601634497238885,31400
0.0008087277412414551,0.4690219688415527,0.17076732873916625,0.6943227458000183,0.2781606941737528,0.4133792258799076,0.7637453384888484,0.5535068790015487,0.2806300884394935,0.08839411462521612,0.02263184914365411,0.010364372457544771,0.020261637631266087,0.05163570770269466,0.009060088212234554,252.62721092143536,252008,0.07692019050940874,0.1643234942203911,0.11442469429109514,0.022524794720047408,0.013308784454413846,0.7498708158731463,0.9610518036744528,0.9412060585833084,0.6483724782563213,0.4766188848746217,0.009657352862413981,0.010851434498834299,0.009427301804103044,0.009031683467610765,0.009355317775002678,0.05681456766556947,0.06518060134676025,0.04795130261114424,0.057470025711062515,0.05661886888490598,31500
0.03234379768371582,0.47409730434417724,0.18036717653274537,0.708046977519989,0.24387896909986384,0.433321145772934,0.7746411086815704,0.5459871400871542,0.29337118144723634,0.08585337872960064,0.02193475160747766,0.009498424409067186,0.02139393261399878,0.053772266862714385,0.009503706591203805,252.6344494468764,252808,0.0808414527028799,0.1655344638340878,0.1112552427850063,0.02487070202533645,0.009218764557663581,0.7572058069705965,0.9619383977831535,0.9359836900403713,0.6654452773786727,0.4428054624767394,0.0092900424823165,0.010293044679235874,0.009414045111457174,0.008467258514082502,0.008808830454410832,0.05321499147452414,0.05971927951388767,0.05112445948566021,0.04588016809429972,0.05462381211176301,31600
0.0006725907325744629,0.43215213060379026,0.19434447050094605,0.680191719532013,0.3166238849171266,0.4127487698197366,0.7733670149616257,0.5499458078133028,0.2776849171017655,0.08844928210384634,0.024782193321734664,0.009324332036957811,0.021329271981654616,0.059334431120222166,0.009581727391043886,252.64559695998182,253608,0.07517172979190953,0.16443361147264765,0.11375050941158243,0.021757657410309557,0.009720717328817179,0.7358082473278043,0.9651372795128939,0.9340402908299277,0.6208940048028924,0.46186176150344144,0.009143736246041948,0.010213399769260945,0.008977822802515455,0.00860176903269446,0.008804863732481426,0.05258814724162218,0.056775717832260375,0.05165229095449747,0.05124408702854768,0.050775920136203606,31700
0.030842719078063966,0.4714867353439331,0.18432621479034425,0.711357433795929,0.2387375928543168,0.43055169746279726,0.768384764834147,0.5472488522810748,0.29340888167682433,0.07853905873981169,0.02221520303748548,0.00967566381526611,0.0215960257062864,0.04971135012854477,0.009145788915957194,252.65417622613242,254408,0.08083294589072468,0.1645440147417347,0.11341689384700554,0.027275164130045774,0.00885062526074271,0.7541807299852373,0.9626326866266199,0.9307611846136592,0.6682236699681537,0.4234249363291449,0.00918294060975314,0.010358116498625869,0.008863382568618038,0.0084496903024908,0.009007566546963363,0.05005135517101737,0.05798138603113766,0.04594348982758466,0.04448223675993323,0.051623083795831005,31800
0.0007452797889709472,0.4565207624435425,0.17179296493530274,0.6812129473686218,0.31436470391752314,0.4305229148268702,0.7711909797388253,0.556826977656698,0.29054838418960566,0.09308188061439551,0.02350693542510272,0.011051174849703825,0.020887417538653846,0.05165912823412074,0.009144947193050998,252.66063196891423,255208,0.08032523378729815,0.1650878783968307,0.11495267979378977,0.024929338180703187,0.014672852250508453,0.7666828685998913,0.9599600219234976,0.9373499683614043,0.6656772324017116,0.48828994572474665,0.01046102083288133,0.011498473191000133,0.011533450869017466,0.008991704503615644,0.009778561616677265,0.06217907088808713,0.07065878835621961,0.068438602246801,0.05338400195861978,0.05596605076147387,31900
0.03614678382873535,0.47046551465988157,0.17636569261550902,0.7071796941757202,0.29221814617214487,0.4223044028878213,0.7668826390130843,0.5460348340434641,0.29409127059594664,0.0824773112186589,0.021876764614135027,0.009629885213536344,0.02156680276448926,0.04849336630167077,0.00999939966277452,252.66903773348864,256008,0.0784176969341934,0.16384825599836375,0.11212290011009379,0.02720978664032247,0.008913492952370481,0.7469974881410595,0.9642129297934325,0.931729313117176,0.6775224013303325,0.42034946525326156,0.008989389697089784,0.010378223754849064,0.00889028913233822,0.008177633165682442,0.008459682240544877,0.05574961584061384,0.06568122595347754,0.052288062304220895,0.050660452588643615,0.05394506077013479,32000
0.0007285475730895996,0.46218586921691895,0.18267287731170653,0.6986961913108826,0.2815470725863489,0.4259133732318881,0.7708366570448635,0.5491003576252198,0.2771852125854872,0.08588863467341484,0.022671334482729462,0.009092424718681921,0.02178247596344185,0.05221522156835389,0.008728880393651446,252.68401336224872,256808,0.08040452864021067,0.16508112870382566,0.11344920611009007,0.02387548921825855,0.013245858988553598,0.7537152040004729,0.9628461478936552,0.9308792189867406,0.6380479825170414,0.45933467757945146,0.010298242389690127,0.012167880384514879,0.009280949612191223,0.00903668887055429,0.01075355915295683,0.062149536172510095,0.07252079787172587,0.051396591348748175,0.05862825060826975,0.06693612047196706,32100
0.030800726413726807,0.4596571373939514,0.18126567125320434,0.6948955297470093,0.2462543576691344,0.4275142991542813,0.7666015279293057,0.5542923653242632,0.28366767675974064,0.08836497346613002,0.023782967906445268,0.009021573024219838,0.020524814275239455,0.055032470585921624,0.008448104659575932,252.6910920575946,257608,0.0793972312659025,0.16452672392129897,0.11490476124134719,0.02408264477876049,0.011503611623180759,0.7586073285341265,0.9619991818070412,0.9373545918394535,0.6397242116240355,0.47980348924373056,0.009320687439758328,0.010399198180530225,0.009221830559374002,0.008626802936375426,0.00904830782352253,0.047613072914537063,0.0552934538840782,0.04204828317811273,0.047095310526156696,0.046053687218289355,32200
0.0007451510429382324,0.46620917320251465,0.19250685930252076,0.710535683631897,0.2692148888758074,0.41528968140482914,0.7686163542918791,0.5480108098126945,0.2742972893467367,0.08439403654981963,0.02288701524026693,0.008873672706065965,0.021458672480851728,0.05604161108116229,0.009616236669674825,252.6977335031755,258408,0.07684756796807053,0.16483145120363804,0.11259616845442603,0.021552123340569426,0.00895101607077622,0.7341597875952722,0.9623220913039829,0.9339785932873695,0.618592162601283,0.4409279523919159,0.009070615114178513,0.010186840913448384,0.009116601355344759,0.008308005648985742,0.00861758159443771,0.05287127522751689,0.05789766607136983,0.048639747052220614,0.05082105920533008,0.05356628174753222,32300
0.000688169002532959,0.45622231006622316,0.18776674270629884,0.6979004573822022,0.3068726311168203,0.42891463935375207,0.7677139614903645,0.5448165330655724,0.28234150971706756,0.08160359921748758,0.023090883549302808,0.009620576428227827,0.021021922665401066,0.05329150427841973,0.009299790750446842,252.70497994753384,259208,0.0798751785047352,0.16546246804470255,0.11138070671229948,0.02302699904004821,0.010201951920559327,0.7513231289386748,0.9589046242625215,0.938427404177432,0.6459986497908078,0.4359401290615399,0.009367600826080891,0.010710023893693158,0.009031964588330626,0.008555707539464849,0.0090400316621526,0.05564954301109537,0.06310131690941406,0.05032368427812484,0.05392866385722447,0.054507616536284345,32400
0.028191466331481934,0.4696775507926941,0.17385236978530882,0.6983590531349182,0.2946629601428618,0.40561399005353455,0.7618695039015547,0.5510217020524804,0.28832043581283995,0.08720185702837444,0.021975272595882427,0.009765770172891325,0.021516557947542155,0.04950629412077181,0.009291128713971078,252.7127545562573,260008,0.07521290923934434,0.16563389874421644,0.11336803637980097,0.025510856365928293,0.01038203223183441,0.7406492221355438,0.9560229261716211,0.9324507054703015,0.6661807683797992,0.4690658549033918,0.008990881408099088,0.010270776200848505,0.008902745653273154,0.008468201457976537,0.008415753361423339,0.0479615953937173,0.0530231217543284,0.042874220521986826,0.04707311609616647,0.04842915292422586,32500
0.0009419965744018555,0.45799018621444704,0.16213951349258424,0.6743917894363404,0.26895753288913266,0.421430235207081,0.7753004684967078,0.5489175924570249,0.2879225360946011,0.08498455212465698,0.024286112589761617,0.00961996573252711,0.021924081657284704,0.05473284338054676,0.008929648450788497,252.72129725603747,260808,0.07733940694481135,0.16529030233158346,0.11301992490592568,0.024109649063365605,0.010790178975974432,0.7467731896042823,0.9622973561904593,0.9299377495109448,0.6445830687880517,0.45570790949206647,0.009094147144351151,0.01034114688364645,0.008970475262307591,0.008427947537991445,0.00870267652816655,0.05325195967685431,0.06253459447164837,0.05028911927567405,0.05098182963467063,0.04959273274496271,32600
0.030215702056884765,0.4568361878395081,0.18971096754074096,0.6975152540206909,0.3103991393532267,0.437648597061634,0.7653425227512021,0.5485422522297702,0.28972703050456783,0.09658183491713285,0.023692868640646337,0.009432504747316921,0.021112008390860415,0.05425437224353208,0.00961544992767174,252.7303700487867,261608,0.08159983016550548,0.1637839891693809,0.11213850339201734,0.025386125825153767,0.014325204229838134,0.7712852120399476,0.9635539599440317,0.9376772776324087,0.65602791922934,0.4979472659729621,0.010924417558126145,0.01215719188859855,0.010905530332972863,0.010545691135156831,0.00989553808561854,0.0576272240607068,0.06175881994422526,0.05618580413923757,0.060175898272599046,0.05139171363584498,32700
0.0006434202194213867,0.4397181487083435,0.19711157083511352,0.691782066822052,0.2850634704006786,0.41809520199894906,0.7744969445305901,0.5466537457481727,0.2906403330402757,0.08105395362703219,0.02389707203954458,0.010013772629050387,0.021625563917925292,0.05385166654438153,0.009508700062760556,252.74075374224088,262408,0.07714453291147955,0.16509384545120048,0.11223953958844467,0.024336362339500043,0.011440927182937424,0.7494223940372464,0.9633822205904368,0.9335230129344445,0.6641061027445387,0.44248100908676025,0.009353424329310652,0.010198526016461693,0.009162012100324166,0.00864284840557518,0.009482251129823142,0.056818961610551916,0.06566735930690493,0.04793028718417633,0.05255042324100042,0.06233708977371938,32800
0.03140485525131226,0.4807688069343567,0.17817171096801757,0.7119163060188294,0.22059528936616665,0.41672672644257563,0.766835200205082,0.545324991750453,0.29197315816661984,0.08628336021508937,0.022185983741655948,0.00921552152452399,0.02181215670206764,0.049347823026952495,0.008976286918838538,252.74718245318107,263208,0.0769096074812115,0.16499606450883364,0.11185965942249772,0.026008481118516082,0.010318354146237276,0.7478261822462082,0.961402352263288,0.9304830336439016,0.6686460240721118,0.4598146578146945,0.00907197868917137,0.01038065965673545,0.008774486095104261,0.008381252922576493,0.008720243579191614,0.05092888011131436,0.05931887881512323,0.042482473882357714,0.04987072032587283,0.05104099494356533,32900
0.0007832169532775879,0.46429028511047366,0.17347524642944337,0.6924783635139465,0.26635991224332184,0.42526699095964393,0.7615648829700925,0.5478847779116582,0.29078428196434913,0.07776209741438686,0.022572863074019546,0.009297648727741685,0.021062458722933525,0.05101413421314392,0.008086546765958994,252.75785772033484,264008,0.08034478330984714,0.1643916344878697,0.11266941522944322,0.026132379096038254,0.013579352342180502,0.7541219428181648,0.9600731509156752,0.9375669941740129,0.6617295337785586,0.4344979643821715,0.01002639207523316,0.01241933617574891,0.008913065799629503,0.00930392989510725,0.009457486100788974,0.058129833210259656,0.07270008784783365,0.04650583798156202,0.055355695827799485,0.05819155600804251,33000
0.02919126272201538,0.4643999195098877,0.19689299821853637,0.7159178113937378,0.20358563759135087,0.4440326963365077,0.764677872824356,0.5539191647036245,0.28435994825653116,0.08487316117743447,0.02179331063758581,0.009084672652851946,0.021294531864252404,0.05212111394046927,0.007664983492324372,252.7659765096461,264808,0.0842981260642409,0.16488171580316716,0.11507681148624657,0.024626193716618658,0.010213187798280675,0.7682573658227924,0.9605934515790651,0.9328927607229447,0.6451297099525863,0.47193835708110204,0.009696227952372285,0.010763557983651816,0.009750747993256502,0.009130109690532486,0.008877207588343681,0.0498327657673508,0.056298052038037644,0.04502725489160953,0.05082943656960051,0.046059823063526135,33100
0.0007657170295715332,0.4786622357368469,0.16730619668960572,0.6990023279190063,0.28380414989168556,0.4276402243971825,0.7650840814520669,0.5480403774976741,0.28731245543951023,0.08503144246371666,0.02422343411017209,0.009720754400236389,0.021418076942209163,0.05460514147685338,0.009328919036418488,252.77276853737587,265608,0.07879755977541206,0.16346887800751655,0.11227879077196125,0.023637044909544484,0.01152226762387922,0.7577652859687802,0.962843416376812,0.934506997466087,0.6510721677197858,0.46259316435472236,0.009594016638584429,0.011012185910126052,0.009457907506730402,0.008583911399070452,0.00930844987667898,0.056988746370188866,0.06774176375531568,0.0532435781066306,0.048223256451400104,0.05895605648713396,33200
0.029456779956817628,0.4235395479202271,0.20108269453048705,0.678094789981842,0.2683646602630269,0.4227401329576969,0.7789139314410612,0.5526109236478798,0.2875284573290406,0.08764819113250388,0.02405355525203049,0.009263013158300804,0.021176561075262747,0.05526812076568604,0.00935593428523442,252.78096539625895,266408,0.07721266492269932,0.16541169460901267,0.11386563874781128,0.023835440537687845,0.010054082008523502,0.7492337745428085,0.9638133055156045,0.9345700636506078,0.6480864812688125,0.46087311749434584,0.008917077998630703,0.010441545024994241,0.008934174873866132,0.008121483870668382,0.008240116894504646,0.0626817732816562,0.07874809259299152,0.05245299284113572,0.05773470817451799,0.06239838267801634,33300
0.0010545921325683593,0.46972461938858034,0.19237818956375122,0.7179275298118591,0.24009321417154608,0.4389746484160425,0.7582805643887292,0.541944785123807,0.288227704949677,0.08258298499682959,0.02233180928975343,0.010858841285590068,0.022372677463271706,0.04621008747722953,0.009124732501858985,252.78806207092774,267208,0.08216641081497075,0.16378037059960313,0.1105312055163976,0.02634146352298558,0.008697168077179778,0.7671036928892134,0.9600886343276662,0.9301199924432485,0.6735819083452219,0.4320469952599948,0.009092962394934153,0.010463896543467972,0.008836293490559014,0.008286077348748212,0.00859753350960091,0.04488920018076896,0.05135704925683535,0.039594766822015244,0.04540171940810978,0.0424913733136342,33400
0.0006928157806396485,0.45419730424880983,0.17126705646514892,0.6858489370346069,0.2716077529360471,0.4133704125881194,0.7672897653252468,0.5402500114093232,0.269551434160508,0.0864201794068017,0.02199195969849823,0.009344004694938512,0.021762117547041274,0.04986072287981196,0.008743257150386598,252.7956423392842,268008,0.07706169100478294,0.16465255530441497,0.10958202594580752,0.02232503643878691,0.012806787417225896,0.7417173761129382,0.9628990646086489,0.9343933109194037,0.6296073342721483,0.4542626244681223,0.009956922768615187,0.010484239848914976,0.010397681064205248,0.009296612782864684,0.009651693531001601,0.05427532732952388,0.05838207089725661,0.050855789433020014,0.05095915238315374,0.05647586793860509,33500
0.03981708526611328,0.46401363849639893,0.18250163555145263,0.7063241887092591,0.25989483832210136,0.4441543385386468,0.7652036845684055,0.5450439624488349,0.2803755314512685,0.08606671448796982,0.023806976284831742,0.00939234842586777,0.021541477872524407,0.05486927445121861,0.009958889271771573,252.8046305450019,268808,0.08260196585208178,0.16374406250922566,0.11164943685755135,0.022971067345945752,0.008966742953837877,0.760958845615387,0.963322050934253,0.9336896985769273,0.6395905984170506,0.4292216744533804,0.0093289556261152,0.01046598779806948,0.009242482939735055,0.008339110604308626,0.009048528021721288,0.05250344734173269,0.06196652552841798,0.04624130564508962,0.050216430299586085,0.04976362019484904,33600
0.0006842851638793945,0.45624858379364014,0.17287892818450928,0.6866360569000244,0.30380809011355653,0.4267702625691893,0.763530149471526,0.5514436184504385,0.2890359293968279,0.08177312907762821,0.023051880178973087,0.010193644538316327,0.02118392380034668,0.054263193337097365,0.008936716938624165,252.8107984722925,269608,0.07998545167967672,0.1643813450400736,0.11317400666372623,0.02680299752068153,0.008945192372193557,0.7514151698350903,0.9598628361435497,0.9343781340065183,0.6482665044738646,0.4440462365746498,0.009544542180374267,0.010470308326915194,0.009658847882024686,0.008887595728657305,0.009095056185033173,0.05619326507672666,0.061630857702089,0.05136989000917337,0.05705479307867149,0.05488181886263189,33700
0.03275308609008789,0.4735798096656799,0.18976805925369264,0.7203423738479614,0.27850862767036155,0.41536845222115515,0.7654796704440052,0.5376077556739678,0.27634493991350517,0.07904089061328422,0.02310857443604618,0.009732001458355902,0.022523710683858778,0.05375364204534351,0.008594327637603372,252.81884194540697,270408,0.0769135399721563,0.16466040601472895,0.10903759991102242,0.022884568775024934,0.00929209704246695,0.7360610574483871,0.9603051008752818,0.9292974653451336,0.6309959625586488,0.43398517140975384,0.009118186514824626,0.010627201336387879,0.008733359238881936,0.008373924373434143,0.008611067184784372,0.047291952730156475,0.05497894371846614,0.04364721552195511,0.043614027587076026,0.04609242373352082,33800
0.0006621837615966797,0.4434947371482849,0.17841124057769775,0.6791597890853882,0.26914243285420697,0.4264267764985561,0.7696378720340441,0.5484216672381713,0.2792491581663493,0.08407499811759123,0.024504651017487063,0.009331724201607062,0.021202861015020964,0.05768581730779259,0.009260435637062124,252.82705147612126,271208,0.0791929616779089,0.16543727179071804,0.11316475377342346,0.023507606209022928,0.009202754494464518,0.7464432972669596,0.9579691987725631,0.9348016911716561,0.620952832996845,0.4475721560026472,0.009043845243286346,0.010178287332849714,0.0090184152119628,0.008425107963848849,0.008523000361348844,0.055988715679850434,0.06456070180417076,0.04892337862647286,0.05521047466550958,0.05551152850109103,33900
0.03398605585098267,0.47686935901641847,0.17016713619232177,0.7041919231414795,0.36537079978738485,0.3980433808267117,0.7692603197660336,0.5559311473980926,0.28094938558708754,0.07980950446919306,0.022831978527829058,0.010326711003134923,0.020857470052746643,0.053611530507098666,0.008410234296546505,252.83590840155682,272008,0.07361087966710327,0.16661698563715052,0.11593151990419776,0.022812045158904774,0.009436468898054903,0.726561948657036,0.9557635710480511,0.9340652979337252,0.6398165545512724,0.45002789200631393,0.00875890912022442,0.009969170589858068,0.00889594149895204,0.008019524568826274,0.008335272843505813,0.052480317344889074,0.058331304632671443,0.05260416799439836,0.048713217446215595,0.05104336784473053,34000
0.0007669734954833985,0.465506284236908,0.16564126253128053,0.6874909687042237,0.2724343693504601,0.412210842818022,0.7646391704434254,0.5491921690106398,0.2925577609331956,0.0866983834946272,0.022299032723531127,0.009503862181235657,0.021130577214062213,0.04695793030512444,0.009175808012585938,252.8475485751821,272808,0.0756043391302228,0.16461788508735706,0.11272101551294321,0.027173759907641443,0.009932276549721696,0.7524662685394288,0.9594505966686815,0.9377259400486945,0.6851735159824714,0.45542357920431603,0.008753108603414153,0.009908079485220668,0.008432388739893208,0.008218791389383131,0.008589353054013172,0.050027986280620086,0.060747128448199676,0.04275399164762348,0.04389117274240987,0.053951207817733014,34100
0.03230729341506958,0.48460630655288695,0.17335739850997925,0.7130969524383545,0.26484646957524416,0.41843576133251204,0.7600055167488027,0.5500470333293,0.2803822820633652,0.07674252020017275,0.022945188647136093,0.009480582330462655,0.021624027590650314,0.052808336687739946,0.008042770748532114,252.85299621484634,273608,0.07799233030527833,0.16437162239761915,0.1130880960996079,0.023691046996973456,0.009273814105887391,0.74444960385561,0.9602475461422224,0.934725073388385,0.6381132885813715,0.4417371093927318,0.008919005054049193,0.009960051651076204,0.008797816832923345,0.00852401269832625,0.008368748998334946,0.04334193749818952,0.04620812625359447,0.04025322633563792,0.04283591917017474,0.04396996392292816,34200
0.0008266472816467285,0.4822946286201477,0.17206814765930176,0.7104526591300965,0.2957155910619711,0.43873236358165724,0.7637474633315029,0.5527614058456685,0.2945973380690529,0.08735480183345636,0.024050565063953398,0.010009727324359114,0.021688028425848663,0.052414420202729205,0.009012798072098817,252.86146593765167,274408,0.08130078911781316,0.16493266689426747,0.11477256589786757,0.02469555355630636,0.009575418314387548,0.7693860113620764,0.9594443682946409,0.9318546101311658,0.6726494740872148,0.4599353598300803,0.009155401489697401,0.010412042303120383,0.009211545466297414,0.008313341877822369,0.008623209522040773,0.051401707315817495,0.06008651639407907,0.04231868833999769,0.05078041274544031,0.05316064259860405,34300
0.0007247662544250488,0.46106131076812745,0.16646625280380248,0.6852296972274781,0.29175277500329666,0.4074986413121223,0.7661964267819789,0.5438522360193617,0.26815710552615846,0.07843987033634948,0.023311133589595575,0.009720262938312116,0.02195061230818409,0.053193998441022884,0.008831613122346095,252.87521353932755,275208,0.07581876020878556,0.16583451006438715,0.1105183975412211,0.022500710161354572,0.00984289733567028,0.734821186065674,0.957842853043106,0.9314010143280022,0.613167059545072,0.44513471690928885,0.008954797687474637,0.010347030153702733,0.009017203240270869,0.008118652225920805,0.008444582009777999,0.04863486922520675,0.05834561880200766,0.045388705068035065,0.046882874453910796,0.04514908349644255,34400
0.08304541826248169,0.43891793489456177,0.16811989068984987,0.664164490699768,0.24507517689009925,0.4329481263458729,0.7627868515225082,0.544715881779575,0.2865556394681334,0.085691654499858,0.02246108072809875,0.009919356433958892,0.021418854020589958,0.05157695782448474,0.008082781841562317,252.88232222068686,276008,0.08084628202021123,0.1641117856955865,0.11174453773360324,0.02580839942917616,0.00869618913906805,0.76368330180645,0.9605985538500573,0.9347125415640752,0.6455303117011987,0.4729352881933782,0.008987780148163434,0.010017105909457936,0.008885839921399814,0.008353743995636861,0.008581344941086042,0.04813473514746876,0.05360839090926543,0.04431232561780237,0.04431962887732272,0.050038195249842515,34500
0.006403894424438477,0.45944501638412477,0.17375463962554932,0.6878297543525695,0.3288361364498198,0.43138843402266475,0.780661149221717,0.546622516512871,0.29954621841774337,0.0905599974511753,0.024012561831623327,0.010232529597858739,0.02148570088203995,0.057657922598275735,0.009540381571797882,252.88832339635331,276808,0.07936002410948277,0.1656342211712911,0.11300221204757686,0.0257160280239174,0.00938016710660501,0.7556436756253239,0.964032022119725,0.9321485602855684,0.6556066896053073,0.4671872703774461,0.009277974423021073,0.010358955828671901,0.009111650169361376,0.00871941946605419,0.008868222059320335,0.060059765847399825,0.07076216000810417,0.05249474693555386,0.061561930597700334,0.0553311426056893,34600
0.029930341243743896,0.4744070768356323,0.18453293800354004,0.7162361836433411,0.2455482148088543,0.4192861439287661,0.7726531958067289,0.551554339924498,0.294122542217374,0.08593196932498999,0.024228082187473767,0.009578686979879703,0.02100351470206198,0.05740412224316975,0.008440345643292643,252.8934753379894,277608,0.07657786259427661,0.16484132304947857,0.11302472114491688,0.02457710022921676,0.010069351709765823,0.7500545477867123,0.9616653646833159,0.9374446997231847,0.6497823321819298,0.46483644450583117,0.0088590918527916,0.009953204081744276,0.00894095517837544,0.008239139583893126,0.00838775597058417,0.05973733734106647,0.07597583527952151,0.05883094467418763,0.05586935373372399,0.049701591840059296,34700
0.0005643868446350098,0.46051510095596315,0.17147850275039672,0.6868494701385498,0.2504061039122759,0.41086794182658176,0.7703157446323294,0.5475713929614499,0.28635911205235637,0.08687415180072461,0.02395283659920096,0.009548486488011595,0.020472846703754877,0.056827495952008936,0.008889021578835568,252.90076729797306,278408,0.07496041258797055,0.1660716121777509,0.11215850159123136,0.023386385166268866,0.009556576201079968,0.7398589420318596,0.9585404087335636,0.9420974116067629,0.6409927957198204,0.4625982490402679,0.008767668036744003,0.009762848137567448,0.00881210298755685,0.008221613070881912,0.00834690242320196,0.05197654777904975,0.059618111458630905,0.04823650819173935,0.04864743080642988,0.051425354577885524,34800
0.030516486167907714,0.45863097190856933,0.18323152542114257,0.696882963180542,0.2904777123437369,0.4311878114938735,0.7688098042896109,0.5464172146416131,0.2916643548088194,0.08839113610911195,0.023881130581721654,0.010055873668440561,0.021662091277123974,0.054058901220560056,0.009413212505393323,252.90724267564212,279208,0.08028698977082971,0.1653963703777373,0.1121292829546811,0.025793774473743578,0.010673530976273077,0.759435852169991,0.9585070567032723,0.9319616614707876,0.6495094039501286,0.4608800427161434,0.009087429339997474,0.010246808551847165,0.009168830494413013,0.008307738886334189,0.008600189836128026,0.0552950825134758,0.0576424225450724,0.05672103753490125,0.05167492926001356,0.05492680440382921,34900
0.000636913776397705,0.42817208528518674,0.18584667682647704,0.6712498450279236,0.2554011817549644,0.43762058913707735,0.7703988560816142,0.5499463854533329,0.3031035015340322,0.08875128239511502,0.022724358160048717,0.009356343036335781,0.021575269873587877,0.05076297470992525,0.009732602807821311,252.91512089488202,280008,0.08241212814114994,0.16524096015023024,0.11381638846096565,0.02732074303317278,0.013894219291470354,0.7667694967985154,0.9613569721942996,0.9302406603435305,0.683962366015641,0.45734231875687065,0.010213037105277187,0.011076378372565995,0.009470662772040467,0.010648440634447743,0.009662402788837437,0.054395849579013895,0.06232311542986367,0.045179340173490366,0.056111294353745685,0.054374760733769525,35000
0.03631771564483643,0.46228846549987795,0.17938539981842042,0.7015547132492066,0.29323533493158355,0.42561622276902195,0.7694557836090311,0.5530148975469255,0.2894536014814094,0.08628687758254949,0.024133238866925234,0.00976048370683791,0.02123642739440716,0.053504646961317154,0.008164601336435342,252.92401139804258,280808,0.07901037990115581,0.1654208778327214,0.1136155356294834,0.025530925795628896,0.013863964536025255,0.7557800540328027,0.9593898213428004,0.9349893249653197,0.657544024892755,0.4755953506187157,0.009947548802010717,0.011360959903503536,0.009986541814754139,0.008922219031012124,0.009566333896367166,0.056544019333086906,0.06477653677687768,0.052061371750884045,0.05104167687471721,0.05830714512596685,35100
0.0006133508682250976,0.4349225616455078,0.19279176712036133,0.6869027519226074,0.22592299036774316,0.40823194026947024,0.762112055870301,0.5407318882833276,0.29052808347612746,0.07924384919063343,0.024643091084435582,0.008986211240535646,0.021709397182265666,0.05712123929801002,0.00831570129489481,252.93165278055824,281608,0.07409260826185352,0.16438956024812512,0.10962602624735858,0.023921364864281498,0.009217092425494289,0.736043949723244,0.9602915271718231,0.9359823147657554,0.6491705300683667,0.42876655822846926,0.008514335944782942,0.00949185811491175,0.008569668692437363,0.007925622110029954,0.008175416052250603,0.04829004497965797,0.05475415975318591,0.04084415732868733,0.04638402623464286,0.05151063210058316,35200
0.030544419288635254,0.48576764822006224,0.1775099515914917,0.721932966709137,0.31821272174839466,0.4297458556294441,0.7701829606620814,0.5530292989263208,0.28647160408302,0.08112364198567094,0.023297897130250926,0.009332574035193926,0.02103257999454001,0.050979431543964844,0.009809807015066644,252.94852676087817,282408,0.08071803566068413,0.16543777620614455,0.11386297020503287,0.028075569458171506,0.010391751277695772,0.7498449116945266,0.9609359401968575,0.9358708124229876,0.6484284779200193,0.4246164236379706,0.01016940341331064,0.011148086016932832,0.01022301275948971,0.009870971982868827,0.00937734580214095,0.057623164486139994,0.06450991585517118,0.054266522935443165,0.056889042280650226,0.05470623619571006,35300
0.001270451545715332,0.4499958062171936,0.1801004981994629,0.6871883606910706,0.20547397928721145,0.4268362203240394,0.7593617831858315,0.5471797382890294,0.2952003098196454,0.08325689524412147,0.021979136765003186,0.00897594515621537,0.02148646271782995,0.0521991114112396,0.00744464360643178,252.96240963001208,283208,0.08049803413450715,0.1648134620000538,0.11264568002059547,0.02651573319564617,0.011193403457873499,0.762598388195038,0.9574644522598162,0.9336547311303645,0.6678646055478897,0.47583891481161117,0.009473306471481917,0.010744578789364391,0.009477281972784272,0.008648822911911535,0.008926285090856259,0.04447457198635675,0.04805122265511623,0.04373469211051029,0.041533908477821735,0.044284760380396616,35400
0.0006652927398681641,0.44572116136550904,0.2101350474357605,0.7094696044921875,0.2780906115862663,0.41510211810469616,0.7665348601341248,0.5481231855228543,0.2834664451898915,0.07900412312880593,0.023961757817305616,0.00905746070318855,0.02142054254121226,0.056101277051032496,0.009285009401122523,252.96883044571325,284008,0.07644587855786088,0.16476025737822073,0.11236813216237353,0.02338925419527445,0.009249225595075346,0.7347192871570586,0.960751106142998,0.934709169591467,0.6324246702807962,0.42918090363150696,0.00888891791692004,0.010150758414529268,0.0087138038907142,0.008235371247450307,0.008467899571010138,0.04919757532421499,0.058968483766075205,0.043316603031901955,0.04590559146818843,0.048420612851736516,35500
0.02992974042892456,0.4361523938179016,0.2070204186439514,0.6986929559707642,0.3542972318671637,0.4187910924851893,0.7676263497647446,0.5525424730777749,0.2907988682535349,0.09400148505223123,0.023446694454178216,0.009993627421661381,0.021175544437553213,0.05411774493461733,0.00907913278614249,252.98000847836815,284808,0.07792729687877,0.16507445232591775,0.11506018957921436,0.027120962978669377,0.011697271389442834,0.7494764029979704,0.9597872193308844,0.932005447319576,0.6575421363699667,0.4844187715343226,0.009735095878131692,0.011105586803891666,0.009738579738352987,0.009011556551901298,0.009096314221028693,0.05655822520609946,0.06262510758712168,0.055005592658583596,0.05869517882591952,0.04992237242339091,35600
0.0006348943710327149,0.44309805154800413,0.20478032350540162,0.7034941744804383,0.2905174595761677,0.420696064084768,0.7665796743825146,0.5494670220954939,0.28096607522322564,0.08280225066936062,0.023825958445668215,0.009005043706099685,0.02120219116291058,0.05742047723287189,0.008948343711345477,252.99420175223554,285608,0.07779183097183705,0.16374530837747261,0.11368626337404833,0.022749671782963946,0.009524211574235712,0.7427542573213575,0.9643835111204623,0.9332248266018814,0.6298052365963279,0.4429053863868337,0.00910717055201531,0.010315659531653656,0.009258355954708765,0.008375317913790545,0.008453486347341627,0.05243719651829453,0.05904751104013675,0.05146209048996469,0.05095703619508404,0.04820460299479551,35700
0.030766613483428955,0.4688995885848999,0.19850807905197143,0.7229610776901245,0.24803125683846033,0.41324075430631624,0.7680292859052614,0.5422041878033586,0.2748940086177508,0.07874339687845947,0.0235214667674154,0.010963463038327364,0.021446385153820895,0.05362262657273032,0.00944213371258229,253.0026323731959,286408,0.07622551327571273,0.16493894835002731,0.11052047369463182,0.0220570678344845,0.0086379253618573,0.7327960985898974,0.9592700510596242,0.9337598297268295,0.6353735446305793,0.406200768878159,0.008740865273866798,0.010037944470241193,0.008583093745086645,0.008019121965949295,0.008362727209211338,0.04874528698157522,0.060104364749956125,0.0428687795352244,0.04578878540857766,0.04691854882668881,35800
0.0006739449501037598,0.4521843671798706,0.1819351053237915,0.6915825843811035,0.2257683396025435,0.4187543581426143,0.7595022620283403,0.554590237317699,0.2887109972574007,0.07871694013587023,0.02349165740422904,0.009400144479412417,0.021182994625650986,0.05402215149478244,0.009465962323927246,253.00879269937278,287208,0.077301543354988,0.1633964203638473,0.11477137521130612,0.024007357733005913,0.008370582805024361,0.7388817691802979,0.9620363630619151,0.9334741833776529,0.6527250975220651,0.41153550413575507,0.008770548433531075,0.010018328727142619,0.008723345390373454,0.008170713578121522,0.008191783250872017,0.053108063540421455,0.05801047750176662,0.0495610246826701,0.054842435434254745,0.05016542142164884,35900
0.03449952125549317,0.4616568946838379,0.17355623245239257,0.6903336644172668,0.28656501126349876,0.4166804099082946,0.7689170409087563,0.5618123659112837,0.29366854034072015,0.08672878315189367,0.021901597725227474,0.009476970795813439,0.01995033016994348,0.04954172909150229,0.008878881569317945,253.01458251821856,288008,0.07754308633506296,0.16491439010030648,0.11754914665419756,0.026397419601505358,0.011828869498222708,0.746540835499763,0.9612899410664736,0.9406791629053607,0.6701087510468915,0.4581984314653608,0.009709944583009923,0.010923273912888366,0.009094799616636496,0.009568943002936882,0.009240745622837158,0.05345202986616642,0.06415426268490339,0.04658127741281003,0.052892899976166724,0.049877605610095944,36000
0.0006179070472717285,0.4453004050254822,0.18418083667755128,0.6862011551856995,0.23184340232511172,0.39779171794652957,0.761927199620072,0.5456358622158717,0.28737244978933113,0.08325005055583543,0.022573584215715523,0.008761595646720575,0.021183184653480527,0.054056805182113296,0.008749679585007266,253.02259781899784,288808,0.07300188263878224,0.16455405982591775,0.11181767963834348,0.024553979912270922,0.009606145144975242,0.7259018757939337,0.9598852341533988,0.9338040707572816,0.6467900316332295,0.4411268703480987,0.008604334720876064,0.009723093350648235,0.008591809465239452,0.007937930426632728,0.008276065023853732,0.047919927090406454,0.05334146929684504,0.04442919981014982,0.04563119537993267,0.048271389404668484,36100
0.0374402379989624,0.460247757434845,0.18663815021514893,0.7053062987327575,0.25274743549922635,0.41889290645718585,0.7735526996090055,0.544539716305598,0.2988976458656971,0.0799843130840195,0.022046321211382728,0.009017016011676648,0.02138222894798262,0.04979292961763982,0.008689806799984713,253.03097575116502,289608,0.07773732900619507,0.1647851473473487,0.11146051106306737,0.028935519306452412,0.009642859725709023,0.7515704303979878,0.9622890061520517,0.9347157354624763,0.6857063995741806,0.4340335384083256,0.009351697843521838,0.010452051721315124,0.00929110942250295,0.008862021796579033,0.008870952400482367,0.05681667676661164,0.06749332244408891,0.05169865420914062,0.051745646201325046,0.05708972166476833,36200
0.0007389593124389649,0.44333760261535643,0.190801420211792,0.6885473442077636,0.2685334324642084,0.42884165525436385,0.7639858329237386,0.5559440687871904,0.2875153999967673,0.08497357351275593,0.023515114365145574,0.010098631543066044,0.020624946075258752,0.05474089546916416,0.009499215048093061,253.03876145223535,290408,0.07948935342952604,0.16374945721309167,0.11465110074585448,0.024418794688019777,0.009054707272503622,0.7508307939767831,0.9630848677287548,0.9396395095838952,0.6452732752893388,0.43348910625164316,0.009049660991877316,0.010329529707287937,0.008929571109967158,0.008443440970743902,0.008448491916538051,0.048487975923344515,0.05517318089644016,0.04510110280422782,0.04626160789972416,0.04735612154293522,36300
0.000628962516784668,0.4848691773414612,0.172058424949646,0.7085351157188415,0.26513007830104407,0.4172875759005545,0.7659510227923206,0.5496905373476945,0.28574699428627054,0.08038178626615732,0.022418928216211515,0.009776134464818132,0.02100099016878504,0.05657557212079395,0.008264140398472317,253.0475172501807,291208,0.07813765008002509,0.1650043559045744,0.11331575240341497,0.02414080984022278,0.009217796084756315,0.738058405518532,0.9597182270999136,0.934958619774932,0.6316163011189904,0.44406412716384397,0.009081430092919614,0.010111408746944602,0.009061942491053073,0.008423145490798492,0.008658195505975873,0.050766501259058676,0.05654590367339549,0.0464557779209756,0.05140242528822797,0.048592155983856126,36400
0.03041825532913208,0.4559147882461548,0.1908757734298706,0.6985871028900147,0.2886361170251814,0.4175224047899245,0.7693195236262991,0.5451864571583394,0.2772581723780884,0.07344922398527456,0.02431003737263382,0.009737430515685186,0.021545625479910707,0.05607842120965851,0.008577526512985618,253.0537393289933,292008,0.07668176624923942,0.16451778162771186,0.11115751803071816,0.02244133956151679,0.008437100034923513,0.7378292942047118,0.961998476614406,0.9350161552429201,0.6256866813863363,0.42501070193755325,0.008805263089016082,0.010013364628420687,0.008595803336268575,0.008061111389288627,0.00855880089295217,0.051207498135045194,0.06083547426804678,0.046943876163262586,0.04386006464313682,0.05337439683767462,36500
0.0007711577415466308,0.46702027797698975,0.19498504400253297,0.7160049867630005,0.31704276708010865,0.42041857689619067,0.7640069423623352,0.5531556337159503,0.27798217188973,0.0817537685312951,0.023755891928449267,0.00982720883150784,0.020966972243420944,0.052545165168606994,0.009546292752929739,253.06048800441485,292808,0.07886521419510249,0.16478161995683738,0.11525158500488929,0.023526672464773326,0.01259180937328589,0.7424552917480466,0.9590246727810574,0.9363214644242304,0.6345609240057344,0.43640057245890296,0.009986996494699267,0.010170402779100248,0.00945139104828277,0.008850474626717484,0.011590747111767993,0.05736458278261123,0.0562583025109338,0.04727107461788977,0.052740360848535055,0.0739083367564793,36600
0.029918041229248047,0.44821279287338256,0.18634784698486329,0.6882640528678894,0.3160765231820411,0.41625756815075854,0.7743406173060923,0.5446019113384262,0.28696629835158266,0.0836720026391385,0.02285937245935202,0.010622138998644682,0.021630224068298617,0.05296869089193255,0.008432564311078757,253.07073250238548,293608,0.0768256080336869,0.16500109339169455,0.11127132966473548,0.025559215775220516,0.009931981524224042,0.7410666799545288,0.9630311318472317,0.9347904372599818,0.6516068101543745,0.44496413927387296,0.009193864851258686,0.010500725616664425,0.009286353712581021,0.008416072395870215,0.00857853712902093,0.0492770090000704,0.05774563442294793,0.045584244603511466,0.048720089783507996,0.04495893918296877,36700
0.0006331872940063477,0.4680496668815613,0.17184096574783325,0.6949191808700561,0.20043451900144812,0.4232076486945151,0.7641634313683756,0.5506221386955007,0.2754944193363192,0.0738712210343996,0.02170057605020703,0.009494487433493765,0.020696702066939954,0.04908804639708248,0.007499271087605544,253.08111046306456,294408,0.07921524308621883,0.1643098848002949,0.11338707456486906,0.023499151453142977,0.009206096881825963,0.7477933698892592,0.9612110003329919,0.9392484806889864,0.641375364363194,0.4278962134073177,0.009075906244106592,0.0103878934208179,0.008935274228678281,0.008372661843895913,0.008526059010667572,0.05137399511993863,0.058788772064715666,0.04888945127937979,0.04997263365716209,0.047337579158314186,36800
0.02905597448348999,0.43552226543426514,0.20300497531890868,0.6913068437576294,0.2597771147848917,0.4284799465537072,0.7641832591206943,0.549252168275416,0.28504378105464734,0.08963186875686496,0.023611309798434368,0.009183491316097959,0.02080470599078884,0.05839898976448337,0.008985654051567782,253.08996994514854,295208,0.07984831558540462,0.16470326027936408,0.11371885808572786,0.023307223353338888,0.010100766131193335,0.75271748483181,0.9599775829248962,0.9348631898562114,0.6318647296805134,0.47163762255470326,0.009320865015033633,0.010676105120822931,0.00913773466527345,0.008670220308397945,0.00865775441386654,0.05264368464238937,0.06290623216450013,0.04727930842879385,0.04926571706064826,0.0499459807253858,36900
0.0006862115859985351,0.474752631187439,0.18474961042404175,0.7140282607078552,0.27540629188660815,0.43284384518861774,0.7672057418295966,0.5443939996286494,0.2936123854026725,0.0862152590291864,0.02324681600555778,0.009456688963557376,0.021869182706475965,0.05213678759714618,0.009359299526475177,253.10203165541455,296008,0.08079445060342547,0.1652712367045193,0.11169017091827485,0.025089633096496197,0.012075567695207626,0.7593934720754625,0.9603135889539356,0.9302605144607202,0.6625544500710379,0.45073554668834503,0.009772835895419121,0.01054180243562978,0.00906469992099745,0.009097827488472264,0.010415924897287938,0.05340551366098224,0.058097861957951254,0.04477706845867836,0.05084274665232577,0.060418571953108846,37000
0.030647103786468507,0.48252657413482664,0.17647960662841797,0.718339684009552,0.3780270533766095,0.41531348645687094,0.7717633807479432,0.5424349921405627,0.29267754027647774,0.0820923166534912,0.02211748871020972,0.010801908594612303,0.022307387607359404,0.04679226537990334,0.009114073607099567,253.11475515544103,296808,0.07669916396960623,0.16457333524322984,0.11077435902029116,0.028609725748610444,0.009110563288451617,0.744925111234188,0.9611641429177482,0.9309355304354715,0.6816561400000737,0.43463850812324467,0.009190968633629386,0.010577397561402775,0.009181082688478965,0.008551764906620353,0.008501153639010132,0.06191448354860771,0.06282167162175226,0.06230859667008553,0.06412699328624265,0.05859821689562316,37100
0.0006552076339721679,0.44954691648483275,0.1649146580696106,0.6735862946510315,0.28149661115434,0.4202878582477571,0.7684939533472066,0.5493891937087989,0.2850792650686633,0.0854713161761808,0.023640888864174488,0.009083252679556616,0.02232645327054268,0.05434399823390758,0.008626673584412051,253.1216035338262,297608,0.07757709475234155,0.1652171261608601,0.11354049930006867,0.023981523712737363,0.009505173308996131,0.7439817702770233,0.9612696716189385,0.9269416411312261,0.6416343190882469,0.4536672697799042,0.008987092843744899,0.010251839987467986,0.009060885467357482,0.008106939126921838,0.0085434209022874,0.059919281834736486,0.06361623456235971,0.0556255047475653,0.057646403882173014,0.06269804970591829,37200
0.039921677112579344,0.4893907618522644,0.17363638877868653,0.7201495862007141,0.26044225748281835,0.4244344879686834,0.7722963897427126,0.5505902504566875,0.2983132828202545,0.08492086433733892,0.02282941199839114,0.009004252852787782,0.021055819277679282,0.05281853237486793,0.010240712114094871,253.12985713749853,298408,0.07927633233368395,0.16571245817982372,0.11290073416905827,0.026831167417271203,0.012084546828611145,0.7500256252288819,0.9604599113440399,0.9366821823733871,0.6757782703918931,0.4356034782070382,0.009849721139762548,0.011164962777390552,0.010500222967826937,0.008257676146349124,0.009421577575267294,0.05522406112868338,0.06236349450115432,0.05938402596298634,0.04461125698164882,0.054098991198071184,37300
0.0035806894302368164,0.44579607009887695,0.17637120485305785,0.6797618174552917,0.3330300114882656,0.4087602126598358,0.7660896471758795,0.5464034379947746,0.28450426582883065,0.08160208079746921,0.024156938153319065,0.009610849391674251,0.02146262139791535,0.05539153115596713,0.008460165322441782,253.13803504791613,299208,0.07459850203245881,0.16452827908140327,0.1115020846149751,0.023425098605135964,0.009760470487837429,0.742539713382721,0.9625711617523064,0.9349486688772828,0.6404242742352366,0.45682202612312095,0.008656684434972703,0.009697348626028737,0.008751230336548317,0.007966736320224477,0.008342635085426483,0.04785809688735752,0.05457950606369855,0.047239922423891335,0.04274979902476799,0.04773132725917161,37400
0.0008296847343444824,0.4675477957725525,0.18549247980117797,0.7104304671287537,0.22921631340578644,0.4224662098288537,0.7615722406531961,0.5418582446080574,0.28305125178922214,0.08670240439973848,0.025052037886343897,0.010436573825551474,0.022325485850624903,0.059214684716313304,0.007138567477987944,253.1446154350946,300008,0.07726641904562712,0.16385774709884598,0.11081756528546204,0.021731784490751454,0.009829734946533886,0.7496350330114363,0.9607964655234351,0.9272170507527419,0.6268889780205804,0.47885127042986675,0.00888675149763003,0.010059818720347936,0.00888615394595693,0.008013415830839728,0.008543326955087015,0.04823444073088464,0.05378434882980385,0.04798892597132856,0.046132426749428974,0.0446789925869976,37500
0.0307572078704834,0.45820817708969114,0.17009834051132203,0.6815657496452332,0.23098320222374125,0.4276318235695362,0.769425183954373,0.5547869282862099,0.28175159926534815,0.08712560191076804,0.023869551783427607,0.00937592577158601,0.02035406873515132,0.054355711184886364,0.008324136921610848,253.14845165078438,300808,0.07890611076727509,0.16686168040188265,0.11500811165208986,0.022763810731436424,0.009597721720173804,0.747624440789223,0.9563673068659967,0.9400771046211708,0.6326088705740938,0.45920546162635695,0.009310495397076004,0.010448203433060176,0.009284297413403657,0.008714286544266224,0.008738067489057939,0.050574270654469726,0.05603385254950595,0.04817673911273641,0.04975110399664951,0.047651465318383636,37600
0.0008773088455200195,0.4724265193939209,0.180420880317688,0.7093217587471008,0.26803750920843084,0.43311801254749294,0.7747812197321945,0.5461993845654473,0.2843196852904994,0.07779084936360632,0.022953629931434984,0.00851324451754669,0.0219211687457145,0.0521960859754827,0.007751417888498227,253.15483717140756,301608,0.08074779275804757,0.16592353688819053,0.11161959171295172,0.02511055060412462,0.010144925528355145,0.7544637748599048,0.9615363705725898,0.9317501120123216,0.6435077885302095,0.44006772561626534,0.009334899280220271,0.010949949454516184,0.009207552540864718,0.008303827490294123,0.008772401573928845,0.05549651289475149,0.06762781243749136,0.04890922597876531,0.05101955138692048,0.053916461712382346,37700
0.028464903831481935,0.4590455985069275,0.179990017414093,0.6913166618347169,0.3161500027634826,0.41673103496432323,0.763363592285928,0.553586853984393,0.28896407142860203,0.08443356886618403,0.023641478186473247,0.009658676532702769,0.02047925283868782,0.053628890639514586,0.008826591271612255,253.16978687732689,302408,0.0764947106875479,0.16508048715812898,0.11340414339079051,0.024299178291699926,0.009742361768359444,0.7503451043367388,0.9580377060207509,0.9419223281010137,0.6506601583610461,0.45845053992678797,0.008761259303428236,0.009966350542228728,0.008909156442760432,0.007773662099017972,0.008517837865586993,0.05295567532535642,0.055130758962741576,0.05160808475591453,0.04711515706109375,0.05843706053901634,37800
0.0007725310325622559,0.4757177472114563,0.1800578284263611,0.7091436171531678,0.23189787139059187,0.40773034825921095,0.7659474546427553,0.5459516982993354,0.28731954026450424,0.08341832809742096,0.022292170999571672,0.009123344585381523,0.02093680303432453,0.049388901170111424,0.008870463424457988,253.1781228004687,303208,0.07422100290656088,0.16414604525183146,0.11193675645019702,0.0245517439467378,0.009200644398121181,0.7397036844491958,0.9630142993877586,0.9374841947270478,0.6654684118676981,0.4407532463006882,0.008608798561617738,0.009689862243927665,0.008243368075573406,0.008039281122012153,0.008504233438364947,0.047552609955891986,0.05164115359147745,0.044972114857164736,0.04604558095015124,0.047555840043264,37900
0.03082376956939697,0.441762228012085,0.1838936471939087,0.6791238975524903,0.2171436052730025,0.4138953502476214,0.7664447777050056,0.5390781671572953,0.28553653973648835,0.0832649989505158,0.023587490301579243,0.008790394133460926,0.022262279259470788,0.05331032882343995,0.007416218234640029,253.18517829055742,304008,0.07641236515715721,0.1642188187112513,0.10943176790307735,0.025406495287594654,0.01273062061741855,0.7463786929845815,0.9638874798091418,0.9285643562292436,0.6470955839739166,0.46064331676020775,0.009814098505303261,0.01081085894208824,0.009532568425847557,0.009098572500198734,0.00988447163583278,0.05290704154293053,0.0572805320694034,0.04685086082631295,0.051375892975787325,0.056233469433870864,38000
0.0007210731506347656,0.48239899396896363,0.1770588779449463,0.7133773493766785,0.27755356934612047,0.4111550505459309,0.7656165274025881,0.5508628106051752,0.2891608375099907,0.08499454750461662,0.02488266642205416,0.009856034266513759,0.021107797029909198,0.05589536571899942,0.007709746258286986,253.19642289069665,304808,0.07530277337878942,0.1650910936100945,0.11321530527957195,0.025300150677413417,0.011874628245172585,0.7419166341423987,0.9594423237271337,0.9351412336249936,0.6449333624502196,0.46929941871272984,0.009437038814648985,0.01022145518038363,0.009325054289957321,0.008961059552806934,0.009328227724175705,0.0519110389240086,0.05823927297846889,0.0504202361315857,0.04841999177804497,0.05117278051011224,38100
0.03100142002105713,0.4785160064697266,0.1788167142868042,0.7140179538726806,0.21610436043828304,0.41802036821842187,0.7726569599575466,0.5440170542065024,0.29001781757901485,0.08372799640181912,0.023053323766216625,0.008995625868232715,0.021428936503135255,0.05482598522882809,0.0074322340021304506,253.21609473744846,305608,0.0773789244703949,0.1655029539432789,0.11113388107809354,0.025042199432186753,0.010902907382788618,0.7553004610538486,0.9611686779393092,0.9347906674431493,0.6515972105620416,0.47050369079477095,0.008972242746967828,0.010645753388396578,0.008627341899493358,0.00819528813556772,0.008603346228984926,0.04722595827654003,0.06093873553391958,0.042421717068955166,0.04429096339943365,0.04317690718350153,38200
0.004681408405303955,0.433133442401886,0.17498867750167846,0.66175306558609,0.290155922617808,0.3991856203973291,0.7777027549979451,0.538720187745564,0.27373345113462844,0.08649503586543023,0.02287475844845174,0.009025770604129433,0.022109166193039285,0.05233053202891363,0.008936573514850221,253.22384483113586,306408,0.0729983681626618,0.16603190067050208,0.10952628226323453,0.02416501578056451,0.009945565792075487,0.728727906942367,0.961957587973102,0.9298996993297121,0.6277350268580694,0.45878356064993914,0.009008613904006776,0.010420423955400743,0.00880235885004537,0.008070996555622023,0.008869873952645688,0.06098897875286638,0.07543560130276035,0.04832214305244889,0.05332454301962492,0.06686110325190467,38300
0.0006273317337036132,0.4809426498413086,0.1756389307975769,0.7138886404037476,0.25946579689334726,0.40869404837489126,0.770354281453525,0.5474233633250151,0.2859868962398692,0.08879518441104309,0.02215596436522901,0.009170609450386094,0.021556806600008575,0.052727779449449605,0.008662447475280876,253.2308545772811,307208,0.07572984261438251,0.16599797780182282,0.11300231503387587,0.02345351735762645,0.01102342037075576,0.74551107943058,0.9593203051842474,0.9310135829508006,0.6556960431777911,0.4790972055573214,0.009056366563308991,0.010584694069416761,0.008647689757989118,0.00832900019114553,0.008750148171665181,0.0464601067872718,0.05768044971248365,0.04123677570252347,0.04287369465506029,0.044756533337038086,38400
0.03773767232894897,0.4456428360939026,0.17252378463745116,0.6746147990226745,0.30912223144073253,0.4189762471616268,0.7762260901990359,0.5493571375875164,0.28017783466349827,0.07896673417527157,0.023833513418212517,0.011354448838788452,0.02091256567791581,0.05952829400893675,0.008123692799961406,253.24443430604506,308008,0.07813543992117047,0.1648767126324289,0.11252938309624856,0.02250716241019037,0.01116363215919163,0.7427263808250429,0.9632004939448767,0.9380238050739519,0.6259664186600895,0.4403800671955324,0.009549801894463592,0.010751889065317606,0.009315436637905091,0.009159719006399088,0.009036415553089433,0.05769362463615834,0.06772633172396128,0.052549422871678644,0.060164515585690845,0.05189416493631833,38500
0.003061795234680176,0.4637900805473328,0.18397844791412354,0.7021024942398071,0.28187749109119203,0.4176282556354999,0.7728538953196943,0.5496750736179261,0.2772504482513818,0.08782163629471104,0.02264764977619053,0.011494907980214273,0.021070974160326075,0.050544282973099194,0.0081732744386067,253.25101397908466,308808,0.07813452301081265,0.16564306616783123,0.11343794939323124,0.02483868049457668,0.011801732126487751,0.7477222421765326,0.9598750624981226,0.935333552555396,0.6372938315073646,0.46611641014663907,0.009528231753502037,0.010504698212604724,0.009575093894874546,0.008825260815091232,0.009240983762706014,0.05545442367438229,0.06667122412814283,0.05075847685489305,0.051240677773379366,0.05378465912331945,38600
0.030771281719207764,0.441097526550293,0.18974899530410766,0.6833953046798706,0.2814647555346449,0.4092999958992006,0.7648684028032662,0.5457574539241339,0.27698666337378247,0.08338797475560013,0.023924635108560317,0.01054726153599552,0.021644042676226005,0.055354339910728724,0.009025942632968213,253.2652298919752,309608,0.07582263564690954,0.16421936549044924,0.11186974552415668,0.023143067988375038,0.010877364937445563,0.7345291006565094,0.960389615393974,0.9322184349809375,0.6155217317576258,0.4491664001726989,0.008963877069763837,0.00993810039819092,0.009141380333208616,0.008187448399467868,0.008646911007939219,0.048450987227261065,0.05693204989153383,0.045117182435379176,0.04583190692847923,0.046741053537063953,38700
0.000744168758392334,0.48071459054946897,0.18030135869979858,0.7139164662361145,0.26463743253630745,0.4228317603468895,0.7719176504063733,0.5499824531924676,0.28899382558815606,0.08368825660315603,0.020895271021872767,0.008578778742588455,0.021237450234543577,0.04884482723496417,0.008974120769878172,253.27197557239185,310408,0.07876241471618413,0.16495901664948082,0.11295640891119506,0.02415385089869447,0.00926184323550431,0.7584053656458859,0.9630769287201171,0.9364470919489349,0.6670783670509566,0.4571052292045554,0.008869139687158167,0.010516545003190393,0.008694656396857207,0.007977907107595135,0.008320792444173327,0.04963379974244165,0.06271782908140422,0.044138953078626836,0.044020758429542194,0.04858103142238555,38800
0.033661174774169925,0.46517409563064577,0.16997795820236206,0.6894843292236328,0.28493095132790375,0.41333964854478844,0.7672306639344796,0.5512009937730105,0.28091871746445196,0.08500457992864265,0.022047732495702795,0.009505287596687645,0.020950274194883944,0.05223966393399463,0.007698019484501936,253.27681951827643,311208,0.07770241379737856,0.1647357121109962,0.11351438434104683,0.023947029363273847,0.013445354910528225,0.753459525108337,0.9614012409811431,0.9357761370914948,0.6378183082867692,0.49115860406483436,0.009984635608270755,0.011326329301759279,0.009650866768357377,0.008953549906671533,0.010064095282648637,0.05547669506398961,0.0661926296559851,0.04461817964221595,0.04954736391633188,0.0623765219781964,38900
0.000657498836517334,0.4734601259231567,0.18849185466766358,0.7163778281211853,0.2747629530440564,0.4381982551515103,0.7680937845532487,0.5547929566114311,0.2916056626500227,0.0840187287572157,0.0235312805790454,0.010161310462735423,0.02006173419014234,0.05514857321738815,0.008871022070077455,253.28638460383937,312008,0.08199215311557059,0.16411073389576716,0.11502923373850661,0.02520009075554135,0.01077269786613185,0.7636717182397842,0.9624032046736741,0.9397306792232973,0.6508522528868452,0.44982000301172437,0.009439382338896397,0.010564511521469531,0.009330230950881988,0.00882064538697402,0.008965740722327769,0.04865749157266695,0.05779415749513156,0.045687742858116935,0.04407877577946356,0.04682913050311357,39000
0.03086921453475952,0.45586343050003053,0.17778056621551513,0.6862271404266358,0.2897008229089768,0.41480861812829967,0.771869580256634,0.54628240937988,0.2899640863164891,0.08373045205537759,0.02420507265254855,0.010567884782973963,0.021652187366271374,0.05586961007176947,0.008593189017292823,253.29284516655144,312808,0.07592095719650395,0.16542286139268148,0.11231795403485499,0.023773073062777816,0.009944413595699825,0.738009794950485,0.9603668582745089,0.9320791400969024,0.6446470997016417,0.4443511417933874,0.008790085194632409,0.010024704091632978,0.00892175603318417,0.007880753500322841,0.008402289232860011,0.04999179748818278,0.05687121084580816,0.04695411986904216,0.047368635386779094,0.048916799415435114,39100
0.0006203532218933105,0.46684449672698974,0.18003816843032838,0.6985288095474244,0.271806426001281,0.4095819379389288,0.7645190887305195,0.5492662997997333,0.27751108008255887,0.08708120156168646,0.023390735695138568,0.00948988112124463,0.021090792836216482,0.05363034340001253,0.00792279195777947,253.29795362511186,313608,0.07557303840294476,0.16440874132878922,0.11324240004076899,0.0235577238242526,0.01161261112819109,0.7402762317657468,0.9602012841068966,0.9347795345213104,0.6301631314494606,0.47396017119074524,0.009291237841825931,0.010049501595524507,0.008858059014132977,0.008392717104440476,0.009868621019619783,0.05381393358111382,0.05986493726127917,0.04759046740060592,0.046566077856726625,0.06093555374258162,39200
0.03157370328903198,0.4718519711494446,0.17952576875686646,0.7055045151710511,0.25549747898716774,0.4236514820158482,0.7735403724205796,0.5491385173122839,0.2855080708544307,0.08774600095320038,0.02161352751776575,0.009428558835926916,0.02137681878312437,0.048711523663827236,0.008598053933507424,253.30402453161327,314408,0.07907696895301342,0.1646106729140649,0.11364491603706244,0.025047290966192143,0.011516495728751698,0.756572821140289,0.9638776244261325,0.932049942185294,0.6616311656667826,0.4649798515366347,0.009396097459830343,0.010564580836739309,0.009110183661522445,0.009082735456684806,0.00886766586634445,0.04986147280433216,0.06390581349424347,0.04378206820670902,0.046818509487375766,0.045579835944581856,39300
0.0007297849655151367,0.43013052225112913,0.17434366703033446,0.6610688734054565,0.2814216826572897,0.4101332980394365,0.7689434625600514,0.5518937756072034,0.29396776534686575,0.08716641185439639,0.022183422781527042,0.008457208709105064,0.02162167083492479,0.04762145745019629,0.00940996485546876,253.3106269815139,315208,0.07546147167682647,0.16506723549805175,0.1144700503324742,0.0277547455212171,0.010436155253947296,0.7394119516015051,0.9612695697106812,0.9288109979786723,0.6702364702648091,0.4505333524441049,0.009109961949288838,0.00989491059935015,0.009151124730603873,0.008342917703927673,0.00914508156983234,0.05501990852106244,0.060432710332756184,0.047298560339486,0.05380836587091072,0.0579924466143222,39400
0.001039111614227295,0.4883002471923828,0.16750490188598632,0.7142113018035888,0.3024862255495073,0.422421546727419,0.7676886814771241,0.5531887353555255,0.28734272879294415,0.08191933630307982,0.0216185836866498,0.00910151269726128,0.021229232635910388,0.0512134353736077,0.008845530640691414,253.32925377393752,316008,0.0792582643777132,0.1649818290601072,0.11443081664848548,0.024157782225467467,0.009895821620039293,0.7518514579534531,0.9608079652810835,0.9341779560803272,0.6638485877351319,0.4438961964647914,0.009276842747349292,0.010769599494188256,0.00918695911208006,0.008345752019191757,0.008774291445893987,0.05226706621237099,0.06649179861775228,0.04637630091614377,0.04375616209158169,0.052401656916109006,39500
0.03193005084991455,0.4570159029960632,0.19249771118164063,0.7058042693138122,0.24843522178114863,0.40215472131967533,0.7710441950331914,0.5459454108530016,0.271487865149975,0.0925127098766657,0.023387768818065514,0.008732502705815201,0.021578500733076048,0.05483867309521884,0.00837473418643674,253.3478593475995,316808,0.07343627007678157,0.16524313817198352,0.112187090797804,0.021171860084868935,0.011546425550345893,0.7436550325155258,0.9624777817994018,0.9318340349553238,0.6264711841940872,0.5023081575044145,0.00901817073114217,0.010401131122195153,0.009073225732670345,0.007989384732209143,0.008785248535992878,0.04639251077780503,0.05501542269812081,0.04410897825024471,0.043925086647504885,0.043757201014381596,39600
0.0006912684440612793,0.4645915365219116,0.19201235294342042,0.7169230079650879,0.2319424776185095,0.4251911000907423,0.7745915630142097,0.5511816564202308,0.27851561382072687,0.08873419834138904,0.025108565595000985,0.009418372240929208,0.02123105648206548,0.0569657798597087,0.008204979167836109,253.3571920542496,317608,0.07754293762147431,0.1649313185572019,0.11330745715647936,0.02333418947971982,0.009626095312262843,0.7503864738345148,0.9638100106098937,0.9351278749108307,0.6213973651737927,0.4746033154104068,0.008976411377079788,0.010397043116958016,0.008925238775555039,0.008100164437572974,0.008553955655889182,0.051189741422422254,0.060626071003185296,0.04826192138250917,0.047587521114816136,0.048556552987302756,39700
0.03184260368347168,0.4531478643417358,0.17711564064025878,0.6871007394790649,0.2853764587560187,0.43620908737182623,0.7663118378171384,0.5552781568794715,0.2787550601821676,0.08397762760519982,0.023971024556085466,0.011037152781116095,0.020548863895237465,0.05279777372309651,0.009385652574045323,253.3632233239565,318408,0.08119949053972952,0.16454873458956765,0.1153489786313801,0.023362534084858794,0.008967502948694998,0.7535778921842577,0.9606887619450408,0.9369922440226482,0.6353556344715448,0.4283366554124014,0.00906944179907441,0.010052678109375095,0.009106483876069152,0.008187693203441225,0.008882950280926052,0.04713208312517963,0.05462946007983708,0.041527515878083135,0.045133631156484326,0.046990199586642675,39800
0.0007244253158569336,0.47894561290740967,0.17275262832641602,0.7099808335304261,0.2656824929459838,0.421831718236208,0.7692711412906644,0.5483484104196861,0.2853625014623889,0.08584009697610998,0.024256637161597618,0.009984606686630294,0.02141851642311959,0.052316230655248694,0.008777823416207404,253.36762449050184,319208,0.07731599490158264,0.16482174940407274,0.11287300856340497,0.025409976502747407,0.009965844087571622,0.7479322588443752,0.9620396348834037,0.9329530196215112,0.6401278073234218,0.4610755679441646,0.008999094141181552,0.01040087179280818,0.009038772422909019,0.008205065603501033,0.008410899846361364,0.04919799862895161,0.05811371142510321,0.04490366641422194,0.04486829340125301,0.049189122695037585,39900
0.029139385223388672,0.44941044807434083,0.17481564998626709,0.6772649002075195,0.24725536717988905,0.4232475879788397,0.7618068442040801,0.5387007970185504,0.2845950494746906,0.0866279636986962,0.023673188034445045,0.00938504055261102,0.022110069968870685,0.05747293367780547,0.008698481006492205,253.37528101933907,320008,0.078665676433593,0.16478193156859447,0.1095321789206494,0.02400450886327874,0.009325548291753112,0.750433079004288,0.9573071528883542,0.9289147660845802,0.63169487295924,0.4632843436293342,0.00901528654852882,0.010319593385336752,0.009090875409587865,0.007913456216605535,0.008626661453377548,0.049073189441114703,0.057194076583483376,0.04320546537194222,0.05017494180717983,0.045947502325497484,40000
0.0007544970512390137,0.48100756883621215,0.17321794748306274,0.7075885272026062,0.2575440634762416,0.40801958784460995,0.7634202780262119,0.5488652893812348,0.2767263176277852,0.07838057055521541,0.023440929749049242,0.010003693511344065,0.021437965646976285,0.05201271035296554,0.008543843549548418,253.38505913752897,320808,0.07491996070370072,0.1640053658235455,0.11255722138846275,0.024140487694799383,0.008201913052699614,0.7341302123665808,0.9614839454491935,0.933393275678747,0.6272102304949215,0.4385440635914896,0.008522279188036908,0.009838561457331474,0.00850249028829212,0.00788783801432985,0.007988615559560118,0.046981857125647355,0.055426829186598595,0.04275729721827005,0.04379486500581083,0.0467146544730948,40100
0.03541021347045899,0.44440905094146727,0.1907404112815857,0.6909367489814758,0.3129691033218559,0.40270353421568866,0.7723046953088788,0.552195009136699,0.28385401236901536,0.0814233318828221,0.024265925409272315,0.008968395662357964,0.02114535399093366,0.05497878953310398,0.008414211992323046,253.39113619541052,321608,0.0734362682513893,0.16517877411306572,0.11450861008223442,0.025423705068399815,0.009078313334202268,0.7290562319755547,0.9625302489553946,0.9326598728514471,0.6388529385995418,0.44369306698651384,0.00914446124108508,0.010577012512707307,0.009208094560253531,0.00831572514843333,0.008738434846193787,0.05405345648759976,0.06245903627491775,0.049011333088551476,0.04959096329995869,0.05611766250629167,40200
0.0008017826080322266,0.46781338930130006,0.18702638387680054,0.7086422204971313,0.24772180725780907,0.4179750187695026,0.7665150673950414,0.5430587514614069,0.28877183213373886,0.08242491546731733,0.02272094413172451,0.009207180545975763,0.02172236947565884,0.05199326665558836,0.009313054372166963,253.39693749202868,322408,0.07708065178245306,0.16364910358599602,0.11097971056976047,0.026009076640808135,0.009010677214693993,0.7426984816789627,0.963612609634212,0.9325815184662741,0.6517032415282968,0.4365015703325087,0.008846900169737638,0.00992195087704149,0.008665243052140186,0.008283129277905168,0.00849145265573707,0.05055405075429008,0.0608182887868572,0.04580648292418722,0.04669565130951723,0.04850537169617239,40300
0.0005935120582580566,0.4652829456329346,0.19739956378936768,0.7188584780693055,0.2818764041410284,0.41742300420999523,0.7697152331952127,0.547403510946494,0.2887086582860507,0.08617461801286624,0.022963615660555655,0.00900847025425924,0.021149105493140457,0.05136784600714844,0.008357583421128037,253.40467456557158,323208,0.07682098446413868,0.16489022545596593,0.11240817337798391,0.02537406106807902,0.010823492131584398,0.7505722951889036,0.9627329598190959,0.9356176073734579,0.6571620927340743,0.45602257527298634,0.008930579046718767,0.010267356140238632,0.008857036721355344,0.008173290959554883,0.008545729289552072,0.05555138194933532,0.05809476358755941,0.05553424781492844,0.052580312209356855,0.05628256964492586,40400
0.04143463850021362,0.4697530078887939,0.16109810829162596,0.6854711318016052,0.2500283950628141,0.4285101929306985,0.7654281135263117,0.5526479689442381,0.2896567594494904,0.08270080686239899,0.023813530663028378,0.009056374757536886,0.0210373600830837,0.05248853859810476,0.008025711013378805,253.4142323965972,324008,0.0789103771746159,0.16387481774602627,0.11359776391134578,0.026605142656973807,0.009442516577861916,0.7596154540777207,0.963871741823375,0.934332505172613,0.6513156501559523,0.47097852742871776,0.008949773197527974,0.010186988137790868,0.00898765594394383,0.008237064553861004,0.008389112123355864,0.04456145842443223,0.05153507780767706,0.04096861373887361,0.043610760798417705,0.04176597069563895,40500
0.0007167506217956543,0.4752110719680786,0.19036000967025757,0.7203243923187256,0.23773466714189928,0.4215907986462116,0.7777528038435576,0.5514444523954138,0.29076647279230317,0.08132600480665085,0.021996517451480017,0.008907429144258787,0.02136974235159908,0.05358970597688411,0.00833481205329639,253.42034681039354,324808,0.07806041326373818,0.16598357944682463,0.11373598164415613,0.024955779549388876,0.008549381781063254,0.7399097278714184,0.9614258665217167,0.9328904451533432,0.6520154724249965,0.43797442493917743,0.009030167812015863,0.010365063977387673,0.00883212161778328,0.00831666505090087,0.0085280643899385,0.055976123835425835,0.06265433001082446,0.05333355070405548,0.04923450733232938,0.05755427515040654,40600
0.0329963493347168,0.448001971244812,0.18809166193008423,0.6869408845901489,0.2440768542505726,0.4261957018077372,0.7693564714688172,0.535730569690898,0.2863791836159569,0.08174953283289982,0.022305772695690416,0.008876576931281722,0.022082028494346952,0.05533543028469599,0.008291765199793348,253.4270787266964,325608,0.0792166369408369,0.16576051958045881,0.10801442546976933,0.023042213564206444,0.008935464094551189,0.7500731092691425,0.9589283190808207,0.9322082823601322,0.6423446263585773,0.44363231768885886,0.009097583084367217,0.010544266168441062,0.008923594221238784,0.00819783599248954,0.008547945326709562,0.051660835458897054,0.06144798968760473,0.045309999105093174,0.04882630908861755,0.05037825557321883,40700
0.0006612873077392578,0.4599933624267578,0.20009979486465454,0.7144438886642456,0.2577529292814777,0.422594577819109,0.7736916066451396,0.5481897105391218,0.27680579382319787,0.0826982528720374,0.02515164138749243,0.010851582522513682,0.02113072652047357,0.05629574938915492,0.008305328817779973,253.43541656632573,326408,0.07735755281522867,0.16528704515392914,0.11204093596181619,0.022741940866635984,0.009737015057117281,0.7486992856860165,0.9611116413007746,0.9382473150124909,0.6205079472342208,0.46141430120105326,0.008867105869576338,0.010281732595414697,0.008986173340907462,0.008072278635619686,0.008177425778146986,0.05420133367180826,0.06314146221456132,0.05165753705659883,0.05046737858549107,0.05206255775208218,40800
0.03477977752685547,0.453260715007782,0.17457188606262208,0.6797195529937744,0.22576937334483613,0.41922990769147866,0.769394410466685,0.5525325177818213,0.28112780420791983,0.08412529368098212,0.022064264751970767,0.00869481223499746,0.020378687060988856,0.05088289473251912,0.00869660184592081,253.4432571477365,327208,0.0773921042680741,0.16474320254858243,0.11386025368526409,0.02349238632947649,0.009966575219612384,0.7455998909473419,0.963929729264916,0.9396941421493402,0.6456690421788998,0.45001035176434523,0.009062536968849604,0.010365908511109575,0.009192633745510895,0.008080186924002702,0.008604974691638529,0.04978067709133027,0.05900559067111284,0.045320352729690296,0.04504512379517648,0.049226647477994885,40900
0.0007915830612182617,0.46688438177108765,0.1778671360015869,0.7010453081130982,0.2652124483539927,0.4148631267249586,0.7660729458896067,0.5375258854337934,0.287531826299865,0.0791095906629777,0.023910617958754297,0.008667866952882533,0.02253817658323063,0.05432974763396312,0.007976938132196677,253.45064512029606,328008,0.07666668202728037,0.16524409943370397,0.10866372071415464,0.023799183476352837,0.012641406317169847,0.7456946063041683,0.9603820020152685,0.9292006693153737,0.6518050693884134,0.43823410058632883,0.009611014700494707,0.010220472262771703,0.009514370759096101,0.008994040878989355,0.009784359984004344,0.04862082513980565,0.052975643408654995,0.046860287947336494,0.04401580174339972,0.05124025363952682,41000
0.037679743766784665,0.42541220903396604,0.1975245928764343,0.6822015285491944,0.24378129308142737,0.4101220168173313,0.7623498882016831,0.5315675606716033,0.2920879822188214,0.08231432014836523,0.023817595979198823,0.008897087693224422,0.022657221312028814,0.053011904902376485,0.008967218932691078,253.46050660449674,328808,0.07516768179833894,0.16414798972427214,0.1070268850918244,0.02464817327026784,0.012265137512015524,0.7446130022406582,0.9615850054448652,0.9281007242434234,0.6648870726812233,0.4390104123861485,0.009333660444244747,0.010446086300597077,0.008822827615766134,0.009193110044647764,0.0089736294328687,0.05158453498966993,0.05862323089592876,0.045161268158445074,0.051921222105766975,0.05131046559735392,41100
0.0008531999588012695,0.4673610186576843,0.1900821566581726,0.7117418456077576,0.264261035235625,0.4309379588067532,0.7696888679549806,0.5490637805861263,0.2924423048208499,0.08202289883047349,0.0237655636575073,0.009915015529397702,0.02104136279694317,0.05381989259080129,0.009787953096000772,253.4693881315367,329608,0.08040900319814687,0.16463421519313548,0.11259916120298627,0.025373317843780215,0.012743154517374946,0.7482760196924211,0.9618426595415394,0.9367772165288779,0.6603080245661624,0.41076955575692026,0.009879597374238066,0.010297638521574086,0.009600317736775592,0.00896084256782173,0.010688737760248927,0.05408579152543098,0.05647917084528932,0.04737067163737524,0.05488717909948214,0.057546777226717104,41200
0.03940116882324219,0.4695869898796082,0.1700730800628662,0.6942616248130798,0.2570015721169286,0.4334505954384804,0.7708366909717548,0.5464057955986402,0.2813602396924243,0.08452573238113492,0.024029153864830732,0.009473389432854048,0.021439414239751216,0.060030137056386774,0.007955114298365703,253.4775019740559,330408,0.08064142232760792,0.16468731249889096,0.11195972183575992,0.021965941122585986,0.010884368058879724,0.7529117640852927,0.9622595102538897,0.9326465787031708,0.6233493456715028,0.4606577499011128,0.009554721182212234,0.010498579924428894,0.009561456809154698,0.008717478948988411,0.00929270981638165,0.05497394699603318,0.06332878636541817,0.049114467958227166,0.05268811277162871,0.05358470686394529,41300
0.0007747745513916015,0.47804131984710696,0.1781624150276184,0.7132059931755066,0.31603442945751004,0.4168055967986583,0.7733124890842947,0.5534314449240519,0.2952984122924466,0.08608453382707039,0.024072060277685534,0.009338738561633076,0.021069387148883983,0.0567568850155976,0.009081218721040512,253.4869214957772,331208,0.07588788775727157,0.16552259019903234,0.11368967629060517,0.02420716630950119,0.009312897127218797,0.7435290992259981,0.9617329407382654,0.9361389192139233,0.6541844828044948,0.44934357201318603,0.008730941535905003,0.010208230329727803,0.008737851454444789,0.008049537320083103,0.008071626269510149,0.04722884979099035,0.057372138055192506,0.044304329956450096,0.04675976125214572,0.041619214039490045,41400
0.000727384090423584,0.45046807527542115,0.1813575005531311,0.6821615338325501,0.230555711256669,0.4204194010794164,0.7646548269459836,0.5457455379452872,0.2743441510822745,0.08450634947768527,0.023464179728180167,0.009874050535682515,0.02200117943094886,0.057923656028623795,0.008388510806058212,253.4936880964693,332008,0.07823484122753137,0.16384514320928303,0.11183305790842465,0.021715204297964086,0.009940052628361206,0.7412545418739321,0.9611405690128989,0.9311539145251406,0.6088429646832606,0.4550958829062977,0.009024547394365073,0.010492659861203993,0.008484517861231786,0.008311239797826655,0.008703975746648732,0.05204320142511279,0.06170450050222613,0.04321719386350755,0.05392461489875812,0.04927793855257508,41500
0.030592150688171386,0.4708951258659363,0.18082988977432252,0.7050496482849121,0.25838891560240057,0.4138187424838542,0.7695439351571568,0.5497294109443136,0.28520189222056874,0.08904226232790255,0.024179381057620047,0.009167377418536394,0.020963263514410392,0.05637088233550772,0.008638814036865505,253.5038366680746,332808,0.07590062808245424,0.1648670223113653,0.11336997331216414,0.02519399997127217,0.009786578765572996,0.7412981444597246,0.9608507571993647,0.9347056311926816,0.6309705732516872,0.4638637946647349,0.00880614250432701,0.010018524306045993,0.008745785428697408,0.008008858216112682,0.008574115399506331,0.05444882516982033,0.06713762313152677,0.049154201712863055,0.046209922805202495,0.05650996510165479,41600
0.0006227660179138184,0.4758598804473877,0.1778339123725891,0.7071159720420838,0.24695823382092735,0.41435784578323404,0.7650908492690894,0.5508478849485348,0.27578787855203674,0.08442607768211921,0.023473520101979367,0.010063008991978243,0.020770540951641027,0.05209969182308959,0.009404929251050445,253.51112135537866,333608,0.07590402077883482,0.16498768203590639,0.11327692633995444,0.022524510734268758,0.008606498000571627,0.7366467016935349,0.9585619604409622,0.938340916108059,0.6370170588176969,0.4341801809202325,0.008771693818271161,0.010088219884227013,0.008714857030539746,0.008069388138050861,0.008247616599396906,0.04883583117742094,0.05789432835195269,0.04565393760730259,0.046087720744770834,0.04562259144103612,41700
0.031788487434387204,0.4673263144493103,0.1657208299636841,0.6837023258209228,0.2657293381712109,0.4312612624466423,0.7669965482760812,0.5427717724951303,0.28948348930115425,0.07755810737338233,0.02249028713442384,0.008806841571980683,0.022126449381069446,0.052433412714255195,0.008654836296652018,253.51577970887874,334408,0.08046380430459969,0.16491630485403172,0.11102007125935912,0.02471836667172807,0.008583690303566984,0.7567720323801043,0.9617341676048025,0.9300369059167258,0.6589272164163132,0.43964430037885904,0.009027884297538556,0.010216943275566416,0.008723091056979293,0.00831170385289523,0.008732999386362884,0.04977419609203936,0.05947426227182501,0.042849624306872176,0.04763971027430325,0.048457221472441823,41800
0.0007996535301208496,0.4597322154045105,0.192388117313385,0.7015187311172485,0.2930439394452987,0.4349122831225396,0.7715719871076886,0.5590229000036541,0.28494236835287634,0.08546291962061278,0.023311156583949923,0.009064857349799523,0.020410150446248453,0.05293654884184598,0.009062933400375657,253.5232286284226,335208,0.0820076282136143,0.16618279623342497,0.11715073485930379,0.02660329915013491,0.010204283459813106,0.7565480035543442,0.9593949969492712,0.9346011493068468,0.6421207779819529,0.45520827141436887,0.009930916829034688,0.010885839113125606,0.009701853595638231,0.009662120433488087,0.009426593005268293,0.05877082954160868,0.06995619283349926,0.054639735800894706,0.053935263816773604,0.056427862101162844,41900
0.03050160884857178,0.43318867206573486,0.19805336475372315,0.6860777115821839,0.21857125258487423,0.41612128242850305,0.7579368093470836,0.5521708381648106,0.27804852722649376,0.08655392961120424,0.02504313775338233,0.009194172156366668,0.0208331840320278,0.05875800981778989,0.009037284700233222,253.53337375339797,336008,0.07693182807415726,0.16368710330730893,0.1147275762171439,0.023865517682248795,0.009137692707424453,0.7396292459964753,0.9601551618600753,0.9331157679605017,0.6113006703591228,0.45990929494098715,0.008877336801961065,0.010233904563199359,0.008728521458786167,0.008434110891483906,0.00816752729528792,0.04474756367970261,0.05480271105659365,0.03843041161527064,0.04822764670895189,0.037645951027468774,42000
0.0006876611709594727,0.4692783498764038,0.18150485515594483,0.7035865950584411,0.2769236985165389,0.4139732272922995,0.7637402518257421,0.5504819117486474,0.29296708827795,0.08229575257305756,0.02439959909766911,0.009614805793950422,0.02143114005108754,0.0544333869937894,0.009234130109365248,253.54060054714287,336808,0.07605962246656413,0.1640505729077374,0.11288193122406177,0.026086488179862498,0.0110500641605162,0.7406152510643006,0.9618009924888612,0.934683117084205,0.6508102425309114,0.44259829391347294,0.009199204379692672,0.010345722114696547,0.009138633979697879,0.008493729622298211,0.008923569242331654,0.051173306610435246,0.059705272482717814,0.049617121849829936,0.04704604199546015,0.04897797930672172,42100
0.03483054399490357,0.45360842704772947,0.1844796371459961,0.6952247619628906,0.2634313688780866,0.4306609708070755,0.7547413288989916,0.5429555063064279,0.2856911857213292,0.08509922284810312,0.022338608447462313,0.009144166791833346,0.02153996649296738,0.05146363883638979,0.009032245798075883,253.54945243974947,337608,0.08091315800324075,0.16371013648877628,0.11058676389690786,0.023710267298002415,0.011710422651265704,0.7637444353103635,0.9604299413823635,0.9348095787259245,0.6640776389490356,0.45244695459093404,0.009623246267437937,0.010566956309218695,0.00923205989798029,0.009313396077169465,0.009295069028638178,0.04351545097772031,0.04604974619295693,0.04309975439816923,0.042503273375726576,0.04211559531244413,42200
0.0008616256713867188,0.47460262298583983,0.17988189935684204,0.7111256837844848,0.23330368139946206,0.40870924770832046,0.7683777589012272,0.5380154941319291,0.28615300077507777,0.08630527474917471,0.022759519694373023,0.008993818787117054,0.02207552070919231,0.04858157581304303,0.008094465887406834,253.55786995268753,338408,0.07431104803457862,0.1634683494710111,0.10855667614400104,0.025919084288529685,0.011260924972011713,0.7486934429407116,0.9641509238969196,0.9317095353140081,0.6584689580778564,0.46209796279668824,0.008720694063231352,0.010357925287363208,0.008364091742059914,0.007801812600143296,0.00863475479301997,0.05358580051222816,0.06629174094731836,0.04522931192542532,0.051987028496007635,0.05292336058570069,42300
0.0005977296829223633,0.4546548843383789,0.17477797269821166,0.6813058710098266,0.3073235173671178,0.42869916409254094,0.7645665115239666,0.5414327950640163,0.2976219602884391,0.08440633973589652,0.02232276086695492,0.009276998528678502,0.021562205593694327,0.0500962445942255,0.008081820544604433,253.56829636717416,339208,0.08082945423200724,0.1648852799315841,0.1107401658865538,0.028147922255671948,0.013197710156125371,0.7655607581138614,0.959029983501045,0.9340083352544092,0.6749491000786813,0.46233768027926286,0.009701284875627604,0.01067237667644358,0.00930246068164706,0.009453020367819144,0.00941461243509024,0.04978778691496702,0.05793768926095978,0.04705817256842485,0.04454224418896508,0.04992543309483498,42400
0.030234341621398927,0.48599634647369383,0.17350213766098022,0.7130151629447937,0.29528261043631926,0.4060175998508931,0.7601052656530698,0.5465097316933161,0.2871033579186737,0.08425851489447021,0.023104952825233324,0.009766335016425274,0.02192976869179435,0.05218809910666971,0.00939012577514841,253.5796557724031,340008,0.07441033074632285,0.16397095802314784,0.11115989979678005,0.024965031570069466,0.009356547293750798,0.7379750552773477,0.9593088132812378,0.9329531634519547,0.6537171986502434,0.4493846463286171,0.0086901905015111,0.01001206314798822,0.008649215258204088,0.007912985673221528,0.008297456662302425,0.050153639300260656,0.056108654213989605,0.04585380772327254,0.050039112785367774,0.04903967014607467,42500
0.000697486400604248,0.4471521997451782,0.18518810749053954,0.6859406280517578,0.3255326480303098,0.42135541915893554,0.7680055240415168,0.5576200743735827,0.27954949338201396,0.0905835344499656,0.021709872973151488,0.009506344520662619,0.020043883544717048,0.05052033058304938,0.009225171916709046,253.59088164009344,340808,0.07857738286256785,0.1645404133453684,0.11585491842163204,0.024555426296039722,0.010609352607584657,0.7507259917259214,0.9610938539482513,0.9403026726364431,0.6452873173155315,0.47707317588485293,0.009390067153144629,0.010588219554058096,0.009449449134990575,0.00870082289260363,0.008774495632474745,0.053789674914442004,0.06446755647149713,0.051843214468793815,0.04721849185409786,0.05078423931263386,42600
0.030731942653656006,0.46443713426589966,0.18975776195526123,0.7084144115447998,0.22672736938606783,0.4272097441554068,0.7623200042575008,0.5483041263208162,0.2849864987108634,0.08403702238624415,0.023166973022744054,0.009271210426460105,0.022036686605524006,0.051254736090663305,0.00892387501855585,253.5985825947037,341608,0.07857070405967533,0.1627523061253277,0.11297234516681692,0.02378385859614641,0.00879066730326511,0.7546073669195177,0.9649092657308955,0.928723038696662,0.6524760889656405,0.4457275854712502,0.008806589553132654,0.010261831412493604,0.008952289238208672,0.00787111176360471,0.008079849950530946,0.05188665556721392,0.06414970047498014,0.04874068266007956,0.04480248310731028,0.04968577036185858,42700
0.0007102441787719727,0.4678580546379089,0.1964586329460144,0.7181933951377869,0.22382633328277496,0.41495819061994565,0.7595067829876154,0.545224864423545,0.2863588846187192,0.07895963878776793,0.023160549439489836,0.009169283747074325,0.021435083604388238,0.05234557843886981,0.007941894558592675,253.60593618254688,342408,0.07624924290925268,0.16285752824374605,0.11154207059633138,0.02398897519238331,0.00955258099696576,0.7500478225946426,0.9623038775318267,0.9326811327653767,0.6620044572518606,0.4361616547291095,0.008602731712162495,0.009788685690632076,0.008605583691000247,0.007794647037263703,0.00832970193229041,0.04899293980095537,0.0608212800957467,0.043108780124557655,0.045127173556051774,0.04862640716660863,42800
0.031188626289367676,0.45522703886032106,0.17508819818496704,0.6842741966247559,0.2798935256833309,0.41553854554891595,0.7735227048397062,0.5452556679754147,0.28662847860827373,0.08230646298266939,0.02580557079054416,0.00886368689378912,0.02134255979098782,0.06017492163858012,0.009221413539780772,253.61420743688583,343208,0.07570703392848376,0.1654930043250623,0.11065467250654883,0.022635343887228012,0.012515238595078686,0.7292539387941358,0.9610771822808971,0.935825341745563,0.6251644358175601,0.423160809576511,0.009643462069798254,0.012113932200302968,0.009096198772211838,0.008641979430691076,0.008792794951004903,0.06092702884227033,0.0839729623897284,0.05205974170593948,0.05373312991086838,0.054110808630939575,42900
0.0007478070259094239,0.48496624946594236,0.1841920042037964,0.7220254993438721,0.2416462919998849,0.4035889759659768,0.7628275640508078,0.5396763597444821,0.28814643752519736,0.08342649879472508,0.02353917594067754,0.008838652127004033,0.022624134218760868,0.051909663841663005,0.008331452150965962,253.62857680453232,344008,0.0731942724250257,0.16413855273774594,0.1101521898902232,0.025144764021711643,0.009203469297976635,0.7384020838141444,0.9605763806378779,0.9260906570701191,0.6541317745491315,0.4623154480875384,0.008467890892643484,0.0099830850585299,0.008374291146674779,0.007545412658213601,0.008151888723763243,0.046265710222069184,0.05620158528585364,0.03898807091798679,0.04422843925917904,0.045960889376646955,43000
0.03172845125198364,0.47115196943283083,0.16857982873916627,0.6965592885017395,0.2543267085822199,0.4312901771068573,0.7652791099888937,0.5436972813034542,0.28808213603687033,0.08382214109812468,0.02404549257829785,0.00940810958633111,0.021631825344675063,0.05212050212385585,0.009179789542353581,253.63683573426422,344808,0.07971055198460814,0.16491474140258056,0.11124237617287708,0.0239966171421536,0.011871890641216718,0.7545790624618527,0.9591385611466005,0.9330675337387593,0.6588244933515923,0.4290306023188998,0.009442909823264924,0.010478707181201098,0.009525783537003235,0.008617256227965773,0.00914038093361471,0.0493107002880424,0.05824981774203478,0.04420433506578665,0.04688371643083826,0.04734008533347926,43100
0.0007685542106628418,0.4669724178314209,0.18795091152191162,0.7090267848968506,0.22066577111592373,0.41045499801635726,0.7664166160899655,0.5450091292410327,0.29387114370285106,0.08232474009342045,0.02374172856099904,0.009433338928552661,0.021050656547647015,0.05281486841741686,0.008605257070431603,253.64520813946967,345608,0.07425328424200418,0.16422733219097504,0.11225828664556974,0.0246604044185302,0.00866631872486323,0.7420137724280353,0.9620456935270967,0.9348414038038496,0.6632763324781914,0.44032569697090224,0.008367330222390593,0.009448229542771436,0.008339062503297927,0.007820915231524516,0.00799557771625033,0.0485624913638457,0.054625346456937805,0.04465912159551216,0.048185374537959354,0.047260915995210276,43200
0.03002288818359375,0.45921767234802247,0.17871325016021727,0.6925962924957275,0.31702873774091006,0.40295141845941534,0.7647878260225859,0.5499923683854995,0.28277834562154935,0.08006742644855484,0.024529607058502725,0.00894902746092428,0.020840363348929226,0.06016302046198877,0.009605425256138136,253.65217711149492,346408,0.07443917756900194,0.16459916121250878,0.11294110982241673,0.02314097092080956,0.010944421309042301,0.7191929283738134,0.9604313409006272,0.9381686388229834,0.6146348048479126,0.419373683365328,0.009384425997268409,0.010235544430041635,0.009646824085894887,0.009217860860129197,0.00859689593614478,0.059062378536909814,0.06978094161462946,0.05215793119135257,0.05635303029169637,0.058609969689444236,43300
0.0009828162193298339,0.4886338210105896,0.1795259928703308,0.7204570150375367,0.1922142047944889,0.42385388121008866,0.7625749954363197,0.5474654782344323,0.28073038944463086,0.08530963713660686,0.021715267132967706,0.009409229144476719,0.020793118221940937,0.05001191362506986,0.007824375143044175,253.658801174081,347208,0.07853872135281567,0.16363459978161776,0.11188714936667787,0.023982104411049518,0.009254339574412865,0.7560180479288094,0.9631753761593883,0.9387980381063387,0.6506924128903011,0.45588408515910933,0.008907923132646824,0.0102298814076476,0.008759846555881717,0.008063522698309454,0.008514869895838955,0.0513648831471801,0.059730232447930964,0.04691835315258919,0.04754149406144654,0.051011901358236605,43400
0.0007209253311157227,0.45456504821777344,0.1807058024406433,0.6861061191558838,0.2088751683715417,0.4368466307222843,0.763454622890226,0.5551767167957153,0.28437598856786855,0.08508653828806903,0.02298329518176617,0.009194374911542695,0.020547035019329744,0.04966088131509923,0.008151264270032607,253.66234477000748,348008,0.08127423329278832,0.16485747583766477,0.1149702219610116,0.025088644050777428,0.009128610029148995,0.7688323241472245,0.9591090691030321,0.9384691998156536,0.6538923711136541,0.46624317765235884,0.009081282941624523,0.0103610095461432,0.009290021456872476,0.00810984746095966,0.008522901968772418,0.04740542214829478,0.0544508524350266,0.046674547405819077,0.044500131302306234,0.04361030861948539,43500
0.03186798095703125,0.4630326962471008,0.18991323471069335,0.7049103784561157,0.21479295205546944,0.4139944438636305,0.768745859262302,0.5479038409697703,0.288729092364128,0.07797745470080003,0.023144284328445792,0.008895920489697253,0.02117274835084874,0.05666986116423056,0.007434846175301101,253.66723895700866,348808,0.07599848998710518,0.16470692408871526,0.11247103603986591,0.023601845290082017,0.00853200133577287,0.7432841786742206,0.9619602666893589,0.9344874018277874,0.6442659274125717,0.45663977872597783,0.008671955827157947,0.010355261454670701,0.008481167237728075,0.008054359224983142,0.0078551666428523,0.04597170749679208,0.05532961640847365,0.040954316732210935,0.042935447461712066,0.04468980069084203,43600
0.0007310032844543457,0.4570130300521851,0.16683654308319093,0.6766404843330384,0.2543237828101661,0.42354963853955285,0.7770289480686188,0.5502013723657586,0.2661447572404317,0.07897924685752718,0.023596236333250996,0.008391652999387019,0.02097950166919165,0.05527167176619825,0.008465278092281604,253.67298621352077,349608,0.07831948982551694,0.16634230952239723,0.11319852868715913,0.021481525095279126,0.008160912144414487,0.7350312268733974,0.9621057773678049,0.9354207970277223,0.5979307557193978,0.42865334623738377,0.00896729729138315,0.010070061806173437,0.009059734600172802,0.008297881724095898,0.008401126394930647,0.051050163735635576,0.056627158755979054,0.04603865947056974,0.05066147172208692,0.05064746597291607,43700
0.03038794279098511,0.4816428589820862,0.17253412246704103,0.7067401337623597,0.2376471257292763,0.43094814389944086,0.7710969528714244,0.5473403838964612,0.304542363451963,0.0846659829795503,0.021591831678524607,0.009135276488599846,0.021143554275533032,0.05252763384487481,0.008324115123804739,253.67820186735705,350408,0.08030502829700706,0.1648077082230849,0.112159398276932,0.02745606605259871,0.00941342016254244,0.7603717723488808,0.9625558199513938,0.9342157107133132,0.6826594583690171,0.4525522777908727,0.008984336173161862,0.010106010967640622,0.009233154763933278,0.0082398778626653,0.00825267929904627,0.05419766939943657,0.060782423455511096,0.047586436760656596,0.05047705751547422,0.057388674140279504,43800
0.0007093739509582519,0.44920738220214845,0.18383384943008424,0.6856143712997437,0.25979859196446103,0.40798395484685895,0.7751763628965073,0.5433588951269047,0.2732440893969882,0.08615747135041694,0.023691730061545967,0.010259123935776927,0.02176877653887755,0.051671012581848544,0.00925220709362227,253.68406839322967,351208,0.07462160293944185,0.16548271655020405,0.11064901354365814,0.024621954194565344,0.009004560047079162,0.7382783377170563,0.9602900604632767,0.9330969873432804,0.6302836014003292,0.45229623899227217,0.009043398404028263,0.010191415928685195,0.00910657929870186,0.008342307843495059,0.008692919228952815,0.05207072155084463,0.06041110599868586,0.04555646683824918,0.05054553934236669,0.05323562495773885,43900
0.029281187057495116,0.45763559579849244,0.20178476333618164,0.7161320543289185,0.22553698830306887,0.4320330624282362,0.7695507518412388,0.5508232281624695,0.28830249127499846,0.08057632064203007,0.023070544078946105,0.009522339068442298,0.0210351799795567,0.05464020781411033,0.008025229863422618,253.6911046271301,352008,0.08025305587798354,0.1648717923312667,0.11392228950936237,0.023915032160074734,0.008569278617155455,0.7541412594914436,0.9608794961249433,0.9339614203832679,0.6479787049219782,0.4418076991410778,0.008981172633357353,0.009926197074496294,0.00902795132692649,0.008521382802540488,0.008363647544902809,0.052838722448796074,0.06234590272067125,0.0504657237573518,0.04836487188964087,0.04953905785241755,44000
0.0007085919380187989,0.46314545154571535,0.19800213098526,0.7139978575706482,0.2977287024565472,0.42326920986175515,0.7591953634017676,0.5508144127861886,0.2896977257229349,0.08348454635231016,0.024961799196898934,0.009374897664965107,0.021409312287876407,0.06141390292172505,0.007987655415601532,253.7006504893172,352808,0.07791220653802164,0.16405362564714723,0.11302759221210563,0.02204897187692751,0.009861596095314262,0.7506445160508157,0.9605525504404575,0.9356522073492337,0.6315748258895677,0.4632761635756132,0.008892059575300669,0.010213183557343252,0.008795626767447606,0.007808150814581415,0.008742759802005248,0.048893950395286094,0.05621934160777372,0.04469925048198675,0.04391201714119935,0.05088375182585971,44100
0.03015812873840332,0.4510520911216736,0.18092720746994018,0.6853769707679749,0.24066093787636345,0.41481505617499337,0.7631523685880219,0.5527582711750457,0.28746862006493107,0.08675505990840586,0.023068771422840677,0.008641092858212716,0.020705623051492126,0.05695787236715358,0.00807136111497913,253.7139791123725,353608,0.07740990459918978,0.16484731184964146,0.11470710682452362,0.024453815438139896,0.01163479717489126,0.7414778080582615,0.9594972632309,0.934633282884475,0.6351516460761041,0.4685135428806604,0.009741022842936214,0.011646258626317617,0.009001758582990155,0.008871988240533911,0.009382070177384924,0.04943940143100915,0.06335634177108064,0.039442417777634096,0.04584109696726768,0.04828680410964013,44200
0.0006623959541320801,0.4349738836288452,0.17864959716796874,0.6647655653953553,0.2574015699943921,0.4121050451695917,0.7645613260457085,0.5463713954734266,0.3008231514921557,0.08493260576493214,0.022128941537812363,0.008914559484308065,0.021654407638467134,0.05138061758703907,0.009073097212757484,253.7215221928518,354408,0.07557691002264623,0.16336313572716815,0.11147381676792421,0.027916607150855744,0.009440921558481134,0.7420136860013012,0.9650977526979496,0.9340815941492718,0.6779236866877629,0.44519352753957137,0.008767770233098422,0.010063733627992177,0.00880112393369824,0.008015589242896595,0.008224175206075116,0.05781038589309902,0.06287727232224177,0.054892280996687665,0.04478583931445306,0.06682244457925361,44300
0.02958014965057373,0.4533375716209412,0.18597660303115846,0.6909661483764649,0.318370971606624,0.42033472761511786,0.7645490259552997,0.5457077356876356,0.2867689785933251,0.08818982694129546,0.023913498735055327,0.009748516643109415,0.02171822469151839,0.05551636214791374,0.008463812980861712,253.728879424632,355208,0.07752981247380372,0.16351407781864213,0.11175273840814408,0.023754454690567917,0.011788629929081123,0.7555908060073855,0.9627341112742825,0.9324672832308222,0.6439071761237243,0.47931396092601813,0.009107860729563984,0.010292246474515807,0.008713361629510027,0.008609841986926214,0.008878940921136412,0.045339035694487384,0.05379586910324483,0.04053918908734176,0.044203727609581446,0.04339856645045568,44400
0.0005920100212097168,0.4579044246673584,0.18290080547332763,0.6939456272125244,0.23296660272233183,0.4383046391606331,0.7655952505345615,0.5556673088039341,0.2836881280679422,0.08570638671517371,0.024515522136352965,0.008609961816065784,0.02071794792741107,0.05880034074022119,0.008707928908646821,253.73977128056922,356008,0.08123075777664783,0.16431186994854005,0.11458224613362784,0.022576721469995575,0.009798350612406673,0.761388877928257,0.9625427528934666,0.9379703522874757,0.6320616591152886,0.4612750619818261,0.009264745237305763,0.010190546268790544,0.009401495002048958,0.008536610711053974,0.008830268057010605,0.04717641485389325,0.05620827018898333,0.041040945670549535,0.04593205563678158,0.04499578875315895,44500
0.0006330919265747071,0.47000264167785644,0.1655049753189087,0.6870105004310608,0.21091005257235784,0.4199916440248492,0.769097466542931,0.5434111983015912,0.2861449963025496,0.0799323714079814,0.023718879520893094,0.009444763868265439,0.021981962317609845,0.05289275396356812,0.008101636129407036,253.7461564905547,356808,0.07694222636520859,0.16463134758213024,0.11113398252190024,0.023999867253406568,0.009210600423217016,0.7512505441904072,0.9623925670440953,0.9302825743449479,0.6574707054065175,0.4464858514476199,0.008695554626174273,0.009908440117507102,0.008812450718332603,0.008141117007805832,0.007949968612221374,0.04736095090163871,0.056159427563220704,0.04385476391919969,0.043968279942932516,0.045982641687236404,44600
0.029006104469299316,0.47232928276062014,0.17673739433288574,0.7035974526405334,0.2189752389865246,0.4379092837870121,0.7641747003155106,0.5544738215835472,0.2924849714338779,0.08228641239705901,0.022608473775908352,0.008757320939496702,0.021251274032616296,0.0523778957664035,0.008665687874615483,253.75230695685977,357608,0.08211052907630799,0.16610375359388332,0.11533377592108757,0.02484201649669559,0.008598720278060152,0.7596843880414964,0.95563926095409,0.9332975713830247,0.6723951932787888,0.44020826906286237,0.009270102614536882,0.01058023069344927,0.009146057576627332,0.008613907739054412,0.008524612521111813,0.0429418570105918,0.05160768626332619,0.0393242534237767,0.03930246648145836,0.04011431418644684,44700
0.0007129454612731933,0.47056052684783933,0.1600234842300415,0.683043851852417,0.2328170274130633,0.4432569901645183,0.7741596597192536,0.5484760718047617,0.29150382607285663,0.07773014868143938,0.022986349780112512,0.009880599457741368,0.02144006299320609,0.05280327290037081,0.00729679375019094,253.75739421512947,358408,0.08276797099038957,0.16499583510005417,0.11242263782769439,0.02526283027275246,0.010556529978533619,0.765905384719372,0.9638970034539429,0.934458349943161,0.661996905779957,0.4421717385676775,0.009420751337893303,0.010380466842414152,0.009375152848660955,0.008755318623555098,0.009016519041985957,0.05094783828128126,0.05316511793229143,0.04823495499789715,0.05190768774682234,0.050125074371780196,44800
0.03292195796966553,0.46969411849975584,0.18657058477401733,0.7165764427185058,0.24611384927231053,0.4111877922713758,0.7651722143319527,0.548790038196961,0.28997071301219624,0.0804647390782683,0.02532338593155145,0.009626919500244014,0.02036755968114776,0.058382958242738724,0.008406583308407732,253.76356311407986,359208,0.07465889003127815,0.16365049567750903,0.11203297061660271,0.0242795357804021,0.010361869083150168,0.7377772930264475,0.9644073955714706,0.9423959419060652,0.6397948706591567,0.42357814947360684,0.008697239651810382,0.010197902624812828,0.008620887629520058,0.007788955407536211,0.008434209145303002,0.04702941170195115,0.05466608715174846,0.04292541897361345,0.04487946788194,0.04695974394376508,44900
0.0006241035461425781,0.4693357682228088,0.16938852787017822,0.6984787487983704,0.2324536514302107,0.4121836647391318,0.7629156099642566,0.5433859622424789,0.27702588714146753,0.08322232788953096,0.02359828739892693,0.009410952397907159,0.021111313457105745,0.0579359266517694,0.007377785585879449,253.77624866994736,360008,0.07617084097117183,0.16398240536288491,0.11067366157029122,0.022639271251305403,0.010094743740781058,0.7477100101113316,0.9618045834244273,0.9370909102328187,0.6177574948028288,0.472657380173507,0.008659295481629676,0.009724598291426733,0.00852872057700412,0.008207910541425304,0.008267785619166728,0.04471857741475106,0.05283230098595466,0.04188915114715565,0.04036780716062931,0.04455166865700796,45000
0.03588759660720825,0.4698984265327454,0.1781439733505249,0.7065099239349365,0.23200866947639315,0.4237324684858319,0.764788714322177,0.5538838006029229,0.2807853406464512,0.08758718511292139,0.023803667426109325,0.009000760911154855,0.0206815814905132,0.05325641448567204,0.00787727687882422,253.793552427043,360808,0.07800030959770081,0.16402654605682454,0.11509547948912534,0.02294733753978192,0.011335175357880475,0.7556681996583945,0.9627954905683346,0.9355880597023046,0.6382860102436757,0.4795200659529024,0.009158569779247042,0.010071297185589571,0.009156443957107685,0.008443564113060194,0.009033581371034454,0.05166980970068836,0.057266857106981775,0.04668553435417704,0.05190679226546887,0.05072706496107653,45100
0.0006072998046875,0.46484641313552855,0.18573928833007813,0.7069122982025147,0.24922759059034094,0.443327152878046,0.7621515692593235,0.5446536603398349,0.30160139595131247,0.08803738025017074,0.0217356546036899,0.00876176345525186,0.02196921038573011,0.04695338893509969,0.008699352440916372,253.80222682827574,361608,0.08248938957229254,0.1641722930685539,0.11090855191203308,0.028182523001835325,0.009859478240700386,0.7766670536994936,0.9607472293702517,0.9313989259809724,0.6978217389398412,0.4636110751466319,0.009585423744283613,0.010587384977628225,0.009268655136949263,0.0090844467354631,0.009223258220696485,0.051311287214048214,0.05819870248264615,0.04764323144985353,0.04891341235895539,0.04921536451597192,45200
0.04102673053741455,0.44058254957199094,0.15779253482818603,0.6577999448776245,0.3120639022614066,0.4111119246482847,0.7635103139281263,0.5535410104920632,0.28340095884935984,0.08556145088263022,0.022412008540704857,0.009113455092883662,0.021764261891976736,0.054979856315818,0.008269501461274087,253.81248134124579,362408,0.07748708927072584,0.1647960579395296,0.11507447915417815,0.024433244517042665,0.012271656475793008,0.7326137256622317,0.9591785779595374,0.9271992880200581,0.6303912572886629,0.45384409039031004,0.009885177738033232,0.011232998075429348,0.009528867508624741,0.009099024669368466,0.009631568621351729,0.060284536043182006,0.06829458431573589,0.053499459170751155,0.0589426282120099,0.05996418765249627,45300
0.001051046848297119,0.46993582248687743,0.17161356925964355,0.6981280398368835,0.2780881233861111,0.4316539713740349,0.7666797744853607,0.5474322041382598,0.27279411276023846,0.08072284920490344,0.02300590048544108,0.009480704958529743,0.022306233212085705,0.053898710639230775,0.009018984745731958,253.8297490179286,363208,0.08048026014119386,0.16437163634952415,0.11225414905240956,0.021221678785329292,0.008940743814794889,0.7473453527688982,0.9612645870366977,0.9279233837614251,0.61888554865721,0.44099963425348215,0.009245990407653157,0.010176544745907918,0.009323600544214087,0.008723498770484218,0.008600291007799883,0.050512874927371734,0.0592864470163803,0.044740317707729294,0.05038240613543953,0.04634398555693529,45400
0.0006747722625732421,0.4570332622528076,0.17108179569244386,0.6814281225204468,0.28913595578431617,0.4163734868168832,0.7718776072410345,0.541717915202296,0.2844665905422704,0.08184590623114671,0.02411270828917622,0.00876052582071207,0.021790667783555595,0.05714071082540464,0.008749383929333117,253.83807321919576,364008,0.07728783169761301,0.1659309065596943,0.11039805807346524,0.025188032646986613,0.010538361182823627,0.7424885749816897,0.9603289617574156,0.9307884022246964,0.6367767736011617,0.44297816405201873,0.009356526420451705,0.010322113217596702,0.00930996490209255,0.00844402456827157,0.009397597501681431,0.05499241512268781,0.059176674466281255,0.05300558193825013,0.05267138396180715,0.055485656434245946,45500
0.029903647899627687,0.472795295715332,0.1926428747177124,0.7177353096008301,0.24672928368943886,0.418973495364189,0.7673962931049632,0.5503225500630866,0.2943483205728754,0.08440126852633863,0.02456090037710964,0.008882065181635285,0.021279370822565716,0.05601832365270611,0.008392408460330892,253.8482083852823,364808,0.0760540393926203,0.16351625077584944,0.11331494807238023,0.025516724154396462,0.008853645906903032,0.748855432271958,0.9647785875391455,0.9346335916826046,0.6557257278020997,0.4509177097907433,0.008548602464143185,0.009809195925976993,0.00867373710452108,0.007731589490850997,0.008104443597869994,0.04595754149369896,0.05557329674310823,0.042500680552260715,0.041399900719176916,0.045293011697821094,45600
0.0006565213203430176,0.4446846842765808,0.1920292353630066,0.689080159664154,0.21705544392136092,0.4171397475898266,0.766132785214318,0.5448521967254468,0.29277020603703535,0.09058923966515427,0.023288122070953234,0.008692265235666161,0.022080262585436532,0.052493307022065894,0.007852863326358293,253.85764196365227,365608,0.0765349261835218,0.16540178475241185,0.11148440120602722,0.025656912626217335,0.010927085307153379,0.758676635622978,0.9597494327832777,0.9281778255505344,0.6609181351068492,0.5017563792603523,0.009032773445360366,0.010295967901588744,0.009147964862745201,0.008310919317849089,0.008480386806197867,0.04885641990927977,0.05741594714560988,0.05068696912526343,0.04194360105409933,0.046165315932432026,45700
0.02936692476272583,0.47411020278930666,0.18000158309936523,0.7065390038490296,0.24433475154679243,0.4240338517725466,0.7647718281174699,0.5448183802602523,0.2808497458469443,0.08525825558949712,0.022066558403894317,0.00861963703755464,0.020958815053155694,0.04953223584824935,0.008399836100618181,253.86178995851316,366408,0.07863804589957003,0.1636380893954385,0.11124494423468911,0.02455970161324981,0.010356001190042924,0.7578374648094173,0.9652498814587792,0.9387933955536228,0.6435563546146843,0.4536997896653636,0.008921797992661596,0.009899280046132237,0.008707542605865906,0.008433468635123094,0.008689464791801077,0.04751560252625494,0.0527993803916616,0.04614055068190169,0.0458787863974833,0.045469194783696126,45800
0.0008039689064025879,0.46217328548431397,0.1774965977668762,0.6947441148757935,0.27268073954354094,0.4220242804288865,0.7714481922436732,0.5486773084941796,0.293628753982484,0.08574231167144962,0.022112129246816034,0.009531767188918261,0.021290236013705166,0.04854638954624531,0.009028875781108486,253.87123538499134,367208,0.07756160710006947,0.16471065253931647,0.11244814924488017,0.026604445892153307,0.009078970165198376,0.7525413405895233,0.9616504487942671,0.9352153166016537,0.6804435518383979,0.44080096747487624,0.008751648140605537,0.010105182426240375,0.008767236163144688,0.00786840278189629,0.008299545476699397,0.05648071556817739,0.06735277331519718,0.054899495915134475,0.05348231311421842,0.050503288586096366,45900
0.030698227882385253,0.45417136669158936,0.20148192644119262,0.7068681240081787,0.19947551930597376,0.4210021004080771,0.7686114835739141,0.5499426495246208,0.2910884373416804,0.08115307402377027,0.022484651235863563,0.00879588052921463,0.020836101783759383,0.05235603956900765,0.008512259353130295,253.87885871930976,368008,0.07801601916551593,0.1659799555689093,0.11323618294313702,0.0250747406460119,0.008976769984549127,0.7411911427974702,0.9589234185218813,0.9359395473894445,0.6586972806188792,0.41877519003316466,0.00894842325011268,0.009887681871186944,0.008995569092362668,0.008383030787985198,0.008530585536979803,0.05342752269934864,0.05663209615973753,0.04839055813999484,0.0561455418567427,0.052536525138124235,46000
0.0006678128242492676,0.46259705305099486,0.17179242849349977,0.6899853992462158,0.24199466754353458,0.4578659901022912,0.7683787194305454,0.5455809947663702,0.29626878133664525,0.08594522411110753,0.021659033354371783,0.00929457786370566,0.02163420249378326,0.05215369678002646,0.008734101982888945,253.8856283604871,368808,0.0870296364277602,0.1644109307049676,0.11213880220213823,0.025830253709240702,0.010330581355133445,0.7831636255979544,0.9617675923067946,0.9313213371597562,0.6728470871845885,0.4591027864779549,0.009593062377534807,0.010639437265565684,0.009554908111221685,0.008901561685239093,0.008915108391726056,0.052149502430111155,0.05899867861419274,0.04970229964340682,0.049645663566133445,0.048613317856757834,46100
0.0321850061416626,0.45939350843429566,0.19495387077331544,0.7084637570381165,0.21380349636324178,0.41758633539080625,0.7686291337013246,0.5446708148034904,0.2978272603108331,0.07981840689350271,0.022986984392628067,0.008431746850290635,0.02132940118705543,0.05481947958469391,0.009008314786698533,253.89107914457765,369608,0.07650548018515109,0.16493430844883433,0.11139005162597942,0.025358032656069385,0.008117368194397625,0.738673478066921,0.9614651811063586,0.9326580027118322,0.6660261896940385,0.41857942854458424,0.00860474100336432,0.009939433005985938,0.008431629027957884,0.008004831749563797,0.008047885867714322,0.0516462378995493,0.06218135786886828,0.04484385603185123,0.049905952476920236,0.04941913347585871,46200
0.0006331562995910645,0.4535449695587158,0.17514832973480224,0.6810111737251282,0.2494112369459454,0.42042635723948474,0.7742446474928069,0.5445424295926876,0.2822112781306107,0.07849437915819131,0.02518876121379435,0.010548200294444405,0.021518557098532363,0.05672708239539392,0.008836484339553863,253.89692271277346,370408,0.07706459965556857,0.16600582902393646,0.11159839600044794,0.023274078219020264,0.00860938064114963,0.7384761515259745,0.9599020805939166,0.9321107321501896,0.6327463010946905,0.4145910594057528,0.00866084651323035,0.009971059917930576,0.008479001412622865,0.007928874616378116,0.008367318700890046,0.050419185580685706,0.06037495101964658,0.04503758386774382,0.04771900090965485,0.04952386790945964,46300
0.03070176124572754,0.45829627037048337,0.1863336157798767,0.7003129196166992,0.24850576486592563,0.4144362446665764,0.7660547683433611,0.5476653125080357,0.274645989091651,0.08425432226773513,0.023980886787176133,0.008515715987507099,0.0218011837424285,0.05659483256523759,0.007772439417188337,253.9048013587854,371208,0.07589058812707657,0.16502657106944482,0.11192275761499022,0.022148160168955332,0.008736111062106248,0.7405773413181305,0.9607265220612902,0.9316616575730025,0.6145586203602905,0.4677763987536456,0.008614731682464478,0.00998485197161077,0.008602506882950741,0.007649756118076516,0.008279655439158283,0.0472527156979777,0.053530820058563695,0.04588329269867483,0.04376592610293582,0.046046479542586775,46400
0.0006174826622009277,0.4844553089141846,0.1743042516708374,0.7106239533424378,0.27489026051922455,0.43047915771603584,0.7686898384024117,0.5447968235914258,0.29749154784561443,0.08974253424079277,0.023296225182712085,0.01033198760078271,0.021679192390022927,0.05348173819220387,0.009000852907331767,253.91506025772534,372008,0.07992926697246724,0.16550697941406114,0.11202444134343073,0.02618215491626567,0.009969323582777061,0.7622413128614425,0.9584976288617829,0.9298346627161697,0.6744353584945205,0.46848815134939215,0.009280811483040453,0.010396173319724556,0.009505486001085117,0.00824765337165445,0.008896674008255213,0.050774424501796596,0.05905711677976297,0.04603699762873984,0.0480349146059401,0.0498453079435329,46500
0.0007900762557983399,0.450608811378479,0.1762939476966858,0.679105019569397,0.28278432830658495,0.418152275457978,0.7702231244607405,0.5440979880159312,0.28441380813717815,0.07994394634224941,0.022843497176654647,0.009264934164110984,0.021653869219691226,0.05351473870687187,0.00797665113659692,253.9250871461563,372808,0.07754502782598137,0.16514564223551864,0.11096329250089494,0.025093505583936335,0.010070705141845172,0.7428460091352461,0.9622369137677279,0.9349714041404104,0.6339005798101423,0.4558185379286318,0.009065725456457594,0.010121545691987829,0.008818175065402037,0.008413362279534337,0.008850051437680053,0.04951335001271216,0.0548093445046524,0.04894495895132423,0.042782489536330105,0.05117466982795999,46600
0.0306347393989563,0.4718129086494446,0.18580788850784302,0.7112837886810303,0.2660343076614151,0.4138497550785541,0.769375621958783,0.54991450280678,0.2849308123033515,0.08478722418658435,0.023555435752496117,0.0088281012366918,0.021332503400924713,0.05695660771043211,0.009393737170116597,253.9334133244545,373608,0.07605288196355109,0.16479907882841,0.11311974111126694,0.024211248724164545,0.008171331003756718,0.7406143838167191,0.963107603788376,0.9330942308030478,0.6358464253011828,0.4538970840749918,0.00860630893148482,0.009696401283144947,0.008653588849687716,0.008115543266906153,0.00803197921184755,0.044285905624274154,0.05049934705327217,0.040412958761359134,0.04499035594595606,0.041879697867746785,46700
0.0007279944419860839,0.4484951853752136,0.18494832515716553,0.6874982213973999,0.2541875381867076,0.42230289846658725,0.7610444646437197,0.544841356426477,0.2923860628438248,0.08516864740074824,0.023195182885974653,0.009145445654335985,0.02128882071236149,0.05651276284748667,0.009149261716699515,253.9410469780525,374408,0.07830363281071176,0.16385965707521988,0.11154152862727645,0.02462265124013745,0.009613933611455235,0.7485972553491592,0.9620841437751806,0.9343979665637017,0.6514461479520275,0.44538410495106956,0.008932428662665193,0.010057159934590736,0.008809086715336896,0.008347566725225538,0.008460111680995813,0.04620310079073534,0.056085471816596025,0.04222218167851679,0.04344722571262028,0.042707947692878626,46800
0.03159214019775391,0.4610897946357727,0.18529165744781495,0.7004025483131409,0.2363501464125594,0.4215264369547367,0.76662506878376,0.5563110026282886,0.28124130399796765,0.08130435286221466,0.025256696268916155,0.008773782924981792,0.02044197189242547,0.06325712151311602,0.007785112731690246,253.95353388695418,375208,0.07849802300333984,0.16396092593669914,0.11554929378194438,0.022648513697895205,0.012193311742539842,0.7424933683872221,0.9638223469257353,0.9364290926324661,0.6087162256828079,0.46116889606822675,0.00965139526408166,0.01041765791596845,0.009541410430985034,0.009215931295706277,0.009434393430693138,0.049840332143940014,0.05528215390164406,0.04786088086440035,0.046997750265147645,0.04924735524738681,46900
0.0006635260581970215,0.4426908230781555,0.18814702749252318,0.6819316053390503,0.21866607129112892,0.42704234272241587,0.7638667081964433,0.5487569381157164,0.28817710844533745,0.07964176516575013,0.024637895245105044,0.00932571402546753,0.02154622618292498,0.05618014846085792,0.008942832276933712,253.9691910414853,376008,0.07851444279775019,0.1643781156962729,0.11267189299825384,0.02454929237608755,0.007690493279369554,0.7432853877544403,0.9598310190468586,0.9323843327061883,0.635335007167998,0.4189578515032062,0.008632085362914948,0.010370682787352007,0.008390131053225752,0.007808634751875496,0.007920705341308815,0.04705663692904638,0.05491529105075178,0.04377912696831734,0.043946146096901215,0.04555245654900438,47000
0.030672616958618164,0.4773746156692505,0.18358132362365723,0.7132530307769775,0.22633779571850715,0.4322773125767709,0.7657815000457224,0.5536267200307038,0.27379522662271144,0.08138404780012717,0.025573994703590862,0.010395574271987893,0.020734972072456333,0.05785335356962277,0.008304308480172258,253.973948263855,376808,0.07939584711566566,0.16455547384458696,0.11393815606607866,0.021452307504263114,0.008248659712262449,0.7469614130258562,0.9598557590308348,0.9384380596965997,0.6089302206581294,0.4372102604192847,0.008885497506707913,0.010068879893129054,0.008798578555166874,0.008065210538916292,0.008580005275742975,0.05037814150564375,0.057534280347845274,0.04408963017128222,0.0486130866179751,0.05114155641811737,47100
0.0006934022903442383,0.4556934881210327,0.17197809219360352,0.6812020468711854,0.2772527872825842,0.41999657332897206,0.763670460558405,0.5491888869749878,0.28812532359507054,0.08356669192105093,0.022564870752394203,0.009415551933902772,0.02135021836055734,0.05021965024402228,0.008853503630325131,253.98041300747826,377608,0.07742566946893932,0.16469948432024786,0.11307837018056913,0.025083819700677596,0.008531182020930436,0.7510078114271167,0.9599077678194233,0.933394840202834,0.663372696609032,0.45596338652852725,0.008736911667510864,0.009664109147920772,0.008853057759666907,0.0078871064501383,0.008552802344367135,0.04424778679618611,0.05065540793493353,0.04053560550520685,0.041884458375095225,0.04366391644447082,47200
0.029581282138824463,0.465019063949585,0.19472148180007934,0.7117717480659485,0.2352333095865131,0.4131323137879372,0.7623627705841647,0.5456175381813811,0.26830688577431877,0.0847564755849124,0.024506690436974156,0.009417677056448226,0.021740246891750768,0.05599782043673959,0.009064120410109493,253.98362376285084,378408,0.07555202424526214,0.16466236889970534,0.11175344055097315,0.020794993950403302,0.008139602644936312,0.7370285618305201,0.9593604194874662,0.9327174092657,0.6048905812203881,0.4576659925698021,0.008533498463220887,0.009825810095133763,0.008598360971280897,0.007791282901262795,0.007965884848644363,0.047073354227468354,0.05334907032701432,0.04536729057005901,0.044914753315074774,0.04483201058326186,47300
0.0007362008094787597,0.45918859004974366,0.1774471664428711,0.6924298834800721,0.2286996429822942,0.42057901725172975,0.7769610202201065,0.5546534425862473,0.2847422168241532,0.0769886272487485,0.022160067209042608,0.008886338368267108,0.020548870554193834,0.05753006990062455,0.007836334575949068,253.9884537219867,379208,0.07853303775191305,0.16665036635142616,0.11473203298595287,0.02236797505282074,0.009186950925687503,0.7363728457689286,0.9606077882731066,0.9374450046731077,0.6367557221950764,0.4352423992392194,0.00923927774652839,0.010277415982612935,0.009213665059929628,0.008446657358975727,0.008900399724931984,0.051641138042323315,0.05923943511192976,0.047051973296734315,0.047772541218151145,0.05124136033747761,47400
0.0007331037521362305,0.4443614292144775,0.22172525644302368,0.7182014322280884,0.2492678161590688,0.42877909079194076,0.7733306420508342,0.5426567389029209,0.28883421864360537,0.08147105945144745,0.024849918317049746,0.009924646779946315,0.021855557968439618,0.058566635102033665,0.00809900220645402,253.99503344009977,380008,0.07867508837953213,0.16577706220161958,0.11040320964617145,0.023558628138853233,0.008622582465843524,0.7487832385301592,0.960654150001967,0.932319631364858,0.6322990047931675,0.4378621080979945,0.008659840412437912,0.009868049444209532,0.008685228745583619,0.007924137150403113,0.008131893630572826,0.052793373069725966,0.0620385128466515,0.046699733090386775,0.05045288037508728,0.05243163338468914,47500
0.0301425838470459,0.47733144044876097,0.1809334397315979,0.7093658447265625,0.2635284903906472,0.4175029613077641,0.7642469333513137,0.548448875152245,0.2927256763543723,0.08777743782663694,0.024459764501079905,0.008481880306587718,0.021652280456489988,0.05729464442855766,0.00820859236179362,254.00444383854978,380808,0.07634052053093912,0.16409966342037727,0.11266563726322992,0.02421793449595396,0.011469183584195701,0.7485377544164661,0.963272064470398,0.9336072733162575,0.6536561514971386,0.46553825299338536,0.009187920996919275,0.010471118926094267,0.008941846089092665,0.007956358913841817,0.00945925429961321,0.04738985622767361,0.0545011842304245,0.04344227760488153,0.04383947203410261,0.047874223515806315,47600
0.0006306862831115723,0.4372920656204224,0.18645062446594238,0.6723754215240478,0.22824221133042946,0.4137680289149285,0.7671707794807924,0.5403649613100995,0.2857255775537061,0.08581612504559666,0.02319461025763305,0.010285397576592343,0.021822394527775277,0.052991986974369534,0.008377645965842138,254.01131899778727,381608,0.075478755272925,0.16461359067718584,0.10945596978549037,0.024916833995225204,0.00836002349111988,0.7390118625760084,0.9616769590590257,0.9332914563917338,0.6451684224664873,0.4439795288429442,0.008676957515999676,0.009834319387682453,0.008410110266038006,0.008136365171151216,0.008319163922291083,0.048132972931489354,0.05626719942694476,0.041965733512595124,0.04629002590964906,0.047537831373300844,47700
0.029438130855560303,0.47543113470077514,0.18069870471954347,0.7065859889984131,0.2651546871756665,0.4237589037418364,0.7687661940088634,0.5401723477446917,0.28245305274095805,0.08245971823310097,0.022520609917119128,0.00964422116633684,0.02161711082766647,0.054476068093855363,0.008503266431626338,254.01805437839866,382408,0.07831097979098561,0.1644790769339756,0.10934546982272744,0.023686153603355506,0.0080022404436022,0.7452277123928072,0.9619721950819861,0.9346511306114564,0.6324244207806056,0.43552148255329676,0.008783994039986278,0.01003332264148274,0.00849682657450473,0.008145569007481552,0.008367550615854208,0.049661845688242424,0.05813309333349863,0.04486510839801535,0.04843876424064447,0.046973802154947064,47800
0.0006744599342346191,0.46328990697860717,0.16544498205184938,0.6809062981605529,0.23196030524123526,0.4245259232819081,0.7745539437373875,0.5527457812180127,0.2935831235721702,0.0855730389858164,0.02371078107506036,0.009635680199720035,0.021014247494652707,0.05632098995614797,0.008359259566314878,254.02399201782157,383208,0.07784263595938684,0.16562800219493534,0.11423858854686837,0.024730966702336443,0.008642058320934091,0.7492480254173273,0.9604143688244181,0.9340887280801929,0.6548182064294815,0.4591494022346125,0.008880484604742375,0.010214046426025657,0.00883647002653258,0.008149600900942452,0.008314213824526554,0.05152772605884818,0.06255373465851545,0.04797005485306724,0.047044846259523175,0.04831489233027505,47900
0.029841809272766112,0.4829003930091858,0.16458549976348877,0.7026537656784058,0.2932624369040084,0.43321287766098965,0.7716975419810322,0.5533229478975621,0.2995037377573727,0.08763560864583156,0.02357826129533351,0.009783190295260133,0.020970018557840746,0.05178311384434614,0.00820502281383416,254.03226471309713,384008,0.08047557203099129,0.1651042767546393,0.11414677549789584,0.027875558659434325,0.012618003317774124,0.763496007323265,0.9621022117860393,0.9360752230737264,0.6687065274216409,0.4650178348625099,0.009743393536191426,0.010767127241412495,0.00946960717144354,0.009255776708122594,0.009514077872314224,0.05826442662160843,0.06449825091597931,0.05501048911090303,0.05602774307954796,0.05778995926420268,48000
0.0006770396232604981,0.45951908349990844,0.16421834945678712,0.6736733555793762,0.26978496937627183,0.4214892841875553,0.764804314568405,0.5549071776754978,0.2878050678937704,0.0845761945157653,0.02270965993404388,0.008719323113980017,0.020229917889714517,0.053395597240167486,0.009082272006221822,254.04232887617616,384808,0.07932144990190863,0.16493501135816116,0.11461278304737495,0.02811681982201823,0.010333599078948489,0.750476780235767,0.9597606721348788,0.9401512937926352,0.6444693447388322,0.4543953222213405,0.00972431963775308,0.0104411200898168,0.009940038052575552,0.009885277649502934,0.008664503979432114,0.05069689654745163,0.05628633090290024,0.04733253027063228,0.05597760725872036,0.0438878380181729,48100
0.030338122844696044,0.46854181051254273,0.1958523225784302,0.7175030469894409,0.22140064663940665,0.42129541873931897,0.761054621200369,0.5513271942283162,0.28274332801269947,0.08674559816126787,0.024303675824776286,0.008880526147255995,0.020826321699647137,0.05518135766303818,0.008978798676888274,254.05600327058568,385608,0.0770949558913708,0.16380195161609948,0.11408384582686301,0.023267650202479808,0.00874091115430313,0.7487235972285278,0.9615322261145619,0.936963702994163,0.6402171231979557,0.45201058961727003,0.008780802739784127,0.009883622890526453,0.00894557654556602,0.008073960679994769,0.008256926758106428,0.046010562307201325,0.052072820674646816,0.04296827880016554,0.04323442480201983,0.04600481913922725,48200
0.0006608819961547852,0.46020902872085573,0.17556743144989015,0.6904229950904847,0.2617532584396209,0.43560598343610774,0.7684501125178208,0.5481180468601968,0.29005072877595317,0.08210103090423411,0.023957076128572233,0.00912919041429381,0.021559514960190724,0.059341243139811234,0.008205228491871564,254.06302326626056,386408,0.0810332136414945,0.16518090139015001,0.11271011881270818,0.02416022462574273,0.008230147220155339,0.7511400544643403,0.9614479503500355,0.9313396043445338,0.6313227741341845,0.4406586598351364,0.009044483497273176,0.010469293531560155,0.008814679028985292,0.008337194234819007,0.008363682819354816,0.05192458273842933,0.06049492567726373,0.04405437345009541,0.05133384492150264,0.05101263243217433,48300
0.03185945749282837,0.47348048448562624,0.17929986715316773,0.7065482807159423,0.21609048196353778,0.42572087168693556,0.7717505389789365,0.551509928766382,0.2792295652070071,0.0818704312990363,0.024052427867427475,0.00868981689399214,0.0212331383572842,0.057757026148877406,0.00847939510261925,254.0678812826368,387208,0.07812297143973407,0.1648625408844002,0.11383952783844453,0.021844439629437815,0.00815013291852368,0.7403078445792199,0.9637693045836566,0.9335542248670388,0.6184507006494866,0.43846911161529784,0.008865313138812777,0.010417924897376238,0.00856166045186381,0.008029410299005483,0.008344522024010663,0.04814515900798137,0.058495116591418435,0.04199449374542511,0.04531116905195521,0.04581650945700097,48400
0.0007454538345336914,0.44619072914123536,0.17774405479431152,0.6743386101722717,0.23106508217080904,0.43045420348644253,0.7651697226933066,0.5422052731021092,0.28918164673932756,0.08092619344891833,0.025486458903178574,0.009496028184675126,0.021722958647072903,0.0580489638478084,0.008405579169061381,254.07497227578696,388008,0.07895484507083897,0.16448191395534087,0.1098843451696807,0.02460821749382586,0.009352507735415225,0.7530054599046702,0.9602310569415539,0.934508031950547,0.637555549033853,0.4369272894557865,0.008736526912543922,0.009870527750294044,0.008527872452619845,0.00808361133149023,0.008469715461552391,0.046835162248462445,0.05394136758401918,0.043362537063120925,0.043393491957943134,0.0469484120639491,48500
0.0007389545440673828,0.47601024150848387,0.1767342734336853,0.7041592907905578,0.2743276723180572,0.4378155206143857,0.7683303474828054,0.5485828787528826,0.2934473490520339,0.07986107120638354,0.02345649132505057,0.009498663700435802,0.021713918006148546,0.054649043474907996,0.007859322376124517,254.08430900037337,388808,0.0821182742342353,0.16425484653424313,0.11366863291839067,0.027069256430370132,0.009637679429443363,0.758073437809944,0.9615604866434025,0.931254910718044,0.6552095874470083,0.43588037543244407,0.009628935931250457,0.010460280093226443,0.009381436715315416,0.009737589129775626,0.008799540411148755,0.05410785133019089,0.05904041841643412,0.05046271718120928,0.055285463778854294,0.05103193300233764,48600
0.02959104299545288,0.4727311706542969,0.1826862382888794,0.7096343564987183,0.22420861566009231,0.42563756614923487,0.7654626657973683,0.5399697857334258,0.290433240066073,0.07327155366086119,0.02345541071146726,0.00876918454286664,0.021717748468484177,0.05650881870307641,0.008554375632949713,254.0922543669458,389608,0.07815145213156942,0.16427652374522356,0.10966186609832532,0.022819102668127384,0.007388974333697273,0.7422617337107653,0.9625738940826836,0.932847760776256,0.6504036443574083,0.40685894132265554,0.0087210399704054,0.009945075386990554,0.008562394674183762,0.008085638833498323,0.008143883535335895,0.05059461596421898,0.055644891071707406,0.04967349664149609,0.047694441852901046,0.0487448408878243,48700
0.0122092604637146,0.4525837635993957,0.1764568543434143,0.6834783744812012,0.2255975392064827,0.41802639424800875,0.7663443018228581,0.541979446851959,0.28558576341092023,0.08760182692963178,0.025186603255569942,0.009158473434404301,0.02202513250813354,0.05619798979178001,0.007667428663219597,254.0986085792242,390408,0.07586407605558634,0.16439244464421893,0.11042628099676212,0.02380214848728701,0.010981830910226713,0.7446689462661745,0.9615501541357775,0.9287309246137742,0.6331637863036809,0.4642862138901165,0.008791651511564852,0.009704606084582899,0.008788215008583705,0.008025069714861758,0.008769625591183884,0.047836166040506216,0.05640374521892038,0.04555932286287617,0.043803745484086734,0.04611318740983779,48800
0.03183349370956421,0.4774202513694763,0.1820031714439392,0.7128711366653442,0.24125939911538208,0.41327851131558413,0.7688303134020639,0.553462653205945,0.28028378709780033,0.07847033214576081,0.02304379984736444,0.009201300054259022,0.021304486641803615,0.05323593097447015,0.00929641315195393,254.10982904637876,391208,0.07595979258418085,0.1653450919570877,0.11431555945303419,0.022473142265726737,0.008051184250890095,0.7243039837479593,0.9580602987724197,0.9333818604002945,0.6370224303274004,0.40414026617444176,0.008763110379222784,0.010171276377970528,0.00884920012865953,0.00799841590721475,0.008062497190169191,0.06221804101020097,0.07567807767248043,0.058609601760098856,0.05627751220666357,0.05801585675632591,48900
0.0008218717575073242,0.43819002866744994,0.1916450810432434,0.6845737290382385,0.2509208385375158,0.4273577278852463,0.7641816294972017,0.557203374138461,0.2841354454656941,0.0771786493480836,0.023691417174413816,0.008917416689856598,0.02031303295961848,0.05593401621371958,0.009105939486448375,254.11834694078618,392008,0.07886738378554586,0.16380269428593439,0.11535817718771701,0.022643904160736254,0.007511864296190206,0.7497410658001901,0.9628562915265259,0.939391897597783,0.6392870296784983,0.42791458507063557,0.008653849810361866,0.009763563086919901,0.00856290167381226,0.00817312198414949,0.00809408181282893,0.04897703262744472,0.05717812560676555,0.043251252776895066,0.048442560439957406,0.047357633530048966,49000
0.03746618032455444,0.47183952331542967,0.18309841632843019,0.7063924264907837,0.2598201060071141,0.41559957638382905,0.7618747627924364,0.5533409057890329,0.2758676694038342,0.08296973240885087,0.025124288192018843,0.008857612262810127,0.02100582338544064,0.05845016843358161,0.008843038154529522,254.1254878409416,392808,0.07587095642462374,0.1634339515967343,0.11456348150245194,0.02172826845111008,0.008296777072019989,0.7385586157441142,0.9624123425080027,0.9352092028242872,0.6130787415324517,0.44728069756315175,0.008430199413560333,0.009715421571243535,0.008433414688695554,0.0077293707554246145,0.007938004289440062,0.04563888394506647,0.05645405350711253,0.043308334868713216,0.03880702192952222,0.04503982078339515,49100
0.0006021928787231446,0.43741181373596194,0.1843722939491272,0.6791399502754212,0.23926407667295627,0.4201653856039049,0.7662630612861389,0.5502527031175636,0.27996164252576605,0.08352477690421564,0.02419552809093147,0.008568229248852163,0.020966326050024398,0.06399787314560097,0.00843772883635275,254.13215505173358,393608,0.07763838532380758,0.1654213363295989,0.11340647309701493,0.02044777875973683,0.008340258602334491,0.734606724977493,0.9591821216641456,0.9348358540458881,0.6113704796070635,0.4425036186395689,0.008933626110665505,0.010173133786487884,0.008947864826273244,0.008221920944102444,0.008302285353284937,0.048917343567591136,0.0547854036733316,0.04567899053019693,0.04533345615440656,0.04900268706774644,49200
0.02915393590927124,0.4367151665687561,0.19194011211395265,0.6843191385269165,0.23194264929678368,0.4018581619858743,0.7633407974490231,0.5429773165120024,0.2758619149224219,0.08164970697441574,0.02504135318100452,0.008709484451918499,0.022169606123740474,0.05867789478572173,0.008472081489681737,254.14143506441414,394408,0.0726706006750464,0.16388849458546192,0.11117790881544347,0.021696800581466787,0.008689492124902347,0.7220021939277648,0.9616689722155044,0.9280873762236699,0.6159423770748581,0.43724059946660165,0.008452111785300085,0.010154433562926984,0.008149966186222952,0.007748609295584887,0.007871772055492292,0.052912670883815724,0.05871073421998038,0.04805289674162245,0.052524600186707265,0.05215577065328157,49300
0.00061784029006958,0.4581137776374817,0.18346678018569945,0.6957718920707703,0.2659734678078147,0.4342151691019534,0.767829145781056,0.5468183821408533,0.2897167018978729,0.08463556467706619,0.022577656256034966,0.009365568914117793,0.02135396173165339,0.05209638833110859,0.008642613080193663,254.1501679959379,395208,0.07995032237842677,0.1646439245653371,0.11158215328660932,0.024675321792427284,0.007333616149509375,0.7586578768491743,0.9608979384284215,0.9345238807937857,0.6633140859265009,0.4471252635511429,0.00879846906755119,0.010078834163286306,0.008644077539229427,0.008033274817115008,0.008260622800995853,0.053161262513603987,0.06386585285196006,0.04748474284567678,0.04926342499172925,0.050472125255000534,49400
0.0007140684127807617,0.48027573108673094,0.17917561292648315,0.7143397426605225,0.22299129710120857,0.4237669347226621,0.7693144716144176,0.5506592193716454,0.27512028057347304,0.08871591634821456,0.024512739069759853,0.008393278247431706,0.0210761500154867,0.05963720097526103,0.008556033455090702,254.15493887981214,396008,0.07794111456722021,0.16509419936312447,0.11376512246696566,0.02111771608150436,0.009770641907066255,0.7416535204648971,0.9618091474879871,0.9353383632082685,0.6099071631244581,0.45771246150060363,0.00912917582085356,0.01025078458484245,0.00922568111288313,0.00821947050509134,0.008788199410986543,0.05254958823090421,0.062246717967128606,0.045681919119516884,0.04831661112885006,0.053268798104567736,49500
0.030011098384857177,0.4621685862541199,0.17458709716796875,0.6909672498703003,0.2599020828597103,0.4046626561880114,0.7586460390686989,0.5447888867829441,0.2886464640825659,0.0781746806159359,0.02277251669205724,0.009672267124988143,0.021262772636668346,0.05684764023133358,0.008544886588110943,254.16054436142136,396808,0.07478033594787116,0.16448012858629238,0.11124116156290297,0.023830802361532077,0.008190434240908684,0.7258242270350457,0.9571196371316912,0.9356722200429561,0.6396786003977388,0.42577119839602484,0.008512007561512297,0.009948702515102926,0.008605890639466787,0.00787570892198646,0.007697374411409018,0.05103003839962181,0.06032975936541337,0.0482560642068625,0.04925049021635407,0.04663302450328424,49600
0.0007896780967712403,0.4799171757698059,0.18738723516464234,0.7211189341545104,0.18920508835406163,0.42538241386413567,0.7614942532746903,0.5603688403254469,0.2886344524921397,0.07934524879981107,0.02403104132972658,0.008694007440827243,0.020372122566082642,0.05575894335311318,0.008083908090753456,254.16651730747552,397608,0.07852754689753051,0.16363047217766843,0.11645606697670056,0.024160100542167783,0.009074200740239265,0.7527517193555837,0.9624313474319138,0.9373030605770284,0.6448337235156956,0.44923958695063043,0.008817988103255625,0.009866332620806946,0.009109559344748648,0.008097435928157294,0.008218397008335241,0.048117274641990664,0.05629705148869689,0.04532526443889804,0.04398434036256861,0.04747036251399713,49700
0.03224448919296265,0.484060320854187,0.17021071195602416,0.7067347860336304,0.27402860323767136,0.4249466921389104,0.7669805867880726,0.5527744985915526,0.27065155789929984,0.0874352975182197,0.022838225602172312,0.008890340196973026,0.020749516322000606,0.05431920458005752,0.008508515224824828,254.17545183676506,398408,0.07905888903886082,0.16510653482054796,0.11361987914990744,0.02234157458902453,0.009815787468877764,0.7442378789186478,0.960600037179235,0.9386502903860959,0.6108725052982128,0.4609354683502236,0.009502403081860393,0.010756567382352408,0.009258668390228536,0.008596143587001002,0.00926764380659478,0.05013690005056562,0.056887345131023156,0.045084251206670284,0.0479584425903071,0.04965150551917264,49800
0.0009070181846618652,0.4502978658676147,0.1815983510017395,0.6829417872428895,0.254348755045197,0.4254874607920649,0.767347757907018,0.5559383055693662,0.29956956411588875,0.09044174786598573,0.02384981081821025,0.009654374443925919,0.020718504624450004,0.05197909841630257,0.00979493903934819,254.19122463006053,399208,0.07787213988602154,0.16419630125164986,0.11580666906676945,0.02667498359794922,0.009233903931575728,0.7600289049744604,0.9635004223040909,0.9357268748708729,0.6772848491398792,0.4599205917088775,0.008671449536923316,0.010086950362639745,0.008658858115605555,0.007982684226864769,0.008086360880071345,0.045438426517939674,0.05178832646877551,0.042671756935715864,0.042834893184058344,0.0452963746689487,49900
0.030629687309265137,0.48119321823120115,0.1825893449783325,0.7193906998634338,0.3347066667721912,0.43989571750164025,0.764788207567134,0.5579306158028778,0.29164382579636433,0.08672798608328404,0.021511869407258917,0.00951841193520557,0.020666074341579774,0.05066626573949632,0.008846172621989975,254.2006693509044,400008,0.08423781126737592,0.16507526278778276,0.11579413548724286,0.02670437171344914,0.012817508561555972,0.7684759873151777,0.9581971001851044,0.9367342128601254,0.6695401308226725,0.460869462996567,0.010339936246164156,0.010922635536888053,0.01040040786467391,0.009418388536610341,0.010479423861680407,0.05413364470470697,0.05618187265196965,0.05262695946284153,0.05218850905707078,0.05538792957894394,50000
0.0008298301696777344,0.45538496017456054,0.17454543828964234,0.6810905194282532,0.2507271756707252,0.42487088009715096,0.7609118726104498,0.552354781980246,0.2913748064221669,0.08312350736662028,0.024150138222612434,0.008861758755301716,0.02159547663464303,0.0553866326361178,0.008012816378408493,254.21808261109524,400808,0.07867330102249981,0.1641483224617938,0.11488686848274428,0.024770274340810895,0.009620549612339926,0.7555970469117163,0.9600337122877441,0.9297464904091175,0.6517946978028005,0.46279071645940684,0.00882157074753196,0.010048687981907273,0.008834302521577467,0.008179952813616883,0.00826081220947087,0.04741363110952079,0.057655210529143644,0.04405349559705931,0.044530371797288935,0.0439325805882958,50100
0.030536868572235108,0.48619621992111206,0.17499384880065919,0.7163828015327454,0.2626536796439621,0.40724460139870655,0.7563965301863187,0.5452309433133039,0.2919035278584646,0.08596493076602717,0.023792048832401623,0.008986557394397774,0.02156470788821103,0.055202100713903836,0.008580405169893399,254.22459101538254,401608,0.07397888792678707,0.16371093908841708,0.11123361898229477,0.024379833719517678,0.009139137245740782,0.741082823574543,0.9598365413580883,0.9339923056516246,0.6554145242856899,0.4592341944993103,0.008457131439354273,0.009932171241307138,0.008310157886181177,0.007703008686961676,0.007999196091544957,0.04405434539541603,0.04976893360214548,0.0402171698973534,0.04418248753625773,0.04220096793278148,50200
0.000703732967376709,0.4428334355354309,0.18969932556152344,0.683522698879242,0.2721975478312366,0.419785491079092,0.7635334733013925,0.5521625985970371,0.2751932181759712,0.07868374874273304,0.024533900432288643,0.008353380720878855,0.021724193905656417,0.05556778627268354,0.009295576673971791,254.23067926206815,402408,0.07706577491946522,0.16413843481299956,0.1132852857177322,0.0219463236221975,0.009363753437163136,0.7333107939362526,0.9624143495009493,0.9306490588832542,0.6185366924202774,0.4203988285291765,0.0091596975759603,0.010419347683917014,0.009864937539237574,0.007909346303535165,0.008525305839068197,0.054465313698165124,0.0574683913638672,0.05964269780025293,0.049637813787531376,0.05166075691068299,50300
0.02877828598022461,0.4673383951187134,0.18107376098632813,0.700168809890747,0.29890861572378435,0.42594047218561165,0.771291353485801,0.5399462830079225,0.285277926901338,0.08072188076222193,0.024710983624681843,0.008993152564092936,0.021861079246982152,0.055609918776216044,0.008812298890091278,254.2407575729844,403208,0.07847049349918964,0.16521699740841062,0.11044279752593292,0.024731883659548703,0.01022054687081302,0.7461758333444592,0.9628240731344276,0.9314559434589585,0.638924313521167,0.43414376700510726,0.009197991737164558,0.010691092186941628,0.008802522549797813,0.00840957677034542,0.008842557935868602,0.05455773127032443,0.06653900039671926,0.042846273746047346,0.048371414676385525,0.06040313400078796,50400
0.0007741975784301757,0.4437217950820923,0.1939295434951782,0.6896289396286011,0.21827877929991593,0.4271133036911488,0.7675574496388433,0.541057754211475,0.2827145513051598,0.08339159728541057,0.02150443681981415,0.008595091492342926,0.022222635524414985,0.04860675799158903,0.008059812192353707,254.2478291406241,404008,0.0788651989586651,0.16442481649142712,0.10968605446305925,0.02420757593443759,0.008604657914957535,0.7536622565984725,0.9626480873536177,0.9320147071477662,0.6576384568825744,0.4432626649433252,0.008876857389695939,0.01011396872948992,0.008710821803388967,0.00822823348765572,0.0083223190206122,0.05985265077091758,0.06656245424851971,0.05073339034865943,0.0627599226000408,0.058545414565074075,50500
0.0008016443252563477,0.46550100564956665,0.19140054225921632,0.7128508710861206,0.20506612972993687,0.42483254671096804,0.766032549096089,0.5396164051204362,0.2739378509175091,0.08743311267905904,0.023327688639983538,0.008674194527831034,0.022003648517091034,0.05608032512142081,0.00785751088215955,254.2536855617909,404808,0.07923656634986406,0.16430808413846817,0.10937122060513162,0.021878779867020363,0.012978538682616746,0.7542667371034624,0.9620806867001105,0.9312850470250511,0.6197229761103682,0.473313016286168,0.009871326996944844,0.01142454973431121,0.009483148800736335,0.009196542910451347,0.00932376274665325,0.05569218249991538,0.06628405076323773,0.048810865440107175,0.05021838282103314,0.0574724614099054,50600
0.03009072780609131,0.4707250380516052,0.17283143520355224,0.6972710824012757,0.2593949004186273,0.41286963909864427,0.7615394985675811,0.5455159148095183,0.2695050267997574,0.08457850086968394,0.02313379542902112,0.009351412722025988,0.021375893373910937,0.05214477814329058,0.00858618675614707,254.26191978987256,405608,0.0765252831764519,0.16482903301715848,0.11146875775848653,0.02331400064049639,0.009574756562942635,0.7418080395460127,0.9590211752057078,0.9334768776448901,0.612503989019256,0.47346416741609554,0.008829511168878522,0.010294408050831413,0.008668080711775864,0.007949606717928588,0.008431095784762874,0.045083372979424885,0.054316117723938045,0.04271055857163559,0.04279939268135291,0.040504313746932856,50700
0.0006935667991638184,0.47378175020217894,0.18568114280700684,0.71384840965271,0.21669597776664742,0.4140817944705487,0.7591315208337241,0.538030626434906,0.28260659206892574,0.07720090463258251,0.024661438595503564,0.008859758087409998,0.0221921265919638,0.05771438943465119,0.007873328304525523,254.27091900506502,406408,0.07595919843763116,0.16410036117602605,0.1093076784346326,0.023730180859520757,0.008025124324629682,0.7392838352918624,0.9604899880213614,0.9285695021059001,0.6326733263218461,0.4316492913310061,0.008476691122632472,0.009763095279534659,0.008497067775084266,0.007927430773396851,0.0077482954762184714,0.04870470750145614,0.054868198381975666,0.040321869624997744,0.053220744946620595,0.04650573045994665,50800
0.032493956089019775,0.43846261978149415,0.189370379447937,0.6840677762031555,0.20279571700534887,0.4227017460763456,0.7667840959514007,0.5441931015495799,0.28554946974144507,0.07732599434595568,0.022833277592435475,0.008337558788084058,0.0218523986494312,0.052460219982506016,0.007434837998718851,254.2839761984709,407208,0.07817594937048855,0.16407668816793658,0.11123577100793697,0.02397139852833771,0.009781472968854123,0.7509647262096405,0.9636096086801654,0.9315166616331938,0.6503777902329982,0.43085705067114877,0.008899202651809896,0.010350965894758707,0.008877691835990983,0.007746058008422955,0.008671387281052031,0.04845708504784849,0.05689637588229793,0.047059976965677784,0.0430971993666947,0.047205622546946414,50900
0.0009649705886840821,0.4526549482345581,0.19060726404190065,0.6946830034255982,0.2564813461801645,0.429639378488064,0.7623639457533801,0.5545040414770046,0.2931371265246224,0.081651236464832,0.02263523239642382,0.0092839150729647,0.020130960761781492,0.05444416119037969,0.008366063562207643,254.29608665006603,408008,0.08053196610882885,0.16512968409004394,0.11458932335423948,0.02587597940510024,0.009128110579021154,0.7513178652524949,0.9566251963519592,0.9417589374698031,0.6490454354013009,0.43790657356910906,0.009052782799117276,0.010235064014632032,0.008796590350402317,0.008491100040070402,0.008608606100309309,0.045099274358944966,0.05048982919868902,0.039758363845850346,0.04286944859450157,0.04703005866814155,51000
0.029767735004425047,0.4690906739234924,0.17937784671783447,0.7015867185592651,0.22599227714441827,0.4087291187047959,0.7747680308855127,0.5513085194324187,0.2782099446862615,0.07867102726210841,0.02155483801849186,0.010063871430460032,0.02115755375768793,0.05039745289581999,0.008226547367144612,254.30449863193235,408808,0.07662342660129072,0.1669442301171687,0.1141196468943044,0.02494744083879174,0.009197229205113773,0.7262117886543275,0.9584727795596047,0.9323885581995311,0.6382529001723053,0.4241472550950913,0.008990781479515136,0.009907685031140524,0.008886535421602044,0.0084655197707796,0.008712699669638922,0.04512999101076276,0.05173748908658999,0.04243644482309096,0.03971287951133744,0.046088931070730955,51100
0.0008358073234558106,0.4599422764778137,0.17870930671691895,0.6898956036567688,0.21760932026660404,0.41236250028014176,0.76878803437917,0.5537154277672574,0.2848786463831908,0.08046340057847057,0.023312324620783326,0.009756851355613487,0.020632341005174193,0.05471378176168786,0.00801032377071502,254.31085976359321,409608,0.07577082023024558,0.16495836553461274,0.11498919500000018,0.023675427335259125,0.008480048558555576,0.734177071154118,0.9602272164135074,0.9359133346956606,0.637683222199431,0.4345366765537532,0.008581049134954815,0.009748634443428201,0.008543094270862635,0.008049366820492945,0.008068395992608578,0.04605266099795698,0.05723543683583822,0.04089074836549709,0.04362986925159496,0.043044265849577594,51200
0.030656867027282715,0.4715742182731628,0.1779022717475891,0.7043974566459655,0.22125379631485878,0.4257470637559893,0.7664444561295672,0.5507801801887989,0.2785545312753407,0.07447964183167022,0.024416950042359536,0.009264510570360707,0.020545690716484318,0.05894434735603116,0.008730874619939178,254.31506569809167,410408,0.07874962972477072,0.16437448973946714,0.11320136295458702,0.022309739720122436,0.00795971634139486,0.7344934448599816,0.9609653474019725,0.9382148477220043,0.6120009074116696,0.4045616712869776,0.008828761177137493,0.010187404693712088,0.008669363817238476,0.007963900518889473,0.00839019506067739,0.05305382625199855,0.05909775433615899,0.04827533662319186,0.048943792119400954,0.05551402102083124,51300
0.0008161568641662598,0.44920447587966916,0.17995394706726076,0.6845493602752686,0.3004396862357277,0.4195720934867858,0.7686449705655847,0.5444237726368922,0.2818639090045906,0.08480708484579191,0.023359868973493573,0.008448826920723162,0.022012300601256595,0.05430129887774967,0.009602602429027341,254.32046567921861,411208,0.0777291921153664,0.16580811180361557,0.11167066960866225,0.024984409673234946,0.00811050967496861,0.7374262067675589,0.9598063401241391,0.9305764959363519,0.6238492106780028,0.4353787197268067,0.008686291859485207,0.0099213726271,0.008593036093533476,0.008180167325414132,0.008054982164296603,0.042092417753301546,0.04720592135610296,0.04120323611102225,0.04076060955054484,0.03924817763489158,51400
0.0008010029792785645,0.46916669368743896,0.2022119927406311,0.7236466073989868,0.23567353051647022,0.44917618662118913,0.7710636414171794,0.5472173020243648,0.2889433360985805,0.08200153245935957,0.023145293788984424,0.009286164757276014,0.021594005408605538,0.056075338163488586,0.008839572423394096,254.325095840211,412008,0.08419373385608202,0.16426437165859956,0.111603475175798,0.024546123194080356,0.009962058486155336,0.7612850242853162,0.9641249371700534,0.933248561386969,0.6463039262874716,0.4181909001945109,0.009740798906423155,0.010922468822977061,0.00964950532287212,0.008969178365392471,0.00910060003326599,0.05499632305465639,0.06374683920613816,0.05101219836312035,0.05114480670340159,0.0521110516993768,51500
0.029207375049591065,0.461920325756073,0.171054425239563,0.6889340734481811,0.24471834259463818,0.42622293695807445,0.7789593487251097,0.5448998703760798,0.2787450124474771,0.08145321640579854,0.02132500858977437,0.009058084353100413,0.02160365184418101,0.04912736416012446,0.007683215993549216,254.33640345847994,412808,0.07992971027269954,0.1658561961679925,0.11194037329315562,0.024598624665578977,0.010804219562931,0.7494129639863967,0.9630666084405854,0.9306323675141815,0.6416943940249356,0.4450943627167697,0.009514716695994139,0.011065170807173338,0.009290435589885954,0.009259457132196358,0.008401864131829187,0.052554162340238686,0.0637509235885086,0.048185249516101564,0.05105943479799332,0.047024525271089246,51600
0.0006640124320983887,0.45046028852462766,0.2020741271972656,0.706362497806549,0.24075746641556103,0.42639870420098314,0.7786827418539254,0.5454077176716294,0.27682921400463034,0.08173357805448214,0.0221229023579508,0.009100209302480592,0.02208470572788488,0.051795580792135,0.009140732675203541,254.34822989330098,413608,0.07905154481530197,0.16551083439227302,0.11152104938177257,0.022704396504030385,0.007906021089224252,0.7493341803550722,0.9628561196303128,0.9285084629272662,0.6358941942453387,0.44259640236793496,0.008765397008974099,0.01000061289482572,0.008617247424543636,0.008073527683419257,0.008323198059353562,0.05089790053665637,0.06175362727971694,0.04577754602471008,0.046296300234230744,0.04992394395668077,51700
0.030745763778686524,0.4406542944908142,0.17495784521102906,0.6666877365112305,0.30709600075960547,0.4361467525362968,0.774580476736581,0.5443031579545403,0.28331978060305096,0.08109767877206374,0.022647246420383446,0.008265990023910827,0.022226078110267822,0.052765298217612645,0.008724913046750375,254.35654910314173,414408,0.08082150850445036,0.16475943910578864,0.11066333083345467,0.023749489593077062,0.009207632843910723,0.7567481774091719,0.9647184996693218,0.9316405966443926,0.6408466858168451,0.4411764474966194,0.009070244519971318,0.01012902580960481,0.00893356523123905,0.008473793796535276,0.008607759110389222,0.05252226290293035,0.055336848959861434,0.050620226727491155,0.050185813937180954,0.05377208583447483,51800
0.000680699348449707,0.47528222799301145,0.18855055332183837,0.7163873934745788,0.27551757847796826,0.4102514953911305,0.7606948776942927,0.5407521872092855,0.265616372120723,0.08537881581647556,0.023942928798496747,0.009039078598910167,0.021793332122995147,0.055111693360945256,0.008777301976374247,254.36333523737113,415208,0.07543827941641211,0.16423927232986546,0.11017344100400812,0.022357748179700952,0.008598465837266226,0.7295233625173569,0.9596416482111307,0.9311962292894074,0.5951674090047776,0.45129731002420453,0.008659202917478985,0.010177171511984457,0.008337145430825492,0.008024117670971099,0.008069142680799606,0.04770251804031436,0.05790044584016251,0.04301976982716714,0.04437419924323567,0.04506226606427295,51900
0.03741985559463501,0.4666743803024292,0.16028841018676757,0.6784573221206665,0.208358683360298,0.41664395123720177,0.7661102875393244,0.5494795625147066,0.27889583855171024,0.0851491785934431,0.023832185026258224,0.008757324390880875,0.020928501729902488,0.054683126108807906,0.008347390980109915,254.37016405862602,416008,0.07653112545609476,0.1644726604522773,0.11299506963083619,0.023967729935805503,0.00962783423309134,0.7389963293075568,0.9606037088974045,0.9363109481962103,0.6245642844761639,0.44914257889471687,0.008850717414170501,0.009766037643760746,0.008715206727777664,0.008401331657143395,0.008544965417876004,0.04762996569508686,0.05174225317688668,0.043819371754254606,0.046826561850878634,0.04802385433742465,52000
0.0008830595016479493,0.467962760925293,0.19042685985565186,0.7114280271530151,0.2006233487121095,0.43855853527784344,0.7694020875259849,0.54811382200569,0.28768451426604447,0.07679290437648974,0.02208016597665846,0.008585645921787956,0.021205602795816972,0.051319132688737897,0.0073875988935228456,254.3774031544284,416808,0.0820285231992602,0.1650413307732184,0.11316432856256142,0.024990622110581444,0.00868956756762625,0.7598129028081896,0.9614178414365884,0.9340640610704818,0.6578434928139645,0.43648092654528553,0.009112111222930252,0.01013444647176471,0.009056143285609624,0.00846303265717863,0.008615773485057581,0.048905284106731416,0.05892517223162991,0.04330591015847556,0.04647058923149583,0.04503765290098786,52100
0.03255684852600098,0.4829543995857239,0.1721441626548767,0.7084372448921203,0.2752957059246209,0.4130622920393944,0.7626873996793,0.5553679637610912,0.26796956308702474,0.07801811743785829,0.023153156349435454,0.01009009461030268,0.020808952315710477,0.05381897911152775,0.007483376935815975,254.38303083221652,417608,0.07652530500665305,0.16453302659246377,0.11522757587954396,0.021246177880877223,0.008091723412104719,0.7368999469280243,0.9609350069445006,0.933887058794499,0.6120454494905944,0.4493371469549615,0.008712558792904012,0.009849772809966644,0.009018551758490496,0.007790455329554648,0.008228263541097087,0.0441639558132738,0.0497839629355514,0.04203952733427282,0.039893761217262166,0.045084468725294154,52200
0.000657968521118164,0.453000328540802,0.19309142112731933,0.6975830674171448,0.2597743509633645,0.41607987657189344,0.7647943249408227,0.5495081659333381,0.2813143776013303,0.0792108200052205,0.02615061804652213,0.010863077190229062,0.021718001057046868,0.0584699495746101,0.008159919483163827,254.3912132343255,418408,0.07581044185906655,0.16402105852327462,0.11296665829186339,0.022614810427195677,0.009461622183425304,0.7405281659960746,0.9634071724846017,0.9314387329653199,0.6307900755653548,0.4378816883831738,0.008601900497451423,0.010054612569411862,0.008727590788575811,0.007686538777706039,0.008086094353846045,0.043807162004522955,0.053421451519441596,0.04144057916596021,0.03964828357429186,0.04163822405448646,52300
0.03132580041885376,0.4578080987930298,0.19091264486312867,0.7004997611045838,0.19361270596066,0.4321189616620542,0.758648400551805,0.544400300611468,0.29176493040040885,0.08776778238825499,0.022946416176855552,0.011018479090601758,0.0218611635226647,0.05292437552033286,0.007728488586508319,254.39895685983944,419208,0.08032036263495682,0.16401653813424502,0.11075043844460863,0.025738682961826655,0.008715166695158894,0.7629212695360185,0.9588010085520351,0.9304790552340299,0.6554062407267717,0.47296189578870934,0.008848394486121836,0.010217810669809443,0.008686846909661068,0.008254940003940928,0.008080982996034436,0.0447662067040801,0.051950868619518864,0.041897981717506874,0.042751689240532485,0.041799324232367006,52400
0.0007814836502075196,0.45726680040359496,0.17848490476608275,0.6889844918251038,0.2570681914998255,0.40194641172885875,0.7716395497977082,0.5468061468667451,0.28753991163783227,0.07860823488537816,0.024514481518417598,0.011034095979034696,0.02106902759729162,0.0521153086772213,0.008561925597011974,254.4082448037557,420008,0.07220192823559045,0.1650200556595247,0.11216109750999338,0.02563751181708529,0.007809805427340497,0.726598289012909,0.9630379133172089,0.9352804594569739,0.6525476554255469,0.4198876325634943,0.008537519979290663,0.009713016997940922,0.008577741594571205,0.008190314448740956,0.0078564771262092,0.04691284499829634,0.05598621537325558,0.04118174650680478,0.04500601221948411,0.046046771047240906,52500
0.0006620001792907715,0.4864273834228516,0.17561052083969117,0.7183921957015991,0.22672961365864935,0.41299642980098733,0.7643816031557221,0.5517995512538965,0.2782393813982525,0.08205530605301622,0.02328487472608685,0.008856729145146213,0.021509154733153468,0.05359340341366016,0.009280374993161273,254.42182800095978,420808,0.07605064298026264,0.16425674920641484,0.11445227943594682,0.02233066706474233,0.007833557011468742,0.7364296787977218,0.9610658447835695,0.9312273015355852,0.6276811697940141,0.43076489960275055,0.008291045527439565,0.009376015602585,0.00823563285643911,0.007772945240381229,0.007891732052241158,0.047885075025260446,0.05444438510454733,0.04219437919707439,0.04924128395674144,0.04707122303363754,52600
0.03176926374435425,0.4579631471633911,0.1757932162284851,0.6878174352645874,0.2832652792156103,0.40974741786718355,0.7653712206280106,0.5562653290421772,0.28952313682765074,0.08183165125194053,0.023874822594225388,0.009345573640174043,0.020651888212168155,0.05377760392810229,0.008986966861301054,254.42950150542646,421608,0.07456616943702102,0.16471690116162171,0.11599256470799452,0.025165084359629098,0.007453294116116706,0.7306337565183639,0.9608076190211109,0.9340518291076918,0.6523265783939892,0.42686622256324386,0.008439262968022377,0.009698507445624348,0.008598836123148056,0.007824520886995307,0.007778864508006901,0.04887441702740035,0.056144030695989944,0.041872584936437945,0.04743735813613183,0.049585368926359716,52700
0.0006574344635009766,0.4667947173118591,0.18155587434768677,0.70775710105896,0.21587883080104903,0.41831485807895663,0.7651420774612021,0.5482214923718534,0.28307043483867744,0.085231253579643,0.02378064312040805,0.009524012727544034,0.02181701956458071,0.05220502906069517,0.009402927220078936,254.43765344764662,422408,0.07668892094865438,0.16336700550102146,0.11341713580757515,0.024922813392347757,0.007979908224780922,0.7454755663871774,0.9631932736077204,0.9281428227492415,0.6409629275257464,0.44733327872974354,0.008452327828854314,0.009613307140906276,0.008338179679861142,0.00800417810633492,0.00792958628933531,0.04759509671479467,0.05365943682796146,0.04430411744562657,0.04655768493739305,0.04640460662428558,52800
0.03706135511398315,0.4519747257232666,0.17265944480895995,0.6831199860572815,0.23248059034439805,0.4058396352827547,0.7597372531890869,0.5445362021794191,0.28290544408680823,0.08078255591575394,0.02274623204022647,0.00926730504866238,0.021688056875624386,0.052728237366767045,0.008919572428038171,254.44577996545806,423208,0.07494333397597067,0.16287023927828262,0.11139723455180997,0.026810066481380897,0.008255854555384507,0.7299460986256597,0.9621878248272522,0.9328747336928911,0.6350168900441396,0.4352887793020771,0.008961953574325889,0.01010499240811726,0.009344676043838254,0.00838915821812518,0.00812429602533072,0.05074878849904053,0.058302256286925064,0.049106691721071676,0.04828658159514938,0.04753631596262988,52900
0.0006831812858581542,0.46950541257858275,0.19361435174942015,0.722519781589508,0.22571874277490817,0.4081286041438577,0.7721899359122559,0.5476454922331955,0.27592268684951005,0.0824084503100058,0.022578981500118975,0.007943187516344636,0.02157411605277854,0.056038129066235454,0.00845302505347661,254.45336819934388,424008,0.07546048047021031,0.16648806267134528,0.11185870242287514,0.022779431955590464,0.008508782219893457,0.7315523821115488,0.959707948176757,0.933404238437707,0.6158931123617607,0.44527932667411513,0.008638511085882785,0.009949382462882952,0.00838948739033615,0.00817788400538061,0.008167507461034128,0.04912718076375312,0.055786324190431426,0.04627598348932501,0.04878905154726065,0.046617641839336546,53000
0.030031948089599608,0.45495564460754395,0.17066319704055785,0.6808301877975463,0.21161675921058298,0.4235066643357278,0.7716524467235657,0.5429592386548745,0.2698503215480771,0.07960585351552701,0.024240168789401658,0.008451472665183243,0.021725326384247956,0.05657570477511768,0.00857390644296663,254.4620834935075,424808,0.07787269814405592,0.16564768276563485,0.11051034932873513,0.02144216445107375,0.008009121638111847,0.73665176063776,0.9604636105095467,0.9321437842152974,0.6070414975430202,0.4201646899023363,0.008711555371992283,0.01014478244568879,0.00857191775544671,0.0077972939199523784,0.008296892711622348,0.05088209052686582,0.05843325565830335,0.047174022769271004,0.047516254890140455,0.050334300440911375,53100
0.0007541894912719727,0.48007562398910525,0.17405906677246094,0.705854423046112,0.2968402134696537,0.4233196534216405,0.7698944999803952,0.5435127792163535,0.2802704914258078,0.08267103537575009,0.023881853222846982,0.008492258549389878,0.02178491947975441,0.056871633429844436,0.009067892624963346,254.4690094961094,425608,0.07806440237909551,0.16571542805996717,0.11133245330375545,0.02265968102102095,0.007994555852171601,0.7440694066882132,0.9604735454516633,0.930845738890079,0.6274046962077802,0.44000260136565406,0.008752693911083057,0.010010132251020086,0.008576774134640933,0.008364028999438647,0.008036550364875212,0.05027597351931035,0.057222838745225435,0.04524978396903652,0.04610046533724437,0.052640012353753755,53200
0.03441536664962769,0.45954490661621095,0.17201656103134155,0.6823803544044494,0.2439526983314053,0.41912755176424976,0.7637666871510633,0.5496266792032208,0.2767283676269773,0.08528913299909871,0.021702366168610755,0.008759693489916663,0.021124054029340207,0.04959554575907533,0.008101391611245479,254.47865742391278,426408,0.07782046422362324,0.1637893929845928,0.11253491766472283,0.02453680671411954,0.00921134062027976,0.7520614221692087,0.9625956836142073,0.9371079593618341,0.6370688648894426,0.4627355553617525,0.008729505746159697,0.010281888625724479,0.008661122695612514,0.007689202081868032,0.008305437987976103,0.04389304093550891,0.05229657060596995,0.04302140396245033,0.038902063783704435,0.04151949217422534,53300
0.000766899585723877,0.4545349407196045,0.17016573190689088,0.6777198028564453,0.19221185380290481,0.43619989708065976,0.7712987296318895,0.5486293458125809,0.28144333916513825,0.08168156679102132,0.023501269314438095,0.008084541314802886,0.02112738565245474,0.05908624926055579,0.008510435776994186,254.48742130137495,427208,0.08210591509938236,0.16576936698416214,0.11264121884649453,0.0228692779821121,0.010962136374925944,0.7515598142147061,0.9605499152361486,0.9341524506157092,0.6158413180838459,0.43670898612170306,0.009950524771120399,0.010726684486074597,0.009827121650927119,0.008432426214035935,0.010721976324706721,0.057408450065049674,0.06359247934851216,0.05269002221549188,0.04507606649780346,0.06818251735399282,53400
0.0006853294372558594,0.4627258563041687,0.18642656326293947,0.704386477470398,0.2831536421978838,0.4192493189871311,0.7672096898990309,0.5506742045129699,0.28656472076499295,0.08721662691367854,0.02211909306235611,0.01032847238777967,0.021388613842139692,0.05125634010053343,0.008232500742485507,254.49750092535692,428008,0.07816196877509361,0.164825754873271,0.11381685549450898,0.024811156193858815,0.010748452365520259,0.756276357769966,0.9601065349109061,0.9321786346509289,0.6546108287478244,0.4932493517331988,0.009227995253168043,0.010537001391496572,0.009178601548594133,0.008311923499657687,0.008840105972888182,0.04870519393822178,0.05591299198338477,0.04556310736603036,0.04573369968101067,0.047340680884249565,53500
0.03081819534301758,0.4439416766166687,0.18034862756729125,0.6801512050628662,0.2572852163307228,0.4249666000902655,0.7674909892058612,0.551077783249673,0.29018563744814513,0.0775470895071823,0.023082344480790207,0.009066661253299494,0.021288186535682697,0.05791972756750228,0.007385592724484233,254.5053760291054,428808,0.07911681286990639,0.16488104874249734,0.11333465409420779,0.023645578669738453,0.009002030140026387,0.7465620282292368,0.9598723375561212,0.9328306107293999,0.6422670062469403,0.4376659504338806,0.008831178452819586,0.009926282948270297,0.00874613312605237,0.008277453310058821,0.00833379529991789,0.05516493158880623,0.0624342460766213,0.05092417114591668,0.052061983199445924,0.055131111344249514,53600
0.0009774017333984376,0.4755768513679504,0.17861063957214354,0.7060422658920288,0.19084246448414638,0.41072973027825344,0.7661169901970891,0.5462398361131017,0.28602139012182126,0.0799903609140805,0.024357864009216423,0.008882781568919649,0.02105539817325202,0.05453070063892428,0.008807863831999848,254.5112396192577,429608,0.07462945954874155,0.16564477707750064,0.11215347227484444,0.023771824618189094,0.008047349191261367,0.7340823155641554,0.958110805480711,0.9340520337753483,0.64544122349726,0.4227139468144888,0.008361111462581903,0.009535379552592833,0.008420920130669087,0.007917959457816183,0.007688657506463135,0.047982768069487036,0.05874728668926747,0.04420744484115564,0.04669048722416636,0.04305624139184749,53700
0.03217047452926636,0.4614709377288818,0.17360321760177613,0.6892161917686462,0.19264147159966657,0.4263318940997124,0.7662638696757228,0.5468671367118492,0.26913410660670856,0.0821069274192715,0.022912145927548408,0.008574063893386424,0.02223739998551642,0.0538581971301084,0.009191057134576483,254.51605600754357,430408,0.07905843522399662,0.16388420706445522,0.11249935281760401,0.02147993390265022,0.007955197860220718,0.7391217142343519,0.9634817481040954,0.9254275925496485,0.6154342133146494,0.4275301783060542,0.008894329103641213,0.009908939220688556,0.008878668355731133,0.008236691777936993,0.008418313700382646,0.0499484937626403,0.05695090919299137,0.04926192376418871,0.04690259237172944,0.0457569756170934,53800
0.0006435394287109375,0.44947643995285036,0.20265208482742308,0.7055576944351196,0.20670051740823692,0.411259759962559,0.7551919388647526,0.5478718491436924,0.28844955087535884,0.08153567955829209,0.023850154560059303,0.008843863106072145,0.021654646502349377,0.05303825851081421,0.008904783642501574,254.52215383748262,431208,0.07491528576239945,0.16295644501947987,0.11249664792527705,0.024537832276783533,0.008473013757902666,0.7365375605225565,0.9619875525563495,0.9309398631774942,0.6483490039353016,0.42856775462627433,0.008329101605340844,0.009484207091148502,0.008275552725916764,0.007729858647238601,0.00791274638613686,0.04608355930075049,0.05233618622365861,0.04273598273016555,0.044556835045417145,0.04489557214081287,53900
0.030125787258148195,0.4551358437538147,0.1683678388595581,0.678128809928894,0.22571801815939949,0.41863151505589485,0.762084538936615,0.5437656742881758,0.28293241851551604,0.07978710159659375,0.023291787998750795,0.00856340893835295,0.021506601400502305,0.05134673038021078,0.00881432621091822,254.527256163146,432008,0.07693474119529124,0.16480020813643925,0.11062232747065771,0.025394570969348405,0.007650487901022036,0.7401581645011904,0.959495814144611,0.935105573157875,0.6386273974596072,0.421385099963536,0.00847637722268701,0.00958024002611637,0.008429315822598128,0.008077686347153994,0.007810610090259198,0.04364631258882583,0.049197109909728164,0.038114447973440525,0.0445700064734664,0.04245843859537251,54000
0.0007332801818847656,0.4795727443695068,0.1775030755996704,0.7104607796669007,0.23353803648749008,0.41587494775652906,0.758729903928695,0.5410144975675002,0.2850596656666154,0.0831570871045242,0.023315885951742544,0.008437952798445739,0.021729305789839188,0.05607411575979218,0.008286887945233854,254.5343050426691,432808,0.07639328302815548,0.1634169873050465,0.10984510477698808,0.023811690693849998,0.008104777815959203,0.7497479689121244,0.9640783699609903,0.9341512407575329,0.6340175001545159,0.4556169896432671,0.008340569776482886,0.00947552093214566,0.00842493068817671,0.007713375689877949,0.007785692197814728,0.043995674322359256,0.05192526638187385,0.04136734921693071,0.04143057434393612,0.0419960678693387,54100
0.03041771650314331,0.4314042043685913,0.17715632438659668,0.6604802083969116,0.2098643506567271,0.40607492268085466,0.7576596951358537,0.541125371125326,0.2698673881317308,0.08067478487594715,0.02300023040734232,0.007941148731680144,0.021977439727723324,0.05557440490466765,0.008015692392937944,254.5411701397508,433608,0.0749271160364151,0.1634645227086606,0.10995084484014211,0.02223192306640143,0.008629734032032618,0.7278149315714836,0.9629966645013723,0.9311832021298015,0.6008515361091855,0.4306428751674307,0.008378842452075336,0.009622141014212972,0.008625610380625114,0.0074300880773061255,0.007879573069468702,0.04223316815681753,0.04692156076253877,0.04053465031871668,0.03963011578310537,0.04207234838933317,54200
0.0007505035400390625,0.4704781985282898,0.18855637311935425,0.7130781102180481,0.2675080686125879,0.4187895335257055,0.7662919943605492,0.5540127877744373,0.27958422187548937,0.08724897711923946,0.022873604604974385,0.008470215852052647,0.02062263470770397,0.0530833742715678,0.009494846686152953,254.54725764515842,434408,0.07675137605518102,0.16370347327557383,0.11420685989019787,0.024145919822656833,0.007811944594425039,0.746778500676155,0.964320928303164,0.9387212747736914,0.6299854001002532,0.4672878884687656,0.008578112426912405,0.010009798128621203,0.008459102392553746,0.007676312747406798,0.008170609237489896,0.05103079827968031,0.0630808937228957,0.04409090649828777,0.047678289265459965,0.04903657506787924,54300
0.04485513210296631,0.4572902607917786,0.20390979766845704,0.7174711108207703,0.2552163422636261,0.40793143227696443,0.7544956129105364,0.5471966753679287,0.2830632085946791,0.0801175089344104,0.023407761435955753,0.009620168721532362,0.02222227222389644,0.05594789350335608,0.00796005318853046,254.55584236080293,435208,0.07611775388941171,0.16383503157584417,0.11354680414553035,0.024438829269549014,0.008487015580714926,0.7362207973003385,0.9590650471181819,0.9258385529672655,0.6378798500739317,0.4402012944778549,0.008559517294634127,0.009968491355109898,0.008512635110592876,0.007935277371851611,0.007947447968681706,0.03985190043458715,0.04926384024479794,0.034962208313151694,0.03963698892366084,0.03692655915189882,54400
0.0007250833511352539,0.4413750433921814,0.19498391389846803,0.6915746569633484,0.23200348602512597,0.41291666209697714,0.7683703990856026,0.5492803946921694,0.2740463066559573,0.0813155094065436,0.02322331864386797,0.009058632525975023,0.02116088866942417,0.05559986679074474,0.008855718915993484,254.56452199823002,436008,0.07643383232876653,0.1663851192829632,0.11299131583226352,0.02204688529197415,0.008308821717417095,0.7317506393790244,0.9563313988175723,0.9343548699429165,0.6193374939453907,0.4409546004214757,0.008744979281909766,0.009849415674787206,0.009005218739376252,0.008007183281752534,0.008140888069472125,0.04736877352232113,0.05276662101830808,0.04084750172608581,0.0475361070619562,0.04791359233390099,54500
0.0007098174095153809,0.4854796648025513,0.17161972522735597,0.7120886540412903,0.23374551218037018,0.4245470954477786,0.7577962412417517,0.5494723061622656,0.28053868435953405,0.08210787988807025,0.023071463610976957,0.008742903435808497,0.021027156126598282,0.05293090750384539,0.009202672429627886,254.57714192985367,436808,0.07848601337522262,0.16361157089761164,0.11334869896837053,0.022689175495497912,0.00797113960510806,0.7485353070497515,0.9612479424013674,0.9354650921422273,0.64003637951998,0.43297073935207553,0.008734734035097069,0.009907950156648618,0.008841644807402144,0.008026315517890363,0.00809792726741809,0.04970853251172228,0.0561249802212312,0.04246350266888109,0.049417472128242004,0.0508004060223405,54600
0.035024750232696536,0.4430638527870178,0.1817220902442932,0.6793171858787537,0.2096820492751371,0.421622647345066,0.7685925259634311,0.54638982096005,0.2809868321349524,0.07713006348739111,0.02299887428060177,0.008537606974843787,0.02168572951321961,0.055268837244842516,0.008094866691258152,254.58538724328503,437608,0.07842099733650684,0.16578439395460812,0.11219016413708201,0.023778216746362924,0.008317644211229656,0.7346373188495635,0.959216384700051,0.9306670948455897,0.6307769216070263,0.42026211005713554,0.008949990218970928,0.010021708942346143,0.008749697358688446,0.008265928842710572,0.008657411409523625,0.05111925816629083,0.0592933232180291,0.04537203072320891,0.04811216399986114,0.05053575676659427,54700
0.0006434273719787598,0.4565675139427185,0.19410446882247925,0.7037517857551575,0.23761273713742248,0.427967039346695,0.7710694706885608,0.5551515316130011,0.27714204541032356,0.08269633395134139,0.02292589481920003,0.009365800483082642,0.02055989730582444,0.05208630400590634,0.008053351949442117,254.59652151888602,438408,0.07895393021404741,0.16470138826102879,0.1137287700849195,0.024143075871709465,0.008832311268807177,0.7457553273439408,0.9615344313260544,0.9405203154010158,0.6271727147260542,0.442146398718395,0.008948896359652282,0.01016821461799338,0.00899429722458764,0.007922344977892421,0.008669656536310284,0.053974142712540925,0.0623873128864705,0.05317757341520039,0.04537011074096456,0.05483760418390081,54800
0.0357785701751709,0.44991766929626464,0.19647833108901977,0.6990030217170715,0.2568856825136441,0.4193220803141596,0.7733610847487516,0.5492208429745273,0.28005785155064894,0.08150555912274214,0.023363279686309402,0.009713872067920454,0.021443216548282282,0.05205079417865616,0.009207181870614424,254.6066473324342,439208,0.07717326031997797,0.16587310063479527,0.11256284827404489,0.024006412269601846,0.008654381625293452,0.7392338526248934,0.9613442807341341,0.9343102370597878,0.6382087127676283,0.4295666951629984,0.00877868553157896,0.010238479731613815,0.008811327883004375,0.008221304328949422,0.00786372865246019,0.051819038032554124,0.06255912913206083,0.04783103645456078,0.049508337564404675,0.04739880927337623,54900
0.000800023078918457,0.46858117341995237,0.17430638790130615,0.6952563214302063,0.196868377650666,0.42306032791733744,0.7630846043912377,0.5433495951926007,0.28431933480195526,0.08025677227510178,0.023372767781838777,0.008559045522678187,0.021878593774768067,0.05601142694552737,0.007949736331618046,254.6129877108506,440008,0.07802791995927694,0.16424087518598962,0.11062960732070842,0.023900933199538232,0.007774666414420327,0.7455717808008194,0.9612888289660944,0.931334903719379,0.6314936057115212,0.4401002124864228,0.008585423664189878,0.010295719644281923,0.008261162146250254,0.00779121931976615,0.007924242648391089,0.050557018825784325,0.0618372976598216,0.046026176193217735,0.04469822114094706,0.04930344884930059,55000
0.029225122928619385,0.45129894018173217,0.188831946849823,0.6954434204101563,0.2670097453246659,0.4027921529114248,0.7662549919626689,0.5466527670326805,0.2883596455305817,0.08065702649341389,0.024471267508342855,0.008489188712006546,0.021358269746276987,0.05900121227605269,0.008869661108209664,254.61886772228493,440808,0.07343835234642022,0.16490341530422148,0.11272977185573907,0.023682204923825334,0.00859099663053216,0.7279710331559182,0.9607491362630649,0.9331680365128089,0.6364038726687434,0.43446711003780364,0.008364459162112323,0.00950674125087562,0.008205509322723101,0.007934397180797522,0.007977159398565577,0.04581100136507301,0.05319638073632726,0.03994382303069798,0.044425712290685655,0.046482048230245696,55100
0.0007787346839904785,0.45444791078567504,0.198070228099823,0.7047762632369995,0.18899203828473699,0.43466061949729934,0.7698683747183087,0.5362274453112605,0.27782085219669606,0.07883562075480223,0.022572911190800377,0.008170987623390615,0.02219226456800914,0.05110532324527154,0.0077952013769579985,254.62938472223578,441608,0.08036042185500267,0.16502455286505088,0.10827175490043131,0.022840679433646087,0.00825370374509817,0.762113143801689,0.9627917533237218,0.9307301258711221,0.6371223021991287,0.44962821289294,0.008758309422992173,0.010174195529336901,0.008611390579594862,0.00803584734623756,0.008046745110001698,0.048797577121295024,0.05747165100569549,0.04357310011553738,0.04606837676791241,0.047910830248254925,55200
0.03006809711456299,0.4453103995323181,0.17619295835494994,0.6744637250900268,0.18113146355274123,0.42246064901351926,0.7618860424501107,0.54487685753271,0.29617688419858784,0.08242487198816092,0.023232052135281282,0.008885194705945513,0.021205042272594295,0.051726684613714866,0.008483748510356732,254.63606688478407,442408,0.07724973030388362,0.16373510604129418,0.11089188623202352,0.02568562182098736,0.009311619810341171,0.7574983257055282,0.9606676182821784,0.9367389291948623,0.6730620427565133,0.4454458239217284,0.008676327595021576,0.00968125061722013,0.008682249153642015,0.008418477710746405,0.007939295212506609,0.04786009538918732,0.05459534631388662,0.04418334954581555,0.04929635922411124,0.043570049383022204,55300
0.0006930947303771973,0.46527613639831544,0.1833177947998047,0.702230761051178,0.1994293749505344,0.4109867773950101,0.7645727782225125,0.5420733339020195,0.2836757273774363,0.0805959457285561,0.022807531505823136,0.008049052798460077,0.021337317606928387,0.0548554194321362,0.008182237623259427,254.6414185924785,443208,0.07576842239126569,0.16542654575742016,0.10994749006872277,0.024970259943891477,0.008241773330395663,0.7375945201516153,0.9585932313787694,0.9358042633655115,0.6290317135197775,0.45039382970558045,0.008530762742739171,0.009757318486440545,0.008300627738579487,0.007938480219680208,0.008157125523726825,0.04216082572675076,0.0479506139631018,0.03834514421923446,0.0411976230868592,0.04122621628602987,55400
0.02958280801773071,0.4497642874717712,0.1779911184310913,0.6815561985969544,0.29195606492217835,0.3967781409621237,0.7668307139911751,0.5485468085020615,0.27520893539848007,0.0782982047384662,0.02304938956163822,0.008716916674772954,0.021195365324657132,0.054518675472899306,0.008208833601005732,254.64784778137795,444008,0.07216309345327325,0.16419799004327804,0.11201401067073226,0.022584543183785433,0.008556054468114868,0.7171246907114983,0.962491881719885,0.9352932259684702,0.6177728164372192,0.42796135158790904,0.008350252485834061,0.009838201120535628,0.008181752906756,0.007657417678847687,0.007879919860725363,0.052903263601474466,0.059420510668327445,0.04999907546590174,0.0552567406695135,0.04777104061687702,55500
0.0343595814704895,0.47166565418243406,0.18136308908462526,0.7054851937294007,0.25224190160514437,0.40535365775227544,0.7665271436466894,0.5516825183382579,0.288976291766261,0.08631207325702747,0.023583363452926272,0.00822379758978701,0.021178252546925003,0.054446719490028536,0.009169529246045619,254.6559924862159,444808,0.07395680218935011,0.16455801076748774,0.11402552416723859,0.025393079997427605,0.00873966004830975,0.7379664641618733,0.9624112413210025,0.9323609395409528,0.6445192924820556,0.45791594711718725,0.008338169958442452,0.009396666299332598,0.008606137971411324,0.007606452268705064,0.007926380035415704,0.04047610954614357,0.04726142263834306,0.0373901966816465,0.03705002682739963,0.04136860496644794,55600
0.0007326388359069824,0.4517388844490051,0.1896678066253662,0.6939580273628235,0.27229469340993323,0.4136101080477238,0.7598160296044449,0.5571761388108477,0.2721018923110647,0.08179625471667293,0.023326689139939853,0.00896869211004394,0.019921636071553978,0.059106021613147215,0.008659623719242237,254.66751171229387,445608,0.07725358758121732,0.16416220731557696,0.1158057165928701,0.02162425853108448,0.008741960814661994,0.7371729379892349,0.9605641092391725,0.941551281559852,0.6013042952845008,0.4471555779565059,0.008625812768004833,0.009354593452720083,0.008821845065355988,0.008203098369772477,0.008143770115291882,0.045507097789086424,0.05065369564405783,0.043273766098054764,0.04578834213061979,0.042986366023608245,55700
0.030363171100616454,0.46142996549606324,0.1991685914993286,0.714396505355835,0.24495215559475875,0.40566756844520574,0.7669734748870288,0.5414118837369112,0.2836365401386641,0.076670440002146,0.02480629986152052,0.00801641359700972,0.02192085459093123,0.05952852562768387,0.008374451148164826,254.68129689329803,446408,0.07409321805462249,0.16522548359414035,0.11060938129299563,0.023809924175461322,0.008285596244527089,0.7239472734928128,0.9607409173281403,0.9302503080744496,0.6233458031828584,0.42299914586035525,0.008520654370076965,0.009528798702129056,0.008460557899486866,0.008092570942468364,0.008084180981132654,0.04591650705784562,0.05158737195528926,0.04066526174153149,0.044456034383844,0.04695148208571414,55800
0.0008224606513977051,0.4667741942405701,0.19471110343933107,0.7146308946609498,0.2665613737760497,0.42951628550887117,0.7748205861367217,0.5493226078840404,0.27431935363661025,0.07948421793660579,0.02223337709903717,0.009604419916953651,0.02065895208372519,0.05240992767115431,0.008883667880471686,254.6880805517244,447208,0.08007825512439011,0.16617993989942248,0.11227705402252,0.0228082469156968,0.008235316588355206,0.745873750448227,0.959191586446324,0.9398201535909599,0.6273127286522473,0.43317271573374966,0.009118117426987744,0.010340201222004573,0.009085132531487402,0.008344745366937583,0.008543294733343176,0.05241678785532715,0.06170999504830859,0.047659928671633586,0.050314239039031594,0.048876636840327836,55900
0.03222205877304077,0.4364694833755493,0.19307875394821167,0.6842763257026673,0.22744048389785926,0.4319812786579136,0.7681862301782737,0.5485341701638046,0.2784587930868434,0.07726013122224488,0.023679617187008267,0.009035617924282554,0.0214633469038935,0.05695900812023444,0.009371714760843463,254.69406094668628,448008,0.08006694560870536,0.16464763859269807,0.11178664501700832,0.02302815717723004,0.006804619184205011,0.7398815506696704,0.9614443459095212,0.9347579980371005,0.617380688015703,0.40265422149708385,0.008810383658856153,0.010068573140957894,0.009140990954819154,0.007756306904402236,0.00807665358787696,0.05537194189615549,0.061225127757723506,0.05413521565404251,0.052997808937587994,0.05235113585367801,56000
0.0007862091064453125,0.48103962659835814,0.1731701922416687,0.7093106746673584,0.2481730864527019,0.4248118293285371,0.7679488961206098,0.5480074546275996,0.2920447757652914,0.08149335855027524,0.024176481808535745,0.009099373857392672,0.02116020584287936,0.06138147786259654,0.007752750955930937,254.70163253331037,448808,0.07883057227358221,0.16554783748097382,0.1126298716817147,0.023801653532564866,0.009541556766120387,0.7425915777683261,0.9579330631420377,0.9340070045911347,0.6296047690027052,0.4462408542633059,0.008991973411757495,0.00978991252695473,0.008920089597216784,0.008277963581178039,0.00891209022346429,0.04702378876972944,0.05640591866599672,0.041873612531866784,0.045394431692377474,0.04387562496405914,56100
0.030644571781158446,0.4471749258041382,0.1898764419555664,0.6909468603134156,0.19803371015790225,0.42380734458565744,0.7637925823726275,0.5470704485723129,0.2805831714448601,0.07913104522785996,0.024866086971014736,0.008519856367573728,0.020762793715088525,0.05703414050777529,0.008338277738062705,254.7101713643331,449608,0.07780133448541174,0.16480949993180743,0.1123075502077539,0.022955037185668263,0.00866054702685449,0.7423514932394026,0.9592302777979634,0.9357261124567771,0.6233655244112021,0.4288646059329284,0.008620982256252317,0.009830661319740277,0.0089033648919258,0.007800327484834606,0.00795056177797472,0.04671880378853527,0.05387092944658776,0.04421550267137329,0.04440093885429883,0.0442794620283156,56200
0.0006117820739746094,0.45996140241622924,0.18984668493270873,0.6989251542091369,0.28129546784087467,0.40866961851716055,0.7693813764859756,0.5513861925930396,0.2763508094438144,0.08092586092333091,0.0246060930006206,0.00923548073066822,0.02102041171569074,0.05837523914855337,0.009056014572137793,254.72047170625896,450408,0.0746248486824334,0.16516738451977894,0.11383658613325381,0.02212435959190058,0.007857360709922039,0.7269249492883683,0.959958533445994,0.9355096062835382,0.6147106845004886,0.43292386384936876,0.008448440341744577,0.009898403681637278,0.008276741274594499,0.007868634921489474,0.00786972115526939,0.04633386950474232,0.05448362927775454,0.044077671964519796,0.044496261078736575,0.04290629718099578,56300
0.029450547695159913,0.428842990398407,0.20558645009994506,0.6876004672050476,0.23673975800549948,0.42401060149073605,0.7708108178292864,0.5443492780371415,0.29778039226165176,0.08380772513660158,0.022721815835684556,0.009124418783514294,0.021499113170657214,0.0528244451118203,0.008231350393633886,254.73777259754925,451208,0.07819215578958394,0.16480880591905475,0.1113852500733806,0.027246859614761205,0.008784491335396827,0.7561631029844289,0.9639375095415592,0.9318553939098265,0.6671584673416918,0.46012176174928665,0.00878417283063754,0.010474073630052079,0.00891570692268632,0.007825676957145325,0.007919528514681622,0.0464141385559924,0.05801585120633428,0.04398864424878325,0.04233563286968721,0.041440850620545346,56400
0.0006209325790405274,0.45537026882171633,0.19205503940582275,0.7005084133148194,0.17922548711448275,0.4095167675614355,0.7632964796094748,0.5446857182437151,0.2740294961076158,0.0744815702613407,0.023034835802391164,0.008584574306851707,0.021420600188393434,0.05381364995778042,0.008135393733222012,254.74721510823423,452008,0.07528062019497155,0.1640482971917337,0.11153388855160859,0.02248803237635714,0.007686042126259105,0.7253283953666693,0.9617364442170554,0.9346899405989063,0.6184183829555325,0.40844632497111544,0.008446139581501486,0.009726832662500545,0.008327407755016803,0.007710914629712409,0.008033551698442071,0.05071524778148158,0.05894628990979038,0.044693881938992805,0.04845722821796791,0.05044454228340926,56500
0.000681617259979248,0.45211942672729494,0.1825580859184265,0.6883520913124085,0.19565322275104147,0.4176759405434132,0.763956350775865,0.5439522430761566,0.28289307949561904,0.07772393866874391,0.022527536042034606,0.00936395203237995,0.02184102387340335,0.053228996216107584,0.008501855811353716,254.7537936848218,452808,0.07760847076773646,0.16558036279792976,0.11092217016926742,0.023740090766093788,0.007848244730236112,0.7371981519460676,0.9573154478118969,0.931232079709928,0.6409874574217217,0.4250299417231073,0.008635097823571412,0.010179187571898526,0.008579552911711655,0.007640711709403639,0.00804918404762147,0.04534496958120147,0.050963502126530946,0.04431058615959157,0.03948143779170187,0.04601589361268083,56600
0.029394311904907225,0.4767330718040466,0.17523401498794555,0.7073962354660034,0.22306707119610708,0.4223445983231069,0.7638679391370623,0.5354559979226333,0.27764888601737764,0.08545909306806761,0.023736417586915193,0.008961756448459124,0.02230952306198751,0.059568016172402156,0.00878491266289863,254.75957922523867,453608,0.07809832489117984,0.1649492132073304,0.1080807307827295,0.02165966189996396,0.008569366052156182,0.7431850349903107,0.9582637171700318,0.9285161418489893,0.609220096090222,0.45642448721862405,0.008780471463687715,0.010149340241936587,0.008529409792707623,0.008192909221571362,0.008131022889893959,0.04622116079553962,0.054661033354383326,0.04521186282802932,0.04229423799937929,0.0419548107129408,56700
0.0007284975051879883,0.45507389307022095,0.1802346634864807,0.6884832048416137,0.2232864760076928,0.41492228597402564,0.7692605501159708,0.5502037968577406,0.28316838164233954,0.07432497280339402,0.023152779256924987,0.008372230192106414,0.021245097975451054,0.05131351038866308,0.008792486277002926,254.76932196445617,454408,0.07585684195160866,0.16423706131729693,0.11323205423427793,0.024214390107377783,0.0075019695115490625,0.7337117791175843,0.9634361159294209,0.9325013073479258,0.6487824540093258,0.3955835311840745,0.00847265603486449,0.009985078517545723,0.008291790068785592,0.007723883802580795,0.008018716596640071,0.04950206169160083,0.05924376050515616,0.04372780231486372,0.04725278124876565,0.04862581168731246,56800
0.030723049640655517,0.44395386695861816,0.20142253637313842,0.6997446680068969,0.24079419612158928,0.40922091603279104,0.7647681179198815,0.5471415994506256,0.28240898958383415,0.07940698399300307,0.023206610558554528,0.008659620442987485,0.021176038885160432,0.05512390806077001,0.008770919130555407,254.77728362334054,455208,0.07515497086569668,0.164944379966944,0.1117711846041037,0.023773844398032762,0.007874234054268212,0.727845217585564,0.9595926175726223,0.9351652980435128,0.6245412340530984,0.4193122059526578,0.008352032443508496,0.009734900802017202,0.008216611945125105,0.007801426147134643,0.007765247270097618,0.0550314455491025,0.07127787908811628,0.050877410421426406,0.04397318618646706,0.05479414149476083,56900
0.0007269287109375,0.46024795770645144,0.18586551189422607,0.6974663519859314,0.2518894348909642,0.42659367263317105,0.7726164151982559,0.5422428295823736,0.282414175749977,0.07758673188855526,0.025218248674646004,0.010909464829828497,0.021852391099860077,0.05758013561421978,0.008556947331070085,254.7863157388288,456008,0.07863511860370642,0.16590127341630984,0.11209633674821246,0.02236310101748594,0.008181706118724631,0.7377364587783813,0.9594580467154341,0.9275768493196646,0.6257821289813459,0.40900143030527486,0.008771026432514184,0.010185993585462978,0.008352392756843517,0.008326996297795996,0.008159289176802371,0.04735464024357495,0.055593233496495864,0.043156886211793706,0.04326318319580979,0.047409581111089616,57000
0.03769906759262085,0.4626012873649597,0.19104893922805785,0.7070553541183472,0.2513642973100658,0.41020878538489336,0.7658100906171295,0.541893468523512,0.28889798736685257,0.07632766141936993,0.024903891137801108,0.010552515107280523,0.021990626660764834,0.05635000052486691,0.008463655515881296,254.79362187171375,456808,0.07400952165946365,0.16387812008983196,0.11072920604932067,0.02354074144952214,0.006900266920253086,0.7305996805429459,0.9622277040230605,0.9285844245127267,0.6445052482505537,0.4121346168330152,0.00817093290388584,0.009820322888462163,0.008047060862810785,0.007481270447655873,0.0074636107425347644,0.04657597993034869,0.05612402697044768,0.04268550530209075,0.04341129468471449,0.04468510641482447,57100
0.0006392836570739746,0.46720951557159424,0.19306069374084472,0.7165940690040589,0.1883456374920481,0.41151007980108245,0.7625409484524085,0.5405222016136816,0.2739641264081002,0.08274301805180836,0.023014311734586977,0.008350821973134278,0.021520666335141526,0.05550096674989429,0.007558081704824797,254.80070344984802,457608,0.07544253986328839,0.16518940745862484,0.10919254709307742,0.02203240553215623,0.00789560912091068,0.739782793521881,0.9587345814582002,0.9347917989986698,0.6262529764419948,0.4469906589359911,0.008475755343679342,0.009808284386550795,0.008459943455712092,0.00791962089088673,0.007763022435964676,0.04249982985667882,0.049397442869112365,0.03855483197584386,0.04119978557603485,0.04116049139009951,57200
0.031234447956085206,0.4654425358772278,0.16065218448638915,0.6786704540252686,0.22233541265342346,0.41176063239574434,0.7625739202281541,0.5467541330322925,0.28831503937899094,0.07650855703227148,0.022451222361996783,0.008661955345048551,0.021171607571292897,0.054182079085028235,0.007699983175974515,254.8070402341901,458408,0.07633014038205146,0.16440064902535556,0.11255833926629663,0.025358374780671274,0.008044782468383242,0.7332079291343686,0.9601523528244295,0.9332532523846135,0.6484943551103068,0.4174732738566177,0.008590873663779343,0.009977302928857007,0.008399588421785398,0.008050349066902551,0.007977259595591191,0.04760193384718147,0.057154683192936644,0.0422941255406952,0.0464808056613556,0.044680515841676656,57300
0.0006853270530700683,0.48215949058532714,0.18218425750732423,0.716205096244812,0.28528647082303693,0.40734898433089234,0.7667511941978287,0.5449438013940913,0.2793596470876342,0.0839871741951473,0.023478013621643184,0.011808836725874917,0.022243408481874657,0.05338905377205086,0.008371586523508046,254.81594938152185,459208,0.07502611670643089,0.16414004062091445,0.11229072528685756,0.02427477233121714,0.008321151276835798,0.7337205737829212,0.9614209499806987,0.9270365789462707,0.6254913863681607,0.4483069241870931,0.008405013703741138,0.009683691631508643,0.008457875766839502,0.007568325835068236,0.008015307172926882,0.045881133298389595,0.052104404257888315,0.044203620003929855,0.04259601217896614,0.0451981203012546,57400
0.030822913646697998,0.4489140939712524,0.182707302570343,0.684851348400116,0.2504376967065312,0.4133293500542641,0.7708846712238577,0.5426726669994822,0.288980788118871,0.07749265996941941,0.024427260123193264,0.00901927615370523,0.02238839139835428,0.05318834573180146,0.008184598364331648,254.82391338298865,460008,0.07524567551910875,0.16547949068130013,0.11132982188893349,0.026378911326381604,0.007326712266667481,0.7318820253014557,0.961225276901609,0.9252612953333511,0.6424579386200227,0.41669829768838024,0.008299882814753804,0.00981780184955193,0.008356103146707972,0.007504773830338051,0.007679732403008585,0.04735459008021281,0.0559649435081396,0.04561059482482061,0.04316528542092003,0.04553791922710139,57500
0.0008835792541503906,0.4668144822120667,0.19471405506134032,0.7186110758781433,0.2029123447566556,0.4407366295158866,0.7664452509747613,0.5539855031754947,0.2922736854966861,0.08334412999589998,0.024297665944322953,0.008782283870257538,0.020884454923228435,0.052484647525426226,0.008545281883236602,254.83393362637273,460808,0.08074636505916716,0.16507716532106737,0.11457562364676865,0.024190712587683082,0.008970403222378735,0.7678580182790753,0.9589885155911806,0.9353383698388548,0.6726650503175021,0.44991911827407266,0.00908780675614253,0.010597707766228946,0.009076694185060505,0.008100434561693603,0.00849808148912484,0.047798876329325106,0.05621258440617196,0.04577756077733808,0.042890118105850875,0.04598236846396271,57600
0.000599064826965332,0.45771313667297364,0.1725975441932678,0.6849942255020142,0.2559416229148955,0.4133008699119091,0.7723474134040137,0.5465069870713734,0.2826569783974459,0.08280949600946125,0.02356887809932231,0.008457980202561034,0.021589295545094457,0.056546789459525584,0.009855834465576155,254.8422931494974,461608,0.07588580140843985,0.16544820031812119,0.11218671792759582,0.023073780484856136,0.008059383576157042,0.7333385971188545,0.9621672521355329,0.9311752036703586,0.6267434247037303,0.43068424452131043,0.008486485285684471,0.009536264997516428,0.008641402398896329,0.007743847175416621,0.008068807505802312,0.05254479752620684,0.0609825495242452,0.04757379892745666,0.04823040918267788,0.05392886972311604,57700
0.0318432092666626,0.4826490926742554,0.1686429810523987,0.703621757030487,0.26989725846262624,0.4099646259844307,0.7693436105634262,0.550232933423458,0.2769821458520034,0.0837854538713732,0.02453578963875771,0.008879752384518018,0.02157099064535054,0.05987225780024746,0.009370534507501948,254.85473919488456,462408,0.0745774270035326,0.16465274240686464,0.11346026173768903,0.021343934470310053,0.007360111705289318,0.7270852246880528,0.9612954607899327,0.929760685945169,0.6102591523757352,0.44163266881819685,0.008544655356090515,0.010094867092726147,0.008312745836491765,0.007787261866271878,0.008054900617222836,0.054609302827157105,0.06725066242054333,0.046501190446985856,0.04982276003664498,0.05495342889517407,57800
0.0008031797409057618,0.4377219891548157,0.18773358106613158,0.6778430485725403,0.2159413996288994,0.43292843326926234,0.7713830860649675,0.552631631969861,0.28091602641475055,0.08276375485872177,0.02289764528162778,0.009054263117268875,0.021084267076223975,0.056399792427667836,0.008143173504594394,254.86418915033718,463208,0.08068296618759628,0.16422777597497143,0.11418235153980448,0.023204328598464857,0.008508023862323721,0.7563416439294812,0.9639328680387358,0.9332766717971732,0.62240986935385,0.46289120384098326,0.008911649878136807,0.010100339523448455,0.008858209945788812,0.008249488293326317,0.008337089962316382,0.05344996578525753,0.06110476565138423,0.051650648726124876,0.050074920319225426,0.05055859845645305,57900
0.030387418270111086,0.4809883141517639,0.1713244366645813,0.7059030222892761,0.22110889475411186,0.44375488579273187,0.7646472054979075,0.5504850235347657,0.27943633569253384,0.0836485267735153,0.023125350093469037,0.009285679778448594,0.020424997984139482,0.057761184974397396,0.008353894105623608,254.8723881640524,464008,0.08277387207373973,0.16374334692955017,0.11298548152633739,0.0223751594765565,0.007567321143926059,0.7623316204547879,0.963290881851445,0.941438931168294,0.6250563663405349,0.4454111776299241,0.009082382593769582,0.010380501200890414,0.008874946099240338,0.008456743584089986,0.008306100726570124,0.04961635099258276,0.05936124762925111,0.045117472337248374,0.04490868388549304,0.04711559648466047,58000
0.0007697653770446778,0.46966683387756347,0.17690483808517457,0.7010673904418945,0.31181587751125356,0.41141438812017433,0.7723036583551426,0.5483467449380474,0.2906038850238643,0.08232225887308818,0.022096154857426893,0.00879376778767933,0.020808294786052572,0.05245860731805259,0.008233387642687533,254.87857620042303,464808,0.07507547454908498,0.16481031485132341,0.11165798810452064,0.025427762396182396,0.008269307655556236,0.7412151107192041,0.9622786616541681,0.9398664732253995,0.6597547399014545,0.4469824063831864,0.008461477810051299,0.009632972469937391,0.008526566294533895,0.007811304648675634,0.007947594229747213,0.05847534327651373,0.06446240495976784,0.053117312030154844,0.05832346700151099,0.057983750511146244,58100
0.031830084323883054,0.47586939096450803,0.17613517999649048,0.7082616400718689,0.2007091313172973,0.4194669300317764,0.7678846491902487,0.5497080819901603,0.2894813235831485,0.07838598775429342,0.023104005372151723,0.008792525999060854,0.0210762910710107,0.05345202973156603,0.0074922633708347,254.88338062560666,465608,0.07704490773379798,0.16545684241196693,0.1144360049517565,0.024091386859706868,0.0076098026586088096,0.7440033698081971,0.9580199525636789,0.9315238687940829,0.6558897348376805,0.44276611110073866,0.008673683151137089,0.010167614006729539,0.008565206951912369,0.007973141642728755,0.007986391376207897,0.04886324744438752,0.05972630745735858,0.047271347187850025,0.04756839078921665,0.04058809146102535,58200
0.0007885122299194336,0.4487967252731323,0.20973992347717285,0.7123936486244201,0.1921374063982018,0.4229508428275585,0.7685345175365604,0.5519687193963261,0.2873479388849273,0.08305147730870474,0.024238554602488877,0.008489301303294877,0.020882504392863682,0.06036624906545612,0.008558823036687873,254.88990415662724,466408,0.07768146274611348,0.1656760631594807,0.11330131931161433,0.022112355627246304,0.008153339082245428,0.7440963241457945,0.9604002979273604,0.9366298546945602,0.6311353694706063,0.43791690216728685,0.00861143594142049,0.009957904944409752,0.008800744428299364,0.007822618295599494,0.007871393596206736,0.046153824669308945,0.055437386038344506,0.04191120480040642,0.04313481626642075,0.04471398742443218,58300
0.030156328678131103,0.46616190671920776,0.16911280870437623,0.6906016302108765,0.24512576356920315,0.4184159129858017,0.7705725453286892,0.5494922021644536,0.27465715758430165,0.08314499252274177,0.024745914824306964,0.009457773214488905,0.021438724909459014,0.0576188701761037,0.00845420863491378,254.8954492760542,467208,0.07673549193888905,0.1662230090633113,0.11384391039609906,0.021561013466850347,0.00724150873204578,0.7377281206846238,0.9576612667263487,0.931284281340512,0.6096448843340274,0.4486800751735255,0.008448181124404075,0.009628043024854352,0.008614615911537666,0.007716445686313717,0.007884258478783919,0.04525128649547697,0.05396704522756306,0.03953007021339605,0.042368556207805476,0.04589492940468734,58400
0.0006249284744262695,0.4801791524887085,0.17466526508331298,0.7115239071846008,0.20719454586439404,0.4174597489833829,0.7664475101645624,0.5488219340236818,0.2762136043924276,0.08277455459841901,0.023387231221422555,0.009174483868588539,0.0211199062035362,0.05533811141445177,0.008627899027630385,254.90120053112312,468008,0.07706449709832663,0.16624626133701598,0.11254137667010021,0.02207031386029543,0.008048140719491882,0.7382059109210968,0.9565105998870173,0.9358666417550067,0.6203343678604475,0.44653685858436687,0.008615279532969,0.00998821910839565,0.0083897073957499,0.007972048397994412,0.008096838892693177,0.045342003478435804,0.05317881830684425,0.039532677999849664,0.043788030464319755,0.04467179688656992,58500
0.0007906794548034668,0.45776103258132933,0.17487191438674926,0.688306143283844,0.26010450738289165,0.4085250091552738,0.7613582486257495,0.5431877034902581,0.29011047816759805,0.08523483988496335,0.02275414885021746,0.009368694451374263,0.02194025011500343,0.05450587215002731,0.008670812921211886,254.90844151777947,468808,0.07490751223638654,0.16397777816075929,0.11070703756064179,0.02502167189141381,0.008195703147586234,0.7434185546636584,0.9611883316364588,0.9308197918534279,0.6540089343045217,0.46425116434693336,0.008351565394550566,0.009778739060445907,0.00807607804774307,0.007707058302303019,0.007912909641163429,0.04293134739156813,0.052147690752882,0.03857918389840053,0.04025269366951812,0.04117091013800491,58600
0.034567255973815915,0.47578301906585696,0.179091796875,0.7109858393669128,0.22521946771054116,0.4123165407776833,0.7699560990285638,0.5427925743899502,0.28977975084112495,0.07927735173705845,0.023154037492349757,0.008390317689721004,0.021363666158292296,0.05288978511871737,0.008467319255001864,254.91919809955058,469608,0.07460866410285236,0.16496715114344296,0.11046656745148231,0.023978290011895415,0.008068382524624284,0.7381635141372679,0.9624860538310139,0.9354437710819664,0.65632064499945,0.4328760634297913,0.008397545712068681,0.009664899005025778,0.008126647777057116,0.0077814910371946,0.00804828827219886,0.04679785037413241,0.055787737504696136,0.043560223909770386,0.04230421775170022,0.045604181743636334,58700
0.0009218120574951172,0.46479843378067015,0.16504517793655396,0.6809670996665954,0.28780971362155444,0.4203253093361857,0.7663610411673477,0.5451191478910349,0.2848533502278418,0.07869434090527266,0.0260683931503445,0.00988637879922909,0.021141642496401714,0.06087863023948069,0.009876527749369606,254.92489002286456,470408,0.07657891038805245,0.16472169618631163,0.11128300353168302,0.022782319589168758,0.007481746412323492,0.7329574579000475,0.9604163194440078,0.9367449796543669,0.6207221734982264,0.4004843649111294,0.008353812731802463,0.009479110587637904,0.00825147914404695,0.0076838936141799576,0.008050237882784318,0.04696775648277254,0.057332326072393046,0.04199595394535351,0.04260588285978882,0.04660290459317988,58800
0.028436291217803954,0.46023523569107055,0.19261128664016725,0.7032763934135438,0.25383925738039614,0.42987199515104324,0.759840298280483,0.5546760402227702,0.282709350332546,0.07643690996662875,0.024682760713621972,0.00936216942443535,0.020497436886965224,0.05766012109726092,0.008979633965597136,254.9359527355861,471208,0.07938883850350975,0.16382643362370924,0.11461366363689661,0.022076758208509163,0.007835234808033158,0.74662941545248,0.96055359171658,0.9389026923613116,0.6287995101749032,0.41339599453537174,0.00867617035051808,0.009969376509145996,0.008785279152433625,0.007895513655896776,0.007970499588884199,0.05020797522971404,0.053211900570270865,0.048839988330664365,0.04558525783356261,0.05371080801234311,58900
0.0008483815193176269,0.4601373910903931,0.16657999515533448,0.6781818914413452,0.19207629519644018,0.4082998663187025,0.7644468302226202,0.5532046775519848,0.2862078024188118,0.08093116498434712,0.02476149923168123,0.009109935240218046,0.020675571337342248,0.05830317342592658,0.007799081610588048,254.94464851783079,472008,0.07426054079085592,0.16502148448103696,0.11435009611770514,0.023210646058848136,0.00837697590660593,0.73334181368351,0.959380775525425,0.9360290569067,0.6284174306291931,0.4464408280780018,0.008333555641584098,0.009469402809910356,0.008348887246102107,0.007633056780192211,0.008044971171224005,0.044706585519015775,0.05483937773143471,0.03989774761255835,0.041058968352547416,0.04424384108844022,59000
0.02848529100418091,0.4433100152015686,0.1764102339744568,0.6743757057189942,0.22997424934623875,0.43802651688456534,0.7725018482898995,0.5489849798487254,0.27614747541933204,0.0813445483059199,0.023840964147821084,0.008581064340645416,0.020930582979667503,0.05625007173336631,0.009240375323729079,254.95229321626547,472808,0.08111816661432382,0.16563293651164146,0.11242116210867445,0.022125590231091747,0.007529698771329345,0.7537561929225922,0.9612614554222502,0.9370502942546286,0.6171376139075307,0.43617615984244795,0.008866035137325529,0.010041614506985529,0.008652975087570496,0.008165875498916788,0.00848372521365739,0.050701871952042,0.06060649308367308,0.047748947162975654,0.04590251095050098,0.047625457449943176,59100
0.000611567497253418,0.45061293840408323,0.18079039335250854,0.6847897410392761,0.20874907776787407,0.4077011474967004,0.7689949238038328,0.5521333304481895,0.2725978083908558,0.07829434582247184,0.023624872229993342,0.00798630359509684,0.021145935146952385,0.052159896972755485,0.007971961502558914,254.95767864414375,473608,0.0742856220714748,0.1650409121271016,0.11425641203420843,0.023041062324149878,0.007655528941764859,0.7305875271558762,0.9626784137972106,0.9323701888472592,0.6214027726756672,0.43347003948994184,0.008377084229141475,0.009605617351973284,0.008306375139594157,0.007956650696412123,0.007785572392197374,0.04403692472726104,0.05398932328590979,0.04094913534951114,0.0425707114170239,0.039583413599011234,59200
0.03195792198181152,0.4730678129196167,0.18174533128738404,0.7062332439422607,0.23898378636635179,0.4158774311840534,0.7723242935706984,0.5449824170632797,0.271737846366775,0.08103341483237113,0.025815136842429635,0.008361903483263338,0.02200943073892798,0.06390598530057244,0.008398436965744976,254.96808303924297,474408,0.07543218708597126,0.16478108340558018,0.11128277200358831,0.020247993174752288,0.00791573557516505,0.7240904712676999,0.9624467059126443,0.9310708005319944,0.5861510390845633,0.43845979518750117,0.008628150396980347,0.010042464610997504,0.008509189919674432,0.007798605496645905,0.008106815935724293,0.05301796689629555,0.06348048344272068,0.04816522731297564,0.050259463130854665,0.04914442494548129,59300
0.0006279468536376954,0.4850471997261047,0.17209715843200685,0.7116858029365539,0.24357483912401565,0.41292764201760296,0.7549739291172219,0.5522803261800469,0.26877582004437084,0.08071296955956134,0.02424557474441826,0.008591954538709307,0.02103157608349085,0.06050691322351874,0.008343768024645306,254.98130074448918,475208,0.0762884813174606,0.16385677501116644,0.11351357082727602,0.019299733636375414,0.008767448969804728,0.7322564947605134,0.9594669917432394,0.9374307536231681,0.5952218352219992,0.4429647936983021,0.008778575072064998,0.00973617720491447,0.0086326874641295,0.008399903587996959,0.008337532194982318,0.04356503640301528,0.0497189043596903,0.03852065880475613,0.04493238651790681,0.04106031692342708,59400
0.031427555084228516,0.4474340438842773,0.19393546104431153,0.6957001447677612,0.2626142601364962,0.42658136144280423,0.7674648773322985,0.5470068412767325,0.28296327982413516,0.08122729307369278,0.02283233356662094,0.00960426166985926,0.02162587663219989,0.05670858161671271,0.008057148636640601,254.98895770906674,476008,0.07965619679540403,0.16426692107348767,0.11256345805707674,0.023314992997185004,0.008741180288066691,0.748664504289627,0.9622044719538643,0.9302982366141019,0.6338920711124016,0.4429659866819196,0.008934651522431529,0.010042971122141886,0.009187890280108075,0.008208510104177441,0.008181089454321376,0.05571836831513794,0.05762670370207611,0.04838546557010898,0.05626220648350602,0.060975877330729775,59500
0.0006193399429321289,0.4512978720664978,0.20999577045440673,0.7182708907127381,0.28338579304568673,0.42088704109191905,0.7724607092268925,0.5471161762170026,0.2937038237152745,0.0819321401330621,0.02136580786202103,0.00974391848331892,0.021631470980304008,0.05028294627581951,0.008249736324948975,254.99813050140102,476808,0.07846238840371374,0.16529133044024713,0.11273435196649707,0.02586385441878648,0.008346315786285809,0.7545002812147141,0.9608371137304509,0.9297936753889107,0.6747238719672486,0.4532636947410055,0.008631237659137694,0.010510436368194659,0.008516903092005021,0.00752246568703817,0.007990076087501859,0.048790046070935185,0.06364583184984708,0.04290254508192549,0.04316364160850536,0.046463546815848106,59600
0.0006539654731750488,0.45247228622436525,0.16623074531555176,0.6728847336769104,0.29932147217631494,0.4172676827013493,0.7667182989236783,0.55216104211034,0.28338912178604103,0.07277075155177204,0.025809767050668588,0.009939859630880742,0.02123886943870301,0.06110725150759909,0.008718253398488154,255.00511879877408,477608,0.07617279047612101,0.16350028740196687,0.11437303601084531,0.023123823698249845,0.006865713379058913,0.7224613416194917,0.9629680668435449,0.9314840216894408,0.6131592274836777,0.3951833922453601,0.008540449822321529,0.00991947770164145,0.008615318179835331,0.007902315925402605,0.00772597014932244,0.05152842954848892,0.06068057998128956,0.04909495425574179,0.05168354942931199,0.044160331951012176,59700
0.02942902088165283,0.45156852722167967,0.1983263063430786,0.7035161924362182,0.20893999600215826,0.42975994214415547,0.7688587847745643,0.5490404227652508,0.2800278637611693,0.08524445384942192,0.024822262385860085,0.007971170512115894,0.021295614742203484,0.05936982402462138,0.008801510206398527,255.01108118309256,478408,0.07885335482656958,0.16518320789876983,0.11351638961314535,0.021834789982520086,0.007990234433925037,0.7463946497440341,0.9629243179312289,0.9324492597088371,0.6136650651265558,0.453105995783935,0.008719137925654647,0.009946197899550485,0.008642089769205802,0.00806738420625765,0.008130095521541881,0.048338546466548005,0.055327706853859175,0.0440016727697719,0.04820001076652916,0.04503371109556711,59800
0.0006210970878601075,0.4364456009864807,0.2162654185295105,0.7074542474746705,0.21843155575682938,0.4158177077770231,0.7704662051465776,0.5554428945665498,0.28191318200814325,0.08614909324723365,0.023265288285911078,0.008568664643421983,0.020062287601740118,0.05561588648127611,0.009338287780757617,255.017894923518,479208,0.07626902854070071,0.16478274969591025,0.11535677055245662,0.023097771817065505,0.007852524391917255,0.739503192603588,0.9630440764957007,0.9374389683819256,0.6349664682551377,0.4346488335957894,0.008403235790319739,0.009856326684045295,0.008386625251286245,0.007757339978812577,0.007762559053774635,0.04766127359354871,0.05853168224889992,0.043023206374382575,0.04748088972030179,0.04330491422129293,59900
0.030336968898773194,0.464272518157959,0.19118355751037597,0.7081613206863403,0.2422622504851288,0.420093766003847,0.7757244830700896,0.5434458285570147,0.28329052740619276,0.08748077459389993,0.023351076627150167,0.007792239596914333,0.021484020200410934,0.05422274737530171,0.008270755805947995,255.02799865332736,480008,0.07624278048053386,0.16615154820295094,0.11084416430247461,0.023422360154689233,0.008134050803708296,0.7483168941736215,0.9607407251993817,0.933974142137327,0.6410541250592183,0.4696893230754528,0.00854370123008266,0.009703445866870792,0.008524406175619276,0.007925247985293106,0.008043362384652673,0.04825303634628652,0.05469278189636284,0.04384109078857458,0.04316764552855773,0.051327472889618066,60000
0.0006951546669006348,0.46353903770446775,0.1636083483695984,0.6861230540275574,0.24216773004511002,0.4192351655662058,0.7619347338471111,0.5541163795703165,0.27998294961180137,0.08840000651705487,0.02244827420450746,0.00826537571056484,0.02058995974980093,0.05450071965765002,0.008063977793121983,255.04084576740883,480808,0.07869326669722791,0.16431604347160542,0.11521837300545466,0.025076056081272176,0.011278365963165364,0.7475709325075149,0.9610642057856872,0.9352223618610488,0.6274599069871283,0.48118941806720195,0.009319329441059383,0.010263575354599926,0.009167747263721113,0.008677124940473497,0.009114590653944672,0.04666048968094397,0.05177778529190414,0.04057400193556242,0.04428305534106977,0.04917168592572947,60100
0.031222984790802003,0.48114738702774046,0.17299461841583252,0.7109074521064759,0.20438923424901004,0.4237299712002276,0.7659149429072505,0.5482487687697782,0.2870959740113741,0.07820816243497226,0.02309924990870059,0.00821595261652914,0.021722675554263278,0.053551359771948144,0.008573589305011307,255.05997880434742,481608,0.07829972810111943,0.16403294718207945,0.11195334199911511,0.0251361139237954,0.008981689863886018,0.7452165296673774,0.9633898058375296,0.9323651194572448,0.6536196487877752,0.421823326135293,0.009060049883555622,0.010364716787089192,0.009163933960147778,0.008291915182960139,0.00837085962844774,0.04660492223221812,0.05405401790757543,0.04398270290440474,0.04412125343034784,0.0439052029035221,60200
0.0007642292976379394,0.46320327043533327,0.17027175664901734,0.6928030252456665,0.22993131222210442,0.42533270061016076,0.7653714167444322,0.5433157802774354,0.27576845716587567,0.07615665139746855,0.022813724791631095,0.009258871038029925,0.02231190694370666,0.05303072657543407,0.008052761312380117,255.07078526693272,482408,0.07888093722984196,0.16411694449385955,0.11085574375465518,0.02235753114423008,0.007687629551583086,0.74105338960886,0.9605033126744357,0.9282076287154966,0.6263353397084783,0.4135431346173088,0.008652689275331799,0.009688975202570277,0.00869143654619201,0.008267080145571086,0.007866273403730388,0.05264663232490417,0.06739744884028818,0.044369239995900825,0.0506147868706996,0.04757819187943826,60300
0.033040750026702884,0.4647424912452698,0.17767390251159668,0.7020041394233704,0.19532544549556946,0.4202491040527822,0.7666160995417297,0.5538949920919727,0.2812593768577316,0.0803293497612079,0.021131419693119827,0.008866138655996638,0.020895287536745275,0.05067193716563084,0.007133923720989731,255.07748719603381,483208,0.07879251508973538,0.16605929654128498,0.11510166452436023,0.023942389242300695,0.008071686997677064,0.7443812328577044,0.9580133533713836,0.9341870091231588,0.6463682126354525,0.44175336729912523,0.008859310580883175,0.010227330079726352,0.008937472364007317,0.007972413290141001,0.008249164000153542,0.043714298149570806,0.05342254578827486,0.03957794358944662,0.03880390488114714,0.04270018723216793,60400
0.0006508731842041016,0.462465763092041,0.16641735315322875,0.6862526178359986,0.23966623611277388,0.41388643614947795,0.7640519206747053,0.5378994411892355,0.2900615645392901,0.0815236327013275,0.023111228747293346,0.00924349807803817,0.022818267291224516,0.053771854484652375,0.008089313303976721,255.08375946292585,484008,0.07542386527173225,0.1629933610631914,0.10972637614166297,0.02358724208558117,0.0088458229363918,0.7438000264763832,0.9640420886683343,0.9241456029907104,0.6611252166898115,0.4475558648742205,0.008453638774808495,0.009958245958949395,0.008584372647520579,0.0075128654001498105,0.00776732784819511,0.05671474106609824,0.07273443025339561,0.05001725574275331,0.04552744143183916,0.05774661712789847,60500
0.0006535172462463379,0.46772323846817015,0.19367146492004395,0.7171616673469543,0.19772903904321748,0.43031653672456727,0.7731722011870035,0.5520591173230142,0.28175290659643126,0.08059769506500075,0.024482366526499388,0.007716416057162715,0.0208883699256836,0.05883596741254084,0.008151624970076996,255.08880049614177,484808,0.07879786593839527,0.1652949531288708,0.11427305169948726,0.0212880454368692,0.008001276059076197,0.7502774628996849,0.964661083969415,0.9337839652852314,0.632002816463892,0.440157415762625,0.008706678112503136,0.010241554435981697,0.008669086225421698,0.0076314472333671385,0.008259899914264688,0.04568077379604799,0.05633530861871572,0.04499344140200353,0.039341825429941184,0.04177847487312524,60600
0.032208240032196044,0.48429213523864745,0.17076924562454224,0.7076534533500671,0.22240923173501612,0.415060097426176,0.7697784122667807,0.5462390044749075,0.2856805240593585,0.0798040909276715,0.02297116358298809,0.008180450412175182,0.0211125961077458,0.054529699934221,0.008300907367634709,255.09460420738813,485608,0.07634649472311139,0.1645177282785116,0.11172872913128508,0.025237282556079793,0.008345802939605447,0.7406873413920404,0.9642158966315417,0.9356060082785751,0.64205828626749,0.43297538132343444,0.008451009290292853,0.01007739618959787,0.00835728637226249,0.00743010291252947,0.008021425259145865,0.04863828468602151,0.0606684097922162,0.04558493390202449,0.04296667026214034,0.046034536548230136,60700
0.0007680034637451171,0.44826056480407717,0.18483992099761962,0.6853261518478394,0.25622251081930436,0.3921145905554295,0.7689625235164861,0.546573915691288,0.2696766412645709,0.08578147947376309,0.024842646932229404,0.00848485949811423,0.02147166455742313,0.05422325712114975,0.008876289241575604,255.1040661914696,486408,0.06982078302651644,0.16468396286169673,0.11175832581809828,0.020873745402212613,0.008967964965939663,0.7266928488016128,0.9628750097517876,0.9327745247218342,0.6222566638826795,0.4509224473283841,0.00794577158987522,0.009292522402711556,0.0081551717044527,0.007468648487702014,0.007249209823874897,0.0442730822158046,0.05437338042371213,0.03941745170353293,0.04168615611520645,0.04465940474116137,60800
0.028820819854736328,0.4688137435913086,0.19764099836349489,0.720214376449585,0.22252073110015613,0.4237342716753483,0.7676029827536609,0.5462383182332066,0.2874294939469929,0.07590094077292137,0.023184170061722388,0.008435723028804467,0.0209556871559471,0.056293187123647295,0.007875631087658173,255.1149342320684,487208,0.07815358012914653,0.16496906716649115,0.11118300934091659,0.023792373659136744,0.008030112890105901,0.7446053129434586,0.9616581785969613,0.9378772788118611,0.6356628135759,0.42895026981528006,0.008663562219589943,0.009943508931503782,0.00880956551576458,0.0077318709120344446,0.008108890922692812,0.048129111863672726,0.053771082548106565,0.047052027814385375,0.04215081439505575,0.049310397607307446,60900
0.0006390953063964844,0.43544458866119384,0.19813812255859375,0.6858314895629882,0.27831297818927814,0.40658534824848186,0.7751346079078875,0.5475864299748202,0.27805924301548895,0.07721799542517993,0.022981033250689502,0.01040551502232415,0.021002145686952196,0.05357977059166117,0.007906625879400575,255.1220466047007,488008,0.0745427721180022,0.16541961713417155,0.11141883345818765,0.02422467277299765,0.008188700749783468,0.7328089892864225,0.9608476274722328,0.9382340801824435,0.6336125296597583,0.4367697612481186,0.008470376918558033,0.010011281933937523,0.008070504305524617,0.007786557191213097,0.008146577409558715,0.052144605005159994,0.06337752468078522,0.04807249688091553,0.04833865773921106,0.04979640853157789,61000
0.030815341472625733,0.47204689025878904,0.18328791856765747,0.7086631631851197,0.22646531444669435,0.41822967797517785,0.7593393328741852,0.5485404994752667,0.2827069105146687,0.07857613080235384,0.025038752490654587,0.00936871730972522,0.02116928775868718,0.05755550097929287,0.008060857796827182,255.13285890769555,488808,0.07635899551212783,0.16310804480402338,0.11222545749374793,0.023339154166871143,0.008753317566563877,0.7407739728689197,0.96273868101571,0.9350560361115393,0.6288567906645339,0.43776719689999943,0.008534993096254762,0.009436037382248586,0.008378935972888949,0.008099257603678932,0.008228161768918779,0.04696619271067903,0.050405836901558664,0.04445858008385924,0.046029604826819996,0.04686462531536422,61100
0.0006664037704467773,0.42928022623062134,0.20308332681655883,0.6867574524879455,0.2506323073198176,0.43175275415182124,0.7689020059130215,0.5449468065728795,0.2850725217772426,0.08295344628730618,0.0241802982473746,0.008797763389019256,0.02181712908120199,0.06123372563661675,0.008999780511914118,255.14049132991389,489608,0.08002014806494115,0.1651107850778211,0.11096567830427936,0.02236597636659498,0.008970234339504526,0.7435984009504318,0.9608941749409504,0.9313715486328834,0.6238601457688108,0.4309925547796277,0.009084363630972807,0.009947241825127125,0.009091874999549112,0.008244969531573271,0.008899030210122692,0.050170574611984195,0.05527418964492104,0.04895408729265005,0.04592960946492207,0.0496208210073262,61200
0.02989043474197388,0.44066337823867796,0.20304595470428466,0.6955528044700623,0.2023440622248293,0.4262919165194031,0.7646670291821162,0.548650116700193,0.28314595133775766,0.08133254187475687,0.022927406271919606,0.008457319243192351,0.021415179848427994,0.053241982858716744,0.0073364972176741036,255.1482150168877,490408,0.07868710864335295,0.16472552751225455,0.11192308364274059,0.024790996286485862,0.008257981878092615,0.7469008317589753,0.9595165451367694,0.9344393840950467,0.6319292031583333,0.450647969622361,0.008753413041122253,0.00995377221368944,0.008595043555428472,0.008260474513684,0.00808698932983374,0.046497596510453196,0.054269127587623985,0.04426415456312141,0.041536441430937335,0.045308886891181926,61300
0.0008523893356323242,0.45767123222351075,0.17728787422180176,0.6897478938102722,0.26612050294713174,0.42119249537587167,0.7703879211021927,0.5398665824686423,0.2766286516424471,0.07878066211978485,0.02394371164496989,0.008095063662337025,0.0224246557478404,0.05534048646394838,0.008285991082765521,255.1559373541454,491208,0.07725715322420008,0.1658493040167554,0.1096564809236449,0.022702161900543152,0.007095158722454761,0.742077361345291,0.9587315409159177,0.9285691296550591,0.6205968868556282,0.43608569655012586,0.008480143039487307,0.009666213138523155,0.008345096505426332,0.007769591092439413,0.008163851643714345,0.04566929568070922,0.05480224461703349,0.04062818867665992,0.04261491146957123,0.04515726267647475,61400
0.030042285919189452,0.4760542893409729,0.18866312742233277,0.7189580655097961,0.19031484893383518,0.4142544677853587,0.7692786331223973,0.545238042871157,0.2686115665946687,0.08115846968200649,0.022365336590446542,0.007900337059290542,0.021696871995706777,0.058395299480429715,0.007539095632948801,255.16613140194457,492008,0.07704726876690987,0.16487339625854294,0.1113453043770848,0.021749239587890233,0.008277761033623475,0.7323359128832819,0.962587271291431,0.9323201816455994,0.5884777511869158,0.44862636801314676,0.008778770309872931,0.010091827626773471,0.008707264086742904,0.008031255978026565,0.008231577157259803,0.04779407096095384,0.05436696639136956,0.04042628453131401,0.04722015339348995,0.04905315374181561,61500
0.0006526303291320801,0.452897367477417,0.17642637252807616,0.6805889129638671,0.2563793906676276,0.408887031674385,0.7672705337101101,0.536357228065792,0.27774832425682733,0.07789220988509524,0.024743867767974742,0.010072034453421978,0.022704272457447508,0.056157619473764846,0.007689505862709214,255.17354084597346,492808,0.0741559739224613,0.16412677364994074,0.10926418582859793,0.02231107685253672,0.008176503409353544,0.7297833353281026,0.9631107899607441,0.9246920742486653,0.6200983356422108,0.43425131229618913,0.00830139157827943,0.009653306905921479,0.00826229258734538,0.0076348840711559654,0.007726364230403488,0.04724725957959893,0.052608434890149776,0.04226793388002801,0.04805151958175945,0.04587399660243618,61600
0.0006383204460144043,0.47242379903793336,0.18229023456573487,0.7090005612373352,0.2560425586547603,0.410667994171381,0.7593949843818949,0.5453337400850621,0.2829649951862226,0.08459398113728427,0.02386000208556653,0.010534797938210723,0.0219072063448792,0.05489801658354327,0.007876415386887783,255.1778215981041,493608,0.07443935345858338,0.16368360375054178,0.11163274748156779,0.021715223517195122,0.007858034695695645,0.7449895465373992,0.9589718471591675,0.9292504116140232,0.6480980229259719,0.4661618241896997,0.008192445512395355,0.009176650897037073,0.0083637073273874,0.007606257818233555,0.007690198594131148,0.04335411346517503,0.049947955170258275,0.03987176829215253,0.04202482141646568,0.04187336217056818,61700
0.034936532974243165,0.4611170172691345,0.17181560516357422,0.688414659500122,0.26901830678528443,0.4162057255208493,0.7645223953221972,0.5528896140555545,0.27217640353357364,0.07240031670110353,0.023808757346123456,0.008474242098408906,0.02114483820602158,0.05668864365030622,0.00814653715679947,255.1832302527018,494408,0.0772392684407532,0.1656555885547086,0.1138858953490854,0.02159438907852088,0.007283159567473022,0.7263179868459707,0.9578765561706134,0.9345945078465677,0.607390749394594,0.39135728493714944,0.008510081304702904,0.009672413881574022,0.008474881678854148,0.007701551357995553,0.008241657658408464,0.04511208873009313,0.05398839988721242,0.039581636005702144,0.04102367967549691,0.04676168909153109,61800
0.0008634591102600098,0.4776522493362427,0.1856372356414795,0.7163193368911743,0.2562142497790368,0.4174775581061839,0.7641924477758867,0.5414593868854782,0.2785146080111101,0.07829783164509904,0.021765455817803744,0.008376501991768329,0.021855482297671525,0.049494430864441,0.00915601272192761,255.19004072761052,495208,0.07754189731553203,0.16468553010906506,0.11090290560070133,0.024648800153842115,0.007245046040043232,0.7344811528921132,0.9603861442634034,0.9286935042336352,0.6413399844439986,0.4102605464981823,0.008537858491763464,0.009969647760902133,0.008231832687279794,0.007560341069282791,0.00828133928248796,0.051255153887905164,0.05696952052281374,0.04821733637415459,0.04852475675024555,0.05081565728547368,61900
0.028820250034332275,0.47124754905700683,0.18306750535964966,0.707266252040863,0.25434981862029954,0.4221415103971958,0.7750713232300042,0.5541094928136414,0.2826007160916922,0.07961029635014263,0.023887544209137558,0.008274222321866856,0.02122902020346376,0.057507843179628294,0.007754000493556944,255.19713323765757,496008,0.07734284913167358,0.16625039037609587,0.11389851208143638,0.021584473656257652,0.008411548417451592,0.7443062755465509,0.9595097627939351,0.9359581121858562,0.6371549698710445,0.4381956621475027,0.008626057310029864,0.009877303778559608,0.008605399612723932,0.007951550220604986,0.008119929260408838,0.05127713734051214,0.06378169697148636,0.04443064779987695,0.04933591944864024,0.0484920026779383,62000
0.0007156610488891601,0.4611833119392395,0.17711941957473754,0.6915646839141846,0.1980515792356778,0.42478275299072266,0.7761054863199667,0.5505655915147126,0.2816027213301923,0.0841299480028416,0.021353155234828586,0.007913936032583878,0.020113223547473406,0.05436977415552571,0.007791239301785569,255.20645184098709,496808,0.07879144268110394,0.16566568235176032,0.11347575425499612,0.023484547626382343,0.008045110882679654,0.7502066230773926,0.9627618153699846,0.9410004134130004,0.6316314508517583,0.46448983273036043,0.008771780214738106,0.01045742069045751,0.008539509696114549,0.008335684983628903,0.007702239580286277,0.054078582795336845,0.06172291751790561,0.05146288468662387,0.05086511265382995,0.05172490624125012,62100
0.030288169384002684,0.4717867398262024,0.18159880638122558,0.7078689002990722,0.21388321313088945,0.42255422785878166,0.7742358523221753,0.539445377074147,0.28307071324135796,0.07995526526086583,0.022398420250974597,0.008422670946155312,0.02207824850887486,0.054140915867646015,0.007641376097103937,255.21505082348446,497608,0.07834531728178261,0.16704629791613257,0.10917890786912775,0.023939620200041166,0.008051078656477296,0.7482572990655901,0.9587572501666501,0.9314964659406111,0.6388638699376913,0.4490643540039435,0.008703867841977624,0.010226153212585567,0.008331862090693967,0.008160065223991469,0.008078830099889429,0.04418309006374331,0.05052123662774725,0.03972173105457453,0.045993567441867014,0.040894621968260145,62200
0.0006286811828613282,0.44782904624938963,0.18108776569366455,0.6833683514595031,0.22012282431655983,0.4200362905859949,0.7630040690754395,0.553233643632909,0.28792546658609325,0.08663285117519579,0.024570230077952136,0.008889277618510095,0.02042270402779987,0.05745571512892018,0.007873610416955328,255.220802507962,498408,0.07647885128855707,0.164778292856433,0.11432091827401944,0.02318803604245873,0.00871072076657096,0.7500670212507244,0.9591391571242398,0.938444504251031,0.6388409406908098,0.475632371668963,0.008562721102498465,0.009782384495448434,0.008876248418855733,0.007839089788470758,0.007818653710311303,0.041475840636994686,0.0499426789271335,0.04197388960545914,0.035752775658282554,0.03874565386357382,62300
0.03084111213684082,0.4759639072418213,0.192394859790802,0.7210156941413879,0.22260006127970242,0.41656713545322416,0.7581465752253979,0.5453137182509963,0.2821450304561458,0.08947747365396087,0.022628510724753137,0.008735602393544506,0.02160405750034156,0.053296741083982885,0.008021450334100354,255.22784519616172,499208,0.07725003704428679,0.16422463402959517,0.11257665546446889,0.02469648879853451,0.009033459717304343,0.7484808361530301,0.959203304915593,0.9297610450285081,0.6309435564249308,0.4846697403612923,0.008643403570167721,0.009702069437122117,0.00835923918093424,0.008302294552269463,0.008194770877685954,0.041939662653021535,0.04598876574934631,0.037498642825593946,0.039555997427004524,0.04437797640985695,62400
0.0010128116607666016,0.4569904470443726,0.17527652263641358,0.6841476511955261,0.2526613618063132,0.41396750047802905,0.7668555308096481,0.5397014437252999,0.2907145160275535,0.08329372031783512,0.02291774111799896,0.00824776759929032,0.021500973349408144,0.056566836017913937,0.009334505392259659,255.24089442799675,500008,0.07580446226522324,0.16468676231285118,0.10855806628579917,0.024673183600267243,0.008457262750545683,0.7398185741901402,0.9618706750397632,0.9372617707351326,0.6437372736028728,0.4435185036875985,0.008515968560241166,0.009602720000882541,0.008356358868026508,0.007956020201782925,0.008129020041616804,0.04715407179668546,0.05121683300412857,0.04373692779275806,0.04841567913221346,0.04536058848660273,62500
0.0008537530899047852,0.4552456784248352,0.2081328010559082,0.7166108751296997,0.26237413106628543,0.4156880322098732,0.7686506154391687,0.541996673819768,0.2816165319861883,0.08157128359643973,0.023341114204376925,0.00817210598686981,0.022035061320012116,0.05842892033979297,0.008987383940470745,255.25246659518493,500808,0.07626746603287755,0.16456276444202295,0.11011014228367672,0.0235611747583731,0.007351686513700752,0.7344683745503426,0.9632836020608464,0.9301476715678005,0.6251490604370195,0.4427088838104806,0.008780381234828386,0.010497073389309946,0.008668939826125018,0.008025519781438823,0.007846571231653943,0.04989234054461122,0.05812045278687888,0.046634900247297405,0.04655567513892745,0.04743500973029626,62600
0.03485261201858521,0.3847503757476807,0.14458641052246093,0.5773766660690307,0.29936163106535385,0.4081768824160102,0.7658561970212779,0.5406045598643167,0.28862680846927175,0.08349734130926537,0.022783939470537008,0.008414027005837769,0.021883339512028862,0.052622724658072884,0.009558153862335906,255.26108370359773,501608,0.07449975579977038,0.16481874883174902,0.10907052751098356,0.025973228815322116,0.008296999121632643,0.7328817975521087,0.9606650089982696,0.933272562708173,0.650898478517485,0.43953460050384363,0.008725350862368943,0.009884434859979483,0.008506201987287824,0.008351914447950038,0.008173847337131168,0.049681207356043186,0.05783182896187367,0.04377495453826019,0.047353050428261934,0.04898879830451574,62700
0.0193739652633667,0.2513665580749512,0.07026039600372315,0.361948606967926,0.28028254041486306,0.41132598891854294,0.7712575973260519,0.546895520590447,0.2794660950571762,0.08251877533779904,0.022626406312920167,0.009079189739987661,0.0214007972714466,0.053627929614055776,0.008899048523215413,255.27209996611214,502408,0.07579897452145812,0.1649082134118175,0.11277532849360157,0.023752647139604927,0.008545564245750113,0.7289167407155033,0.9617997900684281,0.9315522783511394,0.6351914850541344,0.42691230448809525,0.008677611267194142,0.009731140886756154,0.008622476921693704,0.007857572726442089,0.008476039945063261,0.050545976647990744,0.058728623838742555,0.045270065068128876,0.046629157417075004,0.050905499472124104,62800
