avg_data_time,avg_fb_time,avg_opt_time,avg_step_time,grad_norm,loss,loss_q0,loss_q1,loss_q2,mse,mse_q0,mse_q1,mse_q2,param_norm,samples,seg_ce,seg_ce_q0,seg_ce_q1,seg_ce_q2,seg_dice,seg_dice_q0,seg_dice_q1,seg_dice_q2,seg_focal,seg_focal_q0,seg_focal_q1,seg_focal_q2,seg_presence,seg_presence_q0,seg_presence_q1,seg_presence_q2,step,loss_q3,mse_q3,seg_ce_q3,seg_dice_q3,seg_focal_q3,seg_presence_q3
3.5595273971557617,1.1849896907806396,0.13543224334716797,1.4375848770141602,0.9999996025078071,1.7873423099517822,1.8678945302963257,1.7881284753481548,1.702073574066162,1.0011824369430542,0.99526447057724,1.00148140390714,1.005306601524353,248.29738551424524,8,0.4972875714302063,0.21460813283920288,0.4874778985977173,0.8388248682022095,0.9878459572792053,0.983217179775238,0.9875341057777405,0.9943457245826721,0.2705989181995392,0.2705989181995392,0.2705989181995392,0.2705989181995392,0.8734485507011414,0.8734485507011414,0.8734485507011414,0.8734485507011414,0,,,,,,
0.0006902813911437988,0.42543940544128417,0.1516786766052246,0.62730384349823,0.9999995147037727,1.55137554526329,1.7752707811317063,1.6378593784599498,1.5416456050770244,0.8789021843671799,0.8751918393554107,0.8720993644373426,0.8806329337499476,248.30437383124968,808,0.5964326794445515,0.1905386127305754,0.3739736052814891,0.8044679719273763,0.9774932432174686,0.9653625184237355,0.9760440829871352,0.9833244883245035,0.34137467011809364,0.2992673264157894,0.31821159485745526,0.36652786260651,0.507775558978319,0.48527734944916734,0.48559299312927856,0.5147932473049373,100,1.2622671857404932,0.8876146870937079,1.0161527107206823,0.9852312626450828,0.3818221190614561,0.5448145378719683
0.0007490658760070801,0.478062219619751,0.1579647731781006,0.68530268907547,0.999999439933929,1.2448716485500324,1.4992366553588232,1.3159408580425187,1.199090913931528,0.6391363030672071,0.6530622067846781,0.635743293096853,0.6347650905450186,248.32688410424234,1608,0.4602211660146716,0.17213109946312696,0.27004795296247597,0.6027228369599305,0.9752933210134502,0.9660085958520362,0.9698721469834795,0.981547018459864,0.2470375054329634,0.22256510380481817,0.23838678726623236,0.2561017784689156,0.18938719032332293,0.20765975793254182,0.17688102966477695,0.18223066779651836,200,0.9440014568658983,0.6334206438981568,0.8259534252868895,0.984327528830413,0.2727494866556518,0.1930415239696809
0.030372743606567384,0.4310052227973938,0.1678248906135559,0.6485685777664184,0.9999993238685786,0.9921078008413318,1.2811040106941673,1.052724942104103,0.9235990455913052,0.44543782830238354,0.46351387848456693,0.43816924141239877,0.4402226494048452,248.3456082904523,2408,0.3480721545219422,0.1626507524473994,0.1883751776107808,0.4166170647604214,0.9702619636058809,0.963407588063502,0.96357577117448,0.9728426055859793,0.17122424807399514,0.15664616135843823,0.1601897934163662,0.18088070728678984,0.1453007355518639,0.15258717761539345,0.1399374096414323,0.1430444309610854,300,0.7129920706516358,0.4393401882997375,0.6178469511066998,0.9809304007669772,0.18689396236000977,0.1452936284789226
0.0006725931167602539,0.469346239566803,0.15652907371520997,0.6755348181724549,0.9998635718718993,0.7878276205062865,1.098800762935921,0.8527488873029745,0.7057595670223235,0.29474919125437726,0.31351075498830694,0.28576731759433927,0.29125948914072686,248.3688876841887,3208,0.24334290146827708,0.1569080273941082,0.13862698098334159,0.24819513522088518,0.9643246227502823,0.9628667957568298,0.9553364903355633,0.9624349613081329,0.09971532939001916,0.09154261025802168,0.08393347616462664,0.10501125595447688,0.10794977646321056,0.1155649703784437,0.10153956351374899,0.1083753051151606,400,0.5205721670958267,0.2894543132290765,0.4211024817210347,0.9764702466864084,0.11684927859123623,0.10643154999531394
0.03024979829788208,0.43083499908447265,0.16403189182281494,0.6420781517028809,0.9313116843560173,0.6419740816950799,0.9581275476610722,0.7204233302010429,0.5420332276126716,0.1781694087386131,0.19341376739476096,0.17317061656051216,0.17544807833664625,248.39009213602665,4008,0.17823821172118193,0.15406499135083182,0.12084530769950821,0.1458590415134592,0.955814653038979,0.964619445389714,0.9457187645965148,0.9439788015143384,0.05529409038834272,0.04821246475201521,0.05113216221539512,0.05472060608523853,0.0956215679738671,0.10505438362032608,0.08953147129052208,0.0850025682022921,500,0.3684565375484,0.17042424688689511,0.2820675746665747,0.9675116640696592,0.06621757305063905,0.10210910247488746
0.0006325125694274902,0.4612958812713623,0.1622150135040283,0.6726422929763793,0.7730099438721029,0.5560995906591417,0.8963138580322264,0.6408100673808389,0.4364931326148642,0.10606101319193836,0.12861589241672217,0.10082686206891171,0.09880805953915396,248.40954082717806,4808,0.14337813757359982,0.15837563767626497,0.11666060802503607,0.09874946950882106,0.942766723036766,0.9599005367304827,0.9420337072059284,0.9229728472682668,0.03576085252687335,0.034692911249963,0.03301446255648615,0.03404441327383779,0.08243566228076812,0.09047055595327869,0.07772777431565726,0.08097876088676159,600,0.2857536595351624,0.09822456428025028,0.20306607719400135,0.9485780245596818,0.04127312303142677,0.08129057934563055
0.03092942714691162,0.4604343819618225,0.1504861330986023,0.6621166896820069,0.6377318707832612,0.5224338182806969,0.8408531414137951,0.6078311390589668,0.39054579903873127,0.0664520797878504,0.08033620762292303,0.06304411104446304,0.060834949603304246,248.4258553691749,5608,0.12789774209260937,0.15713666141897017,0.1169906590543492,0.07940456109981128,0.9368411993980408,0.9623305279275645,0.9441052528576074,0.9077231869674648,0.029421382965520045,0.027401274740515996,0.028761700814814165,0.026624472740177922,0.08449099141522316,0.09061066466265537,0.085810250406707,0.08272113876535939,700,0.2400060837569924,0.06101533004380374,0.15943061852270787,0.9337114221656441,0.03522508925537474,0.07855995286666527
0.0006205105781555176,0.4622790288925171,0.16048556566238403,0.6713641524314881,0.6051246472270722,0.4909523725509643,0.839945689135907,0.580426406959144,0.35832067131996154,0.05103355418890715,0.07146229746514088,0.04562258374625149,0.04371677548056694,248.44271992337892,6408,0.11402088262140746,0.1600523041743858,0.11480568954463818,0.06581578443690039,0.9266968321800236,0.9606232987899408,0.9431699662577377,0.8927364093501395,0.02437444334849716,0.02345403953564955,0.023634733781424354,0.023178470007530077,0.08088042855728421,0.09518724729708739,0.07369974989557222,0.07244036660143517,800,0.20428600197746644,0.04299480003260431,0.11568557664397214,0.9126932674930213,0.027073606893065445,0.08141054529918441
0.03220996379852295,0.4686948442459106,0.1626218605041504,0.6846695113182067,0.518738784391647,0.48865576952695833,0.8128949212473494,0.5719157042194951,0.3509238200743546,0.03998417781665921,0.052519162891562624,0.03731346168365347,0.0347139968777473,248.4552761278318,7208,0.10827796839177604,0.15868525165458047,0.11615005728617239,0.05891132239629044,0.9202380651235581,0.9614762181459467,0.94095711358151,0.8877697958705134,0.020529900072142497,0.019712171621274116,0.01944943339985548,0.019200180751386617,0.07586113733937963,0.08203442180204364,0.06995614785562036,0.07276557767475969,900,0.18802287527224396,0.03406128565807941,0.09064402612088954,0.885037198518087,0.0235865770486518,0.07785461475231767
0.009890432357788087,0.4590886425971985,0.15560853004455566,0.667816858291626,0.4622607539426861,0.474114155769348,0.8016822261003708,0.5691880190914331,0.3404534598144049,0.03452389933168886,0.045324893974101346,0.03289573179614363,0.03022297075169795,248.46640223490604,8008,0.10061452448368075,0.1581361562903247,0.11576868906015103,0.05579506012312535,0.9114068269729614,0.9623673771744345,0.9435044665529272,0.8799658449072586,0.018677662583068008,0.01886645510829799,0.017624765498130912,0.017351803842165524,0.06657967541599642,0.08336646686393805,0.06232222924867379,0.0575659770159826,1000,0.17864165175706143,0.02957739486979941,0.07355668842986533,0.859181644084553,0.0210090730106458,0.06320828075816588
0.0006251215934753418,0.4623767518997192,0.15655667543411256,0.6667285895347596,0.42462301082886733,0.4651164907217026,0.7981237496562932,0.5600455677627926,0.3313840675083072,0.03231545422226191,0.044407475309156265,0.030676227368748,0.02756957725781684,248.47612374197953,8808,0.09669713690876962,0.1584594561975804,0.11386698536315366,0.05217099662004697,0.9023062360286711,0.9606832733106369,0.9413081597332933,0.8694807570992097,0.017792316656559694,0.017923235654568843,0.01744761037181564,0.01608037211076179,0.06464884482789786,0.07339581337771457,0.06699064670510556,0.0647604085218086,1100,0.17368001033469,0.026686028245430746,0.06241166552916022,0.8381628042990619,0.019684386471895,0.0535922184411326
0.030536532402038574,0.4168178844451904,0.16670080184936523,0.6310988473892212,0.43732471145465135,0.47448941290378566,0.8127017274998022,0.5546010394988979,0.3362142228506465,0.03178183266893028,0.04675872158704763,0.02933888384163967,0.025556095631763257,248.4837340079912,9608,0.09612413875758652,0.1596971723879353,0.1148781472899644,0.05322786715419535,0.9025209391117094,0.9643565142553964,0.9342622175592501,0.8748718834815808,0.01576616602949798,0.016164893556261477,0.015477063051732291,0.014632994000286977,0.059913975920644534,0.07282322331144511,0.060764012273614366,0.05274364700382771,1200,0.17055124170448044,0.024468209260880065,0.05098868968586123,0.8318903810942353,0.016697792998927437,0.0523033362346474
0.0006434011459350586,0.45415119171142576,0.15934502601623535,0.6629539585113525,0.39396223098076805,0.4733584088087083,0.7927104483747711,0.5644470705328701,0.32878727961137794,0.028611213676631456,0.03832939211191708,0.02752889006041756,0.02417137857117406,248.4912996987406,10408,0.09632701367139816,0.16002729500123597,0.11731471354577026,0.050129071384065436,0.8981323486566545,0.9581057919023179,0.9416865046336278,0.8716650873939428,0.015273561784997584,0.015222727911363186,0.01507255253947783,0.01444766725914155,0.059078490260289995,0.06867419193420081,0.05693456956792502,0.059540003402201745,1300,0.16083765141665946,0.02325989624485374,0.04599059540778403,0.8105518665909767,0.0162571785179898,0.050753854250651806
0.028843090534210206,0.4514853763580322,0.150735182762146,0.6532157683372497,0.3981991892725231,0.4543857750296591,0.7906349070907869,0.5578030409789321,0.32850627744863486,0.027624706234782925,0.036284148520261926,0.027415691782711155,0.02419303223339435,248.5010985641012,11208,0.09076529778540135,0.15904316098726903,0.11421121867133834,0.0510509861680457,0.8886623305082323,0.9589929946304601,0.94273908805139,0.8599012935827227,0.015102297393605113,0.01636527061520008,0.013607758005140445,0.014506395877844792,0.06151958393165842,0.06889983246069326,0.06247730860209995,0.05483925340314242,1400,0.1581328384542235,0.022978952136520583,0.04169156770379354,0.7973496384090851,0.01594419473701197,0.060025847294246384
0.0006822371482849122,0.4430642938613892,0.1719493842124939,0.6624522018432617,0.4333281615834578,0.46789061188697795,0.7965091306429637,0.5608959304123387,0.33352138878156756,0.026948570869863037,0.034700676673450115,0.027053202461542133,0.02329936874836375,248.51405808137963,12008,0.09373488016426564,0.15848807266985,0.11552228498749613,0.05116533052447873,0.892526532411575,0.9656457144480491,0.9397725020966877,0.8714291667565706,0.01560336995404214,0.015142651592703676,0.015187363501456457,0.014907681087303606,0.07455176805611696,0.08069962971673623,0.06820342948024226,0.07699220956662126,1500,0.15189139434160334,0.022162720962212633,0.043674734535698694,0.7856366998110059,0.01721712895072039,0.07226504709523834
0.030482256412506105,0.442491979598999,0.16419789791107178,0.6578555417060852,0.42555935846900395,0.46360576421022404,0.7796330846570162,0.5561469987619155,0.3261244587722371,0.02823335371911526,0.03680559638370239,0.027701897555779596,0.0244512196955948,248.52388583737144,12808,0.08983532916754482,0.1575048593459306,0.1127612421690833,0.0455668676044039,0.8775947582721705,0.957702131734954,0.9394214571106664,0.8616952055790386,0.013718773415312168,0.013974015281915109,0.01355408817328805,0.013004585810494233,0.061076462478376926,0.07294779104672165,0.06134293641776362,0.05447558493002271,1600,0.14898021643990775,0.02289803948272305,0.03302123456682807,0.7405073467244956,0.014272884470481556,0.05391602053396824
0.0006277394294738769,0.471456983089447,0.15538247108459471,0.6781643891334533,0.47734162795764257,0.4483240714669228,0.8002200372973264,0.5632060316819992,0.3229612033156786,0.02978232080116867,0.03867497922358466,0.029486830538463942,0.026465587180984355,248.5356893232159,13608,0.08440800774842504,0.15732798238798074,0.11176585461254476,0.041285067399525435,0.8565249377489089,0.9651747914601343,0.9419013933529927,0.847384073862842,0.013943822314031424,0.01536406053477252,0.013095325869187801,0.012760085295703202,0.0655486233229749,0.08035530445013887,0.05913063776974995,0.060959583131240384,1700,0.13974456700951018,0.0249932223304188,0.03385887080715235,0.6879619857146275,0.014529042638908913,0.06198015871515135
0.03014282703399658,0.4698706269264221,0.15071449756622315,0.6739845585823059,0.46902838263804625,0.45341844484210014,0.7916670903926942,0.5584312642588839,0.31877935962527193,0.028484350554645047,0.03564143965883951,0.028101058960490408,0.025541436424508155,248.54701534291146,14408,0.08484434105455874,0.15668645828235458,0.1098203037671631,0.04184489870317164,0.8561743217706681,0.96403219525407,0.9452216135063755,0.8477769587676566,0.013701443495228888,0.015131286231846338,0.012537221273000767,0.013427037509226518,0.08081314669921998,0.10324497251067223,0.07317768513853784,0.07766491150805292,1800,0.14273037007393466,0.024476630019320968,0.029602771532690322,0.6723613476983596,0.013646591128556481,0.06876954552829986
0.0006874632835388183,0.44378718852996824,0.1741648006439209,0.6661258506774902,0.4765221411758966,0.4419175337255001,0.7978557468108506,0.561889708787203,0.32961851491856936,0.027569542787969113,0.03434895745316602,0.027833403684198843,0.025198995483232966,248.55502182571428,15208,0.08335981421172617,0.15815118837939654,0.11250331245362753,0.04523752479169942,0.8481152534484864,0.9655358898250955,0.9393665349483487,0.8529644338645741,0.012970053008757537,0.013588765765155629,0.012393098780885348,0.012681706025455129,0.07008288180630187,0.09607403943759302,0.059141198566067005,0.06363142231121352,1900,0.13068514369254877,0.023738359131438784,0.027881988785554496,0.6582066990608392,0.013246822506622527,0.06404896088724216
0.028191328048706055,0.46691547870635985,0.16734877586364746,0.6834047770500183,0.44263631627466826,0.45985182404518127,0.7900947079869916,0.5628645014994349,0.3261947713315191,0.0281560138054192,0.03623204298427541,0.027663112599945174,0.02491711393879549,248.56502661061532,16008,0.08537800334393979,0.1579929895588918,0.11203511992415179,0.041209771261169675,0.8536761808395383,0.9605071667967172,0.945531365651529,0.8557606550860288,0.012278010370209818,0.012998227468173354,0.011877183601242106,0.011334119979383921,0.06769983719219452,0.08163478639747557,0.0663383642886313,0.05695404329915242,2000,0.13470536607139275,0.023473036990679343,0.025452168140699095,0.6354208239849576,0.012958733736477946,0.0657480546908621
0.0006763339042663574,0.4573881411552429,0.14601617097854613,0.6546768689155579,0.45921168444319865,0.4652177174389362,0.7932716066447592,0.5596696752309804,0.328367004567142,0.02674565322697162,0.03247666211189846,0.027416395246982597,0.024100204095311835,248.57536712370697,16808,0.08729860387742516,0.15903175256859797,0.11338739644736055,0.04315779756805205,0.8626265341043476,0.9625883741447557,0.9340789034962657,0.8576431295990405,0.0123089356906712,0.012540987618894384,0.011470840501133348,0.012387191607064786,0.06799029522109781,0.07533361768191053,0.06707559963455427,0.06253488454388295,2100,0.1325768207074605,0.022409079106230478,0.026578514765926278,0.6639060395502903,0.012905764224672173,0.06717844612825635
0.0007805180549621582,0.47082216024398804,0.15656044006347655,0.6818013000488281,0.45915234702514834,0.47536010593175887,0.7931275854196249,0.5641719504844315,0.31899192374613533,0.02540051441639661,0.030326016013397752,0.026146872930748532,0.02260766318067906,248.58340494695,17608,0.09145059283822776,0.16011722305697698,0.11530559135730867,0.04080395501934817,0.85968166410923,0.9604122039983094,0.9353706165801644,0.8591300908062188,0.013534586364403361,0.01372972190497033,0.013014766149396133,0.012765169464465648,0.08694503545993938,0.08722304311505785,0.0911212862014424,0.0724150972557255,2200,0.13574241386255723,0.02124589531180951,0.029224834284632562,0.647391821001913,0.01467052681862816,0.09604118524149961
0.03244727611541748,0.4331685209274292,0.17230790376663208,0.6557290887832642,0.43779376087326427,0.46392791748046874,0.79627756587225,0.5584725786798764,0.32140007995069036,0.02538251858204604,0.03191614235241209,0.02533608102904899,0.022742771487683056,248.59643905548032,18408,0.08881798380985856,0.16061432756970276,0.11297225383376429,0.04336646339390429,0.8574968004226686,0.9599100099736124,0.9423498213291162,0.8500046300888061,0.013001406854018575,0.013446377028697097,0.012083069425508651,0.012825201593805105,0.07464228406388428,0.08711812272199886,0.06468540425696895,0.06889867551850325,2300,0.13166793644175695,0.021078339330641564,0.028887338644304036,0.6434353872881095,0.013862421380955784,0.07970652639642913
0.000637362003326416,0.4728563404083252,0.15839067697525025,0.684377691745758,0.4271293351127502,0.46082653254270534,0.7837311991857829,0.5539988560335977,0.32497678392312734,0.024933393485844134,0.028744978343196434,0.025558153114148555,0.023259108695624912,248.6032194081771,19208,0.08776091858744624,0.1587154733341768,0.11014996217120263,0.04336912262740293,0.8451837044954303,0.9603657593967718,0.9429616874172578,0.8539412096142767,0.012659456185065211,0.013310616496318118,0.0124412329978354,0.011728846610904758,0.07752901757834481,0.08887581364251677,0.07694068564811649,0.06891873212721708,2400,0.12383750290134735,0.02152803182906035,0.024715837480842474,0.6044470236009489,0.013004666422398722,0.07327064208220692
0.029030630588531493,0.43787834882736204,0.16569180488586427,0.6508103799819946,0.4173787173808739,0.44447304382920255,0.7785751722790868,0.5521607758033847,0.3260574473275079,0.02481805581599474,0.028625836832269217,0.025523265628587626,0.02329244928227532,248.61036160818935,20008,0.08493818905204531,0.15867689183823366,0.11009396619739993,0.04175199825420148,0.8373487865924837,0.9585856474595631,0.9425732819806963,0.8523192011647749,0.013172974917106332,0.01273845248917108,0.012911167727517232,0.012286780756484306,0.0720950839889701,0.08006707176585037,0.06641666309442375,0.06972495172651383,2500,0.12936629260509788,0.021890273238991332,0.028432444420079105,0.6088253970437205,0.014581873400810172,0.07232330278263904
0.0007094025611877441,0.4727586054801941,0.15973589897155763,0.6808739399909973,0.44210176527510303,0.4509325969219205,0.7820436309736504,0.5590719055705876,0.32042675988796454,0.024664895515888925,0.029096721044669954,0.02497046479605481,0.022812121514326468,248.61769102637683,20808,0.0843039819598198,0.15910068448059841,0.11263786116378566,0.0410887958863989,0.8393005800247192,0.9596597429078362,0.943333877222187,0.851609028608371,0.01153984291478992,0.01238422731582362,0.011271383518797492,0.010795525470987333,0.06494755820604044,0.07157704185542225,0.05650849795077693,0.0637740580388942,2600,0.12730309221893557,0.021561266221106035,0.020741348015144455,0.5996535009145729,0.011651825150474896,0.06750953222508535
0.031919217109680174,0.43996639728546144,0.1627972888946533,0.6538210916519165,0.43839843918595106,0.4301156029105184,0.7862317167996056,0.551102350493079,0.3190241771998833,0.02452584963291885,0.03087445334251461,0.025180452132543305,0.022400531303430102,248.6253708501978,21608,0.08162538006901743,0.15935198954545743,0.11248974436984478,0.04043880127935977,0.8264938330650331,0.9612700545071253,0.9344202647510081,0.8502789077334372,0.012274469332769504,0.012449908726772315,0.011371150728116185,0.011962756346326065,0.06329028101637962,0.06352276426276877,0.05806527333786188,0.05362650769377488,2700,0.11705171850255933,0.02047718205404551,0.023828144068829726,0.5926763737743549,0.013244993895800273,0.07637931670866566
0.0007094216346740723,0.4428698492050171,0.17550381422042846,0.6678062915802002,0.42897096550134206,0.43431122630834573,0.795324953419439,0.5627473912587976,0.31939287237823005,0.02448837488889694,0.02918308836230067,0.02517748511419063,0.02284790214151145,248.63273978639631,22408,0.0827617172151804,0.16119387779342997,0.11461486772793097,0.03860414707567547,0.827597686648369,0.9593993432066408,0.9401813219233255,0.8521063289046283,0.013155869389884176,0.01350126081418372,0.012242580257447027,0.012033763809595255,0.0721206234605052,0.08696129061464807,0.06698343313935151,0.06051875628996644,2800,0.1227619812441861,0.02149836558522443,0.02903219463608405,0.5905374565981496,0.01476953627782002,0.07549324418173473
0.03249905824661255,0.46525495767593383,0.1665325403213501,0.6875850558280945,0.4142038261144907,0.44230519846081756,0.7770996005911578,0.5461616423670901,0.32511389270350655,0.024283251818269493,0.029392002121006188,0.024914545662425167,0.022436684646194232,248.63969540278245,23208,0.0842061109468342,0.15842821535311252,0.11094639812492664,0.04236439912028578,0.8387737470865249,0.9615815953204506,0.9360083283649545,0.8548977727913742,0.011958126737736158,0.012854567434834792,0.011350459149710961,0.011409678174395902,0.05442027362878431,0.06282088155796944,0.050966518434708834,0.050624335022522775,2900,0.11853071746122033,0.020470495388838317,0.02478684993566934,0.5922603313786995,0.012326886467249595,0.05396887090978805
0.0007328271865844726,0.45716553449630737,0.15589595556259156,0.6689502453804016,0.39351025874380413,0.45358285814523713,0.7756195533566359,0.5629302918614438,0.32076786472549995,0.023885724674910302,0.026903310481731477,0.024787414420525816,0.02262701115237094,248.64631684382803,24008,0.08516579017043116,0.15820958396283594,0.11413254992878845,0.041488953633233905,0.8398849964141846,0.9597794262374321,0.9409350909996982,0.8480455363696479,0.012233103732578457,0.012531228577036679,0.01120822035953106,0.012490102026242542,0.07143910770304501,0.073939325269766,0.06477442727104497,0.07563930466981998,3000,0.124793975603777,0.020957167250114487,0.02177674008359377,0.5837340941140936,0.01272981981286308,0.07109083522336326
0.0006427311897277832,0.4873584222793579,0.15418602466583253,0.6933946466445923,0.420926466167874,0.44154446199536324,0.780902502082643,0.5592954395490405,0.3234307467199789,0.02357430521398784,0.026251992723219614,0.024569982573675198,0.022618714351170112,248.65539308977168,24808,0.08295201737433672,0.15929952579200599,0.11323600237449381,0.044149753628390874,0.8275645983219145,0.9614617190663771,0.9423664774050557,0.8472165477157814,0.011700542261824008,0.01276193592924053,0.01063497005805873,0.011692278421400948,0.06593592154793439,0.0784117774076996,0.05993946852456587,0.06726598381848618,3100,0.11709621015936146,0.020968554187566033,0.018347142338752766,0.5612154018878941,0.011819394677877418,0.059069168276619205
0.04194498777389526,0.4499968910217285,0.14512975454330446,0.645868558883667,0.4343855342035175,0.4585204654932022,0.7821684908751698,0.5564604955680161,0.3280709777477286,0.023074230495840307,0.025067847842971502,0.024088760919290252,0.022222436631575318,248.66656640974932,25608,0.08866804242134092,0.160063972507698,0.11387623455917953,0.04434591435471884,0.8471924394369122,0.9599774436674259,0.9375153447239147,0.8512976106238246,0.013136522364802656,0.013645840882985054,0.013282111986061038,0.012738865593241323,0.07138249561190604,0.07685505042464477,0.06881906554437445,0.07116927200892335,3200,0.12425521142366852,0.020600059618138596,0.028683795552286843,0.609399214055803,0.012841492122970522,0.06826796802019497
0.0007103180885314941,0.48795318126678466,0.15259161710739136,0.6905771803855896,0.4470489885680267,0.42906069159507754,0.7780627307171625,0.5585892053848913,0.3258211622367034,0.02231049573048949,0.024093600154931966,0.023753993233098045,0.02183951863364592,248.67369741750505,26408,0.08107443330809469,0.15899555780924857,0.11395838769043194,0.04226386319543862,0.8184864383935928,0.961752832556764,0.9417820203113056,0.8517875181662067,0.012166464081965391,0.013384549960998509,0.010803723062841806,0.01189731664049465,0.07764917510678061,0.09070313814117983,0.06751438689587468,0.07684676060893546,3300,0.12342124148193043,0.02008524454214562,0.022048163377695672,0.5781299999709864,0.012466262211091808,0.07568854449210306
0.03198728561401367,0.45456555366516116,0.14721140146255493,0.6527927851676941,0.42753030434362316,0.44516068190336233,0.7859877458214761,0.5452857523118673,0.31424227213367395,0.023681046385318035,0.02704161934088915,0.0248456934643029,0.022214110376774704,248.68611898170494,27208,0.08508414842188355,0.16040966622531422,0.11131722072315452,0.03956275165012664,0.8297761154174799,0.9609392738342285,0.9296040324429378,0.8405488704869506,0.012875173916108911,0.013996270778588954,0.012200293015336513,0.012120655831803964,0.06670717767090537,0.07909452358202543,0.0625264560711102,0.05824396096078095,3400,0.11504831537604328,0.02044117543331826,0.027546652867999028,0.5610108826700495,0.013294602816317298,0.06785544895345748
0.0006976175308227539,0.48670881032943725,0.15233117818832398,0.6865012764930725,0.4041829813208072,0.44541446477174745,0.7859243769296173,0.5613357009785029,0.3192118318472509,0.02303419390693306,0.025027604134880137,0.023849969426767134,0.022611633806988794,248.6910211983145,28008,0.08443256914615628,0.1604002118890821,0.11414985045006401,0.039949544057573984,0.8342638635635373,0.9607298099557764,0.943123290128115,0.8388585661344476,0.012567713037133216,0.013725236038731025,0.011152803343074603,0.012541547527869694,0.07895883254241196,0.08756075877725535,0.05692113913444174,0.08554031492710323,3500,0.11825909558201085,0.020631248391971696,0.024781040458848283,0.5862964221850584,0.012982456525063892,0.08725180227184004
0.028265421390533448,0.46689738273620607,0.14147688388824464,0.6611944270133973,0.4277777747015817,0.42712497264146804,0.7813849405380299,0.5467339006005502,0.3174615827999239,0.02315155504271389,0.025415923467463693,0.024205626625263554,0.02254007645914783,248.69772004192043,28808,0.07921396609395742,0.15906300703010973,0.1104822621813843,0.039561189847580794,0.8249919772148135,0.9632096196298551,0.9389607790781529,0.8439403505160886,0.011527319820597764,0.013051713077551394,0.010579468772689601,0.010658899029106675,0.06374119011685248,0.08942372867532361,0.05217572887504129,0.05369299319010743,3600,0.11581491858531265,0.020764230984525796,0.022483597679111428,0.5624359103349534,0.012129549679752346,0.06400889660685496
0.0007205486297607421,0.47086994409561156,0.16085728883743286,0.6794576001167297,0.4359242216253497,0.44493348374962816,0.7829512705657694,0.5512454204649724,0.3216684819657565,0.023016838803887364,0.02546092271710259,0.024103972566495,0.022032335053144978,248.70223128248065,29608,0.08306273207068446,0.1591155385305434,0.11262172428776301,0.03999197977194511,0.8285178858041761,0.965057951544747,0.934154368124867,0.8529382561154935,0.01114198886789382,0.012019012461364423,0.011004900411918978,0.010358656283680327,0.0761140801385045,0.08551442585318224,0.07473433605214289,0.07357263083960577,3700,0.11713862932057834,0.020399449617793795,0.018204969236973546,0.557659506198749,0.011178849194779163,0.07073597768181233
0.031070365905761718,0.47104085445404054,0.15449057579040526,0.6753772759437561,0.4539706074442547,0.44834615111351017,0.7851756433320173,0.55390159210615,0.3312292904425889,0.022496600598096852,0.02379013393379625,0.023884401795568687,0.021803331709442993,248.71557597497605,30408,0.08524284154176716,0.15959835793476948,0.11316825554036254,0.04345717262954288,0.8413574451208115,0.964942248141179,0.9380542753558412,0.8581730766174119,0.012137586418539294,0.012879826835880848,0.011646420194505977,0.011689714316087653,0.08348417252069339,0.10544697021241067,0.07704664264262355,0.07815038206127399,3800,0.12428094730856495,0.02034222974067493,0.02428486090412689,0.5942340112224075,0.012464859422065865,0.07569372908874737
0.0006463909149169922,0.4591608238220215,0.14691133975982665,0.6557486915588379,0.40794293016858707,0.450569705069065,0.7796080362684322,0.5538927402438178,0.3206905970693301,0.021311144717037683,0.02181027901692775,0.022912093479095407,0.02104587274390224,248.7326889930793,31208,0.08752215426415202,0.16055204466266432,0.11486888091738631,0.042388706036203386,0.8307091540098194,0.9630352806932517,0.935874333323502,0.842846714917509,0.012461781292222442,0.012850062596558954,0.012386576104454877,0.01166687805372077,0.06818539327476174,0.07563439717973185,0.06282095961590717,0.06794355915828133,3900,0.11876094182405394,0.01941640370105411,0.0237499572834292,0.5768629493666635,0.012831335736657764,0.06604719905447498
0.041407604217529294,0.467570858001709,0.15873018741607667,0.6758730673789978,0.3907081469491036,0.4380344012379647,0.7780854105949406,0.5497984942512136,0.3225473815472284,0.022059336677193633,0.023714928949872635,0.023188250000352288,0.021381647836173592,248.74006758591636,32008,0.08337830744683744,0.15986056350744687,0.11229360596605792,0.041690513248269896,0.8262911146879194,0.9638237094267813,0.9393180460479134,0.8487415679136109,0.012283034934662282,0.012378287893266244,0.011806849927748022,0.011686083111893288,0.06985543108778067,0.0733263973230257,0.05974366687659862,0.0778254709211202,4000,0.11709481862986974,0.02003547328456147,0.022743458501858337,0.5628525280370944,0.013238802116091665,0.06873147139870905
0.003060739040374756,0.4350310397148132,0.15334765434265138,0.6402775096893311,0.39567412221546283,0.4227463102340698,0.7733939953028839,0.5507868002534537,0.32045287714929,0.022069417983293524,0.022566385661814625,0.023107926639196755,0.022501413320780414,248.74526868975443,32808,0.08023746531456712,0.16133575699227393,0.11194833001385181,0.04060514630483732,0.812810043692589,0.9574394053953859,0.9410982119475363,0.842592668168398,0.011647749263793234,0.012451810729914019,0.011060650267818682,0.011757077551826981,0.06653183100279421,0.07972140046444157,0.061801076769165665,0.06006084657179164,4100,0.11311207162793237,0.020405881931032748,0.0207055136952879,0.5588891263556683,0.01138380266915578,0.06522845718762377
0.0008301424980163574,0.46221784353256223,0.16161668062210083,0.6734570002555847,0.3910669753531162,0.4671585227549077,0.7910584667781452,0.5563315403862642,0.31755236470637516,0.022341305501759057,0.021337560591967526,0.02402427958217094,0.022863965549076767,248.75139791045208,33608,0.0881106743589044,0.1618526197365811,0.1131125401992065,0.037392681421123335,0.8397847056388853,0.9654238113948879,0.9363058455861535,0.8434363032252057,0.01201585432514548,0.012945561697035349,0.011449081709053231,0.010813237708351471,0.07166316109942272,0.08007784337979988,0.06652737652229221,0.06699687064808696,4200,0.11925013066600947,0.021052601436773944,0.021542724684975225,0.5647957890720687,0.012827146272201315,0.07223252710454835
0.029359500408172607,0.4485050368309021,0.15534555673599243,0.6534391975402832,0.3712046817841994,0.43826126947998995,0.7680427541780233,0.5575194798483716,0.32610591467698863,0.0207229097932577,0.018240400886543082,0.022285317799242425,0.021996977650586447,248.75799489153647,34408,0.08526316441595555,0.16009476284186044,0.11491192139611382,0.043120888311561585,0.8242432630062095,0.9642502976887263,0.9412814709219606,0.8515155235482325,0.012993418122641747,0.014334520077175318,0.01229084194361205,0.0125603931253599,0.059656420738319844,0.07368379910082667,0.052471707659741254,0.05968565391877394,4300,0.11578225064168277,0.020517954064550214,0.023397416496380243,0.564312687707603,0.012763465690605961,0.053356311801199444
0.0007463359832763672,0.47828208208084105,0.15751712560653686,0.6854982924461365,0.400159444120106,0.442531981468201,0.7762112041898807,0.5634486148805185,0.31864754298799913,0.021210745442658673,0.01996832874640092,0.022378128059775713,0.022351111295191888,248.76411720786763,35208,0.08449405658990151,0.16103293754014314,0.11755041127580072,0.03852681567843415,0.8252645534276961,0.9634090457476815,0.9382890986307014,0.8392836071942977,0.011758791920728982,0.012692204658307279,0.011295122120453763,0.01076609845959435,0.07358869491145022,0.07831479196308881,0.05777668622015093,0.07020841810460166,4400,0.11548367335180346,0.02028638708213583,0.02041627016725045,0.5711452738520061,0.012187205843235316,0.08695278346146405
0.03195664882659912,0.45600674152374265,0.1488022303581238,0.653914897441864,0.4423381135504299,0.4547308786213399,0.7888613837105891,0.5592253510441095,0.31402425669335027,0.02211426798254251,0.022859593671524837,0.02224184318135181,0.022450594976544388,248.7716054132964,36008,0.08638749545440073,0.16303931616601494,0.11473523147758986,0.038718041845572156,0.821831639409065,0.9610410454727348,0.9435897395724347,0.8348951098081222,0.011664541652426133,0.012537516635798274,0.011084164224476334,0.011028138595960432,0.08202836887445296,0.09823694699222142,0.06755475595238661,0.08136363160871976,4500,0.11585641589302277,0.020855141268708768,0.01853591550189334,0.528396163231287,0.01195320359502848,0.080790592992726
0.0007102346420288086,0.4635438299179077,0.16894258737564086,0.6813996267318726,0.37779191691255226,0.4379003377258778,0.7763813960141152,0.5487044666280698,0.31971077124277736,0.021124961916357283,0.018979122853044227,0.022275293405032034,0.022741796153168826,248.78098350067566,36808,0.08340534716844558,0.16213187039485705,0.11266502640654695,0.03966338253979174,0.8196644073724747,0.9618521867127252,0.94021468096642,0.8380084122930253,0.011417880100198088,0.0123615533622725,0.010812346706513196,0.010797416266526978,0.06541669602273033,0.07171621329949368,0.06047830099459907,0.06501133829754374,4600,0.1105134929196117,0.0206517929826199,0.018635352059160525,0.5501876507649582,0.01163894774472457,0.06436670182883275
0.029343700408935545,0.4424627685546875,0.17408809900283814,0.6644502210617066,0.37189288002377324,0.42946739509701715,0.7780333439303184,0.5531662897985486,0.3224103985670604,0.021082936991006145,0.01848062585769075,0.022402582048881226,0.02276511464865424,248.78572891404684,37608,0.08084661029279232,0.16224247464244237,0.11454682866406579,0.039074468665826596,0.8125810515880582,0.9630496588395666,0.9382550768513496,0.845209689916305,0.011508087143301966,0.012295054744716746,0.01138452848144731,0.010740436086395997,0.06042691272683438,0.06928290151677291,0.05602495893428887,0.059697029620127844,4700,0.1124200326794722,0.020630716899726172,0.019427516600907812,0.5344864152512462,0.011665957483445396,0.05689430388815279
0.0007109379768371582,0.46574628353118896,0.153313467502594,0.6693631815910339,0.3577728801060059,0.43316834807395943,0.769095058528541,0.5566023687521618,0.3072224035464897,0.02079423217102886,0.01698010079367623,0.02194806749355935,0.022919903425549077,248.79252016127225,38408,0.08360646802932027,0.16253097839068362,0.11442883167238461,0.036331056508792446,0.8148726993799207,0.9583164824865253,0.9432088338193437,0.824239957900274,0.012511093178763987,0.01265306457760135,0.012345810556074706,0.011620468161901636,0.06409464061260224,0.06642131170950322,0.06335080595953128,0.05731199471348968,4800,0.11755233272200535,0.021196335873433506,0.023548253635609813,0.547640514089948,0.013348811949115413,0.06882669381531227
0.031935150623321536,0.4364652705192566,0.17657873153686524,0.6635039806365967,0.4017696769187383,0.4468314760923383,0.7804437673031377,0.552730576404463,0.3290020942840042,0.021216900572180737,0.01854602799178835,0.022072028660025653,0.023125260564669663,248.79983432546882,39208,0.08548483744263649,0.16313978969143125,0.11366865790991987,0.04217572435641625,0.8301171481609344,0.9626836658734357,0.9388160634944793,0.8499959397072695,0.012008585641160608,0.012528081589997722,0.011705383217024003,0.01133275783516238,0.07645481273531923,0.0858500568139448,0.07679888335502418,0.0673583576797831,4900,0.11534283190433467,0.02107246834024482,0.020402053833169335,0.5599777890103198,0.012488673700076737,0.07573768623857477
0.0008228802680969238,0.4427873730659485,0.16089234590530396,0.6521805620193482,0.39472446620651314,0.41903231590986245,0.7642055265026391,0.5554194665345986,0.3120532728573106,0.020603009955957523,0.01759062413309601,0.021608324553512175,0.022827393157368026,248.8078074832526,40008,0.08094441391527653,0.16153700279139488,0.11538252690450743,0.039504902318437056,0.8056162154674531,0.9594043808279884,0.9422945344382949,0.8295939580557202,0.012642333139665427,0.013776793996345028,0.011929289623586043,0.011865532377417743,0.06031412476673721,0.06641421679870606,0.05358367314552021,0.05945001186386857,5000,0.1162136012719849,0.02051501737718105,0.021343073667563724,0.554764243758331,0.012886293145622738,0.06123280320000852
0.0006480574607849121,0.4225396370887756,0.15722325563430786,0.6275747060775757,0.38707637299697023,0.4526167526841162,0.7797358913470045,0.5530375130644664,0.31980269929429256,0.022024142760783422,0.01824717423145842,0.023217595195117048,0.024308562015165687,248.81649588041006,40808,0.08508998274803167,0.1631837779192756,0.11234644613309534,0.03760763733287535,0.8314477592706683,0.963003172487171,0.9380437239120003,0.8363375466949531,0.011332275657914581,0.01183897328236835,0.011111880359176088,0.010601262236892613,0.06965052376181122,0.06723837651664549,0.07271125642053852,0.06307588789443463,5100,0.11379094909183503,0.022014839314790667,0.01946564546114831,0.5390200413936787,0.011933566260606389,0.07661979910437021
0.028674674034118653,0.4307448148727417,0.1520671772956848,0.6298697543144226,0.3621582507454151,0.4440733943879603,0.7724766530641692,0.5553381043236428,0.3163843207178315,0.02022397749125956,0.01639012424729582,0.02131408517044495,0.02280856623114404,248.82731270771328,41608,0.08597455456852908,0.1621028764945703,0.11566782797255158,0.03682270193355478,0.8241351824998855,0.9628603153112457,0.9404765637909491,0.8395767623841442,0.01258611390832812,0.013767630220731571,0.012403746576207443,0.011792866244951154,0.06688765227794648,0.0699435259783414,0.06347498886468939,0.06840343126802857,5200,0.11370495266875427,0.020569763955983082,0.024138256234711213,0.5465574291483246,0.012318198143237804,0.06580035631830368
0.0006976127624511719,0.45642101049423217,0.1662532925605774,0.6697051548957824,0.40077185707252827,0.4317809909582139,0.7714110412190315,0.5475920958687436,0.3222548542147003,0.02106713941320777,0.01727055489605095,0.022480900723325172,0.023593995737803488,248.83216389243984,42408,0.08217025619000203,0.16258074755045626,0.11315759623666177,0.03931031139541011,0.8158235269784933,0.9609431756201697,0.9339708702071852,0.833543787917819,0.011625192346982659,0.012337689521961157,0.011390722311182835,0.01087029484184503,0.06667499197414145,0.07381752362397581,0.06148733214586572,0.06320094310742543,5300,0.11243336882840078,0.020883749139685066,0.020714383700057803,0.5519550966406332,0.01191955604771314,0.06796717605648507
0.030744647979736327,0.4153332734107971,0.17914557456970215,0.6406700587272645,0.37774551877411416,0.4376522201299669,0.7763648787513381,0.5589310438930991,0.32172324888121645,0.02052036656998098,0.015387316804359815,0.02194820418488235,0.023666456332788462,248.84108882290448,43208,0.08286523900926104,0.16312190688525643,0.11580033697187904,0.03668983660575647,0.8198509734869006,0.9632851816713809,0.9383468782901764,0.844319586570447,0.011790064927190551,0.012932623108402671,0.011355862680356951,0.010657596836188951,0.07832416226621715,0.08681089615371697,0.07232406378258023,0.06902534239298601,5400,0.11177537297829984,0.02074832391925159,0.020906159824226056,0.5382108888030048,0.012305178134702133,0.08584776888601478
0.0006540155410766601,0.4660606789588928,0.16317539691925048,0.6788101243972778,0.3696904859073073,0.4518114092946053,0.7838040938917201,0.5607607835772065,0.3187930041886106,0.02126332871615886,0.01814355824432634,0.021524559809929796,0.02471468973030544,248.84970076438103,44008,0.08598074741661553,0.16441701570490644,0.11562422215185983,0.036793106382864725,0.8233217728137966,0.9617451460294006,0.9449923794076898,0.826960530816292,0.011790738841518763,0.012467061727360453,0.011917690553636553,0.010803458002890093,0.06642518855049274,0.07669146430683055,0.06590926261310642,0.05698988358822784,5500,0.11220925491418417,0.02091900330305712,0.019706937356026247,0.5441994356740384,0.011919554066124195,0.06526551147762054
0.030289688110351563,0.46179479598999024,0.16885332584381105,0.6786592125892639,0.3540579186345756,0.44814648151397707,0.7845703349090541,0.5494611850290586,0.31718390380990663,0.0217254301533103,0.017409760115417432,0.022940348052993588,0.0252245885954387,248.85499141464643,44808,0.0851429734379053,0.16432470004432462,0.11265554403265303,0.037097918438828696,0.8156273186206818,0.9614712166098446,0.9340329736170147,0.8211854748103931,0.012337866798043244,0.015231100475200671,0.011294614464853593,0.011087380572343652,0.06934817189117895,0.09377813287853944,0.06006437139773757,0.06133750223797624,5600,0.111637284052882,0.02136596473541488,0.021121785387068118,0.5218819274621852,0.011608572711640178,0.060872071519753025
0.0007876896858215332,0.4311445903778076,0.16827378749847413,0.6475008511543274,0.38218352760351726,0.4349336607754229,0.7726575813101763,0.5585547518085787,0.31692411533810866,0.0201342375576496,0.014651276007406979,0.021369955291015055,0.02410474362021143,248.8615655786858,45608,0.0839708801731466,0.16404906694014465,0.11613425668832417,0.039060811943967266,0.8159386736154555,0.960418357321964,0.9402501470333816,0.8325296044349672,0.01266068673692644,0.01319477828593934,0.012879010851218085,0.011886793946508666,0.0626978265869548,0.07308822348242944,0.062194886899590976,0.0565106056179502,5700,0.10781702011519553,0.020078065234939647,0.022717979120100117,0.5332902940560367,0.012781004259856985,0.05956794634789265
0.028931007385253907,0.4672116470336914,0.1547062635421753,0.6724296283721923,0.3492050104063871,0.44320474147796657,0.7739428266957026,0.5512875825166708,0.31656397415219617,0.021190568637102843,0.015304300130173476,0.02206860305275769,0.02586436435088234,248.8667634314204,46408,0.08271972768008705,0.16366123152312922,0.11349655739963062,0.034790908179755484,0.8238356006145473,0.9616564438117673,0.9393317532539358,0.8249484761705939,0.010993349128402767,0.011760853300454895,0.010749352942220862,0.010590895278959197,0.06309252464096056,0.07131121620774475,0.05138500194938388,0.06779175516292628,5800,0.11568024597145657,0.021279810713653903,0.01713845255675121,0.5509096435047086,0.010885601078862333,0.061452474709062344
0.0007776427268981934,0.44428702354431154,0.1512148380279541,0.6451929688453675,0.3742176244065206,0.4512554016709329,0.7841996075982731,0.554454063481473,0.3208452630181645,0.02148503955453631,0.01749315123863836,0.02250337918249374,0.02540101234822774,248.87272099481214,47208,0.08574989054352046,0.16443344385703032,0.11489567124938702,0.03564887441868003,0.8304239881038669,0.9624899038206349,0.9361810522510654,0.8291123711785593,0.01240199140273035,0.01404202580496104,0.010968462794404875,0.01154717622584728,0.06794589562341567,0.08723749918863169,0.05791264500201457,0.059809031898459,5900,0.11999520387059903,0.02045765522146417,0.024943881163684033,0.5752291608882206,0.01297855797544202,0.06560798414722493
0.030354535579681395,0.46396263360977175,0.15786495923995972,0.6733390307426452,0.328077419001946,0.44663322448730447,0.776854662120645,0.5491229182927413,0.32874514412153794,0.02036285022273659,0.01459719366890374,0.021984764440072198,0.025038751116410123,248.8797876265734,48008,0.08402424259111287,0.1641408076443648,0.11286568464102033,0.038186264883840255,0.8254915475845337,0.9617834947435986,0.9399488359411189,0.8427619952235731,0.01073054237291217,0.0113855917904961,0.010277223298935406,0.010278488436080329,0.06345151277724656,0.07265950674143853,0.05675697516623853,0.06304713412599287,6000,0.11453704518498857,0.019673226459417506,0.016706793504757424,0.5403579274813327,0.011027522436052093,0.061880256694469886
0.0006084108352661133,0.45784706354141236,0.14681703329086304,0.656551628112793,0.3675272112561551,0.4364478354156017,0.7750553778157787,0.5573579885181368,0.3030176374682765,0.020570881869643915,0.014972073496140253,0.0216110957921555,0.02605346866191071,248.88556320355562,48808,0.08332140766084203,0.16420127222171174,0.11532484643508728,0.03233036377472194,0.8083798801898959,0.9616835071490357,0.9405546453950319,0.8033167107857477,0.011843201592564578,0.013003928965190427,0.011422007544921627,0.010490624161865478,0.06174435895634815,0.07309062453098773,0.05952351739861731,0.05021224275261242,6100,0.11185075653681778,0.020281009797780036,0.01981032010769681,0.5421059519614819,0.012280895636100677,0.06280617457528964
0.0007579946517944336,0.4764907479286194,0.14984236240386964,0.6797245502471924,0.365176057079661,0.4522828873991966,0.7754663749517908,0.5588315587411533,0.32619609045130854,0.020651419823989277,0.0164205211475997,0.021432484445617878,0.02575846099085648,248.8905937223547,49608,0.08582888435572383,0.163531618690059,0.11613450460928548,0.03577606720441227,0.8306073874235154,0.962646242989674,0.9416934984161492,0.845266105873244,0.011573996683582664,0.01246407209596348,0.011334780006709093,0.010723645150262336,0.06754219768452459,0.0722055622503979,0.06298216859911604,0.06279199670795926,6200,0.11001780890883543,0.019560180671322046,0.018857560112164953,0.5591310522495173,0.011650586271515252,0.0714279478917328
0.032486062049865726,0.460987811088562,0.14681316137313843,0.6606257700920105,0.3574393629996145,0.4486583423614501,0.7669398448113618,0.5553496677209354,0.3237416498710458,0.020394853921607132,0.014745718645796393,0.02163495382695808,0.026059212066580593,248.90386426139978,50408,0.08690181538462637,0.16304367823463892,0.11491984001123438,0.03511879767575953,0.8307683694362641,0.9622492915705629,0.9391833914845598,0.8338640529874697,0.012952010184526443,0.013821888940061254,0.01198206768672475,0.013326820319064854,0.07409430598840117,0.07809805513123423,0.06418232787309174,0.07988113225703099,6300,0.11784935512186323,0.019541594967937358,0.026926535611357716,0.572038243726357,0.0126619341725618,0.0744468961679137
0.0006767201423645019,0.4713186454772949,0.16106670141220092,0.6842500019073486,0.3346235346863929,0.4451498012244703,0.7669573142832407,0.5479362671974145,0.31550615524301473,0.021496603675186646,0.01444211563862421,0.022758769908681583,0.027803421878062274,248.91404678766273,51208,0.08406977664679288,0.16303140611625186,0.11231805274695579,0.03282989407105757,0.8196396017074585,0.9631267821087549,0.9346121563730645,0.8170365856425599,0.011132101314142344,0.012038325402410881,0.010803544055229118,0.010341687282399824,0.05282536296639593,0.06207619875660346,0.04882820791088183,0.04850748012598496,6400,0.11100411333672987,0.020943714153082653,0.020036430774979238,0.5299959456334343,0.011373191489201918,0.05188788509357698
0.02977935552597046,0.4635790205001831,0.1680047607421875,0.6837282705307007,0.3450153900675946,0.4557694406807423,0.7739480066299441,0.5564273714271042,0.31451078908070484,0.021390631729736927,0.015508802602998919,0.021597598164993115,0.028426184532279408,248.91979821054582,52008,0.08789376724511382,0.1638797406852245,0.11498933195070232,0.0339017149903838,0.8233738642930979,0.9618570452928538,0.9425488727860868,0.8038101379431829,0.012051422116346655,0.012857119101099664,0.011326534155304211,0.011047864879101685,0.06862632405012842,0.07522079679882152,0.060288850755808754,0.06333790895367802,6500,0.11287020650375026,0.02066281192250304,0.021913230738981247,0.533936764512743,0.013104969210881778,0.07752955410435058
0.0008747172355651855,0.45955102682113647,0.14074295043945312,0.6517887282371521,0.3453500408287911,0.43987641185522064,0.7695548903651355,0.551675900449894,0.3206692387928831,0.020396432923153032,0.014515869825987567,0.02156512673687317,0.026826061620502863,248.92889185846786,52808,0.08500876769423485,0.16438538475734438,0.11474707873143584,0.034963106623271796,0.8113781476020817,0.9598110498451603,0.9362721868923728,0.8261488566527495,0.011772368322126562,0.012813243124543173,0.011144720398697062,0.010430130838240322,0.056260681822896,0.06468128890207987,0.05303374012436699,0.050754035868354794,6600,0.11028192474862229,0.019327781946006897,0.02196221493841441,0.5286978762506864,0.012556653966956233,0.0560074171618275
0.029197444915771486,0.4775762271881103,0.1552668857574463,0.6833896994590759,0.3687348744241163,0.43321807086467745,0.7771975196227818,0.5517925727539336,0.31408482563072027,0.021756945271044967,0.015464365506968489,0.022447648485047888,0.028500067590154374,248.9360237536122,53608,0.08245164271444085,0.16436293524093723,0.11338364035607525,0.033823223638012635,0.8092074370384214,0.9620408072042722,0.9379181483617197,0.8085954894269173,0.011990066445432605,0.012722527753640571,0.011398684240143321,0.010940207589209685,0.06876493373885748,0.07257621287905354,0.06815616971401216,0.06417091560034732,6700,0.11182796168457527,0.020384305034700838,0.022571587869535815,0.5396114174023415,0.012919165989727649,0.0702761605978736
0.0006422829627990722,0.44501309871673583,0.1540965986251831,0.6480752849578857,0.33749363821575007,0.4540541078150273,0.7711578997969621,0.5515269262908282,0.3204786228766374,0.02151285029947757,0.015422859534155576,0.021892399489545543,0.028350473739100854,248.94086437172493,54408,0.08613346386700867,0.1646791424602269,0.11414347936486983,0.035291259004888983,0.8289732927083969,0.9576853716373441,0.9376116713066284,0.8156019830590737,0.011111491383053366,0.0122693987400271,0.01062667175016529,0.010357083059776733,0.05464666514657438,0.0626265206048265,0.04819076335801004,0.04930189747133812,6800,0.11084466077477104,0.01964911660291704,0.018496935190604878,0.5449526511042956,0.011326632726129635,0.060498719283166386
0.03055493354797363,0.47739548921585084,0.15605796337127686,0.6870213341712952,0.3264408106422953,0.4298960994184019,0.7724557126823227,0.5502487132325763,0.32010893827366027,0.021489379964768896,0.014440002797269508,0.02216572973217502,0.02891598814012598,248.9453535767069,55208,0.07888612534850835,0.16401628765620677,0.11327919204874586,0.03284017046939988,0.8111147934198378,0.9623790245307114,0.9364699159438408,0.819410013361565,0.010375801674090324,0.011425297476939454,0.01020234691289564,0.009499594542723129,0.05092121857218444,0.06333842626282654,0.046466974890790866,0.046200594438849024,6900,0.11574664332224548,0.019762366218267456,0.015782244361775083,0.5475462928486337,0.010466520593542129,0.048467097884934876
0.000694577693939209,0.4577266526222229,0.151164391040802,0.6620623874664306,0.367208992378857,0.43650762245059027,0.777008148985849,0.5498494048597948,0.29902054743889045,0.020438862442970267,0.013665250972560446,0.021451314576167276,0.028395485515013717,248.95163660149856,56008,0.08317170616239314,0.16344672854237693,0.11330713185841434,0.030386238960692504,0.8063014328479771,0.9654040437349131,0.9401258356356741,0.7908151204769422,0.012372413096018135,0.012888715252665009,0.012598983504903065,0.0110577626989629,0.0675233580182248,0.07608394442226445,0.06414138746343767,0.05534960517625453,7000,0.10577742806796372,0.018960460277246727,0.021590379600096583,0.5296421426857635,0.01288257398656363,0.07338379809201072
0.0006518244743347168,0.4740289163589477,0.15578842163085938,0.6826508641242981,0.3370695970473323,0.4354816597700119,0.773480747956686,0.5506269281957212,0.31627141064023756,0.02090247901156543,0.014343232377263395,0.022144404485276555,0.028444082462435277,248.96094665111778,56808,0.08229485550895341,0.16379970744483835,0.1137655829147595,0.033043269396030146,0.8153466665744783,0.9617645515061416,0.9356289250094716,0.8129342465565119,0.01172504120040685,0.012719143650113302,0.011654828007264828,0.010693468183297378,0.08053003072738654,0.08778893777260965,0.0736493570911811,0.06890239567482112,7100,0.11066294560704995,0.01829139563961695,0.021069410892353205,0.5518954510065777,0.011885550015854032,0.09243947269404348
0.03220400333404541,0.46410982847213744,0.14237554550170897,0.6572349691390991,0.3589829188632262,0.41271443009376546,0.7643711834468624,0.5527344110048357,0.30531347193049657,0.02051813939586282,0.012979777601272374,0.02193606456240572,0.027951679813365143,248.97079805521275,57608,0.07791670398786663,0.16398405647751962,0.11446927714771425,0.03262990578595132,0.79778833925724,0.9590914056382398,0.9365403867009936,0.7959849217323343,0.011621340136043736,0.01246813813817094,0.011199970481453967,0.010563316827903346,0.06361207215581088,0.07225795101310886,0.059252262555138394,0.05620964035636395,7200,0.11485357125448345,0.01866477422871706,0.01948035212221463,0.5560135841369628,0.012247811701945862,0.06711813900619751
0.0007177352905273438,0.45749009370803834,0.16511592149734497,0.6736427307128906,0.3275065802670234,0.4319411864876747,0.7647306842599956,0.5439017914550405,0.31795209951517067,0.021451804023236036,0.013348412343903502,0.022394743564368134,0.029870303338620733,248.98491022934573,58408,0.08132634606212376,0.16326331701826938,0.11079867610909007,0.031902955892700244,0.8119012260437017,0.9596890338601911,0.9368954507957603,0.8115133044196339,0.011709695383906364,0.01398332383643019,0.010339493412926724,0.0102748545840746,0.06555478820344438,0.08184554223668446,0.0543801407406255,0.05535507398634789,7300,0.11034383070774566,0.019342551585764436,0.022515962692574613,0.5340521784929129,0.012534448528328001,0.07286130266431237
0.02797569751739502,0.45513819217681883,0.16342564582824706,0.6666175270080567,0.3211904731767457,0.4351564255356787,0.7732600416287339,0.5512369483546479,0.31806414591395155,0.021279224092140784,0.013549297690705066,0.021429553928230313,0.030585554100947272,248.99236103821596,59208,0.08080396981909871,0.16453346219098205,0.11397761069848886,0.031624031733704525,0.8099512207508085,0.9635791598570224,0.9392107285437034,0.806809026356701,0.010921140071004627,0.01176350783224743,0.01070055572947111,0.010408244839950245,0.05613244793377819,0.06232659566667999,0.053032633105465965,0.05599658862691898,7400,0.10915409585423004,0.018707022284708767,0.018489035786063,0.534445133744454,0.010832021205343913,0.05279470027937575
0.0005770063400268554,0.44069509506225585,0.1571088671684265,0.6463232493400574,0.38401354363369605,0.42602494284510617,0.7727018001675611,0.5543456691936405,0.3115915814550909,0.021254219338297842,0.01473889491753652,0.02147228438303125,0.030310195693519032,248.99719125008863,60008,0.07932905714958907,0.1630879766494036,0.11463502066095448,0.030670785719937664,0.7993832349777221,0.9636357051134105,0.9382292262002743,0.801580769841264,0.01156551071908325,0.012444594125263395,0.011141913857144525,0.011451871581829908,0.07687317165546122,0.08573891193838791,0.07537970827455388,0.06934573119506238,7500,0.10729373736238039,0.018511423302158984,0.01869662377241722,0.5301498105680512,0.011210432849582976,0.0770458900951781
0.029273202419281007,0.46298202991485593,0.16568593740463256,0.6801674962043762,0.3173882528088094,0.4493774746358395,0.7723426786864677,0.5560454820405758,0.31720845856396407,0.020757387159392234,0.014338615529875212,0.021376343277054566,0.029614625223384705,249.001302378903,60808,0.08534334529191251,0.16482342183589943,0.1157202304534192,0.03234644450265642,0.8175573933124541,0.9609758095043471,0.9364719851961676,0.807257568014079,0.011359115648083389,0.011948377784432428,0.011066365710301502,0.010409584333156715,0.057727639909135195,0.06357891803107618,0.055035949601761044,0.05403833483286165,7600,0.10498205038408435,0.017349665353281633,0.018815875272007846,0.5257807258102634,0.012103666235796263,0.05839461357940715
0.0007871675491333008,0.44441359519958495,0.15375160217285155,0.6464479541778565,0.3902344828967978,0.45603039160370856,0.7751928279218113,0.5487955860793594,0.31401022737050177,0.02213051125407222,0.01528222747815297,0.02233393001370132,0.031837433941624874,249.00556467834633,61608,0.08573618020862335,0.1631813214365142,0.11250510398298508,0.029422993769391847,0.8163613206148145,0.9644981612004501,0.9379814091324803,0.7983865055007547,0.011987143587321038,0.012911942348953319,0.010278954100795091,0.011025224285827364,0.0699056149786338,0.07373272109935435,0.05524154292885216,0.07274279881025383,7700,0.11072561366671926,0.019629420880018972,0.02159164413375507,0.5142178190558141,0.013823265578660569,0.07841555971202302
0.03269589900970459,0.4496228814125061,0.16151606321334838,0.65803879737854,0.3624250683703805,0.43603170603513725,0.7780306536044795,0.5470368024771622,0.31790862938900677,0.021482348758727315,0.015027682880679379,0.022055561988331054,0.031144475689823765,249.01456134972932,62408,0.08135551102459433,0.16449856979139704,0.11296018289969016,0.032184488456117204,0.8032401311397556,0.9637037472861807,0.9339343513483587,0.8032029197006031,0.01121362025849521,0.012401765430765006,0.010801975293915073,0.010225088489989839,0.06266883695498104,0.07172104718083391,0.05553527318103156,0.06098683144163749,7800,0.11311131877667989,0.01857937426332419,0.0173267640421498,0.5341866152865861,0.01129869952858817,0.06147860733478841
0.000667724609375,0.4590672326087952,0.14726157188415528,0.6550016713142395,0.3501903662670742,0.43343623012304305,0.7698999494314194,0.5594929441642221,0.31520416818816127,0.02082263579592109,0.013649133976566816,0.021433122738609835,0.030557311511612284,249.01926122584777,63208,0.08087617319077256,0.16405200764823422,0.11721181789978169,0.03281051368714108,0.798614593148232,0.9615207936328193,0.9356762730003741,0.7989455784482907,0.010867515136487779,0.011979084625356616,0.010673910865999659,0.010389769420009373,0.06637908569304272,0.06976906487230178,0.07505829439608358,0.056415142460492194,7900,0.10916400845581894,0.018013548719480417,0.014473380742735844,0.5220806790754129,0.010394707017564954,0.06530167174887491
0.02836104154586792,0.46763866186141967,0.15617156505584717,0.6772039294242859,0.33867367599587134,0.4225081823766231,0.769262631132145,0.5553376975914708,0.2983750427150961,0.021464712163433437,0.013052374632521098,0.02167828845710535,0.03317473592979862,249.0245780848676,64008,0.07943752132356167,0.16386111073120696,0.1148228808306157,0.027512245095825838,0.7870681643486026,0.9608524781886977,0.9381357305075813,0.7676756775437908,0.011993349236436187,0.013444212084222178,0.010681288698991837,0.01108594390155353,0.06678166133584458,0.08173858312857002,0.057353087394680514,0.05726448873865412,8000,0.10669896152130394,0.017972665345079672,0.020433121502702642,0.5160493102184563,0.012636844948107418,0.07006246657977104
0.0006282687187194824,0.44547659873962403,0.15470649242401124,0.651029212474823,0.3869521412534397,0.42453347861766816,0.7695628045045814,0.550236092440447,0.30807405782993447,0.022107027359306797,0.012615102183822868,0.02166023888817085,0.03391611421870629,249.0309646378094,64808,0.07771865904331206,0.16361224675632055,0.11299260211500094,0.028394085342107807,0.7977357268333434,0.9619711472288425,0.9406019305464006,0.7831641047499904,0.010559673840180042,0.011644266910203127,0.010318252328202958,0.009855846724971092,0.06185211771400646,0.07506251426378226,0.056777948781557785,0.06223059096265322,8100,0.11036792888057113,0.018624212832586574,0.017227812378556643,0.5229000956705306,0.010558686641017254,0.054414864763211786
0.0006001973152160644,0.4653014874458313,0.1640665078163147,0.6800100946426392,0.31495146880811964,0.4411492019891739,0.773640117758796,0.5517331074283579,0.31753398022039403,0.020061004739254706,0.012224373678188943,0.0207804974986974,0.031561847470822885,249.03845227692153,65608,0.08362092506140464,0.16474818175747297,0.11478019020322602,0.03138115772051238,0.8127917456626892,0.96281757127671,0.9391236615301383,0.8079576720305485,0.011363023845478888,0.012290490290061342,0.011051524308218494,0.010418290226552326,0.059991585882380564,0.06877576576634524,0.054519441303317276,0.05585656999584919,8200,0.11054097520606375,0.017183390691092152,0.01832723758811727,0.5465979327995806,0.0115534315358081,0.059970125395573004
0.03149887323379517,0.45727264165878295,0.16696667432785034,0.675530014038086,0.3202649771492151,0.4492518092691897,0.7823434149453395,0.5517857606387017,0.3105659822517254,0.020997679904103256,0.013705987199166913,0.02159547456189166,0.03375608859425216,249.04394558647186,66408,0.08497717432677748,0.16513978300291476,0.11338108909040231,0.02910925695880693,0.8070573234558113,0.9644147226023018,0.938965910643189,0.782775128141363,0.011950619318522504,0.012613120179093634,0.01183981530546168,0.010687479479337469,0.05849352677352727,0.06343341664488023,0.05427944217457544,0.053002834141729974,8300,0.10594263189496135,0.01623894676852685,0.020235334207805294,0.519935941084837,0.01254085060447837,0.06256510143001112
0.0006393837928771973,0.44922775745391846,0.14986472606658935,0.6489501547813415,0.3737370608700094,0.4241866427659987,0.7776449010485698,0.5528564382822079,0.3099888785897444,0.021464154291898015,0.013905367276892459,0.021977107814298236,0.033386304824186204,249.05087866701717,67208,0.07912349697202442,0.16479648925639961,0.11436744970388898,0.03085621635303447,0.7943827974796297,0.9617100931979996,0.936030338972043,0.7788600437343116,0.011246211095713075,0.012410019093227607,0.0108779697607343,0.010397422534879297,0.06740633495792278,0.07820334048170548,0.06246642353526572,0.06422152458981147,8400,0.11182837800255839,0.017176350474723462,0.01752774512819345,0.5431963724217246,0.011312348383528712,0.06532656832444314
0.03504620552062988,0.4553105592727661,0.1665253758430481,0.6695177578926086,0.38911845273257084,0.4342634654045106,0.7748475981921689,0.560640890762289,0.31795206658191094,0.020539298253133886,0.01340867145350431,0.0209932519891669,0.03329569940499144,249.0592854015515,68008,0.08217575663700705,0.16475675302307768,0.11687511548636452,0.03272929883206078,0.7988572889566421,0.9608177461275236,0.9386902665965776,0.8012020587921148,0.011854892116971315,0.013642092664703356,0.012391138937639646,0.010761948690032924,0.07451159083750102,0.08473035222964316,0.08054772575469639,0.05902890746691385,8500,0.10175368396002195,0.015606779401558796,0.01685943279502006,0.5194239156190743,0.010650359247919428,0.07321632078653853
0.0006182384490966797,0.4393466329574585,0.15690863370895386,0.6426691317558288,0.34815858714183096,0.4294970530271532,0.7693012982279388,0.5502816436037556,0.30976769946357063,0.02002257401123642,0.013442772384323573,0.02139297721132769,0.030118338818206112,249.0665531769409,68808,0.0816562995687127,0.16405515683876293,0.11360000983803673,0.033560600807949766,0.8046704858541488,0.9615457784998542,0.9382096265269582,0.7983961057789788,0.011153684058226646,0.011869419033506086,0.011060742628389745,0.010400325101998429,0.05899701182148416,0.06720956808383392,0.05204953506858851,0.05368861014536145,8600,0.10286680506724942,0.015070656894286183,0.017078461290985423,0.5225549623662352,0.011312372692605006,0.06425889427990504
0.02938055753707886,0.473107795715332,0.16235997676849365,0.6884649229049683,0.33216754253779646,0.43683414980769164,0.7727217520155554,0.5473193271740062,0.31340549607255175,0.021566911516711116,0.013191302579532308,0.022505185471193193,0.03397039158193215,249.07697039427654,69608,0.08143092919141046,0.1651023089885712,0.11199939762418339,0.030909196358837477,0.810441531538963,0.9604936605546537,0.9336828963176624,0.7900841040154021,0.011520156264305116,0.012640909391750662,0.011052740518809187,0.01109604930003348,0.059071481521241406,0.06386876617808165,0.05636415960820947,0.057163742028567985,8700,0.11083498400153283,0.015425848248000225,0.019946424739133016,0.553362661631319,0.011256265934283657,0.058732246694823076
0.0006411886215209961,0.4591281652450562,0.14320478439331055,0.6516114592552185,0.33843419758273807,0.43553948789834973,0.76810702255794,0.5522549706062081,0.30724180784526745,0.020807538144290465,0.01272537668812133,0.021313683205487446,0.035740890427605095,249.08405165869846,70408,0.08232136458158504,0.16482286311331257,0.11394552981036563,0.026323706812255987,0.8024646359682079,0.960620507456007,0.9387295588018932,0.7829781701931585,0.011513375514186918,0.011720503875542252,0.0114971327094295,0.010783482199678045,0.05941047381144012,0.05936708510409859,0.05118877567152313,0.06179552033778982,8800,0.1062411296565386,0.015497932554844999,0.018986285968145188,0.5346428975109802,0.011951970110837184,0.06507259558542008
0.029897594451904298,0.4602050876617432,0.16340002298355102,0.6732552003860474,0.3129817049096818,0.4393968838453293,0.7704643843197588,0.5553596291853039,0.31248711402883234,0.0208312182035297,0.012848132271504043,0.02149563813627057,0.03473832993528126,249.09006027238033,71208,0.08315100789070126,0.1646717458520785,0.1159189765652021,0.03046458977941887,0.8053844308853155,0.9596758077640345,0.9368573628761918,0.7827399228651496,0.011037448332644997,0.012219434917563268,0.01061004280126181,0.010140887389593201,0.060781814302317785,0.07112719601545818,0.054796137214876736,0.056023012457857124,8900,0.10305460676702152,0.014623445075780608,0.017013984566866428,0.531330015756152,0.01115747106256823,0.06114971079405039
0.0006634473800659179,0.45707597970962527,0.15054049968719482,0.6579152798652649,0.33707429316737963,0.45089147761464116,0.7737703098248002,0.5456628222214548,0.3092882012327514,0.021382640451192845,0.012686932477460519,0.022236509126071877,0.0379313241897358,249.09563622512246,72008,0.08548931252211339,0.1650309700822626,0.11095913927021774,0.029644685401581227,0.8003680765628814,0.9608489397769322,0.9379400880713212,0.7610821270280409,0.0117696889769286,0.012418019667251812,0.011385131967989237,0.01128108154775367,0.0707720620138571,0.07545495036861534,0.06356551640814076,0.06659726464551771,9000,0.10698928094000984,0.01572325875802996,0.01787286235118844,0.5137728697757428,0.011820217495226316,0.07599842853532152
0.0005588769912719726,0.47504065990447997,0.15419894695281983,0.6769071531295776,0.3695639413462148,0.4413684764504434,0.7788208451381945,0.5512857220389633,0.31111121897617094,0.021134138908237215,0.014193931995176294,0.021824888687467937,0.03576993439451199,249.1036332253788,72808,0.08395412314683193,0.1642683323732642,0.11481877721168782,0.03027704129455968,0.7975155520439151,0.9646761300951936,0.9318121491056495,0.7701758303669054,0.011287292130291459,0.012435452748349918,0.01088197058951012,0.0101696761754038,0.06722246724646541,0.08211627910996591,0.06028114047108421,0.06061164336540646,9100,0.10103314969706491,0.015154255799164903,0.017809456003758564,0.5216122897047742,0.01144200395881844,0.06410734668044313
0.030265874862670898,0.4382831859588623,0.17449721574783325,0.6623750472068787,0.3568517627058795,0.4365326929092408,0.7719454234465952,0.5598132799606063,0.30930785676620537,0.020644602747634074,0.01328075216467065,0.02107134224377103,0.03570286061760433,249.110084567561,73608,0.08342402800917625,0.16396103698449818,0.11762804947457872,0.030843218740377622,0.7993103969097131,0.9624209956576427,0.9366973904339049,0.7689740624507714,0.011361089576967059,0.012223443785236054,0.01141423128780212,0.01076428169727991,0.07039372745901343,0.06827026799631625,0.07256343610047752,0.0664175476244125,9200,0.10322695059908761,0.013995786006269967,0.0175088927709916,0.5269096931397631,0.011020312488421008,0.07347471822629079
0.0006982231140136719,0.4595410227775574,0.14686814069747925,0.6568896961212158,0.33504139464183463,0.4317103615403178,0.7754445292732933,0.5461128285775585,0.307240421733549,0.021818368555977945,0.012732150926809729,0.02268696519604416,0.03578826049900684,249.11554489626496,74408,0.0803564985841513,0.16467630103079967,0.11208058703535545,0.030114640168467967,0.7965910023450856,0.9643900141571506,0.927686700907846,0.7617762802932672,0.011220539086498314,0.01185044700119907,0.011050192433079557,0.010501518367021446,0.06120118425227702,0.06488342548842832,0.05856873297307174,0.05935281537438873,9300,0.1052095332216723,0.014568803952572573,0.018782083313053213,0.5331724187253049,0.011552208964592275,0.062120577658241964
0.030462977886199952,0.4561934590339661,0.16458353757858277,0.6723114848136902,0.33066987394885927,0.42818491443991663,0.7686798823814763,0.5497853667760386,0.3049153471563724,0.02112433856353162,0.013143458846481692,0.021672499513405614,0.037896669103189326,249.12358666022078,75208,0.08038210460916155,0.1648318573978602,0.11244609712490018,0.02815595667244511,0.7869473409652707,0.9590071159250596,0.940196525685641,0.7555063611015364,0.01073730046395213,0.011579627769213974,0.01041322300087054,0.00987191681076396,0.059799316311255075,0.06600562935950717,0.056033019579909,0.05183170792805229,9400,0.0974302749448227,0.013423685808138897,0.015788820858842686,0.5075788028397659,0.010993793573810383,0.06437486665815398
0.0007223677635192871,0.4387500238418579,0.16128179788589478,0.6494046640396118,0.3430678470156691,0.4234671191871165,0.7744178500149278,0.5527184410446176,0.3031392350202088,0.022791622020304193,0.01334988908678457,0.02112108037386298,0.03910492445108386,249.13095809662033,76008,0.07788948340341446,0.16535159765364046,0.11280218958098268,0.02753110210788702,0.7950280016660689,0.9602399622346014,0.9453718556365389,0.7479224010711196,0.010740060447715227,0.011470036532545646,0.010396055106622015,0.010357531265556679,0.05543393445201215,0.06475356768478979,0.051023503994748844,0.05458189411158569,9500,0.10377064856134124,0.014257459181178484,0.019309303041585957,0.542484979346855,0.010852161113211179,0.05216638140558003
0.030130484104156495,0.4862895107269287,0.15356575727462768,0.6945381665229797,0.3954997445964329,0.420682801902294,0.7669716962313243,0.550484352252063,0.30786753251944515,0.0224596775509417,0.011922254145545309,0.02246606217094642,0.03790403526599555,249.13911020833999,76808,0.0794632139801979,0.16506329549234466,0.11326422849122215,0.03113951135137585,0.7902816820144659,0.9578316716824546,0.933147369062199,0.7588820892926219,0.012508538044057788,0.012251660753946519,0.011131976085130646,0.013789705460100145,0.07952427909243853,0.07159016278209325,0.06299892326533871,0.09069601604587411,9600,0.1053522772714496,0.01486721280496567,0.022144563322653986,0.5306594908237454,0.012737089323345578,0.09116878300672401
0.0007885909080505371,0.4414917325973511,0.16680500745773316,0.6623955631256103,0.3581612178487667,0.4247291423380372,0.773999882822341,0.5473685973095447,0.2957635562246044,0.02185674691572786,0.01291275071227884,0.021568030154086495,0.03868899679703952,249.14859973387038,77608,0.07813899613916878,0.16421490963152127,0.11151005317158294,0.025906085371389054,0.7860547775030143,0.9638435989618295,0.9407867727414626,0.7470259017621473,0.010250883796252304,0.011185201818737747,0.009923885235967088,0.00993544847976106,0.06270258588716383,0.07005322550700863,0.053112942457445106,0.06084117337983719,9700,0.10308937907505497,0.014697550874328816,0.014541799971574136,0.5036800721516973,0.010030862100673122,0.06755102511781912
0.04984649896621704,0.4649760580062866,0.16650961875915526,0.6838399720191956,0.37406713948818804,0.4350039249658583,0.7678278132721228,0.5494087207648489,0.31094616776940825,0.02121086802333592,0.012101023854618826,0.0217536609619856,0.03748809395007563,249.1567827844793,78408,0.08148959852755067,0.16413012974792068,0.11220400809413861,0.03064442566125698,0.7962964892387384,0.9619399019413523,0.9391721795002618,0.7699788372115335,0.010962625672109426,0.012123635946341825,0.010550647335023521,0.010168270037352753,0.06787922424497082,0.08001922005011389,0.05631653017804235,0.06561316147972229,9800,0.10122593066258595,0.014191184570957534,0.016597403244502706,0.5181755110768987,0.010882614383308009,0.06746729610990362
0.0006868433952331543,0.44038780450820925,0.16478965282440186,0.658036470413208,0.36802874244519795,0.4484690298140049,0.7786533199250698,0.5550840764113188,0.30859307234281125,0.022216629981994623,0.012283315441051783,0.021410747055614476,0.04111963329049427,249.16315577723583,79208,0.0849638442508877,0.1655269574660521,0.1136395683125505,0.0286051954032335,0.7994605797529222,0.9619168217938684,0.9429090770910366,0.744213301803649,0.01181494946591557,0.012964836512065425,0.011200093710355744,0.010548542613720473,0.07746692363172773,0.08068898506462574,0.06663918993347938,0.07328580256513104,9900,0.10360459013972236,0.01452734968775222,0.02097027749449056,0.5119121449608957,0.012550733572933629,0.09056600026025251
0.02883719205856323,0.4623991417884827,0.16724831581115723,0.6822918629646302,0.3272513190743136,0.4245400881767274,0.7690210375354516,0.5524342721477551,0.3067880891263484,0.02183343907818197,0.011645246575581822,0.02244001094570612,0.040353028802201166,249.17127814628196,80008,0.07922423129901295,0.164379525798649,0.11393038378679823,0.029042068019043656,0.7829426443576809,0.9617280304132394,0.9312215705606386,0.7489942637085918,0.01069953449536114,0.011855833340043103,0.010657100445207427,0.00987109275301918,0.057076038508676,0.061462558454941564,0.05368664312390559,0.05228603495750575,10000,0.10249558973744095,0.013469436756448346,0.016609645537840584,0.5188455701431384,0.010435609475526719,0.06043538513428
0.0007386493682861328,0.4268721890449524,0.14668119430541993,0.6280045366287231,0.35049445728464973,0.4264595540612938,0.7781451341122555,0.5524720283924722,0.3131971672638172,0.02160363699309529,0.012138272383076657,0.02151288430530964,0.03841490514538028,249.17766694293067,80808,0.08011081686243418,0.16490008113747925,0.11359021317095773,0.0306589412346924,0.7849834978580472,0.9642390797367204,0.9375337758754712,0.7575774601439844,0.011242150228936227,0.01141833159335926,0.010667898488858907,0.011245987493275976,0.06654279810376468,0.06512281843750485,0.06095355174323011,0.06806465624783621,10100,0.09893934994649427,0.014074982446170623,0.01850994004053063,0.49592062257803377,0.011698790150918428,0.07227029505884273
0.0006403088569641113,0.4618327069282532,0.16181419372558595,0.675285029411316,0.3377429247558391,0.42553438648581504,0.781649734596816,0.5484208055216865,0.30169464719486766,0.021614902811124923,0.012647416901166494,0.021663269277361005,0.040942159939537384,249.18272471576776,81608,0.07888475740328431,0.1646180213714132,0.11260903062242443,0.027646921228936163,0.7864908421039578,0.966206082580041,0.9363901010065371,0.7395777001100433,0.010620376272127042,0.01150940737344932,0.010252153997149587,0.01037865371149491,0.06435690937563779,0.07427172160859473,0.05507197075833878,0.06648447996075145,10200,0.10146092381923706,0.01309368633516303,0.015416035317012087,0.5301827050779514,0.010364029392787178,0.06206128813887712
0.03028665542602539,0.4677803087234497,0.15091423749923705,0.6724913311004639,0.3416177545651541,0.43148492932319643,0.7773973804911924,0.5465078265756692,0.3022808591854207,0.022260442757979032,0.013037689786591528,0.02252598807856601,0.04044564008921842,249.18905970616623,82408,0.08017347907647486,0.16502336401973602,0.11104951686756585,0.02881619816512934,0.7826238274574281,0.9634427990069231,0.9367762329757855,0.7373754129726059,0.01092212855815887,0.011944604046090218,0.010777409714196001,0.009993334540774166,0.06299473633989695,0.06713532964792543,0.05684885067204313,0.060332399983035086,10300,0.10437505497958091,0.014192811743708327,0.01600820563720211,0.5070505210657439,0.010899468057713161,0.06682042370251785
0.0006779503822326661,0.44783644199371336,0.16271846055984496,0.6629916548728942,0.3712969188422641,0.44651866480708136,0.7666808679767935,0.5606965037206046,0.29145742886962156,0.021325760036706904,0.013396312337002999,0.021582594830900984,0.04026179700492988,249.20125641562635,83208,0.08610651805996894,0.16398263392655277,0.11635223331932844,0.026414046372744925,0.8008594036102297,0.961981690909764,0.9378891656031975,0.724684457093971,0.012099127732217307,0.01236012940971207,0.012364617989917925,0.010793017439585375,0.07415430858498447,0.06956588242470921,0.07801718228998096,0.06299670268549933,10400,0.10381850231594097,0.012240889443395027,0.020785474098374813,0.5404411529501278,0.012745089305099105,0.08572157038846258
0.030619986057281494,0.4676181149482727,0.15618036985397338,0.6753633832931518,0.36115726367835493,0.4290795432031156,0.7719823219338244,0.5519560369049621,0.2988514907049889,0.02180768562480808,0.011823282249233852,0.02109757231139555,0.04153414691171167,249.21184168037078,84008,0.08141007192432881,0.16616567444740518,0.11385116155554609,0.02825241824802086,0.7831544864177705,0.9576157130757158,0.9397688092255015,0.7202923471222119,0.011158205810934314,0.011951005110060984,0.011283662383694477,0.01017202130205244,0.06444027848076074,0.07286734592017469,0.06007012191523869,0.05981327228875336,10500,0.09965134204681865,0.01311866990221766,0.018141000252905225,0.5172463135766283,0.011218229967073131,0.06518446612332401
0.0007036089897155762,0.45333773851394654,0.15439303874969482,0.6574579381942749,0.33062219694807726,0.4212578086555005,0.7674176841185836,0.5450724119357029,0.30228120545346526,0.02219867270439862,0.011715195168834668,0.02274913560854745,0.04230838616486244,249.21810157584162,84808,0.07823872726410627,0.1642898506430721,0.11203368271098417,0.027233526279129578,0.7851683992147444,0.9613780139615298,0.9302282523290787,0.7386041328535604,0.010274417414329946,0.011468046394093009,0.010071009386093455,0.009834036458021573,0.05551250127609819,0.06422357033770633,0.053509437013417496,0.05588798328354275,10600,0.09911333473148548,0.011945065992991789,0.015701235894364524,0.5273340754210952,0.009810644197456827,0.049202463475432084
0.02889474868774414,0.4649208211898804,0.16335230112075805,0.6763349866867066,0.3536835260681986,0.4407012756168842,0.7732477514876922,0.5567132128333613,0.31841066322828593,0.020850067166611565,0.012289619281282884,0.02109936904593335,0.03785864968146935,249.22709614003847,85608,0.08385232515633104,0.16542866099909476,0.11549523252028006,0.03190759860812442,0.8024025142192839,0.9611081844053893,0.9380424447633605,0.7805776354513678,0.011296670981682837,0.012494646520992074,0.010656763717566653,0.011131510846806986,0.05839161894284187,0.06922738101371197,0.0550640821435351,0.056340533575827335,10700,0.09889916720124073,0.012732951880579213,0.01768020399595578,0.516024280018008,0.010959611151386339,0.05318252777746941
0.0007229232788085937,0.4571672010421753,0.14607029914855957,0.649879310131073,0.35261164103255743,0.433917720466852,0.7718546644729728,0.5515354997652736,0.31021043889598754,0.022289380431175232,0.011238111477509579,0.02185678946720882,0.041260397572019325,249.23528222686977,86408,0.08010342003777624,0.16442567913555622,0.11251257511383711,0.030964988232781644,0.791643763780594,0.9639638679869034,0.9404261437329378,0.7452775212727724,0.010744814360514277,0.011596840167162475,0.010437350757519668,0.010509218580459494,0.0660019986034604,0.07068956375273867,0.06121400844543566,0.06312317494143514,10800,0.09790841687078546,0.012714120279997588,0.014309018177568515,0.5136363807477449,0.010404171755439366,0.06899964729336235
0.03015388011932373,0.4787413549423218,0.15593397378921509,0.6850067615509033,0.35648294191638813,0.42616086989641183,0.7720744152760882,0.5561979820474914,0.29864675647665584,0.021997497892007223,0.012580664575080652,0.021163776224470066,0.042315609013834576,249.24553436229806,87208,0.08081365738064052,0.16449326662819624,0.11395537334939707,0.02779527614853279,0.7765513730049134,0.9633358321659306,0.9431851753866041,0.7134525821995491,0.010959675568155953,0.01155044818586558,0.010714620401281962,0.010291197946890424,0.05923050398938356,0.0718570717735882,0.05694548033204847,0.05458669611924935,10900,0.09149456743910475,0.012523301671376646,0.019042135353055475,0.4935347079073341,0.011281966649954329,0.0540701692394948
0.0009287524223327636,0.45936869382858275,0.14616048097610473,0.6558113098144531,0.3384037926701987,0.4303914840519428,0.7680063602959575,0.554482402652501,0.29989083768465596,0.02242882530204951,0.012639966607552592,0.021773219620808977,0.04389305195938318,249.25727369145585,88008,0.08087170008569952,0.16514105346108912,0.11408662572503085,0.027013204041390865,0.7802075624465941,0.9600577507113004,0.9379057559370995,0.7235044668882321,0.010617638104595241,0.011371172861347496,0.01044583613751455,0.010096510972541101,0.0589455132558942,0.06264798766176395,0.05987728376407174,0.055324481547069856,11000,0.0942213190258435,0.012194840797674968,0.015291219697066469,0.4980683536222661,0.010533542206308026,0.057797715123189576
0.030118136405944823,0.44389995336532595,0.1825330400466919,0.6747013592720031,0.32717692790453795,0.431940580457449,0.7709487000277626,0.5467930013225195,0.30706965643912537,0.022488719057291738,0.01157851299570169,0.022287911868521134,0.04155176399329389,249.26294136217277,88808,0.08057289611548182,0.16390689149730567,0.11292611548588381,0.0299842413850666,0.7867773991823195,0.9641607508758193,0.9316150574457078,0.7381688734659776,0.010657142736017708,0.012757644146545722,0.009815742807196721,0.009664844920805014,0.06766472961055114,0.08688820721074898,0.049057950057266736,0.06628305730163656,11100,0.09556797037403737,0.01287351183534142,0.015201484251067671,0.4982042624836873,0.01053912770101633,0.0702291760105817
0.0006367158889770508,0.43559311151504515,0.17177304983139038,0.6541303372383118,0.3708069315870744,0.4375324881076812,0.7699251194423608,0.5512640182812186,0.30919341102082254,0.022024129349738367,0.013153263256737135,0.021848882975767255,0.04241340135734886,249.27128220734326,89608,0.08186869822442536,0.1646234619422495,0.11207345085813825,0.029386906273743157,0.7892347612977024,0.9611706059669776,0.9418586928819871,0.7413198444792016,0.010719429440796367,0.011755135238919174,0.010701317205717884,0.00987112611502169,0.062497217976488176,0.0688612127010755,0.058209594713581565,0.0589060666895802,11200,0.10100398571637363,0.012994801799667256,0.014841378977278122,0.51015156796835,0.010426502991286876,0.06316643244885281
0.0007324481010437012,0.45034586429595946,0.1725710940361023,0.6700640869140625,0.3635492040706181,0.4328645029664039,0.7667332425046324,0.5495652086171674,0.2964131677617675,0.023730171313509345,0.013298979502829232,0.022035232174149433,0.0445516498647802,249.2800170641985,90408,0.08036412716843186,0.16471466948440422,0.11231741365326109,0.027331809343744382,0.7853610295057293,0.9588787561625391,0.9364113355401775,0.7114687438384729,0.010807349099777637,0.011874965109412945,0.010442562906736097,0.010296951262666606,0.07409976351074872,0.0683190354739144,0.05797791989033471,0.08117330711643951,11300,0.10105511441297543,0.01234056283541717,0.01585510930255095,0.5181399984437915,0.010636627597764872,0.08959273757321422
0.028784003257751465,0.4383901858329773,0.18698566913604736,0.6741566848754883,0.3397010201333791,0.4281544744968416,0.7768438541889188,0.5448417459079563,0.2996978219341024,0.02192532076500356,0.01116212571039797,0.022323348727869875,0.040574221798832494,249.29314686906227,91208,0.07990681150928138,0.16431063584983358,0.11074618230316234,0.029990363863944873,0.7846887469291688,0.9657167688012123,0.9353382226000438,0.7253360836187264,0.011140221059322355,0.012413103661965581,0.01020445240453441,0.010828243364678677,0.07215960239060225,0.08481108964886522,0.06387695420949545,0.06655204767352704,11400,0.10097504025086379,0.01182787570481499,0.0191545177072,0.5198262936029678,0.011084052578856552,0.07340924228804238
0.0006130552291870118,0.43827521562576294,0.1636478304862976,0.652081401348114,0.3308632818127584,0.4398352970182895,0.7727858219745655,0.5477237339530674,0.30181050584115826,0.022787832822650646,0.012118640187047957,0.022294526684516088,0.041380976780062265,249.3023575847671,92008,0.08211275119334463,0.1640822736249454,0.11178168741872124,0.02913621612783291,0.7885945367813113,0.9634193634065457,0.9329217885221752,0.7268186098178925,0.011209369278512888,0.012357617629431,0.011049443528018133,0.009983013371681487,0.07520579993724823,0.07649399759022932,0.08141564573066269,0.0684281552202208,11500,0.09554705410455054,0.01169520321884873,0.018895758356768284,0.49318213490714796,0.01162348900600309,0.07548627371720054
0.03948604822158813,0.45905547857284545,0.166830153465271,0.6804073071479797,0.33080844754980565,0.4118488085269928,0.7676301295640046,0.5476790125837032,0.2992200236500168,0.02256740691140295,0.01193678808841305,0.02232054384310067,0.04223957067382248,249.30978659926154,92808,0.07632503112778069,0.1648708125932622,0.11236244182764872,0.02663647862035407,0.7678647667169571,0.9591863073937876,0.9342437472540083,0.7328624839417668,0.010293191988021136,0.01127212442701958,0.010199965069012848,0.009503572330360064,0.05671002146322278,0.06221312002273777,0.05571761548749566,0.054152145462654316,11600,0.09446737376503023,0.012669333415628169,0.01646415220691049,0.4876129621657257,0.010311752242236362,0.05540187102873054
0.0006839418411254882,0.43926009893417356,0.16547241687774658,0.6534697103500366,0.33590830415476164,0.4279665184020997,0.7708453422083571,0.5528541194765184,0.2912114522648307,0.022777864066883917,0.010884151044164717,0.021425425584771136,0.0452263958857588,249.3178507578894,93608,0.08095899540930986,0.1656599866555017,0.1129644392352355,0.027769715278101917,0.7731438183784483,0.9602298251554077,0.9422448374723132,0.6975929725844905,0.011747315328102559,0.012260481053232844,0.011352565298837262,0.011333050061333567,0.06304318784503264,0.06860277524181442,0.05619174667609562,0.0665565925235158,11700,0.09454460886604701,0.01207782336769952,0.01867080151497089,0.49336052155986243,0.012047010865158497,0.060067807439445876
0.032505381107330325,0.4646527409553528,0.15487421035766602,0.6709483337402343,0.36121252268814846,0.4267509400844576,0.7734662806568441,0.5626113430616708,0.3047497000159889,0.02307871771045029,0.012579493809622422,0.020878399358170603,0.04698534307111364,249.3248505114776,94408,0.07953349407762288,0.16431865305756785,0.11661745338363855,0.02771562092198892,0.7727911829948426,0.9622259721085054,0.9418421134035642,0.7141375612155554,0.010706423558294771,0.011729662346386865,0.010881038558510867,0.009748191921398258,0.06938196610892193,0.07571041233130925,0.06761510837129621,0.060193095273645615,11800,0.09450401294799073,0.011888053079712257,0.016081099481587962,0.49863682729857334,0.010506751574575913,0.07384934342311084
0.000668177604675293,0.46655298471450807,0.15717115640640258,0.6787571573257446,0.3591138722110534,0.42826449245214465,0.7679275572299958,0.5480737449793976,0.3006292682298471,0.02375526949763298,0.01263422356227162,0.021799695070172317,0.045760000150808146,249.33132160081638,95208,0.07965501068159937,0.1633743904915052,0.11134676437072565,0.027528079699926048,0.7790144181251526,0.9634138431745707,0.9367517702685195,0.7119494136510319,0.01076045900583267,0.011475659385995622,0.010235909716652834,0.010649366861760198,0.06278597571421413,0.06464426965481535,0.052018137139456334,0.07458755857980172,11900,0.09652968797048457,0.012531358023223124,0.01875001429947781,0.49738638244177175,0.01071518141972392,0.05916294969226186
0.03186116933822632,0.4499552845954895,0.15605660676956176,0.6552693557739258,0.3427408126658989,0.42784929469227795,0.770126518276003,0.5476815180940774,0.30712527809066503,0.022010435760021207,0.011646579256083709,0.021971588257056578,0.040208103066874196,249.33732198491904,96008,0.0794331045076251,0.16432888602668572,0.11215057044597194,0.030376478273489892,0.7853919625282286,0.9640182006840752,0.9372992131722526,0.7467512163000368,0.010458550835028292,0.011487104186807023,0.010175094773983134,0.010044221539870583,0.05980676400009541,0.06657991884041087,0.05752942631147915,0.05727177589422585,12000,0.09447619054524384,0.012126352915472783,0.015370637154293492,0.4954510553513168,0.010151868608871892,0.05797523160228611
0.0006411051750183105,0.44572325468063356,0.1522837257385254,0.6497688984870911,0.328730313244303,0.4165904840826989,0.7739944316838911,0.5504330842922895,0.29064830169081685,0.021897447714582085,0.012440228068857997,0.02194305296796253,0.04103509239386767,249.3419479745444,96808,0.07751083578914401,0.16554487284861105,0.11290998783631202,0.02853153139934875,0.7672658127546308,0.960018557937522,0.9359615986163797,0.7080684021115297,0.010045425808057187,0.01112872631730218,0.01026908121286677,0.00914456734899432,0.05775375215103846,0.06566416555525441,0.060364658922816734,0.04449253733619115,12100,0.09650853534424035,0.012411167262511884,0.013169250978416824,0.4989903779916983,0.009723248092327691,0.06073113631695329
0.0007445311546325684,0.4582053017616272,0.16140979766845703,0.6715059423446655,0.3043657011411547,0.4393770423531531,0.7723695843718777,0.5470903325749895,0.3164882055005514,0.021299469582736492,0.011502793064167674,0.021743313390381484,0.04171372352016937,249.34763456634155,97608,0.08283243339508774,0.16465846903102355,0.11211552672392253,0.03039235077244609,0.7835848951339726,0.9625616245491563,0.9376947815929139,0.749031578205727,0.010882143471390014,0.012576678700658456,0.010052734582057727,0.010045337604006404,0.05966110634384674,0.07107464193344804,0.05037643050784437,0.05228089951482173,12200,0.09638309655893666,0.012685033839707278,0.016015430853026463,0.47822620968023966,0.010651987361009509,0.06324554053728706
0.03226032018661499,0.46518457412719727,0.1634201169013977,0.680710186958313,0.4093858123474051,0.4229886376857756,0.7789360260352105,0.5478529854824669,0.2996736560294878,0.022942632297053945,0.011790439796944467,0.02253074938627449,0.04519918681914682,249.35543573410547,98408,0.07807500101625921,0.16608287860185664,0.11117265871480898,0.02732071117845486,0.776548410654068,0.9597764216936555,0.9329083599542312,0.7168039866347807,0.01089139975141734,0.012499640843807133,0.010805267090664102,0.0093168357679092,0.07715451718773693,0.08475696884859833,0.07134283148242451,0.06840811868833006,12300,0.10360707816989902,0.012565846311224408,0.016166221491870605,0.5268791409853463,0.010981332243063312,0.08360203264812098
0.0008458662033081055,0.4558576607704163,0.15145374536514283,0.6616070652008057,0.3406723246641419,0.4387301005423067,0.7707786305409645,0.5470977199705027,0.30712819071573605,0.022452224940061567,0.011922587735683355,0.0218621614658715,0.041516083514613805,249.36137776010673,99208,0.08223969634622331,0.16525026393328496,0.11310988005838897,0.030085131410666006,0.7812445223331453,0.9599460598448633,0.9321963761982162,0.7359961714142951,0.010458693937398489,0.011585747230658089,0.010041773784905677,0.009896112497130006,0.05810617011040452,0.06562214850627338,0.053131065532369036,0.05305991790074608,12400,0.09362968067572414,0.013027410788838166,0.014559321138559967,0.4694350469307821,0.010237627848473893,0.06042455505233644
0.03525125503540039,0.471572961807251,0.151321382522583,0.678642053604126,0.3334054164246782,0.416112480163574,0.7600884340452343,0.552474847603067,0.30142257218040647,0.02222297131083907,0.012008384596085534,0.021502259783620876,0.0439677064710144,249.36641046026566,100008,0.07827822698280217,0.16326472062743122,0.11342939243556194,0.029479936207760488,0.7713251960277557,0.9594370588827666,0.9383841544111199,0.7079260951250939,0.010597982285544278,0.011762702808809576,0.010423615546548904,0.009705285409660034,0.058905756352469314,0.0695618064184621,0.053860982945275894,0.054691583131305656,12500,0.0907182996813658,0.010637158707936028,0.016242051497101777,0.4984203453225215,0.010643519971807654,0.05904997574786344
0.0006462478637695312,0.45216174364089967,0.15430160284042357,0.6556394934654236,0.328538301561767,0.4184917005896569,0.776068314236013,0.5478889257819561,0.29343727704448025,0.022795320218428963,0.011124548476526344,0.02221233923500651,0.0478518443900005,249.37109477464443,100808,0.07793056728318332,0.16401811880082942,0.11169140174906084,0.02513398479156119,0.7579335170984265,0.9662369462712928,0.9345729666412189,0.6942196373517313,0.0113227668730542,0.013446543943698543,0.011378077765502937,0.009719210667147607,0.0725290091428906,0.08495563261173474,0.0727981994638131,0.06260045649833045,12600,0.09302182682705191,0.011985385566103192,0.017133855217517435,0.47336908605965716,0.010753664126704358,0.06972222308289598
0.03254709959030151,0.48087316513061523,0.15389612197875976,0.6841334676742554,0.281379559531923,0.43922287404537214,0.7636394201335813,0.5429574993282259,0.3032228471417178,0.021706019174307582,0.01092079641889731,0.02210673244236648,0.04341065530714237,249.37672538082427,101608,0.08236455570906397,0.16412715277364162,0.11059615893824262,0.02857355362931758,0.7854510110616681,0.9610283138565208,0.9340230648470395,0.7289598957488403,0.010259442976675925,0.011204075581106582,0.010032458800250794,0.009683253902843912,0.05558870900887996,0.06215041730776082,0.04970637362192175,0.054121153681588006,12700,0.09622403066507809,0.011944596452092397,0.013123835268776606,0.4850399147777657,0.009999450581411565,0.055814764294188225
0.0006328392028808594,0.46005543231964113,0.14761351346969603,0.6559433388710022,0.3640915159021614,0.433207165747881,0.7786981823363741,0.5594213990788715,0.30226119615289654,0.022355104610323914,0.01270910373726941,0.021406161165060954,0.0454237982345631,249.3836232062765,102408,0.08150380445644265,0.16510235536213663,0.11561084579872459,0.028233912388547024,0.7795320951938625,0.962277456182213,0.9380219575605888,0.7103433934401491,0.010749200494028633,0.012145027295564822,0.010476797838744363,0.009794303030725945,0.06604498517932372,0.07534022334004765,0.061801387401493706,0.06213111124400577,12800,0.09585482836813451,0.011029295690789606,0.0170383997236779,0.5168249365212257,0.010507559235059262,0.06435072706260943
0.029725391864776612,0.4566301155090332,0.15940694093704225,0.6673901128768921,0.3254574751646744,0.42525093674659753,0.7673074918634745,0.5440786577040154,0.29260191486178455,0.02254262216389181,0.012056968191994696,0.02211777738956434,0.04320543863239793,249.39107493460264,103208,0.07940908875316381,0.1645017314483137,0.11081141113273552,0.027588039993905064,0.780128300189972,0.9603329295036831,0.9359316204183847,0.7042098372213305,0.010604399279691276,0.011470218725484226,0.010511889442881587,0.010113977962323729,0.050783167570189094,0.058475562986916675,0.04666750634640518,0.05009695237517476,12900,0.09832527209555852,0.010803053968639112,0.017468344036566923,0.5248596084550253,0.010329793521005253,0.04739028166308807
0.0005883622169494629,0.45074489831924436,0.15814627170562745,0.6593028378486633,0.2796809893723288,0.4443124681711197,0.7673145432253278,0.550285608077249,0.3051586281212549,0.022038247147575026,0.011108697433623351,0.021565896576317432,0.04335550813093073,249.39726555853872,104008,0.08434663113206621,0.16527893956826656,0.11395029839472608,0.02924558867345608,0.7925863760709759,0.9601281413010193,0.9356045284691971,0.7239706087364726,0.010103797102347023,0.010770754346966126,0.009956302856948197,0.009587336132036788,0.05542259308858771,0.05828829280371606,0.050507116986012075,0.05238883484588573,13000,0.09273089310627868,0.012013663898227408,0.013757319029125954,0.48802070866870356,0.010115046446122185,0.06209822289716707
0.02856448173522949,0.46959677457809446,0.1576164197921753,0.6807738018035888,0.34458014704174966,0.43440717428922654,0.7646678218819165,0.5435282925162653,0.29501476229598694,0.02266378249041736,0.01262181280661777,0.02194015554274722,0.04441599047690781,249.40350092820216,104808,0.08202359773218626,0.16520114347968312,0.11122715140156668,0.02653823455743643,0.7838292330503467,0.9569657763964694,0.9328591405141236,0.7104790095750453,0.010932499994523821,0.011718755863397054,0.010782633367173304,0.010425176459652968,0.0595225307252258,0.06303062904713587,0.05246883045618582,0.061075969807198566,13100,0.09851552079392902,0.012231661029848812,0.016562636866486482,0.5133291672294342,0.01073533243470591,0.06131096932707194
0.0006668972969055176,0.4529746198654175,0.17544788360595703,0.6808274793624878,0.3620216457249497,0.43192822173237794,0.7719330700735255,0.5600434480993837,0.297535813115921,0.02175547522492706,0.011691748134277678,0.021362358844338878,0.043203620652946605,249.41089415741124,105608,0.08253565680235632,0.1650593392550946,0.1162640416856717,0.030856530546911586,0.778697921037674,0.9608900193125011,0.938632442719407,0.7077800947980782,0.011348579679615788,0.012336735361410925,0.01105244776785924,0.011296940537784059,0.06557891031727192,0.06548055870613702,0.058885929868901454,0.0780192885797509,13200,0.09414191002195534,0.010928245696399103,0.016353194648870306,0.4970379140641952,0.010764017030878944,0.06078665730345884
0.0006317305564880371,0.4531037425994873,0.15889341592788697,0.6619555640220642,0.31681452151166417,0.4347945749759672,0.7677413411615018,0.5581232781897595,0.308208430520675,0.02285278556868433,0.01160335239415803,0.02154508931819576,0.04525126478192721,249.4175294311159,106408,0.08147345805540683,0.1659070566225958,0.11635837436380976,0.02801708559814651,0.778678130507469,0.9562200951915206,0.9353288313301882,0.7295980901212732,0.010746283554472028,0.011880462715552313,0.010448414335819726,0.01005750527811422,0.06328082392923538,0.06944539165344994,0.05911075455028545,0.060007451454065906,13300,0.09393033535458652,0.011071913246631005,0.015873321410054014,0.48985738373551696,0.0105581548191724,0.06414145531610663
0.028789968490600587,0.47592868804931643,0.1641408944129944,0.6917769336700439,0.3298784434624621,0.4418605521321296,0.7717512432071901,0.5525825478681698,0.292813824109382,0.022180565707385556,0.01206878805425259,0.021602379980428906,0.044402554982307704,249.42758934735485,107208,0.08324630782008173,0.16495039748648782,0.11369993217834613,0.026029357298994072,0.7835749006271363,0.9619033358715198,0.9376691908371153,0.7048930297971393,0.01082402581814676,0.011580394716778134,0.01076256634849237,0.010020341226801814,0.06998473614919933,0.07949357771280186,0.06523520416557428,0.06050064512260293,13400,0.09352824592249509,0.011852225909217645,0.01429610364040003,0.49059599352643846,0.010838532552836422,0.07387412798422525
0.0006489801406860352,0.4633295226097107,0.14733199834823607,0.6640861701965332,0.3308219798497584,0.4226047009229658,0.7726166692434577,0.5465070547005323,0.2980084088759134,0.022520306538790478,0.010847844900198125,0.02232866591706289,0.04390776865696959,249.43743442927675,108008,0.07848019786179067,0.16574850064866709,0.1112122248504415,0.028103293675860945,0.7692917072772977,0.9599472681681315,0.9330230128831707,0.7162514126628907,0.010574827571399516,0.011701349484022046,0.01028515699231091,0.009825933303837794,0.06346651665051468,0.07182450945416063,0.05743419038724971,0.061925855036419085,13500,0.0888410243182325,0.011228944929597423,0.014763607737144928,0.484674353395874,0.010500955781501594,0.06201234630404984
0.03313257217407226,0.48658976078033445,0.15394530773162843,0.6940071034431458,0.3558519596079883,0.42882803067564956,0.7780393298507337,0.5462281817140485,0.2979382517246104,0.02294954461045562,0.013314125539385123,0.0223176493533314,0.0452542080997657,249.44414328716942,108808,0.07999426600523296,0.1646845089602592,0.111762553668366,0.02677210158047577,0.7726335197687149,0.9644891994858754,0.9339438447585479,0.7129728308090794,0.010530816018581392,0.011674291979010926,0.010281603259500123,0.009683935960324908,0.061589736042078576,0.07156792463886026,0.05443705651738965,0.057511604546258824,13600,0.09037627975456425,0.011350556452525782,0.015426968198735272,0.47406210899353046,0.010489381523802872,0.06317618518834933
0.000607762336730957,0.4473650598526001,0.15828039407730102,0.6565678882598877,0.35226714786809765,0.42843423604965203,0.7672844041477545,0.5513915861145072,0.30542366669894516,0.022729751048609637,0.012269111449785408,0.02211277979776401,0.0455329569703248,249.44963652758213,109608,0.0816089090332389,0.16504672942633317,0.11375501362282202,0.027793318935587924,0.7830932790040964,0.9560941285628047,0.931807711583759,0.7231634793503916,0.012081242981366813,0.01568168768519785,0.010971581646659916,0.010093576260335703,0.06929807065986097,0.09916240491351498,0.0577521194178406,0.05606708134201225,13700,0.09957956500572734,0.011292229506814171,0.021092500645980807,0.5197049034113931,0.011844820647251487,0.0667533568166527
0.03419783592224121,0.4598659372329712,0.16989859342575073,0.6796933770179748,0.3124826417474337,0.4172968973219396,0.7734745071484497,0.5500642862759135,0.2922742030958633,0.02160966985858978,0.011335757213573041,0.021911880533259955,0.04188449070117073,249.45561431619214,110408,0.07722602099180219,0.16560849493894822,0.11218504101822255,0.02710707007620057,0.7614992934465407,0.9593700179686915,0.9372037294663883,0.7123797850229259,0.009865531339310103,0.010789901127991013,0.009608866722862187,0.009336067134264247,0.05863347930833697,0.06564283106380549,0.05670549699938609,0.05013688974805289,13800,0.09229280857943759,0.011659921624558485,0.012726549381198717,0.4713328703541626,0.009748412056817351,0.06193865476628755
0.0007347512245178223,0.4575966382026672,0.14883551836013795,0.6576672577857972,0.3140171960416229,0.43888132870197294,0.7700695876152287,0.5553743900084978,0.2977564681774727,0.021579341385513547,0.011474377719239095,0.021468342638251408,0.043802621143638476,249.4615325298648,111208,0.08409886915236711,0.1650671664333566,0.11487554869025338,0.02847593646033335,0.7746841943264009,0.9593808535606633,0.9367449289681957,0.7065576018479764,0.011259568519890305,0.01230369128226753,0.01137753907467562,0.010053763506076637,0.06698707735631615,0.07241919074499382,0.06381400582399606,0.060539021294701977,13900,0.09530610946769069,0.011550720113169665,0.01798969888213007,0.4768702818287744,0.011149468921087305,0.07032968347064324
0.0329294228553772,0.4683380079269409,0.15261534690856934,0.6749166250228882,0.2872492999272381,0.4179761441051962,0.7755600367928592,0.5448352852972546,0.30264669324009164,0.022546550845727334,0.010368088517430141,0.02225669474772564,0.04491153358961047,249.46701829413254,112008,0.0771097894757986,0.16528046409507385,0.1117314524403433,0.028527586489183448,0.7649186336994167,0.9625394753702393,0.9314371504434729,0.715233582316093,0.009897792488336563,0.010868324811191685,0.009938054961129657,0.009118276591711102,0.05751876935828476,0.06645215253836913,0.05356867802442935,0.05582166670423763,14000,0.0927175606470465,0.011284300518685573,0.013648099309859288,0.4757004230494659,0.009780350870088394,0.05526512748098388
0.0007129025459289551,0.4561764359474182,0.14838531255722046,0.658637387752533,0.31388991789830506,0.42677665993571257,0.7712605367952857,0.550189725863628,0.298225790949412,0.022390895877033468,0.010286811404585393,0.021403138960401212,0.04643798126269458,249.47848525980658,112808,0.0790489224717021,0.1648098741044949,0.11276862460833334,0.026581600710785788,0.778827868700027,0.9620784557045401,0.9381719268285306,0.7001668067233073,0.010275354206096377,0.011556091194214227,0.00979894861602822,0.009188221446554928,0.06478338966844605,0.07853885032189785,0.05656829807573022,0.0545456383842975,14100,0.09609486603178088,0.010629024270456285,0.014881405448541043,0.522153971195221,0.010585263095563279,0.0696513044438324
0.0005929446220397949,0.4653265738487244,0.15367345809936522,0.669032986164093,0.3268849093649289,0.43260163888335257,0.7711023688316341,0.5527047407570606,0.3032137799811987,0.02179172718897461,0.011898902988269323,0.02174387716851528,0.04378207590136871,249.48835816605322,113608,0.08183154324069615,0.1651686693962455,0.11302294207833953,0.029440101178510005,0.7831109666824345,0.9605723934125174,0.9362435295683509,0.7183546800362433,0.010826541362330315,0.011354880842384946,0.011071036585222628,0.00968889291888397,0.05937786579597741,0.0620525725148051,0.057524433059361814,0.049047480342223455,14200,0.0987268496341635,0.010805669362831971,0.017255182743376802,0.5109962263319756,0.011125956385368759,0.06842207530107682
0.03091670274734497,0.4720866584777832,0.16193328619003297,0.6849346208572388,0.3238234433623517,0.4323752889037129,0.774646917686743,0.5462025368914886,0.2960202283968174,0.022786466330289842,0.010656325856461086,0.022365390752241306,0.047600620544425716,249.4950553935592,114408,0.08121138073503967,0.16521090532050406,0.11204343742015306,0.026574190490912204,0.7710830587148666,0.9622401811328587,0.9309490022121697,0.6905739313454792,0.010684710294008252,0.011606785587455122,0.01015144065433347,0.009991343660270663,0.07054990828037265,0.07294991155447189,0.06295477939020916,0.07472973539574347,14300,0.09297927373494862,0.010848311050675621,0.016277452448430735,0.4851938058168458,0.010978437850299564,0.07176211178780373
0.0036363744735717772,0.41783631324768067,0.16041340589523315,0.6354052734375,0.3423602768331744,0.4465598058700562,0.7837316543544255,0.5538301903104028,0.30667354300328864,0.022352524520829316,0.012037249002393044,0.022189236733885037,0.04420390358936148,249.50220626101657,115208,0.08352069668471822,0.16620281433950276,0.11424555120960113,0.029710996489140027,0.7866627413034442,0.9627157501434084,0.9338138478773608,0.7217349167009002,0.01054466365370899,0.011456259577343735,0.010389454305546457,0.009880154325798578,0.06103926358744506,0.07504773395110483,0.0558156005929781,0.05071881665730651,14400,0.09549438036096992,0.010462860643152674,0.014544446234120632,0.5017593182543276,0.010365007637989936,0.061283507479494924
0.03138088703155518,0.47652159214019774,0.15898518800735473,0.6886150789260864,0.29936495293496695,0.4306405921280384,0.7743138169896772,0.5517519032632983,0.30246592454294463,0.02305596427060665,0.011210783382490777,0.02184252465345167,0.04742869259392338,249.50800001595763,116008,0.07959409974515444,0.16563768209754548,0.11446910238749267,0.02639659915794727,0.7715974879264829,0.9594973846910079,0.9319272485939232,0.7101586997791488,0.010104017611593004,0.011172828314025043,0.009816398665409634,0.009329033816913013,0.06106034381780774,0.06763226867783899,0.0571099976077676,0.05885229781225888,14500,0.09307159239492441,0.010537147124860495,0.013410219378996323,0.48940102824099807,0.010081110354323831,0.060229497675684654
0.0005855202674865722,0.461321656703949,0.1457295846939087,0.6584917521476745,0.376036297688779,0.42444562822580345,0.7785778755094948,0.5489020729130445,0.2968043264688796,0.022593433856964117,0.010982149171574817,0.02267980418976518,0.04595559746822688,249.51580196587403,116808,0.07889105062931773,0.1651805661800431,0.11275406773355633,0.027202022477794543,0.7609910890460014,0.9650802879798704,0.9290563323340575,0.694076906419495,0.010568947507999844,0.011808423180042242,0.009898764695358145,0.010144377217709444,0.06578260409645739,0.07367903013463795,0.05828931654424786,0.06791503486015554,14600,0.09133415402853548,0.010767289789411539,0.015101290824215685,0.47769718008916706,0.010353209531825527,0.06242864399671485
0.031331627368927,0.4745225191116333,0.15517504692077635,0.6770609784126281,0.3687346497146035,0.4219118987023828,0.7783554351578161,0.55232815995005,0.29368137925242377,0.021525245429947965,0.011447170865721997,0.02126739039246379,0.04346267762593927,249.52625767499262,117608,0.07908926162868751,0.16513865472127967,0.1131266819065427,0.02691537341767497,0.7722567015886304,0.9628791809082029,0.9398202693521094,0.7124114946151775,0.01071691068354994,0.011669385220253993,0.010519113708195724,0.00997288188470217,0.06466793707455513,0.07117132169635931,0.0612579255257022,0.06480485886883498,14700,0.09190533275195682,0.01108086886684555,0.016114175635578,0.49467624017330425,0.01071752666631285,0.061932225865771046
0.0006439399719238282,0.44524210453033447,0.15592969179153443,0.6518197417259216,0.3548271794527852,0.414458717852831,0.7665485029809925,0.5548510917142977,0.2946764001091897,0.02427713313139974,0.01105605006437708,0.021437216527616054,0.05218772715236541,249.5351629305478,118408,0.07634516724385325,0.16442673812421543,0.11443593043492033,0.023485652114836046,0.7615100574493402,0.9604593498653243,0.9378083276287941,0.6839010692449009,0.010079730893485248,0.01163765500833312,0.00970347372113146,0.009262020470223576,0.0549989431281574,0.06976381867072338,0.046125984127556786,0.05221495083600711,14800,0.0926401354103849,0.010641183992937352,0.015665416790467984,0.4930405751443832,0.009934734738915435,0.053964525200381835
0.030627338886260985,0.47439491033554076,0.15622272491455078,0.680285542011261,0.34011810413230287,0.44641244485974313,0.7726187730267043,0.5527745968666833,0.30448844734881386,0.022770953197032213,0.01078294949580776,0.021760119556157476,0.05076367147770286,249.54320599371954,119208,0.0855129610747098,0.16483462456934064,0.113547743701223,0.030348990977162836,0.7858962315320966,0.9611205140390011,0.9344122777530798,0.6920301991540033,0.012654329626820985,0.01245841213472489,0.012509493868501488,0.012511129697432389,0.08039290057262405,0.07754909291829729,0.0794628382537662,0.08175108791958244,14900,0.0981510491954849,0.010718483439226838,0.018364025371564178,0.5205538946112206,0.013166773876107726,0.08331600605712847
0.0006218147277832031,0.4475615644454956,0.15371416568756102,0.6496266269683838,0.3495004055191816,0.42250621587038034,0.7703571265652067,0.5505157973659168,0.2863725380112346,0.02245768886990845,0.012796279789125996,0.02126055836070624,0.04511533139380982,249.55294361599186,120008,0.08024866633117195,0.16388562222321823,0.11296343259262237,0.028491549283409363,0.7603716373443605,0.9627865882146927,0.9368973762801522,0.671476061527546,0.011692043277435006,0.013242063289951712,0.010602632302037462,0.010932951836506477,0.07690760915167627,0.0838745673364472,0.06540142709724181,0.07611424912465738,15000,0.09153273301746917,0.010345901770051574,0.01837852724722824,0.48861457232166755,0.011820974506383006,0.08058436440906547
0.030908894538879395,0.46125193119049074,0.1561303496360779,0.6677085757255554,0.3322234029499662,0.4252400052547455,0.7732206783672368,0.5559142287720971,0.29376216024016394,0.02272656555287541,0.012190266116983298,0.02084324946427805,0.0470453710362747,249.56364052489002,120808,0.07957909708842636,0.164536469127282,0.11545276442632321,0.027492261457972327,0.7636836725473404,0.963119687715379,0.9374368244951421,0.6842794614137655,0.010338052422739568,0.011276250433102993,0.010156267210542374,0.009664714451123399,0.05599676244426521,0.06090450585856667,0.04952653724809777,0.050376160801410816,15100,0.09429755744834742,0.010209505657400636,0.015423264991327684,0.4875011195739112,0.010258928877210206,0.06277143147399683
0.014988253116607666,0.429206337928772,0.16208033084869386,0.6392628622055053,0.29494065160688165,0.43247466489672665,0.7696148074808579,0.5421192506046004,0.30292153366023505,0.02164527644403279,0.01043571362693218,0.022327415489902094,0.04487526881967097,249.56953643332093,121608,0.08236682265996934,0.16441817581653595,0.11065958188188194,0.028781941016370133,0.7786367624998087,0.9622836978662583,0.9328521300445909,0.7142796162421332,0.011721024666912855,0.013228916503222929,0.009799326800581331,0.011507390979393788,0.06716065959568374,0.07143985858156594,0.05278512733683314,0.07013144460949945,15200,0.08895111147027736,0.009556231133114459,0.019410262807296248,0.4892924504402354,0.012264228402039938,0.07414773114694245
0.0006405997276306152,0.44569064140319825,0.1509023404121399,0.6498936653137207,0.29793583221010894,0.4123959890007972,0.7757602059651935,0.5582312689993972,0.29173265332926296,0.02197502613998949,0.01004391005040988,0.0209677944720913,0.047711929201851695,249.57679641413193,122408,0.07710835495963693,0.16511645203544983,0.11608639415553823,0.027326937028377938,0.7558574157953265,0.9642741131404092,0.9381422406883652,0.6839029150349752,0.010321628595702353,0.011594781807313366,0.010516598913317889,0.009316804785547523,0.059417779345531,0.06703596496116865,0.05780431615459101,0.05427247765877914,15300,0.09732531003784137,0.010612113778499736,0.015421507640143921,0.49737424283048454,0.009972523926354653,0.05884461865890526
0.02987882375717163,0.4824031138420105,0.15316902637481689,0.6897908997535706,0.3239589692419646,0.4099339573085308,0.7711119812021977,0.5459446188372864,0.29274166721850653,0.022726650880649693,0.010858709962728126,0.022400352138599075,0.047788202338851955,249.5843685685374,123208,0.07649552557617423,0.164923656691787,0.11344853625632828,0.02632916159811427,0.7579199343919754,0.960547990055494,0.9286971548572179,0.686241615414619,0.0105473048472777,0.011081339178046072,0.010040596486457302,0.010612667903769748,0.06685654269778747,0.07180566163307994,0.05961265126484252,0.06904491776840584,15400,0.09527313189899861,0.010374290885420533,0.015642653380914997,0.5050263361887882,0.010479219299783038,0.0670034617024604
0.0006590604782104493,0.4660682797431946,0.1450354838371277,0.6625044417381286,0.2801425929642216,0.43925107240676853,0.7617086647794802,0.5525713833771885,0.28130750938867904,0.021941097471863028,0.010335126937626714,0.021618524317514806,0.045522860007790406,249.59177574437865,124008,0.0839004207774996,0.1655370214810738,0.11376600841817255,0.025733756825614434,0.7835821896791457,0.9570355475522003,0.9353937868658259,0.6638355517998721,0.010591011079959562,0.011640165910088955,0.010029130428178948,0.0102459646259936,0.05162310208193958,0.056075145387484746,0.04861945973615669,0.05070104330587081,15500,0.09605255493831434,0.010066051075360578,0.01548200860237597,0.5252988050492959,0.010434335330501207,0.051126327517369105
0.030095949172973632,0.47479894638061526,0.16002386808395386,0.688577163219452,0.3784359026096166,0.42865868881344815,0.7800730054915261,0.5432914313815886,0.29737090947927447,0.024327168259769674,0.013220809167250984,0.022330883052200084,0.04774939384470341,249.59711111221486,124808,0.07867642205208546,0.16501453628090657,0.1109983803260894,0.026082264485667465,0.7676453709602357,0.9614562485854656,0.9310202380021411,0.701976997592438,0.010169558632187537,0.011502136347122993,0.00974430047818238,0.009398729878067258,0.0676636768365279,0.07979161559521214,0.061174723157836584,0.06597289877338997,15600,0.09093907012782514,0.011552938836022342,0.013884805433917785,0.4619508201771595,0.010155871057228996,0.06448813503300965
0.0007057428359985351,0.4535678315162659,0.15101263999938966,0.6555537176132202,0.35857829198236685,0.42571989804506327,0.7726364796309133,0.5482288280233222,0.29658773049638765,0.02253595652990043,0.012127901030195511,0.02289758133817816,0.04253368533854123,249.6142588526313,125608,0.07951933033764362,0.16350077737852473,0.11218201850925512,0.028247715705739612,0.7758987891674045,0.9643493310077907,0.9277352652146449,0.7106114455631803,0.011266738553531472,0.012103289000920413,0.011836178058674972,0.009654125274420522,0.07693200646899642,0.08098988255879545,0.08181645457785754,0.06230408889860866,15700,0.10041157597915665,0.012075250199534869,0.017888325147819486,0.5094373698281764,0.011517294832403846,0.08287490367437583
0.03073848009109497,0.4785206913948059,0.15934326410293578,0.6926748371124267,0.2971290208145147,0.4390437892079353,0.7719104599069669,0.5513740664436702,0.3081734988580243,0.0210192265547812,0.010120124008541023,0.021331110072356673,0.04309012503409295,249.6217495517881,126408,0.08221773162484172,0.16523846528596356,0.11268719510426596,0.02957276089144596,0.785411063432694,0.9608823565973172,0.9398766733981949,0.7267046482256144,0.01043225964065641,0.011425057878821265,0.010111137519950268,0.009641567162136632,0.05867826034780594,0.06669892860291937,0.05301524751213573,0.05629399854754381,15800,0.09347993549480647,0.009811654959568854,0.014565282042857284,0.4992084645236712,0.010463179547551998,0.05774285084775463
0.0006980252265930176,0.45647804737091063,0.15225667238235474,0.655756139755249,0.3281421258981438,0.42530929908156406,0.7747911843014703,0.547739250273318,0.291420049895093,0.022396459151059388,0.010996296524764129,0.021457180984922337,0.04597470020207592,249.6295106182194,127208,0.08001292027533057,0.16671175896829254,0.11141444070113675,0.027535218472003867,0.7712725913524634,0.9578287434928565,0.9384267778009981,0.6860372218883266,0.011215090584009884,0.012360094772542225,0.010866149444435093,0.010473848700540958,0.06627665303647519,0.07206955995848965,0.0595954711322446,0.07105399144567404,15900,0.09586546339805993,0.009837727998406749,0.01784924413990137,0.5154379968667149,0.011155374682784533,0.061459918852764445
0.028961310386657713,0.4739424848556519,0.14832886934280395,0.6720197510719299,0.3082969311856555,0.4403778192400932,0.768165533403748,0.5512619758144428,0.29918375276029124,0.021595087004825472,0.01193710027637809,0.021735400222071034,0.04300128681481709,249.63550305389825,128008,0.08316095070913435,0.16408857478968142,0.11381144862656192,0.02891679806893483,0.787322039604187,0.9624423141618382,0.9350010471059639,0.715514846642812,0.010317581682465963,0.011344448213456461,0.009922569322852641,0.0097314063175064,0.056814622202655284,0.06309898207766619,0.048869132514991746,0.05451791602277403,16000,0.10220394296837708,0.011931010122810089,0.013829564364455942,0.504957216126578,0.010215998798304666,0.06115618204978315
0.0005877590179443359,0.45241326093673706,0.15251339197158814,0.6536826038360596,0.34005891167844887,0.4546308231353762,0.7696993262209799,0.5449972672789708,0.2968126779362079,0.02063701251521707,0.010602566520584401,0.02217810054985332,0.04202204880615075,249.641336733687,128808,0.08683499734848742,0.16454782695212247,0.11104670696544874,0.030515483434071733,0.7976545238494875,0.9619211676272941,0.9353995378695287,0.7114441804988413,0.011109368237666785,0.012150359573833475,0.010681283596318732,0.01093052687143446,0.0621523853717372,0.06746475087835434,0.06118911990037588,0.05688266429589476,16100,0.09393553031342365,0.009586132216666423,0.01411342645330088,0.5081258300372532,0.010400572791695586,0.061742490412933476
0.0006770873069763183,0.4569912171363831,0.1585023045539856,0.6658345174789428,0.3120459118010445,0.42695231437683084,0.773016425953092,0.5456579808520265,0.28744801871403336,0.021648470894433555,0.01030295985194709,0.022045224291523766,0.043796831953593345,249.6468488851425,129608,0.08023671755567194,0.16473566857276928,0.11195700556512866,0.028942016968174323,0.7627148008346554,0.9635081022836589,0.9326032570430212,0.685394508068009,0.010750614604912685,0.01144621263686303,0.010374377348593289,0.010575421718936969,0.0682247095229104,0.07446103107396038,0.06265759039374569,0.06538753788636048,16200,0.09114514916471325,0.011418475323393568,0.012573040943445255,0.46980941089073003,0.010547772268902985,0.06970036126636335
0.030221221446990968,0.43842363834381104,0.18437877416610718,0.672145493030548,0.30275667548275814,0.4272285681962966,0.7661549333788921,0.5578984315224116,0.29742982448858496,0.022099007824435826,0.01251425693072559,0.02077615506772096,0.044269356328512754,249.65103131593463,130408,0.07964192248880857,0.16456522385855213,0.11482217360431975,0.0279698587528488,0.776461623907089,0.9601186649234973,0.9432927775119548,0.7011155152434935,0.010431708027608691,0.011607161689333727,0.010022243526018132,0.00955149621377436,0.05950019789626819,0.06754890825950362,0.04936986830785296,0.0561852184242377,16300,0.09875041598756917,0.010226480550421725,0.014876958700768616,0.5180078821229233,0.01050440968229926,0.06373831277295697
0.0006333303451538086,0.4404014539718628,0.16223203897476196,0.6525231790542603,0.3623125523965764,0.43368444398045525,0.7872170805931086,0.5470116226510575,0.2882372254211655,0.020917335953563442,0.011691818876210982,0.021889416481876225,0.04070704334758621,249.65837763700637,131208,0.08174133285880089,0.16631193208147066,0.11178280961784444,0.027665589352775563,0.7812133550643919,0.9634173472925108,0.9356685410846365,0.7125604397372186,0.010517516597174115,0.011373654057803962,0.010362399081614885,0.009766261634956062,0.06114784165052703,0.06766182398874954,0.0589401808821342,0.05450123350234018,16400,0.0904400802995126,0.009753929692339729,0.01519199771585769,0.48921300578363125,0.010564224607282376,0.06357980236655923
0.03154371023178101,0.45497745275497437,0.16373109579086303,0.6660032558441162,0.2969303063672283,0.43250558242201803,0.7713878733931848,0.5515316493152962,0.2923487598174496,0.022419545212760583,0.011193653824519511,0.021708631641931164,0.04881977267367274,249.664175856687,132008,0.08146938312798739,0.16563722934081873,0.11330310415495856,0.025874489233338935,0.7698060148954393,0.958625350639505,0.9346604109428089,0.6802991067108368,0.010925050945952534,0.012340151129360778,0.01056318619611813,0.009146567429170794,0.06543459387030456,0.0798462261555645,0.0582683507613644,0.05287801805442492,16500,0.099894460490564,0.010229554796227952,0.015984204550069277,0.5022924184799195,0.011450663268020968,0.06891541475112122
0.0006889414787292481,0.44219778060913084,0.15572962760925294,0.6441508102416992,0.30487688903834986,0.4253200626373289,0.7704313320991316,0.5515501527695003,0.29568772415840194,0.021525480654090653,0.01042535918263289,0.021464854964549737,0.04501439969382052,249.6701920944172,132808,0.079328198004514,0.16428803740403597,0.11325277413049957,0.027692430215053906,0.7687974238395685,0.9627291679382326,0.9378726550836893,0.6947362747491973,0.009785048975609244,0.010829686225415804,0.009650760501819228,0.00908684730773587,0.05619280230253935,0.06552273026452629,0.04895612511017389,0.054167944611250116,16600,0.08912977941515973,0.010261142755881318,0.012035643701191714,0.48095480523458345,0.009578797979870947,0.05658244815450608
0.03169588327407837,0.4597244882583618,0.15773602247238158,0.6639460110664368,0.3006295444095952,0.44778326123952844,0.7703451511559192,0.5577564476167453,0.298438960196156,0.021223183255642653,0.01095455164626778,0.021177835529670123,0.04453325678447357,249.67818107051687,133608,0.08540363311767582,0.16452015641036327,0.11620611799698254,0.028110591007249525,0.7853869771957395,0.9624377749524681,0.9350447532008677,0.7044811603270081,0.010909600302111362,0.011728966614936253,0.010344791738544691,0.010813008670352007,0.0699281771009555,0.06684601453089928,0.06152887215983925,0.07542490826576553,16700,0.09089275466723609,0.00959260257482325,0.014958539247543192,0.48939046943965153,0.010646959190995875,0.07728317371631581
0.000582418441772461,0.4375057935714722,0.15898264884948732,0.644672405719757,0.3338209301416472,0.4299010530114174,0.7683645356353834,0.5567466667853294,0.2889749052612766,0.02315720117650926,0.010908737926933889,0.021310024082292028,0.04645621908970614,249.68679821532555,134408,0.07924904670566317,0.16328622756609257,0.11553082413350552,0.025616375598931197,0.7772104227542882,0.9643780512003166,0.9372599429140491,0.6853922004122369,0.010123747298493978,0.011188203675107129,0.010061439577839339,0.009504577393472328,0.06720328484661878,0.0792302753966284,0.055963600352697575,0.0671688667602938,16800,0.09860220960462869,0.010227408479018457,0.014588780355710618,0.5170216242904249,0.009776368165267224,0.06583518460494181
0.029612555503845214,0.4678188967704773,0.15039454221725465,0.6715852618217468,0.29711263968017043,0.42809952616691604,0.7669517974338623,0.5565562319349157,0.2924725922100525,0.021224137414246794,0.010362670508742396,0.02114337715531952,0.04252113002628361,249.69710649992177,135208,0.07939844973385335,0.16482283160999914,0.1150923448784107,0.025200659190347714,0.7784329104423522,0.9600842222921175,0.9386308707974169,0.7108436450362209,0.01000852616503835,0.010908581937352802,0.009574761743847783,0.009509191255481851,0.05435541637241841,0.05957521882537809,0.05159088161202486,0.05412683888183285,16900,0.09226108719714164,0.009570577856487565,0.013907186899525237,0.5102929732738396,0.009969997955247377,0.051402149363779064
0.0006194400787353515,0.4458216452598572,0.176730637550354,0.6705301928520203,0.2940883768417713,0.4363653317093847,0.7702971803692149,0.5461025805892175,0.282919852234469,0.020532766925171024,0.009949539138996998,0.022003111473561533,0.04472060632989085,249.70349083910992,136008,0.08314539059996603,0.164466573171458,0.11193623860274353,0.026427239492432742,0.7716234886646272,0.9626252409422181,0.9319320850007172,0.6808591514277315,0.010541946766898045,0.012292951187294617,0.009932940878259309,0.009484149187094766,0.06736102129332723,0.0860646183795805,0.05743200668586871,0.049831424359849275,17000,0.090830314418145,0.010555476288591043,0.012275436891958553,0.4697205635714412,0.010228682607595846,0.07276202109986406
0.0331983470916748,0.450348801612854,0.15527085542678834,0.6568772411346435,0.3098155889515024,0.43815006136894236,0.7749350992644707,0.5547930753291265,0.3010166577010784,0.022797289667651047,0.010275883366149366,0.021628782901009804,0.04623157405382336,249.71433790381002,136808,0.08053357416763901,0.1647409111261368,0.11430167986287004,0.027543747580153335,0.7792462235689164,0.963974665141687,0.935706134697404,0.7052145752142064,0.00985038795042783,0.010769307104552654,0.009983755925651462,0.009095778739308275,0.06272716110746841,0.06480677885417935,0.054886456349373086,0.06666979369847983,17100,0.09726375362558948,0.011068556203532058,0.01180521757845339,0.49192902075277817,0.009554127772414198,0.06429634918710468
0.0007442545890808106,0.4540080904960632,0.1657983636856079,0.673485872745514,0.32552570914008144,0.4310427771508694,0.7622935205257584,0.5464038216452095,0.28656772345304515,0.024326118016615512,0.011968903390351199,0.02225003928873039,0.05212495109532029,249.72058534662304,137608,0.08071817796677354,0.16459625996098715,0.1121060184679681,0.024788128533400608,0.7685681003332138,0.9585492423015276,0.9323281505857837,0.6639627504348753,0.010031070536933832,0.01130113596087459,0.009681723380085307,0.009254642697051174,0.05862636837642643,0.06530643814000223,0.05344950972221122,0.058150419103912984,17200,0.08908195430210422,0.010146513528129814,0.012637466207430092,0.48310076996036194,0.009878207663701769,0.057766621560364474
0.0006563282012939453,0.42528658866882324,0.16659694910049438,0.6460769295692443,0.38175008119092,0.4275613287091254,0.7668118530540107,0.548195277839093,0.2909556700013825,0.02341103341430425,0.011646946716691723,0.022100441072236843,0.04784482560822321,249.72717396947854,138408,0.07951781637966632,0.1640813905057185,0.11272958821138827,0.026202046959020932,0.7674787104129793,0.9604726515675035,0.9324168988176287,0.6830296089863895,0.010154059664346272,0.011367825460200903,0.009998480190296442,0.009275675014155733,0.060704808156006,0.06974958994324311,0.056956838670413235,0.05686568312558801,17300,0.0903833682595757,0.010815964474878394,0.013520592224055552,0.4907091337164446,0.009936530032035908,0.05860626297023319
0.02836142301559448,0.4842236542701721,0.14397660493850709,0.6832598567008972,0.26715325701778864,0.4227044565975665,0.7669533360656813,0.5422537218985247,0.29120660738404747,0.023837794046849037,0.010580190740043847,0.022360114954018868,0.05139706081256563,249.7311907086478,139208,0.07834091559052464,0.16467758738875987,0.11051271282997566,0.02558476735236756,0.7534157425165172,0.9592879633998391,0.9316762431183052,0.6650202092278766,0.009632488060742612,0.010828712607608813,0.00927623800802321,0.009166701403194174,0.06182894055731593,0.06818598862830084,0.055235296015126945,0.06113958704225676,17400,0.08620565619111657,0.010458632709155914,0.012115735827760807,0.4543809179727194,0.009251814548323306,0.06271374951764415
0.0006561279296875,0.4190728330612183,0.1762113904953003,0.6488851928710937,0.28757140223785443,0.4054236027598382,0.7708394434078633,0.5527597550198297,0.29863755514278356,0.021750915907323365,0.009623082194769058,0.02122851336705628,0.04813651334109677,249.73620697203586,140008,0.07647952316328892,0.16403821011982778,0.11395041731612707,0.02786131106499258,0.7563236868381497,0.9649470865008343,0.9381487884811155,0.6842522928896159,0.011217404711060228,0.011490356199533109,0.010378645354377053,0.011144719478856436,0.06598860063124451,0.070684459974922,0.053076814686026486,0.0742945137393215,17500,0.09804929648447094,0.010183392748654967,0.018819513632047723,0.5008960588503689,0.011842653177031393,0.06791792914539702
0.030622379779815675,0.4650000548362732,0.16078903675079345,0.6772097373008727,0.3176350357647661,0.42842971444129957,0.7762305524336734,0.5549557698327439,0.2910688712046695,0.02282744604628534,0.010075976729578282,0.021052450015274577,0.05014648064493365,249.74130442257217,140808,0.080940054319799,0.16454880969374597,0.1145102484974749,0.02467637891546847,0.7662719964981082,0.965906807577423,0.9375009930411052,0.6734559245598611,0.011428342605940993,0.01135942845541925,0.011036713005498395,0.0110563408320722,0.07266637853812428,0.07618351057610666,0.06357714166691482,0.06871005878186763,17600,0.09251161779852668,0.010214094688002046,0.019555895108420727,0.480616982258744,0.012282128097143158,0.08298746426940792
0.0008024978637695313,0.4481070065498352,0.1534864068031311,0.6544010424613953,0.3333625327491749,0.42968093931674955,0.7742163618194299,0.557823871707057,0.2895857296808034,0.023462222171947347,0.011245422932180634,0.021272548220565048,0.05004029318557256,249.74930018219513,141608,0.08010801903903486,0.1651298046270585,0.11572319007403141,0.025400625363619513,0.7647640854120252,0.9621472748670181,0.9362374533404104,0.675077139418952,0.009798569725826383,0.011210758640292168,0.009514767296931093,0.009035717722085515,0.05380367206118534,0.06850783491663226,0.04738184318301969,0.048687077742141226,17700,0.09070295288429132,0.01095481988129005,0.012231655698509647,0.467874975548577,0.009525536818756269,0.05207231062129574
0.02840975046157837,0.4691435623168945,0.16760130167007448,0.6907536911964417,0.35374493660901235,0.432990182340145,0.7733926420862022,0.5403493793937271,0.30062711788784885,0.022835380183532834,0.0114631023577819,0.022557826293411694,0.044374129668410284,249.75782626436603,142408,0.08101217947900297,0.16499334859727613,0.10961367101607171,0.031207407632886992,0.7735197302699087,0.9616481613631204,0.9288112492922918,0.7157935738563536,0.01113259755074978,0.012086446227675128,0.010467453259462715,0.01161690893183861,0.07207448379835114,0.08261128203858702,0.06543115743488881,0.0728006848344757,17800,0.08903309054549227,0.010609620915808169,0.013585746159663856,0.453666440360454,0.010302641845786779,0.06744991801679137
0.0006033039093017578,0.46129401683807375,0.1439763379096985,0.6595980048179626,0.3368009418404296,0.4264489880204201,0.7810324011025609,0.5523132165653274,0.294194682047295,0.022824061075225437,0.012020311995887411,0.021329997512890678,0.04791132904982298,249.76493663926504,143208,0.08051738312467932,0.16608931400157778,0.11305551951011401,0.02738521150991917,0.7712366849184036,0.9607554841293862,0.9374814119065207,0.6879145580919545,0.011419585314579315,0.012839530767114079,0.010899856296684331,0.010274065796510514,0.06951251080456133,0.08768970265492695,0.06702568043362002,0.05704129280148945,17900,0.09638356065992364,0.009828009667893501,0.019432339547752517,0.5053101023429721,0.011755605306237796,0.06737473085588594
0.03091644287109375,0.4741196179389954,0.15428219556808473,0.6807477974891663,0.3216964283652647,0.41318199917674076,0.7714748771567089,0.5448421588053508,0.2870856427720614,0.021933634569868438,0.010109675345991382,0.021947738719267782,0.045199898434022986,249.77037906935985,144008,0.07642101803794502,0.16566613802784363,0.11106807046702932,0.026517150111569854,0.7549615448713299,0.9603416248371724,0.9346655366980297,0.6800097579439289,0.009659450212493545,0.010996134834069953,0.009444626874993653,0.009031784773478515,0.05905381300486627,0.06835581228431109,0.051443669370052486,0.058837701965655624,18000,0.08956362894113877,0.010183569914506866,0.011885900921033811,0.4752033064715672,0.009259219786761357,0.05795466054177964
0.0006674361228942871,0.46697203159332273,0.16109906435012816,0.6814275765419007,0.32244871723344337,0.4339977648854258,0.7702930048804415,0.5474472192771125,0.2896723236750674,0.020606016451492903,0.010914157026134007,0.02181101457826328,0.04523081099039609,249.77819390834102,144808,0.08205080758780242,0.16379833033430233,0.11191736482547236,0.026966497592375044,0.7739001345634458,0.963246576418387,0.9359967674364877,0.6913063511436365,0.010220872913487255,0.011537934057240462,0.009789210267400629,0.009334337989581217,0.07439428822137413,0.07899193114287736,0.0680339364646867,0.08251868712968756,18100,0.09773080667784052,0.010526930731396345,0.013155822719035795,0.49009480892225754,0.009997547638797488,0.06987924314602173
0.0006768798828125,0.46239635467529294,0.14999158859252928,0.66500648021698,0.2765285728546616,0.4329166655242442,0.7692734119039858,0.5504062280753734,0.2860216273615759,0.021860440867021675,0.010155603099968376,0.02147546662210724,0.051051195829899795,249.78402470109842,145608,0.08238201871514324,0.16559462229051192,0.11362716980239888,0.023716889458915428,0.7693072575330738,0.9604805734901946,0.9342473748434396,0.6666722956630919,0.010806561824865647,0.011606273003242823,0.010981097076705866,0.009745848013295068,0.0559636168368161,0.06089625034346433,0.053132168938999344,0.05569444772683908,18200,0.09034763827232768,0.009271766760983303,0.015097672105043473,0.49936331938771383,0.010711935669798578,0.05355977158975399
0.03357703447341919,0.4463145065307617,0.16669922590255737,0.6656865358352662,0.2765578860517738,0.4183596785366535,0.7694562457913728,0.5412735770510133,0.29215348585338996,0.023782509043812742,0.010510498335486718,0.0226945461832104,0.05147483996276196,249.79143652087092,146408,0.07731753805652263,0.16520489497699942,0.11089577330812742,0.024385913131813618,0.7553541332483289,0.9611557153002104,0.9264762673078407,0.6740227092075819,0.009842662578448645,0.011071226639139602,0.009549246369544122,0.0090970926725402,0.058884313232265416,0.06766115659005452,0.052542560687532436,0.053222248580747214,18300,0.09118617291827706,0.010388247135594693,0.013752768489932602,0.47937074605969426,0.009663478707543752,0.06185089309749321
0.0006513929367065429,0.4516126275062561,0.14809584140777587,0.6506850147247314,0.3152541770595028,0.42747270077466964,0.7673149832009059,0.5394740262627611,0.3007373146573519,0.023083565533161165,0.00990445278159479,0.023134437147527918,0.047108466575949255,249.7978292919898,147208,0.08006715396419169,0.16433720086431736,0.10988634020090098,0.029504302996820053,0.7784427392482761,0.9609764430123534,0.9243861502408977,0.7031094392883451,0.01140407752711325,0.013275378208777628,0.011503569269552831,0.010522601527605811,0.06572408786974848,0.0823609093204141,0.06143621461931612,0.06129007307359965,18400,0.09822494784990944,0.009563893939629595,0.0179264843956661,0.5190432828570168,0.010346359437794748,0.05794101903737379
0.03029731035232544,0.45136592626571653,0.17153605461120605,0.6721192955970764,0.302267800803786,0.4436099798977374,0.7662599722734476,0.5417812098083759,0.3017678997188648,0.02189367533661425,0.010578046336716582,0.022597994029638354,0.04425541178949141,249.80351543099363,148008,0.08367795847356328,0.16401823763356813,0.10953480218138016,0.029995349673160105,0.78536802649498,0.962023701108814,0.9322557239128004,0.7081661602807428,0.010123198162764314,0.011337922569631675,0.009908795853594436,0.009248844949065376,0.05987169056199491,0.06486480693337308,0.05653306706517475,0.05488151246336875,18500,0.09183441740826946,0.010550028800158604,0.013806957195596652,0.4750717935267459,0.009895116553819753,0.06350896023789403
0.0006523728370666504,0.4350435662269592,0.17131815910339354,0.6592829298973083,0.2829562511770081,0.4259314547479152,0.7666883565658745,0.5478412362422732,0.29491321631882433,0.022658321438357228,0.010255643517472027,0.021139247800887304,0.05013108170489859,249.8106172259232,148808,0.079057532120496,0.1631320321282677,0.1119814465306082,0.0260335594083708,0.7554960066080093,0.9647421373877416,0.936223889912031,0.6821645672368533,0.010165753995534032,0.011071690143800756,0.010435377699142894,0.009219955773978024,0.06158429473405699,0.06899732291092009,0.05893874987290957,0.059045193666168075,18600,0.08502690172247074,0.009747581463076629,0.013095140734936424,0.4441756520530963,0.009905719730800193,0.05860380452393673
0.03140371799468994,0.46789151668548584,0.15906475305557252,0.6764074778556823,0.26275766602328954,0.4227690535783768,0.771192023001219,0.5484132484614265,0.28832381507426386,0.023227125108242035,0.009906847272558434,0.02214844765602747,0.04995001710808733,249.81707187302223,149608,0.07843013171106575,0.16574481725692763,0.11280115453291283,0.02499261008838468,0.773004741668701,0.9596004486083983,0.9311591534359936,0.6797088647002801,0.009854409252293412,0.010741060923196776,0.010016629544710649,0.00922036201483681,0.049639751035720124,0.05561439517493313,0.0467466115386415,0.05149134267210673,18700,0.09464589994496259,0.008703924748951049,0.014318445915929403,0.5241116208907891,0.00949868963649257,0.044890118717478604
0.0006963586807250976,0.4493655967712402,0.15183021783828735,0.6553697514533997,0.3225570529788068,0.4176539584994316,0.7661599598005799,0.5411064291178297,0.29139927261084,0.024019564306363463,0.010541336100148664,0.022323156178775998,0.052422038790344835,249.82289018694462,150408,0.07682664807885876,0.1648436942337695,0.10944678938359174,0.024403680848337495,0.764251207113266,0.959090616690551,0.933247424180235,0.669093017728583,0.009810967487283051,0.011332624733291994,0.009482373295824477,0.009002068688080287,0.04966229672310874,0.06169272390321011,0.044912209542032656,0.046569690682464145,18800,0.09403946019229616,0.009486939887156577,0.014605000019211799,0.5089047934749332,0.009524056849318858,0.04616740947741426
0.027464330196380615,0.4649012470245361,0.1539550757408142,0.6719860219955445,0.3784525002130774,0.43196777492761584,0.7712315341935089,0.5593252971325772,0.2931871142644455,0.022922839904204014,0.01185225655240518,0.020646985103883374,0.04674517454235187,249.8326529785901,151208,0.08148800984024998,0.16409298522987556,0.11630181905509229,0.02832461353744517,0.7725260370969774,0.9632574502547189,0.9414108186075002,0.6953469401852207,0.011826593694277108,0.013543448944449733,0.01053541120473701,0.010877385455232237,0.07048927131923849,0.0856331996660652,0.05384017066340802,0.06702833741316258,18900,0.0917710334439068,0.010349734716038114,0.016310864172756977,0.47579472781495835,0.012461953303538904,0.07623253539179825
0.000735931396484375,0.47625614881515504,0.15486854791641236,0.6848941278457642,0.31378461753314163,0.42629672795534124,0.7722648978233331,0.5528788451178406,0.29650370638941137,0.023564507290720946,0.010634615309148407,0.02157736678753851,0.05005598590395885,249.84122543388213,152008,0.0787445887923241,0.16533820990783485,0.11376069617622032,0.026693509837559526,0.7659998202323912,0.9600326195359232,0.9348214341729296,0.6830509711780824,0.00992828661343083,0.011308074147867357,0.009705019411722242,0.00907570784646682,0.06183435403276233,0.0654765248133723,0.06135639054107241,0.057812986317227526,19000,0.0902225564721335,0.009565615570510446,0.012493379726533062,0.48521379701831774,0.009723734397711375,0.06311267709185811
0.029876646995544435,0.45502108335494995,0.1468320107460022,0.6515168142318726,0.2835399050753044,0.43338726416230183,0.7714736050666747,0.5417865408318386,0.289889924146764,0.02194869320839646,0.010290057645030498,0.02263524206545281,0.048352705243506704,249.84759235907626,152808,0.08083776567131282,0.1642836157453658,0.11011976018852117,0.025696916102375733,0.7718192136287689,0.9645940639656972,0.9306020800556457,0.6783250430242616,0.009921675710938868,0.011373047940177865,0.009606899748252207,0.00924708459862188,0.05986559264361858,0.06824760841945668,0.05334750269729723,0.059198467203421,19100,0.09166868081740517,0.01000187801321655,0.011911346157551685,0.4934543492180285,0.009264723948747073,0.05770701903038394
0.0006891751289367676,0.4841194748878479,0.1536296796798706,0.6889195823669434,0.32450849976392926,0.43142875984311096,0.7740055116640254,0.5415347466866172,0.2870075692608954,0.021515481770038602,0.01097005009565348,0.022524689524484595,0.0434461819753051,249.85565725523358,153608,0.08074686292558905,0.16606234309310733,0.10963847404045439,0.027234163011889908,0.7739477306604382,0.9584386670095026,0.9328168614577225,0.6880544742941861,0.010227895095013075,0.011634326657958436,0.009652193718319452,0.009366665598936374,0.06081853350158778,0.07048077744642091,0.054751405990632454,0.054025041472632415,19200,0.09673520996410231,0.009913988886542888,0.013819151802631425,0.5079297453618897,0.010096578882430405,0.06280065120108008
0.0006091928482055664,0.4510465478897095,0.14793701887130736,0.6492599940299988,0.28641302515843403,0.4157066577672958,0.7730581050827386,0.5549654478264834,0.2811191671986899,0.023696569539606572,0.011655393554262384,0.021635261666720994,0.05021034555875088,249.8653473568581,154408,0.07644990105181929,0.16546283670203396,0.11389645880337843,0.025039624371543594,0.7555371206998824,0.9607759446063369,0.9344830998440379,0.6567781464905258,0.010377059811726215,0.011062928620804711,0.011221618427578166,0.010020541626532249,0.06589877723250535,0.07164174532912007,0.06919447525365988,0.06546958187666306,19300,0.09634684177581221,0.009919150318287738,0.01229927910809728,0.5013783207306497,0.009324361370930172,0.05803779378542316
0.03212370872497559,0.47202430248260496,0.1576872181892395,0.6831825590133667,0.3013752634358162,0.43220830187201487,0.769874115784963,0.5534723346481221,0.2876765262899973,0.023156977370381353,0.010924972169740112,0.021302782437109424,0.04990711883463041,249.8712558135155,155208,0.08123502563685182,0.1658421849858932,0.11415181880687725,0.025439197118770362,0.763784815073013,0.9582203332928642,0.9359207141517412,0.6670188563640671,0.010343085508793589,0.011389451522092186,0.010237121007100924,0.009365365252538452,0.06133615329687021,0.06589940484306116,0.05602303237134434,0.05757957408316382,19400,0.0914058869637047,0.010773787758713637,0.013280103032578535,0.4743550768787997,0.010334772945724305,0.06585667164510102
0.0006822180747985839,0.45263397693634033,0.14918861627578736,0.6554055643081665,0.2655127572198401,0.43738809525966643,0.7635311201999067,0.5496951158453773,0.30086149956712727,0.02281296901404857,0.01084324421414563,0.02144088595878425,0.04979340294516419,249.876841861439,156008,0.0815712664648891,0.1637188474242196,0.11286628444383785,0.026341612354838225,0.7868496745824811,0.9617153574405102,0.9369689252318405,0.6962060497034738,0.009925737814046444,0.01100692132256176,0.009803121153083504,0.00906100879708801,0.051108808834105714,0.06063675943262978,0.05048863139775826,0.04574256168032558,19500,0.09504564772833146,0.008983253490149898,0.014225693415840436,0.5233026682374314,0.00977199522897921,0.04685040179112139
0.029025371074676513,0.46718693733215333,0.1552897310256958,0.6723743653297425,0.3315078830062848,0.4321369087696075,0.7787043740009434,0.5475612547175557,0.29986428588311725,0.02228536611888558,0.01166364211609743,0.021342112863089353,0.04847028110414109,249.88375445541286,156808,0.081219989284873,0.1652017940441376,0.11263246615143385,0.030517917890547527,0.7759287959337229,0.9626664997908868,0.9340948617341479,0.6964855419194446,0.010903627169318506,0.011462332366557387,0.010398264068142303,0.011212143308899181,0.06654495030757976,0.07084412172005464,0.06519882720849457,0.06892364310469734,19600,0.09539296479850284,0.009728632313085765,0.013295784050871323,0.5064736752975272,0.010570338795461305,0.06144584333013013
0.0006015658378601074,0.43462992429733277,0.1588014054298401,0.6470812821388244,0.2756546351111109,0.4085771593451501,0.7669680741700259,0.5440684965678618,0.289430927344651,0.023191469134762884,0.010683976417181619,0.02245528075311863,0.049525838815343524,249.8897387596598,157608,0.0751588242314756,0.16469259958977647,0.11127836895840519,0.02481129854469437,0.7425032120943075,0.9601376288466977,0.930741614954812,0.672013620441815,0.009547472447156901,0.010653647370730547,0.0093817651883832,0.008744978947775824,0.05475400784518571,0.06294479530135337,0.04964522538972754,0.05149201748075564,19700,0.08572421954121703,0.009342307389475587,0.012949836883304066,0.4583658121352977,0.00945493643453649,0.054585649569107324
0.035879647731781004,0.473986451625824,0.1558107328414917,0.6877104568481446,0.31310183297154154,0.4313298612833025,0.7690389261359255,0.5585654159175587,0.2945025150275709,0.021946580167859775,0.009948728456427995,0.020825726581994986,0.04837029500766165,249.89763213717814,158408,0.08093301344662905,0.16439595861094344,0.11722202593104007,0.025680708222737034,0.7776276177167895,0.9633211612701418,0.9342688689840608,0.6887890247244334,0.010286160563118764,0.011032942101536757,0.010375022657829875,0.009648074517634947,0.05815466320142152,0.06371165053652875,0.0591684224609127,0.05093471999350352,19800,0.09827299253657232,0.009493131687167311,0.01514806834122928,0.5275521519148875,0.010056844928526692,0.05854488299067675
0.0006646323204040528,0.4770759439468384,0.15072182893753053,0.6815572452545166,0.29984683046783556,0.444450028538704,0.7638300588202576,0.5413033333089612,0.2967084171581388,0.022830177452415227,0.010006022052999297,0.022390630115907646,0.0502874099739312,249.90609673953898,159208,0.0833801315911114,0.1636231042156915,0.10942696068416195,0.025916722590141588,0.7798026919364928,0.9628113528689605,0.9328463563212643,0.6877872396241589,0.010852697053924203,0.01196753882998881,0.010094857779602517,0.01071238045245031,0.06671676784753802,0.07375385322260299,0.05917014105728377,0.06049964843592066,19900,0.09298193254070715,0.009913204393467934,0.01542890904656513,0.4845583366425655,0.010361624454554597,0.07230485677050204
0.0493326997756958,0.4463830518722534,0.1538681697845459,0.6546147561073303,0.34341619032688525,0.41894845753908166,0.7708194566141697,0.552093744575977,0.2862969837509668,0.022097426075488338,0.01134824879904345,0.02165660634636879,0.0468901264600647,249.91508869620208,160008,0.07965116130188105,0.16419399391437317,0.11468946132808924,0.026454266163114557,0.7621261179447174,0.9632519766227486,0.931745632588863,0.6743658188061837,0.010951370450202376,0.012736234206648659,0.01039727163268253,0.010213445033878093,0.059461535299196844,0.07231706001594199,0.05097784107550979,0.05851931429635261,20000,0.09181577716711285,0.009485709503010552,0.017871185563398766,0.4975334010417989,0.010517492018622395,0.056553953049165925
0.0006955027580261231,0.45525580167770385,0.15720878601074217,0.6663495969772338,0.33725636146948773,0.4145024180412291,0.7686548653592914,0.54504241292574,0.284417311680761,0.022668698709458104,0.010139443071294323,0.022145542826940656,0.05132482683860718,249.9266768989972,160808,0.07795737536624077,0.1650504184707165,0.11133619295243101,0.025763307892509368,0.7527994376420976,0.9601245492242917,0.9306497604263074,0.6589378359469954,0.010478178993798791,0.011762695450827403,0.01033769754873476,0.010031485870639062,0.06635665362176953,0.06582092160481941,0.05718051718146423,0.07602932905973964,20100,0.09076784327456124,0.00980773825649189,0.014545991943434682,0.48770478925748495,0.009831890995405846,0.0667475164861558
0.0076384592056274415,0.4207627844810486,0.14097193002700806,0.6139125490188598,0.26012140117810334,0.40610313639044765,0.7734281766287823,0.5414029147182956,0.2963295668710111,0.022459327904507508,0.00980850661723339,0.02208374479387919,0.046459490407344914,249.9341534586022,161608,0.07452884342521428,0.16559392261378322,0.1100239122098082,0.02773995714500372,0.7503745907545099,0.9602462887129883,0.9341333414731401,0.6936096063880031,0.009530686629004779,0.011113356922733337,0.009234822268880328,0.008655331086713906,0.054355843197554335,0.06547794078397465,0.052092193021554094,0.046086666845651596,20200,0.08857276764396389,0.010062858512301896,0.013438677546019627,0.4765825165461189,0.009271888832081134,0.05476610941097962
0.046688435077667234,0.48219475507736204,0.14723698616027833,0.6854489135742188,0.3014889085626477,0.4280267558991907,0.7797484769616071,0.5582615751000585,0.2962543787482456,0.023166398433968418,0.011111704675200326,0.02066451053817494,0.05140518153993747,249.940733397148,162408,0.07988209895789623,0.1661395948900971,0.11551335519222623,0.027114860180956407,0.7691524362564088,0.9618018718175994,0.9390971199158696,0.6764143344683529,0.01018279438838362,0.010892886105143742,0.010721896298676047,0.009580151989865011,0.058917268451768916,0.06848490569785604,0.05968227636923131,0.05595883004343472,20300,0.0914644667934073,0.009693725054189183,0.013118408853188159,0.4987224337488117,0.009531572080761346,0.05214156668822253
0.0014855527877807616,0.4537901735305786,0.14130850553512572,0.6490408992767334,0.30832778472126565,0.4371058580279348,0.7648873450579468,0.5495166670192372,0.2780466507091843,0.021585610676556833,0.012673023912443397,0.021830486209893737,0.04714744388942886,249.95313891521982,163208,0.08341426432132722,0.1635913674340203,0.11301987980577087,0.02377064161265462,0.7703226441144946,0.9607126199536855,0.9337352907115765,0.6631867677156187,0.010127721899189049,0.011259883017003272,0.009931831080889823,0.009339523430273755,0.05848665363155305,0.06573484834343955,0.05463575243695894,0.05483526829058774,20400,0.09081467205834622,0.01016604473619763,0.013217352572782191,0.4737461938786864,0.009764664829592802,0.05787353928140667
0.028494224548339844,0.4555346369743347,0.1718537664413452,0.6761282539367676,0.25602616202786666,0.42955797851085653,0.767409625065386,0.5452344578704188,0.29770658840194786,0.023373647648841145,0.010313489425216038,0.02165766921714308,0.05007842555181075,249.9589294490316,164008,0.0796502785012126,0.16438108854856934,0.11038734667609174,0.02696407669786328,0.761593617796898,0.9619107956263292,0.9384305420104396,0.6798283009245837,0.009856182062067087,0.010889698231789332,0.009503017979535906,0.009312008763432947,0.05828371969982981,0.06433383248577912,0.054727715845598636,0.0587541581694,20500,0.08863755623368837,0.010548625491853607,0.013108878467526099,0.4441965300785866,0.009740732492584931,0.055358476490762636
0.0006804633140563965,0.43829774141311645,0.16493427276611328,0.6519754600524902,0.27836916423461483,0.4227101539075376,0.7688380878256712,0.5490441941507334,0.29552593890895806,0.02371532280929386,0.010635073713037058,0.021989129186016792,0.05075908660064988,249.96721100399236,164808,0.07972006998956208,0.1648837740168624,0.11361203179375766,0.02741025366829753,0.7569549447298051,0.9608998340757,0.9271358540069017,0.6742128160730683,0.010596275511197751,0.011111219775478322,0.010428186308286366,0.010241068017449067,0.06542085259221496,0.06878644646570573,0.05754636334399922,0.06586463658148468,20600,0.08914936539914567,0.010599631698557516,0.01566548649847244,0.46236001150776607,0.010660659764056106,0.07055686703045862
0.030693583488464356,0.47373845100402834,0.15597803354263307,0.6803529262542725,0.23886541248188398,0.4361418771743775,0.7637004410449545,0.5542663330381571,0.287340541154587,0.022788823447190232,0.009781704990851204,0.021236471099440362,0.04883295197608727,249.97310482202596,165608,0.0819692070782184,0.16412111004786725,0.11432590406726705,0.025205737486793636,0.7714350640773776,0.9612257382762968,0.9355248789895662,0.6677628503057176,0.009971300968900325,0.010908396265918937,0.009778476042926993,0.009137088132407425,0.0565797570673749,0.06102044620917209,0.052747633879665565,0.053357064556513976,20700,0.08602835980921307,0.009544449977428572,0.013173630778593081,0.46914969079873786,0.010104315371294928,0.060015525041804206
0.0006011247634887696,0.47582377910614015,0.15213515043258666,0.6762200927734375,0.31385270847456537,0.41570888891816155,0.7626754715237567,0.5507271920094651,0.2801678149650493,0.023672204110771426,0.010291235854408588,0.021330929240969364,0.0519771050141357,249.97940616177024,166408,0.07724445035681125,0.1655655528909417,0.11366933159993593,0.023619022610706874,0.7502609455585484,0.9560033441871721,0.9359588403450818,0.6413623868834742,0.009413668499328197,0.01060518341749827,0.009174166559174877,0.009016243464715192,0.05203202532604338,0.05495072534227723,0.050268530640662015,0.05216189474780478,20800,0.09180725741186244,0.009761690109995974,0.0120656548371418,0.4773074916346155,0.0089634637121315,0.05103301450109751
0.030784409046173095,0.439332070350647,0.15649011611938476,0.6457007122039795,0.26388170455609955,0.4332510033249857,0.7701692128410702,0.5454257385647704,0.30406716840429426,0.021837033014744503,0.01004264860127408,0.021713782268673626,0.04735832476100996,249.98568370778875,167208,0.08094016477465628,0.16512979961072033,0.1111382277710225,0.02856021554877307,0.773844316005707,0.9593569730909969,0.9359772057082519,0.7048369989345206,0.010128307379782202,0.011558701693922138,0.009227512351037994,0.009267577842970184,0.06764207722619173,0.07376210108094915,0.05594425388514552,0.06382163941704161,20900,0.09349101267755026,0.009854225996532478,0.01305674314149654,0.4838695725798607,0.010367993004620069,0.07668208298273389
0.0007367467880249023,0.44745559215545655,0.16451931715011597,0.661867265701294,0.24734559676333623,0.4222770799696447,0.7648978892457553,0.5553402563311023,0.2913529781282556,0.02235303901135921,0.009929501632642406,0.021613475673322415,0.04911752122606399,249.99311566258882,168008,0.07931539196521037,0.16376737698360727,0.11626920423839447,0.026089297833244252,0.7626486942172053,0.9624452745472944,0.9297541349001662,0.6692151503295317,0.009830386035609994,0.01112518312715035,0.00946848606800591,0.008988324531392032,0.05805767732439562,0.06538594180900388,0.05311366331759171,0.05615231696853641,21000,0.09073222911196392,0.008850564031513047,0.013486234020450946,0.49232880264667456,0.00981585498958862,0.0582376754110945
0.032567665576934815,0.4309846019744873,0.1663059663772583,0.64748291015625,0.2698713451433095,0.42979090824723265,0.7672884278964504,0.5518436539008322,0.28463019223874864,0.02268265385180711,0.009645073332008286,0.021760653137886034,0.04694582980446978,250.0011584459071,168808,0.07994133453816181,0.16437023129179054,0.11291018191913854,0.024959441572962468,0.7686809986829758,0.9612492971469688,0.9353102758732804,0.673149935651624,0.009807841726578769,0.01100505866023466,0.009715978802967179,0.009010833636835287,0.056214969921857115,0.06778597999171114,0.04946336281069548,0.053285173064712664,21100,0.0912059500340104,0.00967339033811503,0.013876132246425876,0.47388407077578537,0.009561687455775009,0.05535431435712464
0.0006536746025085449,0.4524380302429199,0.16765671491622924,0.6704446911811829,0.27396475440725,0.44294650286436077,0.7696481431829988,0.556852695566636,0.2883589444252162,0.022053027413785446,0.009911457337085955,0.020722123979659824,0.048191477205508815,250.0073416581146,169608,0.08365606129169462,0.1645296321943473,0.11586485261580456,0.026126686117062592,0.7756834101676936,0.962955811294898,0.9377411507346013,0.6707609919401322,0.009996902337297794,0.011222227202878458,0.010091732329413017,0.009144075565899787,0.05220400701859034,0.06123245045182991,0.04885429038970164,0.04940044214256491,21200,0.08680488091757467,0.009425773142753276,0.011728006879422354,0.47198073817103114,0.009363612424310176,0.04863789678404755
0.0007291507720947266,0.46194183826446533,0.15480254650115965,0.6674929618835449,0.25859842105518216,0.42512402012944234,0.7640739273206858,0.5421538012368333,0.2883741280010769,0.022430163780227306,0.009608488832942803,0.022408502999072273,0.052826608451349386,250.0151947934103,170408,0.08002260223962358,0.1645717534656617,0.11110218912363048,0.0242685709667525,0.7618637937307361,0.9609313466969661,0.9281840307371954,0.6551187797955104,0.010055681499652566,0.011410203479303443,0.010061657998622173,0.008900906169520956,0.05407633181894199,0.059276220549637534,0.05177651472345348,0.05068663412572019,21300,0.09436191231789186,0.009637711680013135,0.01358760390165857,0.49240097926126286,0.009697900144868835,0.054149229379626775
0.034328646659851074,0.49111859321594237,0.1485969614982605,0.6899892520904541,0.29986822671143243,0.44099899515509566,0.7753740156301151,0.5506291995688192,0.2927066583365677,0.02247088508680461,0.010615668796037208,0.021952279961508954,0.049424937657294776,250.0267385906439,171208,0.08276157870888709,0.16549658026838102,0.11270414667158586,0.024777185029903025,0.7671978807449338,0.9606950170433463,0.9338568635103179,0.6819489320969194,0.010287389624863858,0.011209073386365362,0.010125448536582107,0.009351974908501547,0.07046422708779577,0.0789446121313468,0.06290308752710502,0.06686141022187188,21400,0.08862777370276873,0.010106947778904547,0.013396971705442786,0.4519496354133048,0.010329877053197298,0.07247216849836535
0.0007071709632873536,0.44412296772003174,0.14856574296951294,0.6445119071006775,0.25387101229789466,0.42848945781588565,0.7751112076640131,0.5419824446829573,0.28788973529314243,0.02288347983732821,0.010329006600659345,0.022538045522761254,0.04923000271172869,250.0350846711797,172008,0.07970276676118374,0.16535905510187152,0.11054583038622734,0.025363552433284985,0.7625334936380385,0.9631551322340963,0.9283502505853841,0.6672215768971388,0.009852207503281533,0.011066281972453004,0.009578689562059694,0.009327135188024995,0.055062312278896554,0.059877305370755494,0.051967725837470835,0.0551593270796092,21500,0.09005343803228467,0.009922227621651602,0.012536939837707158,0.47216862990305974,0.009425342995195818,0.0533758417631571
0.03243901014328003,0.45773920774459836,0.16315885305404662,0.672007999420166,0.35214838641573704,0.43364720255136496,0.7733922826832734,0.5534019511119996,0.2931539149546041,0.02317287889309228,0.010068310927049132,0.021370187981565494,0.04998963552913285,250.04227612663928,172808,0.08081546366214758,0.16460638423564974,0.11381343680926981,0.026525006858949977,0.7656987285614014,0.9636101572971626,0.9377995133399958,0.6769300914392237,0.010274081956595179,0.010978432101532461,0.010478326263289692,0.009761724366647444,0.06143271467648444,0.06662622229953108,0.054883883599484096,0.06139510783207854,21600,0.09004563527142118,0.010037459007048223,0.013732486475070822,0.4620444299058713,0.009850594658464034,0.06297201731123345
0.0006993246078491211,0.47099730253219607,0.15743266105651854,0.6774860382080078,0.2818560357192601,0.43972299739718423,0.7758188281579043,0.5437031490422201,0.28422039679161787,0.02388203899376095,0.0105037784084713,0.022148290041291905,0.053622995068314395,250.05671931546175,173608,0.08200692359358072,0.16474656831314213,0.11044179870279186,0.02392731103715181,0.770937139987946,0.9625493759792562,0.9330892730766618,0.6448230347052444,0.01041523528052494,0.011800126790541333,0.009643634901482599,0.009759479319336378,0.06474097380414608,0.07959661652197197,0.05379235163820741,0.06049690435304861,21700,0.09095215573698784,0.008983341317530197,0.014559941352006852,0.4909141952765056,0.01042262464631662,0.06492866983626813
0.029796886444091796,0.4397333312034607,0.1677207374572754,0.6577882838249206,0.2512833568787813,0.42729152917861934,0.7752712331712247,0.5555650313158293,0.29555895653974956,0.023099335534498097,0.010171894451979404,0.020929374485402486,0.05303556452602594,250.06355532068423,174408,0.07960057534277437,0.16508325296812348,0.11511677664679448,0.02581461863499598,0.7570145601034165,0.9612753471502888,0.9353458932928139,0.6697029266784439,0.01041694956133142,0.011420016998622138,0.01001585665712687,0.009623650972272697,0.06739806971047069,0.07201019638943341,0.05722207537525007,0.0680035973519124,21800,0.08927148559754616,0.008891415171940056,0.01387282427472686,0.4758111290561341,0.01053839216677888,0.07128897042339215
0.0006513166427612305,0.4558225417137146,0.17259917497634888,0.6743932914733887,0.2879709195932665,0.4263146848976612,0.7671423738275596,0.5516587643325326,0.3048457055887643,0.021316349799744786,0.010051590110759115,0.021051947418600312,0.04786678260697568,250.07012041497754,175208,0.0800813574530184,0.16455494238072968,0.11337680675089361,0.02916995870529059,0.7725892084836964,0.9609582774081632,0.9393484681844715,0.7038551429484755,0.010052815927192569,0.01099920086562634,0.009834519675932822,0.009545286936546743,0.06475399668095634,0.07720684226653288,0.05206006495864128,0.05865802734030133,21900,0.09105869498262768,0.008641543402005505,0.013413408095838056,0.49632367223359974,0.009810405158795315,0.07035497591226102
0.033408992290496826,0.44620137214660643,0.15464571714401246,0.6516710090637207,0.34327545706305584,0.4281222501397134,0.7731642788583101,0.5476860107371104,0.29423731058966696,0.024928414402529596,0.011010236209156098,0.02130991828636506,0.05101625610289999,250.0786320283598,176008,0.07809025423601273,0.1652789554753147,0.11186526707132106,0.02571048390165202,0.7717952924966812,0.9605600696343638,0.9381350447182308,0.6777485196004824,0.009594092913903287,0.010645579011947078,0.009410981933965723,0.008959554491172493,0.05371556987985968,0.061854585217168724,0.05098721297475062,0.05018169925499124,22000,0.09422768449046835,0.00979436635462588,0.013600836548119272,0.49109464301460115,0.009553036949565191,0.05321986184872945
0.000856320858001709,0.46638680934906007,0.1695712161064148,0.6881190466880799,0.310992381725445,0.4228742969036102,0.7643095875895304,0.5527300523745048,0.2835288592439927,0.02057783612981438,0.009470870637139963,0.020942137559020062,0.04544243140813505,250.08830747888712,176808,0.08022778654471047,0.16427623948385534,0.11477056572566159,0.025995666020485086,0.7586641019582748,0.9626056920650394,0.936992444218816,0.6715241715232316,0.010462400945834822,0.011599221777950612,0.010192278359790108,0.009681331666116717,0.06100437287590466,0.066649384778751,0.05728222209444215,0.058555922804669217,22100,0.08778367088364325,0.009643199499434148,0.013000437116442788,0.47442457849430936,0.010235246743114903,0.06068878836313287
0.032430262565612794,0.439938805103302,0.15314947366714476,0.641980173587799,0.2841027062550431,0.44651109591126414,0.7644675525854222,0.5430861502748484,0.2957052679288956,0.024000649312511096,0.010296125933615813,0.022387424024671733,0.050435406062752,250.09560998557606,177608,0.08298850342631336,0.16440447061410499,0.11055140511437496,0.026053550572223257,0.7871517491340634,0.9604229603735904,0.9315993527662919,0.6816653884592511,0.009965296257287266,0.010934994498900362,0.009929296052006138,0.009140956781006286,0.05851769670145586,0.06297057898021041,0.05760432123142175,0.05639682137739979,22200,0.09437239225606744,0.009740586474289107,0.012895367962961889,0.5018940416182048,0.009812173942647735,0.05665170447756275
0.005384902954101562,0.474337637424469,0.1514699625968933,0.6780162858963013,0.2885948612827714,0.430038958787918,0.7673774230174529,0.5450200532397177,0.2867351615574302,0.025172758875414723,0.011293847123399755,0.022296526924319996,0.054208641721889696,250.102413703625,178408,0.07882462747395044,0.16418862182360444,0.11108016056012894,0.023998170039366648,0.7587564891576769,0.961681348849565,0.9306317663083886,0.6555309880070566,0.009530952163040639,0.01029124843816344,0.009544952215465238,0.009101467468298801,0.05615513773867864,0.06123672615115841,0.052175464180880766,0.05673772147061618,22300,0.08979265655272572,0.010719314474838865,0.00992674541850034,0.4490890476585094,0.00918134209283149,0.05483585101866182
0.0008773493766784668,0.4752145028114319,0.14700936555862426,0.6733424997329712,0.2748219735225252,0.40365481466054914,0.7634472863634209,0.5492403531939254,0.28464039449936873,0.023952644802629937,0.010357383379124771,0.021691082537637473,0.05175516186020919,250.10968052607234,179208,0.07327839069068434,0.16339236639398438,0.11186370751555103,0.025252233417138947,0.7435340058803562,0.9635346015738377,0.9376902784090586,0.6537312207935004,0.009159178775735204,0.01044876165636009,0.009029881997333152,0.008322814681837069,0.051923071579076364,0.054018408320219834,0.053481529780465706,0.0523080913497953,22400,0.0904222213027773,0.009561498870281076,0.011129932336087093,0.47421405053584403,0.009033481853744274,0.048379884941381596
0.035995118618011475,0.4854389476776123,0.15306611061096193,0.6912937617301941,0.3010372062191893,0.41037592008709894,0.7632233336799501,0.5448183127439741,0.2877025758386202,0.02279678659513592,0.009990600518004027,0.022138631190147858,0.04734668975542177,250.11668877805133,180008,0.075492200255394,0.16441367744164173,0.11177282617554635,0.026037031756884862,0.7532571214437481,0.9596285044838112,0.9308192762520796,0.6806615730491246,0.00977067516185343,0.010735797584828934,0.00964566208981995,0.009655916582741732,0.06536073204362766,0.06286424259447679,0.06063577734045892,0.0816573299480379,22500,0.09018310554578754,0.009399493135629424,0.012288446566406456,0.4789963408002577,0.009098957369592296,0.05465117297180508
0.0006946897506713867,0.45410512685775756,0.15306212663650512,0.6571933126449585,0.24349577226776972,0.42701828047633167,0.7588911570035487,0.5551025732778586,0.29151910690304206,0.02428526991978289,0.010205946385096287,0.021132869180291888,0.05416655760759916,250.12579092527724,180808,0.07911622617393733,0.16363296822095533,0.11534147358571104,0.024460291489958763,0.764235378503799,0.9597839847589142,0.9333886541426185,0.6642716856530078,0.009718835032545031,0.010762029033727385,0.009438633137436302,0.008855410564977396,0.05364528827369215,0.058534652271713984,0.04961167862011977,0.0489780837983394,22600,0.09277004838265751,0.009395638532522649,0.012199921047477611,0.48633374423577047,0.009901117853741481,0.05817620551814794
0.030064215660095216,0.46217706680297854,0.17033884525299073,0.6840730857849121,0.28543136840151295,0.41528093382716197,0.7646899578484849,0.5436236161079137,0.28334137215652555,0.023151445277035245,0.010043410526424504,0.022187659909066404,0.053390119588351166,250.1391309875916,181608,0.07802888281643396,0.16599657737838175,0.11167537764998141,0.02458502784779765,0.7412775403261195,0.9574670661916389,0.9304637715006561,0.6357247102706831,0.00958330755122006,0.010525109183641608,0.00935414031094485,0.00937627186440927,0.05339914015959951,0.056849730505072416,0.04652064898759843,0.053778269833680926,22700,0.08548537061783662,0.009296704415823417,0.011602902908531415,0.4496845526717848,0.009132330828915706,0.056720199255422786
0.0007872319221496582,0.44731122493743897,0.16050417900085448,0.6545199155807495,0.2820659699429653,0.4218310075998308,0.7706252803989481,0.5551610461530836,0.27952300485606496,0.023960967287421215,0.00959100131876766,0.02119626054032282,0.052989016030262306,250.15105443976483,182408,0.0780047541111708,0.1645678453439591,0.11471058380476296,0.023817322842524368,0.7466853564977646,0.9620530903339392,0.9370338868967346,0.6425031192391826,0.010001180428080266,0.01122951744964309,0.009667155995247834,0.009205428981352773,0.06196341689676045,0.07378274655225234,0.05562587067445015,0.05479327057026951,22800,0.08525237079996323,0.009789022360331351,0.011713724356526735,0.4531715530615585,0.00990975799803169,0.06354490001327713
0.03268633842468262,0.4374479603767395,0.15901971578598023,0.6481242847442626,0.3181373751290302,0.4206203655898571,0.7629003372098433,0.5482030724005033,0.2854818410335856,0.023157276418060056,0.010004798379345915,0.021751218610593384,0.04887865452644213,250.1586398233527,183208,0.07775286106392744,0.16423466207065,0.11230407150522351,0.02479360838503376,0.7569019758701326,0.9583590253820558,0.9324615142678708,0.6662182665873906,0.00996835767757148,0.011090621320081161,0.009949154430820097,0.009116955247281166,0.07133584675379104,0.07379021704784165,0.05634773515605478,0.07164244700188388,22900,0.09425704496993027,0.010096894470776246,0.013544480189879606,0.48206165478314233,0.009754918106751236,0.08262487789285064
0.0006914591789245606,0.47173774242401123,0.15176119089126586,0.6755859565734863,0.3261901001287904,0.420299657136202,0.7748366950680973,0.5472981785282937,0.2929121412605315,0.024705354049801818,0.010867469531370614,0.021225531486737902,0.05243671519748932,250.16557578512737,184008,0.07657424860633909,0.16573624383835578,0.11229723522608936,0.024826512428688587,0.7522083410620686,0.9610123514498355,0.9367814410214469,0.6693955147051595,0.00933083328418434,0.01019730187568164,0.009354951238786479,0.008780349866143075,0.07155458966968588,0.07848995133480498,0.06505926144121196,0.07293641249238107,23000,0.085885094556743,0.009773431783444508,0.011460265039871034,0.450506853807659,0.00908826469780184,0.06981912876859658
0.029723639488220214,0.44070818662643435,0.16212003231048583,0.6520853304862976,0.3129333204662838,0.4223456208407879,0.7702317551868716,0.5475237198259638,0.2990699394717129,0.024979942254722123,0.011069858743150422,0.022234958765129067,0.05476720425633527,250.17500039585954,184808,0.07698352565988903,0.16397597273675413,0.11176551454539957,0.02589169620758416,0.7674289375543591,0.9646637297258145,0.9324525228176992,0.6734915156976895,0.009761609961278736,0.010806338904743508,0.009823993380962955,0.008661744056628376,0.05297439656220379,0.0589141687787161,0.04869184691202023,0.052742908503689324,23100,0.09612124886712421,0.009391622742858204,0.014187963314703088,0.527680768168031,0.00983425340353708,0.050895454352859165
0.0006777763366699219,0.44355538845062253,0.1841628623008728,0.6752546882629394,0.29586963993844956,0.41811850532889383,0.767775050099032,0.546189441969715,0.2900245293620089,0.023567383000627162,0.010443931365255368,0.021711598481675694,0.050885286745393554,250.18128725368612,185608,0.07722784034907819,0.16525275063329417,0.11232913961422812,0.026647155236319768,0.7534735429286957,0.9590806942529628,0.9314311447831777,0.6618740090302055,0.010027290892321603,0.011523417616986853,0.00985134314486431,0.009022543642536877,0.06276377147063612,0.07039710209545695,0.05613665862642612,0.059006322813885556,23200,0.09580451066564448,0.009557967116652522,0.0123188934871569,0.48268509645180163,0.009812405806612867,0.06572678279627132
0.0005711555480957031,0.43264533042907716,0.16079191923141478,0.641755816936493,0.26686213875035064,0.4129911445081237,0.7708066270059464,0.5444658739887989,0.28783880750979124,0.02240872001275419,0.009818310059407453,0.022227763712232455,0.05216177373433543,250.1903475744862,186408,0.07749838124960662,0.1647734841217801,0.11090762866902217,0.025595853664732028,0.7528312379121774,0.9622689117582472,0.931839515508148,0.6594491895808967,0.010349999833852064,0.01137154173742674,0.010229389680250308,0.009596524447182654,0.05643172448035328,0.06326357379546202,0.05264452933406192,0.0539283233554533,23300,0.0919772716446055,0.008935727778201312,0.015720449214180303,0.49403426355785746,0.010186453027029838,0.055798474732372476
0.03449853420257568,0.4820863127708435,0.1543605399131775,0.6872611260414123,0.26929398313438435,0.4340311942994595,0.7712587194060377,0.5462927043136926,0.29098974235022246,0.022647016262635586,0.009748130151013541,0.021611366129358017,0.04964393680331425,250.1968479617804,187208,0.08115002902224659,0.1648757381118693,0.11142714744941756,0.026420218748415825,0.7642145341634751,0.9626912224405216,0.9351064993275535,0.6638921543733403,0.010100123696029185,0.011197435397233042,0.009838541929675926,0.009302698242575371,0.06418645954690874,0.07011636272775679,0.06062877963701585,0.0619274888428586,23400,0.09028156134226022,0.009489564068009344,0.01372130945566352,0.46924697059802917,0.009991370390351643,0.06366441859099911
0.0005666303634643554,0.4421838212013245,0.15531143188476562,0.644914619922638,0.26879204902050186,0.4179225690662863,0.7630419304496363,0.5567354662393137,0.30471446581989414,0.02224407648667694,0.009726492511598692,0.021107987747108817,0.04730576017932714,250.2026416691008,188008,0.07790920091792941,0.16484123946804752,0.11516295740055653,0.029159775551434744,0.7619209086894986,0.9590873759043844,0.9376308284108597,0.7034566282106676,0.010253741014748817,0.011227952154647353,0.010286838639153067,0.009644912120759342,0.048950837810989474,0.051878790525523445,0.044968225470886976,0.048501272741574016,23500,0.09246587310917674,0.009046590663134471,0.014570645702546106,0.4820270867874988,0.009957226528338371,0.05035545356244817
0.02971796751022339,0.45388216495513917,0.16994964599609375,0.6712909531593323,0.25309549231323053,0.40952811524271976,0.7658210133538028,0.5460564057258043,0.29810381980211126,0.02172787155956031,0.009982896212909154,0.021704077530144267,0.04631140748239759,250.20961371603178,188808,0.07554175616241991,0.16505483413105682,0.11188799172470514,0.02768739648893768,0.7492136201262474,0.9583376476607347,0.9306063452227551,0.6936591936677116,0.009447802631184457,0.010798354930986622,0.009377762781117448,0.008543320068651276,0.058717334447428604,0.06353375525568344,0.05619121465133501,0.05475078289871856,23600,0.08895357147761257,0.00963328225379435,0.011556445762949407,0.47213089065166874,0.009137410941980615,0.06008477256771159
0.0005994606018066407,0.4564542269706726,0.16456210374832153,0.6670513343811035,0.2801443738412374,0.4145787844061854,0.7584099993109704,0.548918626914367,0.2918459806699777,0.02230041965842247,0.009570586322806773,0.02138155379502401,0.04793675963595072,250.218367210943,189608,0.07721585350111124,0.16487335607409476,0.1132985698419381,0.026637519771929425,0.7579044294357297,0.9578839486837389,0.9330667352808122,0.6796925004246165,0.009800937806721768,0.010798376793973148,0.009593851249459207,0.009283786203296285,0.04917920536361632,0.05682220465969294,0.04787725338825539,0.04448307929470119,23700,0.09627458702405575,0.010240303553059313,0.013162635614387163,0.49692497622798865,0.009540506350007688,0.04765082704681609
0.035682897567749026,0.44464279651641847,0.1555006718635559,0.6488755440711975,0.2855514703361099,0.41604597195982923,0.7653422700392228,0.5438567029302984,0.2912997789009733,0.023702436024323096,0.009836517898617551,0.022001451546261406,0.049938240730379876,250.22617321488218,190408,0.07617097683250904,0.1652597917898282,0.11061204095088424,0.026065970865405495,0.7618893510103224,0.9575149616679628,0.9346719304127477,0.6706201879827829,0.009184057447127998,0.010560016721688418,0.0090068905609683,0.008583949448809284,0.05415004777023567,0.06445607606673964,0.04932211336809491,0.05548513413255882,23800,0.08992036494115994,0.008508394890668576,0.012208614744546745,0.49804413225501704,0.008737609811457034,0.04773031030951337
0.0006615614891052246,0.46226311445236207,0.1652526068687439,0.6762978076934815,0.28298262771327254,0.43116581723093983,0.7675989369551351,0.5486233484745029,0.29216516918034696,0.0222983812354505,0.010244862798380812,0.021322085192160955,0.05124683007550646,250.2315692490366,191208,0.08061221696436408,0.16442578442786834,0.11265492503132131,0.024512395609009457,0.7570272833108902,0.9616360748023318,0.9357133422579085,0.6747248127375763,0.009903600057587027,0.010772516070701716,0.009885143328990242,0.009168611113738429,0.05780666697770355,0.06340491052782334,0.05154751705271857,0.058823814620334786,23900,0.08177235987968752,0.008379429442575212,0.012285706334514548,0.4484908905625343,0.009653149549849332,0.055899535086937284
0.035417032241821286,0.44430013418197634,0.1446436309814453,0.6379552674293518,0.3619227941630676,0.44017534308135486,0.7688834558070554,0.5547330824318785,0.28670997211252813,0.024418283114209766,0.009741676063495443,0.02134158355160963,0.053841815426734795,250.2386439441524,192008,0.08264786249026654,0.16523859611419425,0.11511289170516546,0.024880700477811882,0.7671881195902828,0.9612952235718847,0.9346155286422503,0.6514266704051003,0.01026107894955204,0.011429168760531662,0.010302822974973851,0.009115556212150891,0.05787818822078405,0.06493588958040507,0.05436517726262955,0.05088333715245404,24000,0.08706261800212217,0.009958390710972863,0.013254904436613537,0.4718907101209772,0.01017720484158545,0.0619058583451565
0.0008074164390563965,0.4471807551383972,0.17063917636871337,0.6660917186737061,0.2587523029843066,0.41492873176932354,0.7607538627415175,0.5449599766282631,0.2924812068255781,0.023318295842036606,0.010505199022931833,0.022310850758766446,0.05488082332565835,250.24494379626768,192808,0.07672912398353221,0.16397661981059292,0.11044487012650378,0.023975656026515985,0.749277871847153,0.9595630686457567,0.9352926816991579,0.6606802163323804,0.009577882711309937,0.010517529822976846,0.009552765288390212,0.008738021870967757,0.05722284774295987,0.0629273362094309,0.05293653940441466,0.05086241783427942,24100,0.0860641148676157,0.008573465570999684,0.012137594895539885,0.4704472887406658,0.009451541441937038,0.0610883308984681
0.029975924491882324,0.4385030961036682,0.15303392171859742,0.640843060016632,0.2995934617387721,0.41732485249638557,0.7666838729559482,0.5453900729046486,0.29402566925760687,0.02208891160786152,0.00928619145577894,0.02154044591684322,0.048819906844726285,250.25354057135058,193608,0.07729374524205922,0.1644288701056246,0.11152882806834623,0.026461352441575763,0.7626360493898389,0.9618640719954644,0.9358036918718307,0.6882112716373641,0.01006785225123167,0.011363007705102653,0.009858284303358665,0.009526890626792135,0.06068882206687705,0.06797201855951442,0.054154479037715815,0.058779052914338624,24200,0.08936558011469348,0.008016147336400698,0.01374200562910505,0.49123636219236566,0.009541696056741595,0.06132169178763524
0.005201246738433838,0.4623377680778503,0.1554564905166626,0.6661496758460999,0.27900037558336216,0.4194820839166642,0.7685484630290905,0.5539202725825211,0.294873212799808,0.02367687207646668,0.01005262273805912,0.02112114156382935,0.0555522204636771,250.26465939733873,194408,0.07769791103899479,0.16407774877969672,0.11535983067005873,0.02412494264784159,0.7546310031414026,0.9619513452053066,0.9324108514313899,0.6654508283295605,0.009755563447251904,0.011048521380871534,0.009487229889297542,0.009311957996300775,0.06190840794239194,0.0714096185008082,0.052306550050464744,0.062328031681345625,24300,0.08906270363346228,0.009164468359044747,0.013001096265460473,0.48413962517545794,0.009205820001749236,0.06134338985839988
0.0006519699096679687,0.45220714807510376,0.14377817630767822,0.644378559589386,0.3587543983298216,0.4294129970669745,0.7740584642388105,0.5496863995460761,0.2916813754954858,0.02229002382606269,0.012042299320726388,0.02167542936141661,0.05029877552611602,250.2805253547461,195208,0.08036176132038238,0.16386256626872128,0.11368179194470675,0.02484516219764547,0.7678201907873154,0.9633230112319765,0.9315152910161522,0.6754136733106664,0.010660699035506696,0.011752232060182922,0.009986177938891203,0.010584446777765814,0.07046544949524104,0.07943630009716336,0.06334849189907471,0.06923976283822521,24400,0.09342327455656137,0.008786181475031464,0.014577479220329315,0.5050249960062643,0.01021842089182925,0.0687485022320992
0.02965304136276245,0.4707702851295471,0.15808704137802124,0.6822127723693847,0.2758065196679517,0.42297645151615154,0.7731610982845992,0.5513960405957276,0.2906573373488901,0.022974005145952103,0.00882609282823232,0.02072322870685063,0.0514682569801454,250.29105659742385,196008,0.07835259456187492,0.16511238484810561,0.1135347606188755,0.024901990873642012,0.7632456326484677,0.9630752832461625,0.9392582698521877,0.6697628879434124,0.009983828524127606,0.010727720261097709,0.009966401113811781,0.009461929209495033,0.055462802578695146,0.05913725493189229,0.05268503736638399,0.05462166926519,24500,0.089649890298922,0.0087098369686888,0.014540572003059584,0.48955826408366904,0.009823905003876395,0.05550432880763624
0.0007823848724365234,0.47151808261871336,0.15277884244918824,0.6727832555770874,0.3097660970299299,0.4146124018728735,0.7683914908995993,0.5465070459936651,0.27524208964314295,0.022122785188257686,0.009461126138623344,0.0217639340748414,0.050449737711460364,250.29506268844273,196808,0.07807447716593752,0.1643434856182488,0.11165781743053735,0.025782215271950307,0.7497842440009116,0.9620553618822336,0.9348535992829091,0.6398786955202617,0.010267043090425426,0.010951716354928712,0.01022212461022467,0.009646079068867651,0.058095863671042046,0.06472740312799431,0.05258737638904688,0.057549596839332195,24600,0.08602937936250647,0.008328001411809087,0.013313713962478303,0.47426002650033866,0.010242434790624038,0.05776232060355439
0.030825192928314208,0.4355277943611145,0.1575990867614746,0.6427553629875183,0.2773263912178936,0.4336047719419004,0.767645081671158,0.5572738354982331,0.2846363491955256,0.02316828900948166,0.010313368182269722,0.020507443414697832,0.053865198479600675,250.29752874911034,197608,0.08163796698674565,0.1646378235061569,0.1157345264803532,0.02453311341543677,0.7658615267276764,0.9603321375233111,0.9395882653635602,0.6440457175017668,0.009932469069026412,0.010991099534906675,0.009916226420724804,0.008936713777344538,0.055321205290965736,0.06849778780141974,0.048344734181151885,0.05077874133235248,24700,0.09386270750582833,0.009596433347695964,0.01306108941837723,0.48951553069439113,0.009818276107196038,0.05375830482537904
0.000730278491973877,0.48777300357818604,0.15405298948287963,0.6912068939208984,0.29082684507276774,0.4148724320530889,0.7690237946626617,0.5467372706482528,0.29722642620610445,0.02117361918091774,0.009504701720732383,0.0215930488355999,0.04711521064158089,250.30166612546577,198408,0.07692533608525995,0.1644036702993439,0.11135208958437323,0.029246268567141766,0.7499135899543762,0.9637963553754294,0.9357324469022906,0.6883247649113741,0.009617584457155319,0.010636219016571594,0.009418291638100618,0.0088166705504002,0.057072706124745326,0.0616194508401904,0.05085679200639185,0.059155998601930423,24800,0.08527980243678585,0.00911228726054187,0.010138844562727832,0.45744318919331484,0.009534309631748122,0.05607939003695283
0.030802905559539795,0.46357699632644656,0.14669575214385985,0.6618125367164612,0.2830386765786139,0.42511076509952544,0.7647092447561367,0.5537736891345552,0.29651088569408807,0.02205348374322058,0.01005648168857225,0.020886689907109207,0.047261483838351895,250.30659978470356,199208,0.07951666299253703,0.16426051698903987,0.11436664319851177,0.02768578315750719,0.7659231474995609,0.9615560588352181,0.9387388102032923,0.6907354162289543,0.00955870499834418,0.010792559739899515,0.009384841471910474,0.009115273161576336,0.053945734234584986,0.06122593108497996,0.05003796145849099,0.0509752773876803,24900,0.08807145321572363,0.009854362101642172,0.011804164240884618,0.463189854164316,0.009023292611042648,0.05433741244096469
0.0007088136672973633,0.46632975816726685,0.16529322862625123,0.6827086639404297,0.25012269767958517,0.4206363034248351,0.7707925242156228,0.5468603608442505,0.28847030782611055,0.023142096824012692,0.00988202077724278,0.021286324625286988,0.05291167882243447,250.3108561128194,200008,0.07772548021748667,0.1648310779644352,0.11229665896153071,0.024239080497017597,0.759127807021141,0.9604229407357459,0.9358577897204435,0.6544314917951524,0.00971190846525133,0.010629417106344047,0.009574547432422795,0.00904894323032903,0.05659676882787611,0.06696155734630892,0.051189847553851114,0.05311852507293224,25000,0.0937705279256289,0.00884098801291727,0.013576471375507444,0.5054606735133209,0.009583789409729286,0.05472007386393113
0.03067336082458496,0.4482388186454773,0.15271005392074585,0.6520218443870545,0.32442747762561874,0.4219303561747072,0.7682241091602725,0.547787250040872,0.28486833262011146,0.02219389898702504,0.00893357207532972,0.02208784482012328,0.04871936472026641,250.31867182044948,200808,0.08015737138688564,0.16544861660191892,0.11280038883084573,0.025811405904311194,0.7555195352435111,0.9595480065596733,0.9294076646299662,0.6648885237120594,0.010301937502808861,0.011684154731368553,0.009891122907025898,0.009596301119658777,0.05315389592666177,0.05855405040967619,0.04957565204474278,0.0499698281278496,25100,0.08402378130892306,0.009180126246064903,0.015180674111094299,0.455746174761743,0.010117770558354826,0.05503334614655208
0.0006896162033081055,0.45060396432876587,0.14578038692474365,0.650492033958435,0.25447373613809726,0.4229046685993673,0.7727956232146834,0.5543039268408068,0.2856828474731587,0.022332347678020604,0.00935370043969588,0.021032281322643537,0.05016489785665008,250.32608518664674,201608,0.07883926684036852,0.16590827280905707,0.11450951049725219,0.02521003098041748,0.7528724062442776,0.958906437923659,0.9374899372076376,0.6608111926572239,0.009726054095663128,0.01091166911415051,0.009427372585886565,0.009211775545605375,0.06183430177159606,0.07033697714964247,0.0572956866465318,0.05967206330923599,25200,0.0861098392972071,0.00887362090033465,0.011464434180390358,0.4626805060015525,0.009348242589515717,0.059916085659943795
0.05584001541137695,0.4333684515953064,0.1535217785835266,0.6454344964027405,0.2703354048621698,0.44135786071419736,0.7692781873211464,0.5516026560962203,0.2887960816887051,0.02273922197520732,0.009518099902095133,0.02138198712142184,0.055714397911227974,250.33282926268572,202408,0.08348448056727646,0.16473122853539576,0.11362415993586177,0.023946634179063064,0.7608258146047594,0.9621287689335019,0.9351740732789046,0.6531907745770047,0.010346560836769636,0.011125076055477502,0.01021547456737607,0.009510280669329083,0.06448407717049118,0.0730962311912592,0.05789466959191489,0.0634301394201139,25300,0.08156398371720183,0.008452099438327624,0.012096734153087305,0.4415805486484349,0.010355447170309996,0.062152868916929054
0.04058435201644897,0.4699824094772339,0.15848932504653931,0.6842120671272278,0.287148660643744,0.4093459577858446,0.7721619417792877,0.552950515953034,0.2818677962493544,0.02340258710552006,0.009246378774313545,0.021467685511735585,0.05394279414241139,250.341489069589,203208,0.07522719549015167,0.16466928540091746,0.11554730055531906,0.022607739816711686,0.733012364804745,0.96244787887523,0.9295039151975624,0.6385447077490201,0.00928191116312518,0.010781980024062495,0.009201510346138662,0.008514342743866334,0.06210600048070777,0.07219764194451268,0.05529137947721558,0.061628341640343434,25400,0.08484872153729475,0.009277193512289086,0.01046285249074972,0.44799109992630987,0.008752666781186521,0.059721551675465966
0.0006710720062255859,0.4641581630706787,0.1651464319229126,0.6761524200439453,0.25711731523454806,0.42166932553052866,0.7636957120655766,0.54799535309059,0.27900062451245267,0.021971357660368084,0.009539920161595222,0.021802962645168456,0.04853245008910566,250.3481152796346,204008,0.07971996685490014,0.16551291538243304,0.11157408056123828,0.024071955549110863,0.7605453711748128,0.9558258529883534,0.9354171274940754,0.6566908940132419,0.01074990193126724,0.012061317533198461,0.010821915610697884,0.009557098847538841,0.06095222075469792,0.06607250816857996,0.06132878642529256,0.056773667074160865,25500,0.08993958088740786,0.008948585859485972,0.01540886117168586,0.48683712435005866,0.010522700233422036,0.059507318123693184
0.029187512397766114,0.45475308418273924,0.14465051889419556,0.6520784592628479,0.26989655561209835,0.40019306614995004,0.7690896184686667,0.5426052437481268,0.28632270219021083,0.02451439845375717,0.009693095184125523,0.022096375294820548,0.05554092065106296,250.3565188957205,204808,0.07335964273661384,0.16509392562715763,0.11135124292370333,0.024359872694625414,0.7280318191647533,0.959176650978027,0.9293415233409602,0.6435450905977294,0.009219819726422435,0.010609697939001302,0.008958458505029781,0.00851216257311577,0.06039650816470386,0.07620847577796913,0.046144253811044554,0.05963337012718237,25600,0.0805889326721838,0.008686578616214984,0.01208175785603538,0.4490643679823504,0.008941384661755609,0.059293267359642375
0.0006571221351623535,0.4763827133178711,0.1565346074104309,0.6848142743110657,0.2634684618453208,0.4214112101495267,0.7680862308796786,0.5412076826927796,0.2942012355563606,0.024080202793702495,0.010940663628670239,0.02223456303263962,0.053934505644259105,250.3624000565868,205608,0.07811957217752931,0.16428404383322345,0.11060776733705455,0.025170856488745695,0.7573551380634308,0.960661946478939,0.9288174594348332,0.6661787725947228,0.009841908714734024,0.011154812153584827,0.009245944606966153,0.009273914041158354,0.06211835277732462,0.06766743001074615,0.05060719894816356,0.06298634841054836,25700,0.08865412133745855,0.009178352791932411,0.013549501625820994,0.47125579655170424,0.00977928263833747,0.06816583137959248
0.030694277286529542,0.44742537021636963,0.16555380582809448,0.6649874639511109,0.25664963728651174,0.44048392742872244,0.7676233275417693,0.5519329228036395,0.2937794875095388,0.02170622204430401,0.00988804617500455,0.020819001721696612,0.0482261913787057,250.367338349411,206408,0.0842778218910098,0.16491936670060736,0.11512964292139309,0.028040048660535243,0.7753249228000643,0.9615656540059213,0.9343333433234631,0.6706814249553309,0.01091582642402501,0.011535428194819309,0.010296013142628574,0.010219479438452287,0.057802188899368036,0.060547344682721826,0.049603667130561434,0.05690435660855456,25800,0.09102588853136413,0.008336550805762528,0.01651244634391372,0.5056808498453964,0.01151913507557648,0.06344815728349248
0.0007589125633239746,0.4847323250770569,0.147330687046051,0.6862306594848633,0.3114815542248124,0.4417344558238982,0.7639224933317075,0.5512560171501658,0.29084452573580766,0.024767473544925443,0.01074469594627422,0.02173956875280241,0.05366185055471854,250.37337490578383,207208,0.08189500201493499,0.16491887632470864,0.11360204620199787,0.024243633028878983,0.7722978204488755,0.9581179913993063,0.9344932812953666,0.6622358795025904,0.009486958961933857,0.01028024980825229,0.009477270503798253,0.009012204939190529,0.052092777502839464,0.058014564768270174,0.04747609493935209,0.050682044395751,25900,0.09074672955105043,0.009605771783895475,0.010698387927715911,0.4720741067817828,0.009111162152386706,0.05241554997572791
0.040665466785430905,0.45392513036727905,0.1478571891784668,0.6534676718711853,0.2852242281901801,0.4235777188837526,0.764923334121704,0.5453848205861592,0.28983401093218086,0.022654857737943537,0.009347525311277981,0.021494188518928634,0.04807470449592899,250.37820265256335,208008,0.07835972534492616,0.16389872890492382,0.11197638625190376,0.025183942822451524,0.7711683011054989,0.9625326263966983,0.9328577135290422,0.6766931089226176,0.009794718886259948,0.011638128337650235,0.00927718915156133,0.008709825345895424,0.0665596226416528,0.08042120604400387,0.05721806807532193,0.05916655226948038,26000,0.0949758658728873,0.00975659063442436,0.013828154329530662,0.5058089299127466,0.009696609521294416,0.07095821428811176
0.0008591341972351074,0.4572904562950134,0.15884026050567626,0.6721442914009095,0.31201652390229834,0.4320146094262599,0.7691751670949342,0.5453635490857637,0.2822701887864816,0.023477628054097283,0.009994434824589404,0.021808575939100527,0.05014519339079776,250.38668107870018,208808,0.08081651166081427,0.16450927095234127,0.110745966529999,0.025732241577633683,0.7563707673549651,0.9613552454491733,0.9360828405771505,0.6471798916182451,0.011175239691510797,0.011944530240999,0.010734339387944105,0.01063304353041939,0.07606383229605858,0.08128852003686868,0.06730499021135841,0.07522166221799186,26100,0.08981975460109488,0.010493278956356256,0.0144220347875027,0.45099015867775233,0.011368877231525102,0.08027765341103084
0.029358067512512208,0.4614932107925415,0.14975378513336182,0.6638739204406738,0.296719598926899,0.4269648163020613,0.7680187460852834,0.5527262797722451,0.28469004835138945,0.023585347216576347,0.010790509641988237,0.020924891755940044,0.051493208414005474,250.39307540761752,209608,0.07855028679594399,0.1638744621742062,0.1140890949429609,0.023960728347257338,0.7596745765209199,0.9630530944684655,0.9372272142997151,0.6571947271225005,0.009356877868995068,0.010681438164376625,0.009402223621518952,0.008645890960337431,0.05963560708332809,0.06632315094878033,0.05386795762400977,0.06308674679901369,26200,0.08612056352474073,0.009051863866040193,0.010279775243597453,0.47029833314280006,0.008667147474452144,0.054479811697823795
0.0007314157485961915,0.4734661865234375,0.15406786441802978,0.677070927619934,0.21501116859221775,0.43591040492057814,0.7646325403058586,0.5460379577818372,0.30850736149719793,0.02173632636666299,0.009660258941792019,0.021966564045711005,0.049500568897596436,250.40551852304327,210408,0.08196293823421008,0.1644873516965033,0.11154338930334352,0.028001374590343645,0.7784023773670197,0.9609268192712422,0.9336771154816533,0.7028069588116239,0.009580389568582167,0.010730482250225116,0.009340301184265907,0.00871520007295267,0.05036350034177304,0.057955452349736584,0.04611965978832598,0.0493208126298019,26300,0.09122924047148774,0.008878752391851576,0.012688218363026518,0.48095779279766965,0.009480391194107877,0.048674073803054246
0.0006753754615783691,0.46310192823410035,0.15123095989227295,0.664476146697998,0.27385122896599157,0.41307900100946426,0.7638533315109335,0.5440077853925305,0.3004217833042779,0.021214761352166534,0.009022796617976874,0.021756452762267814,0.047627082166380875,250.4168919079994,211208,0.07730450619012112,0.16432707729451934,0.1112559482530512,0.027901888579784064,0.759032726287842,0.9619630487801517,0.9327640738150083,0.6976030266031303,0.010100271508563304,0.01103306579505975,0.010102712033043686,0.009534848935684148,0.06191803075023925,0.06430337450245198,0.05947939905860098,0.056891228866198684,26400,0.09136492099963754,0.008909353588586646,0.014273095306430856,0.4827559609049634,0.009775843307367563,0.06627806291378818
0.031675760746002195,0.43707439661026,0.17106927633285524,0.65756511926651,0.29335852519189215,0.4110310861468313,0.7666969149524631,0.5482102155987983,0.2915918141283014,0.022664022659882915,0.010527806928264303,0.021517682910381523,0.05380660788937203,250.43246097687,212008,0.0763803286105394,0.16433460479943546,0.1125692196833301,0.025225926648765336,0.7497899663448332,0.9595784457566225,0.9330741584603556,0.6613431406277481,0.009568308773450556,0.010712266704603946,0.009525613757654042,0.008876488734317083,0.05945275405887515,0.06698684249053757,0.0564145879574158,0.05414062367642036,26500,0.08916932882625703,0.00828935594382425,0.012602630761592126,0.4855179536131627,0.009208102935133905,0.060105692477797935
0.0005822086334228516,0.47404646158218383,0.1572643256187439,0.6777798843383789,0.24304619693149682,0.43747146070003506,0.7627105105907539,0.5498606429650232,0.29614276722958777,0.022699907831847676,0.00964997637666625,0.021566995094792984,0.05034634515661566,250.43726439939897,212808,0.08176975719630715,0.16440860810903218,0.11297672249567818,0.02665423979351096,0.7686746686697005,0.9598783068700664,0.9351731398166747,0.6780070836591251,0.00989903343375773,0.011007751227108713,0.009650939086881982,0.00932404710588479,0.05563541669398548,0.06035962362064546,0.05186214817640107,0.05557836640607749,26600,0.09006817669079106,0.009084895729540363,0.011676282161293005,0.46686523669474833,0.009481872119814964,0.05410803512141511
0.030856215953826906,0.45456355571746826,0.15389902591705323,0.6587468957901002,0.23186602507429643,0.4124520041048525,0.7630992689553436,0.550453714116127,0.2877590091015808,0.023432950619608164,0.009110788845539317,0.02125154698596281,0.05021779703090024,250.4421009801402,213608,0.07541127976030113,0.16316509948057287,0.11361725146279615,0.024700970608662356,0.7560533434152598,0.9643792467958784,0.9333088314371418,0.6644535047907226,0.009026487055234607,0.010014298681498456,0.009151647912498513,0.00844540624953631,0.055902334519196316,0.061101313185987625,0.05476525734069153,0.05428999307250582,26700,0.08822341081781351,0.009206856068755893,0.011327742955324308,0.47504263538487146,0.008660067084283386,0.054427316209196816
0.0006710147857666016,0.47509060621261595,0.15602152109146117,0.6840965580940247,0.24632641790786233,0.4250695003569129,0.7586397621238116,0.5470735543037786,0.28489075867714864,0.022427258715033545,0.009466573081173685,0.021154570903385714,0.050261968253728175,250.44815547161673,214408,0.07940580975264311,0.16483503471589797,0.11178852773117057,0.02547049873928523,0.7637540119886398,0.9575633959284106,0.9380903037349182,0.6624165907794354,0.009706025808118284,0.010570152567753802,0.009371102146392477,0.009401236156312139,0.051777894780971105,0.05281664073711387,0.04494754444508247,0.05709927733165816,26800,0.08790816120920385,0.00800257487922263,0.011134722642478641,0.4813203689939687,0.009448522065536983,0.05209043933351705
0.028464224338531494,0.42694217920303346,0.16705739974975586,0.6412703561782837,0.28404869139778566,0.42469350561499614,0.7695938212617401,0.5547099028928923,0.2904272153583498,0.02277263899333776,0.010085613508165128,0.021170421279608647,0.051936417976540576,250.4562508423369,215208,0.07950725419446829,0.16537955062946094,0.1151739040282197,0.025330522398742318,0.7524646192789078,0.9581821860395713,0.9349995688177074,0.665499089588045,0.00953955078963191,0.010730743155280503,0.009491904963327283,0.00897157974102344,0.053517884295433776,0.059084325806630124,0.04972492038863351,0.0527354490636063,26900,0.08477238067151865,0.009352656012268598,0.010939854267966375,0.4491155232284583,0.008969589545135843,0.05274235804145242
0.0005639290809631348,0.4715749979019165,0.15890973091125488,0.6819103074073791,0.2402440167007183,0.41945055186748514,0.7675174954325659,0.5461621585894718,0.28056106796743846,0.022117028720676907,0.009223334846454994,0.021677964480741982,0.04975126297030527,250.4630215132101,216008,0.07881907690316439,0.16472261409426844,0.11198706696317946,0.02678349720515019,0.7465056484937668,0.9616828377856762,0.9325014803219928,0.6500069843787777,0.010619620855432004,0.011274128651982816,0.010028747164390303,0.011039776518694405,0.06407708335900676,0.06842206381369632,0.05441873677376533,0.07199209401219647,27000,0.083830171014841,0.008517202965506331,0.012030938570955546,0.45717572758837394,0.010022366406941204,0.0599357956906826
0.030314900875091554,0.44094454288482665,0.16291974306106569,0.6547020602226258,0.2688530315066991,0.43584454789757726,0.7720852840514406,0.5483195827450862,0.2791978693591858,0.0234375825151801,0.009757565109924026,0.021422524260746863,0.054824775286886125,250.46797120670146,216808,0.08153422678820794,0.1649464082150232,0.11310126641115469,0.02246842081609266,0.7583651143312449,0.9618729934805916,0.9324351648951688,0.6348705651268126,0.009694226589053872,0.010706541540899436,0.009672107744615435,0.00912644484489368,0.06104452718049287,0.06884425333479328,0.055825413889143354,0.061626512966261704,27100,0.0853796887101345,0.009318559570738702,0.01088888008180025,0.45287455506222213,0.009153797348801,0.05767985810375505
0.0006607604026794433,0.45466787815093995,0.1632782483100891,0.6660979700088501,0.24256347638816358,0.4207130995392802,0.772746440848789,0.5445489532083543,0.2875314207747578,0.024073488172143706,0.008542440985832858,0.021734693954878183,0.055535642830655,250.47421898793803,217608,0.07825041105970736,0.1663924483834086,0.1107594921433051,0.024203077120473617,0.7524082866311078,0.9604694453445638,0.9356623196273777,0.6483029997348777,0.00996205135714263,0.011396579275763518,0.009941693247988001,0.008724969364702705,0.05026832991279662,0.05640640384140045,0.048076541835886506,0.04778470923891292,27200,0.08829661041762928,0.00930531497519974,0.01437330560943084,0.45992283107060455,0.009893354917238206,0.04945102158158562
0.0007004046440124512,0.43438675165176394,0.16644134998321533,0.6495875525474548,0.2568236974667824,0.4203675650060178,0.7674606989591551,0.5481366079061405,0.2906867098397839,0.020512840906158094,0.0095881923686904,0.02132273216757482,0.04810698056582383,250.4791118323231,218408,0.0793931593000889,0.16450058726164019,0.111769597669807,0.026525200518896574,0.7616880279779437,0.961599544684093,0.9372802685706995,0.6796313220869284,0.00978966232854873,0.010883480859681582,0.009842081294489016,0.00911014281425201,0.05588030500919561,0.06437203611951701,0.04924260981812422,0.054951884481263966,27300,0.08454888549379323,0.00844706280887212,0.012006508642595937,0.47278628078373985,0.00928401601373809,0.05563565143331124
0.03006535053253174,0.4678918242454529,0.15199195861816406,0.6687795853614807,0.316223915836399,0.42674425587058085,0.766578615909845,0.5439589850107827,0.29445532267679,0.021111441599205128,0.010071680144565982,0.02235079655216797,0.04792839615510968,250.48705896591414,219208,0.08191918175667522,0.16468656796905873,0.11113548684451306,0.02632061186285611,0.7597561582922935,0.9592890086485514,0.9294635150167678,0.6777200698852539,0.0107240688521415,0.011561563091081152,0.01043804519085421,0.010387335979229138,0.05980043389834464,0.06845604413277924,0.05628847943204974,0.055293493282362174,27400,0.08268635466908729,0.008860848582256144,0.016084648294454572,0.4526214006414827,0.010503630383323402,0.05894101954969842
0.0006401562690734864,0.459992356300354,0.1636839199066162,0.6717055988311768,0.292791499716072,0.40958512634038924,0.7689295987288159,0.5504440809873973,0.2947477709024374,0.021531154634430998,0.011374232598528681,0.021043753470568093,0.04576385121267191,250.49559914441994,220008,0.07689027942717075,0.16470225196745678,0.11327088943810443,0.029677452297451393,0.7560533571243279,0.9616222520669303,0.93691215123616,0.6933314228669188,0.010219481880776584,0.0110954530356038,0.010435324712364266,0.009757329129542296,0.05375912526156753,0.05929567961073995,0.05394344684877893,0.05664269184836975,27500,0.08820979503653431,0.00887187841354671,0.01344549049395746,0.47701798197370826,0.009714563514160756,0.04653524801691329
0.030606915950775148,0.4630408811569214,0.15196046113967895,0.6628244113922119,0.26120486470884224,0.41694623783230805,0.7653197332432395,0.545497440522717,0.27155671406250736,0.023210037536919133,0.010241225205582419,0.022406116085049752,0.05112891746446106,250.5021262726515,220808,0.07767378926277163,0.16351102786628832,0.11185104720946833,0.02313324309981021,0.7433404374122622,0.9628749204309369,0.9293337291286834,0.6194197006714646,0.0093248276785016,0.010661273275649077,0.009226274341859858,0.008500844889726406,0.05590467875823375,0.06341350043290539,0.053151622375962645,0.054215483009242116,27600,0.084948158832361,0.009040056926555795,0.011562001718575085,0.4508780415612036,0.008961888559331947,0.05338008425226718
0.0006848597526550293,0.4685723400115967,0.17070642471313477,0.68806969165802,0.29124303404769014,0.41917226180434225,0.7693627028182003,0.5463271530050985,0.28930494654923683,0.022106843926012518,0.009465978594985557,0.021358729955299104,0.04920923940604557,250.50836665417282,221608,0.07854351308196775,0.16519908127513255,0.11133630275726315,0.02614524610806255,0.7552347147464752,0.9598976600878311,0.9354363943401138,0.6679976248741147,0.010133364927023646,0.011479970602558393,0.009533428949745078,0.00903277369914576,0.058040888402611,0.060405924367616964,0.05403631417276829,0.04984198988182467,27700,0.08780478771167023,0.009006446582274157,0.014815622499624547,0.47575003367203933,0.010431882882795231,0.0672856554357657
0.02929105520248413,0.45558642148971557,0.14983755111694336,0.6561333012580871,0.26978560330840123,0.4228174903988839,0.7741884131180611,0.5458427279018887,0.29765349326347873,0.023076155157759803,0.009543281577919664,0.02153851220146843,0.05075115757515129,250.51733230060478,222408,0.07767139337956903,0.1649243108536068,0.11155650194953458,0.02674617942250833,0.7625055438280107,0.9634264309155312,0.93429252885136,0.6769526571903413,0.00926772710401565,0.010511542596903296,0.008935235819651511,0.008593089729366668,0.0598868373129517,0.06216625690607256,0.06363926750982137,0.052754899199816914,27800,0.09244829638861117,0.008995528460363857,0.012671281853690748,0.48452744632959366,0.009120119991712273,0.061239806155208486
0.0006807732582092285,0.45404151201248166,0.1626162886619568,0.6652533054351807,0.25254435447568857,0.4410408097505571,0.7724069254817786,0.5515823906631836,0.28329368284152423,0.022450807294808337,0.0096458988668423,0.021871407335332792,0.05203478644171386,250.52453166356375,223208,0.08346985792741184,0.1649871535461258,0.11400903779042276,0.025089219016002952,0.7672450953722004,0.962512782326451,0.9293922095502165,0.6466246455587362,0.010183269400149582,0.01162613341714153,0.009912464679417449,0.008958755419038799,0.05654370719479632,0.06693415794116274,0.05334730749446084,0.047679399792668234,27900,0.09046120073068578,0.008469489171483461,0.012920638385731839,0.4787132389405195,0.010040171907587166,0.056965440629830805
0.03280708074569702,0.44747610569000246,0.15897992610931397,0.659531922340393,0.22083220005128268,0.45277595520019515,0.7680221139329726,0.5558804842681369,0.28715345587602453,0.022316832933574924,0.009320774664731468,0.020424324557673987,0.054140052279341745,250.5294594696317,224008,0.08626426365226508,0.1654314863602672,0.11431869082321408,0.025932307716848388,0.7753427088260647,0.9584754953342206,0.9432161221137417,0.648168266493048,0.010081914542242882,0.01143809533842831,0.009937228156649809,0.009136736453484512,0.056572073362767684,0.06809815553643334,0.051051774999860064,0.050687731759317504,28000,0.08506827062757849,0.009377308583432088,0.010053671563086522,0.457284973087636,0.009472683593313302,0.054621049673931506
0.0006559991836547852,0.48554271697998047,0.14938946008682252,0.6894375133514404,0.26199822099260467,0.4073697766661644,0.7610612095348424,0.5435129698970557,0.2928482116529006,0.021585194645449522,0.009943081238479524,0.02208542980799812,0.04574188509427789,250.53527730653994,224808,0.07487227151170377,0.16419302944153072,0.11134983220805673,0.026413058109155195,0.7513577568531036,0.9597721055701931,0.9302771362958783,0.6888360790352318,0.008895492188166832,0.010165759704750837,0.008654584827788992,0.008354531098342508,0.047510704509913924,0.05270167049414742,0.045393538085929046,0.045391926935767365,28100,0.08850130608058676,0.009025010466362988,0.010449735879404782,0.47283238798515986,0.008505838874251196,0.04682193970792502
0.03705079317092896,0.4259243226051331,0.16969767570495606,0.6478174114227295,0.24778226473408796,0.44030456453561795,0.7680988710010997,0.5514368876432766,0.28909848866954674,0.020531218415126187,0.009894319867150671,0.0215861063116254,0.04454475093297858,250.5431702732978,225608,0.0834437365457415,0.16445033832461436,0.11366174794160404,0.02615098548540599,0.7722580671310424,0.96035362898776,0.9328025203484763,0.6856823793794741,0.010133793707937001,0.01109870037566706,0.009794853348284954,0.009316239599631276,0.0599101699423045,0.06566477908991872,0.059537863869888706,0.05601290973130048,28200,0.08675525188446043,0.008213735971060626,0.013066502329648325,0.46987405952654393,0.010147173653699862,0.05732406571409422
0.0005890893936157227,0.4595429849624634,0.1599219012260437,0.6766682839393616,0.2743277728285082,0.44990137755870824,0.7785688337904434,0.5463640239283937,0.2935581857604638,0.02350227566435933,0.009651309337372104,0.02183034695393592,0.05103347970704947,250.55283045376595,226408,0.08354256078600883,0.16561868290106443,0.11218192638449759,0.025005078117274458,0.78469493329525,0.9620252969088381,0.9322930266506868,0.6757783898285449,0.009919999483972788,0.011248144049507865,0.009551784826963434,0.009364854180741879,0.060030073123052724,0.06915612346104658,0.05632168833846097,0.05825520454728537,28300,0.09092150614854017,0.008551556434899438,0.01312245487841131,0.498964365274628,0.009351868073861664,0.05502372169638615
0.000552060604095459,0.4557937145233154,0.1582435894012451,0.6677228593826294,0.261397768762947,0.4222686372697352,0.7674681857145957,0.5525663728357985,0.28382272860211,0.023818272408097974,0.008957596654612671,0.021408339911793722,0.05206966753785482,250.55914217193342,227208,0.07819086154922844,0.16390138938611387,0.1138680356457762,0.023058079341250766,0.7612682518363001,0.9656962011400502,0.9335645075836871,0.6619964584989365,0.010140229044482111,0.011434844484069067,0.010084535690589175,0.00934731321549923,0.055563388008158666,0.05523815301751189,0.052479622796034596,0.0570934278108531,28400,0.08933108225865402,0.00894236807919218,0.015233274520454934,0.47076656773526193,0.009850341906791097,0.05780000740071383
0.03198696851730347,0.4645256996154785,0.1589978814125061,0.6703345513343811,0.308914815302008,0.4328389905393122,0.7683244517497847,0.5627428343196114,0.2967187362164257,0.022136389291845273,0.009436522066703442,0.020021423223445172,0.05139331025537103,250.57393713393455,228008,0.08107513988390562,0.16418612447747025,0.11654900757227823,0.02698140285094269,0.7591302552819252,0.9624771462720734,0.9433175321824535,0.6733434000611309,0.0104374502459541,0.011598227870356484,0.010027537746968377,0.009694715610239647,0.07459776639007037,0.07510603701270982,0.07067577693678308,0.07179206682834773,28500,0.08668982940839563,0.009440705885474644,0.012515662482190064,0.4666180686252873,0.01020498690990412,0.07996472467827358
0.0007284235954284668,0.47489328384399415,0.1574539804458618,0.6808964729309082,0.2767870108207646,0.42947764769196495,0.7708919962045505,0.5510624053987493,0.29233065230127786,0.024164573126472525,0.010016668585559284,0.021163376504826605,0.053585820787838696,250.58149493397178,228808,0.07923799889162184,0.16371951089595177,0.11352073193247457,0.024879855995945555,0.7620269119739533,0.964930790027386,0.9356138604937241,0.6632526917992349,0.00965710423421115,0.010953024072279481,0.009340244250426307,0.008941964133181301,0.056555246454663574,0.06362587389380193,0.05287499859639741,0.05406596118401492,28600,0.0854578210560025,0.008368052560657951,0.013268282442338403,0.46370291775041594,0.009455010956509526,0.05599745684379683
0.04242927551269531,0.4756640934944153,0.14364520072937012,0.6682109785079956,0.2431267010291024,0.41356528937816606,0.7709610337879567,0.5483596029923042,0.2943012838439988,0.022980772340670225,0.008898496560573102,0.021474766663185856,0.052165514463788164,250.58559469335054,229608,0.07614677082747219,0.16499315791907793,0.11307519574077607,0.026301195117842256,0.7505806171894074,0.9623481545218807,0.9333752911102958,0.6663099160335336,0.00922482251189649,0.010211802652992187,0.008847708946216849,0.008880711378520485,0.055154816070571565,0.06253026947777528,0.04925874087411132,0.05239573923017588,28700,0.0887911637606614,0.008922397683182185,0.011496433296280216,0.47591335113059713,0.00903506028715153,0.05676237299618587
0.0008769464492797851,0.47623239278793333,0.1495195746421814,0.6791391205787659,0.30073547739661777,0.4202212515473363,0.7738034344797762,0.5423449165557496,0.2984823469963408,0.0235982028581202,0.008964041593114857,0.02187994745882909,0.057414545353664005,250.59137013476197,230408,0.07811724089086051,0.16506653896827805,0.11097184171778471,0.025555989325410974,0.7523330670595174,0.9630226564766774,0.9309188588779775,0.6686480699673938,0.01005037805531174,0.011485785814516963,0.00980434191633184,0.008906022098887224,0.059923490385990597,0.0765115117780565,0.05580795260998023,0.04931070740365062,28800,0.08872812020874352,0.009983175203477579,0.013118591725638298,0.46761855236980887,0.009930545686308398,0.057495636391291086
0.03970145225524902,0.4796770143508911,0.14712395906448364,0.6785080099105835,0.2559183571740914,0.42802193358540536,0.7645847500743954,0.5521142715087506,0.2869595184227344,0.022859617909416555,0.009311042552221614,0.020890593105646695,0.05494384856537525,250.59864054525917,231208,0.07985440306365493,0.16395253945605556,0.11407663705207967,0.02402075583843871,0.7575202548503878,0.9618711617135783,0.9360594201472495,0.6476075358959066,0.009860412273556003,0.010971009572495785,0.009687278164370398,0.00893080664962685,0.05627323030028492,0.062307000185968256,0.05171991070301864,0.05135985971742112,28900,0.09032459022915539,0.008712671163569512,0.012017457680913694,0.4813473280154017,0.009716379017952614,0.05865494550808392
0.0006750226020812988,0.44804457902908323,0.1771742582321167,0.6739950203895568,0.27495927702074574,0.4330011884868145,0.7650137532215847,0.5573515177649605,0.28724065868585713,0.0220861565321684,0.009738342548819041,0.02080687683294803,0.047917839235571316,250.6049526675305,232008,0.08082121193408964,0.16335164540662192,0.11570226401090619,0.025788585689631032,0.7626904696226118,0.9633619558925807,0.9379495931606666,0.6679527645601941,0.009296086747199294,0.010580674892900363,0.009279890707237474,0.008408394194774182,0.052639772901311506,0.061073174055379174,0.04570059697874181,0.04967405597277569,29000,0.08142003771322577,0.008823412663490592,0.009867901787283313,0.44657068375660003,0.008846080978401005,0.054087874540330295
0.059103665351867674,0.46587568044662475,0.16240534782409669,0.6810450410842895,0.26944391263667644,0.41529315412044526,0.7723497040363964,0.5494914571444189,0.297570636165021,0.021698342333547758,0.010495559208851455,0.02135877424318876,0.04744088991549867,250.60948977606347,232808,0.0765873196721077,0.16437283232396466,0.11220587887579485,0.02874133265624533,0.7608788326382641,0.963701417432964,0.9389546414216355,0.6881316821587264,0.009403138007037333,0.010565783141582219,0.009323847265027108,0.008884834295828942,0.053210892891511326,0.06486405427078841,0.04825783744010891,0.04891012709701273,29100,0.08690852353806214,0.0076782064993408915,0.010816492116131449,0.47891835137358313,0.008970676297497643,0.05216452636632999
0.0007692813873291015,0.4780649781227112,0.14763993501663208,0.677291967868805,0.2683630850513985,0.4269868764281272,0.7645430729306973,0.5496758210415743,0.29985932003835164,0.022806312805041664,0.009697379132622638,0.021023797508025015,0.050748934368304716,250.61591626308365,233608,0.08020751480013132,0.1642876577201149,0.11295635391939043,0.027935514507558323,0.7640119850635523,0.9596914199772723,0.9359760789238672,0.686251340828505,0.010593135338276626,0.011511854251635633,0.010444621123107409,0.00989434212271877,0.06425627125194298,0.07019123196684439,0.05688151844886453,0.06296319388004548,29200,0.08979471073006147,0.009362547101001392,0.015178092396724019,0.4728883462722858,0.010514670032819716,0.06679742898312253
0.0006092381477355957,0.4759656262397766,0.15423774003982543,0.6814551067352295,0.2653033890800313,0.40345003962516773,0.755904257978712,0.5467929088821014,0.2936563672441424,0.024839141033589834,0.010383509414802707,0.02025526566527942,0.053824342589712505,250.63652184195502,234408,0.07301484333351259,0.1635855954033988,0.11222073241757861,0.025516967046239868,0.7468164867162704,0.9589984631538383,0.9425990063076223,0.6628043685124553,0.009047287921421229,0.010359180463211874,0.008915934272711947,0.008543691577720428,0.050935861477628346,0.056178007211004015,0.04862698954578567,0.04845761916967049,29300,0.08741547774966107,0.00857309243897677,0.011601960084788355,0.4729784198916781,0.008611493174558386,0.05142299950095175
0.030980567932128906,0.46972319126129153,0.15370766639709474,0.6742946696281433,0.314753757992925,0.42286962240934384,0.767411175512132,0.5416854855848509,0.2999607999053299,0.021760029634460797,0.01017978816581447,0.02232166620240333,0.04726902484718255,250.64632185485706,235208,0.07991225115954875,0.16438316532543717,0.11039386119912652,0.02951236612392657,0.7581843948364257,0.9605713225546341,0.9289788045985177,0.6944436165674819,0.010838204626925288,0.012859745904625875,0.010432318664768483,0.009880171335394943,0.06167860957793892,0.0820085487040204,0.054184435749735284,0.053329236654281964,29400,0.08750778642254615,0.009753456687936908,0.014758597703580312,0.46448005370373946,0.010056890312248374,0.05567320164310624
0.0007296824455261231,0.46876753091812134,0.15601109504699706,0.675335328578949,0.2438796501909622,0.432791813313961,0.7647336886345765,0.5464155476697733,0.27765783594875804,0.024625249858945604,0.009013768033468102,0.02170255458848159,0.05701079086014409,250.65323244401566,236008,0.08012823062017557,0.1646468010776252,0.11245947640756489,0.021342585503873295,0.7598482513427731,0.9608516519509471,0.9317028754753685,0.6272629697148389,0.009288141618017116,0.010303406836012904,0.009400027379953234,0.00862603054109325,0.051179779683006944,0.05685502015623874,0.048004064426381374,0.05070045970312162,29500,0.08745422348676413,0.008713109588081178,0.010546846828550442,0.4710314653136515,0.00873562155307312,0.04893880472875686
0.03034799337387085,0.4656057357788086,0.15406084299087525,0.6702401447296142,0.294113807332017,0.4530539342761041,0.7674099998968141,0.5476788965308614,0.29451430007257556,0.023088713614270104,0.00966230176833903,0.021584054379987075,0.05323225955533627,250.66031016529257,236808,0.0850366653129458,0.1643347299850736,0.11218482899091166,0.024543873490118273,0.7822109633684157,0.9620321763528361,0.9341765136996725,0.6683305734619092,0.009826380996964874,0.010685039755493923,0.009637205105592324,0.009213477417946177,0.06122536068083718,0.06692794689107351,0.05883979507734489,0.0558787516024422,29600,0.08852117315733013,0.00927537657220715,0.011548220847977235,0.46963362360284466,0.009625053310412024,0.06280763977944544
0.0007643961906433106,0.4678720211982727,0.15790783643722534,0.6746357107162475,0.2740596960785228,0.43506481498479843,0.774346783393767,0.5604648197171702,0.28652860471422636,0.023329881373792896,0.00949486411267483,0.02129190322475055,0.051538225007353736,250.66693798535846,237608,0.08158865304663782,0.16560843710492287,0.11618633786985529,0.024294394717256054,0.7681805390119549,0.960935016376216,0.9327286633092964,0.6661040870499271,0.0107825439888984,0.011891922515975982,0.010632980112171737,0.009491214491162112,0.06561950174655068,0.07561215993468424,0.060094452905584364,0.05549137507771116,29700,0.08852348061370072,0.008542185894193255,0.015527987969744066,0.4892149349379408,0.011192982596513187,0.07217182205033182
0.03386967658996582,0.4522974753379822,0.16032012701034545,0.6626457500457764,0.2757059778800816,0.4291156327724456,0.7605434593996161,0.5489729302051746,0.3013692689464264,0.02288086196407675,0.010914955935352676,0.022102772597319027,0.05124249178724194,250.67119110920015,238408,0.08038300342857843,0.16375946935036717,0.11274630752129429,0.02679240641294566,0.7651343747973445,0.9598410437457372,0.9296196686915862,0.6882455281375609,0.010025841924361881,0.010913889069480919,0.009412553545851743,0.009303710322596677,0.05811601270921527,0.0596260487574254,0.05300377076730512,0.056416041592193614,29800,0.08651239183731378,0.008752749308478084,0.01284949072985911,0.47392785787582414,0.010387376009020953,0.0631563325552269
0.0006077361106872559,0.46673519372940064,0.1557114028930664,0.6686452007293702,0.27383185924695613,0.4324077433347702,0.7707182313714716,0.554616554176866,0.2841797187617144,0.022865621298551565,0.00952252411848999,0.02152722322478377,0.05355532948868644,250.67652174154316,239208,0.08156402138993137,0.1652997815183232,0.11421801893068059,0.024297913274794965,0.759011555612087,0.960246222643625,0.9347360107699051,0.6406901503346633,0.010447460277937358,0.01073560297843956,0.011402348168836592,0.009962799421213945,0.06437361214775598,0.06723189683675412,0.06531808844634465,0.06199315865044046,29900,0.08475306857898447,0.007943040170764719,0.013669481467204704,0.47415666598730144,0.009616745237762915,0.06266293600877171
0.03861262083053589,0.4223698329925537,0.1712622547149658,0.6423143243789673,0.26429154374330893,0.42303550958633424,0.7677698232806649,0.5466195906201998,0.29688756976808817,0.022088491627946495,0.009556724161554408,0.021624734501043952,0.04811654011940676,250.68231854304418,240008,0.07855381105095147,0.1643671326769085,0.11216568731599391,0.02789298614509225,0.7616352820396426,0.961962311313703,0.9325450046194921,0.6819815170197261,0.009612427153624594,0.010736041874714341,0.00966840777028765,0.008605160739361514,0.054576246631331725,0.062742651800643,0.0505927956585462,0.0515970673212515,30000,0.08908103053264392,0.00834687652197749,0.012907595004849505,0.48587053807655217,0.009452712173472237,0.05281405135906197
0.0006273746490478516,0.4589086961746216,0.16187824010849,0.6710834074020385,0.2612437280381896,0.43087986722588567,0.7763505440040174,0.5469083844446662,0.2929650049038865,0.021780227217823266,0.009181809962584898,0.02165742583262424,0.04819583501573185,250.69209449716888,240808,0.08100151911377906,0.1660045239285296,0.11098807527884547,0.029332219934250097,0.7689868116378785,0.9613327231313207,0.9371052910299861,0.6720895497643167,0.010464803010690957,0.01160335677946582,0.010361972981698666,0.00946275462003322,0.057551570739597116,0.06696136629557597,0.05633302501576279,0.05230794777045371,30100,0.08884219874234241,0.007995816293297356,0.013523804773960608,0.4903278771749475,0.010409434663237457,0.05436536352649408
0.05174350500106811,0.4400008106231689,0.17832579851150512,0.6676522946357727,0.21757179569496526,0.43182084247469915,0.7639250649647277,0.5575983246167502,0.2811399005152082,0.02147407477721573,0.009003784239228653,0.0203274276680671,0.05167023040152886,250.70408000294273,241608,0.08148695178329945,0.16347650824622692,0.1157540067457236,0.023852962768963867,0.7566638416051858,0.9639454378323121,0.9396477778752645,0.6439776307827723,0.009898296995088462,0.010609588717025786,0.009683812775004364,0.00963438754347531,0.056852107280865295,0.06034098202574319,0.05259247175776043,0.056422339533329806,30200,0.08325304212979967,0.008377931353170432,0.011199500208022087,0.45447951138019566,0.00956911445828154,0.05756502486299727
0.002643477916717529,0.43504449129104616,0.15255296468734741,0.6355746459960937,0.29641363160896883,0.4351966953277588,0.7615019633011381,0.549293687000224,0.2942626355574107,0.02213439702987669,0.009643996918087143,0.021464710667952094,0.047975686618323986,250.71344117285818,242408,0.08172036610543726,0.16465434567494822,0.11338994996217279,0.028498817183740026,0.7763108772039413,0.9576723689382727,0.9336821106464969,0.6884572663559365,0.01035247128456831,0.011235868333923534,0.00993397422944721,0.010043311517130442,0.05604916785378008,0.06457056440201321,0.04740433160812879,0.05580603324835045,30300,0.09760775359624876,0.008815897853445605,0.012557619430887654,0.507256148977483,0.010070350746861956,0.0548072243778114
0.0006936073303222656,0.4729780888557434,0.15321213960647584,0.675085813999176,0.2589124612136828,0.43531305491924316,0.7632592881254381,0.542016141793944,0.28813904176637944,0.022669125460088247,0.008950641474530585,0.021854333969002424,0.048877235477139215,250.72490859476056,243208,0.08155022781342268,0.1639511627076296,0.11025787646120244,0.024570810805228552,0.7785654944181447,0.9617786874324822,0.9333275830203841,0.6850706104514676,0.010233530229888852,0.01107530795918603,0.0096182405101982,0.009766718209947204,0.05286563883069903,0.06407265504592755,0.0449816719861701,0.05325401497290481,30400,0.0860152888106324,0.0084307378788386,0.015437288296937248,0.4745889466408399,0.010588185992418682,0.0492366501102932
0.031993520259857175,0.45150341749191286,0.15684420585632325,0.6623345375061035,0.24565959674112486,0.41256433129310627,0.7723694687406419,0.5482301622129679,0.274910810787531,0.021897719474509355,0.009481573051295886,0.021330410718668077,0.04789408572433052,250.7309378775892,244008,0.0765133533626795,0.1652850445561809,0.1129307163744,0.024321701380940614,0.7423692035675044,0.9615136279261175,0.9318560475077711,0.6492229420426892,0.00957101170672104,0.010972046346077935,0.0093218205996149,0.008818241618617797,0.05571451414842157,0.062323851829734225,0.05160186362229079,0.05305100244280147,30500,0.08271054199172398,0.008065800082415413,0.011165899098603325,0.45854987240067985,0.00917985066794003,0.05550422364000036
0.0007961416244506836,0.48807071685791015,0.15576807498931886,0.6974887108802795,0.26180851303020186,0.41734530493617045,0.7666244668011765,0.5455525509899631,0.2888624450002893,0.024711860902607435,0.009325915620286887,0.021736479127959257,0.05744994781992357,250.7361174449336,244808,0.07624049179255961,0.16446852760047329,0.11081219965658215,0.023221991943861327,0.745021935701371,0.9610796646804227,0.9361030035817683,0.6472835094456513,0.0090407998743467,0.010371252117507475,0.008827519978911891,0.008174680054169782,0.05161212868057189,0.059944055943597814,0.04660455340538458,0.04710764493028394,30600,0.08174734997563064,0.008836918079759934,0.010598031707340852,0.4462297773361209,0.008843471386935564,0.05304144229041413
0.039316279888153075,0.46418952226638793,0.15573871612548829,0.6767943692207337,0.25900905345745767,0.4444782680273056,0.7695591158844067,0.5429714428527017,0.298686201283426,0.021558774858713145,0.009211500319563144,0.02184815217443435,0.05180416805951889,250.7416160428469,245608,0.08470922723412516,0.16454148634769122,0.11100027076273909,0.027727425005286938,0.7788162738084792,0.9623017921402128,0.9312874131342942,0.6755878192005746,0.009906012588180612,0.01072861010689983,0.009792052547862175,0.009233662175635496,0.0515996714757057,0.058185967757660696,0.049332984326458176,0.05068303968538675,30700,0.0863528389364798,0.008373767743754057,0.012686816514766925,0.4724125189984099,0.009725892515060426,0.0479516920288703
0.0007853531837463379,0.48076098442077636,0.155295729637146,0.6902377009391785,0.2453483843375059,0.43019577562808986,0.7758763332672302,0.554851269039015,0.293207099142412,0.021920351097360236,0.008359535624791532,0.020968727163563006,0.047272881329246744,250.74707279459463,246408,0.07890978159382936,0.16446996645387188,0.11396073666401205,0.02633726964364484,0.7683638727664948,0.9660881502287725,0.9380336627364156,0.6835864417629147,0.009432125797029588,0.010596878746331763,0.009395329687928696,0.008907855733948408,0.05397035945672538,0.06334793080204153,0.053639205638319254,0.050514105945553396,30800,0.0855372387375082,0.007852357606308393,0.011247841389699576,0.4772436003531178,0.008816185732802724,0.04814699423619571
0.05138106346130371,0.43867264986038207,0.15624804258346559,0.6496906113624573,0.2064626551820674,0.43519610479474075,0.7633164081399296,0.5548433714053206,0.2925835485307224,0.02215519119985402,0.009145845882339446,0.02079155056533169,0.04930257512051522,250.7526794497696,247208,0.08170578684657813,0.16514977111936155,0.11449381561680913,0.02546184989244958,0.7696411263942717,0.9571861937710142,0.9361874282678816,0.6777296362881461,0.010019926116801794,0.011026615602257721,0.010007968969284537,0.009211659616385223,0.053884891578927625,0.06195197207640572,0.05341689601879226,0.04541443392375938,30900,0.08694550024496549,0.008264618412264302,0.013324107437369387,0.48311666089135225,0.009753432537655576,0.05437759531259133
0.0008416652679443359,0.48623313903808596,0.14591892957687377,0.6859751462936401,0.2633705190191278,0.43820842295885104,0.77568467600005,0.5448825227988273,0.295945401874281,0.0212623110692948,0.008952561376749402,0.021748676512090243,0.048580131040365335,250.7582932762984,248008,0.0821173903532326,0.1659265379110972,0.11052071539711611,0.025742036205345882,0.7802366495132445,0.9615221900599342,0.9363445642435152,0.6859421505722956,0.010284871330950414,0.010780355944076472,0.010220989408368741,0.010136585026699051,0.062356324815191363,0.06085179538599079,0.060852741173764366,0.06157417793668084,31000,0.09148652660491546,0.007797594865605504,0.01420440110245266,0.503190235152763,0.009958490862033374,0.06639097065910932
0.03722931861877441,0.4376120591163635,0.15732690811157227,0.6449510931968689,0.2900376730636453,0.43073344007134445,0.7702087498156823,0.5598060858125486,0.2950684287876046,0.022743042428046468,0.009203756067610269,0.02061643379662805,0.054794277414364136,250.7660516666886,248808,0.080846922211349,0.16547486889306634,0.11644171300576997,0.02443400075013636,0.7516316071152682,0.9615571587999295,0.9378419105584428,0.6716234255089327,0.01003370370483026,0.011033335437336653,0.01024863632968239,0.009143316384069828,0.05866422833409162,0.06756394338646092,0.05581517036868416,0.05275219858737374,31100,0.0805433110674706,0.009318811281743205,0.011176004082464235,0.4318516141030849,0.009609776626272899,0.05749278311594953
0.000877680778503418,0.45262152910232545,0.16417055130004882,0.6664810228347778,0.2943674325852324,0.41825097277760503,0.7721052160768797,0.5430543845405389,0.281401834633362,0.024642152525484563,0.009188343481527592,0.021993940909944314,0.05652858492468245,250.77573040429786,249608,0.07675826378166671,0.16460420003142007,0.11140414726521293,0.02224113675877096,0.7448530215024951,0.9634084265039424,0.9289841359975383,0.6356943688894576,0.009520296482369298,0.010285313464607091,0.009680979649954458,0.008915740063048579,0.06262212578207257,0.06890501638385221,0.06060130209471954,0.0589529234229734,31200,0.08361573860540918,0.008980422462738556,0.011834360395562913,0.4577996873008417,0.009232910839264008,0.062210615105019296
0.0007872343063354492,0.4506059098243713,0.16582396268844604,0.6666036605834961,0.28231387928581375,0.4133685946464539,0.7711970380834634,0.5515477359294889,0.2901242708264313,0.022720844699069858,0.010209056770277988,0.02078308240044863,0.05007108429841368,250.7812245451783,250408,0.07698268167674548,0.16558917793067734,0.11408248441293842,0.02748089391862044,0.7478304833173753,0.9607834693547836,0.9384483334422107,0.658539734156849,0.009700429583899682,0.010702868795173393,0.00924644505837932,0.009446733284815038,0.06087755528744312,0.0690531486167094,0.05162913769250736,0.06361852298843963,31300,0.08876722120627208,0.009278083172350038,0.012061458867359562,0.4676708078609324,0.009496872978864849,0.0598435095788138
0.03319751977920532,0.4274334716796875,0.16905636548995973,0.6458702826499939,0.264197394546162,0.4132667782902716,0.7611989204172065,0.5509514007517088,0.3002687173873875,0.023414807394146926,0.009379702161251509,0.02141306616405966,0.05181610495891686,250.7866590607179,251208,0.07504665586166089,0.16304189817131493,0.11323871201164619,0.027141313231008695,0.754526722431183,0.9644465306042378,0.936508920243991,0.6794973958370307,0.008688758162315931,0.009573289905114012,0.008967624749407486,0.008121633539409503,0.05174457509070636,0.052598049981197735,0.04518067898348936,0.05134047939507074,31400,0.08745044734006607,0.00873571961934572,0.009608362336831081,0.4765840906363268,0.00821335934429393,0.0572481882946494
0.000605311393737793,0.4621251893043518,0.1604021668434143,0.669032347202301,0.2634828227318353,0.42437172725796696,0.770082076292227,0.5522323963568382,0.28507240580029447,0.023396199485287063,0.008659572411434594,0.021058248396790057,0.05288796156252689,250.79537526520295,252008,0.07877087172120814,0.16506176818125332,0.11376013167048851,0.02477981533819551,0.7554372620582587,0.9610456877415725,0.9364680254582274,0.6535935350582368,0.010017570219933984,0.011151274691547938,0.00979796009973535,0.009295774795311067,0.059682714864611644,0.06776953849591094,0.05218595876982529,0.056504496288570474,31500,0.08834658385469359,0.009378676053781348,0.01243986290437766,0.47150118381549144,0.009835269213773505,0.06217030456337418
0.05249758243560791,0.4404114675521851,0.15632014036178588,0.6486747455596924,0.2726327057125335,0.4241319367289544,0.7728546404618811,0.555465879390039,0.28536918201418776,0.024437066782265912,0.009047257858822077,0.02083527965538472,0.05755051927164542,250.8066179407873,252808,0.0776434725895524,0.1645020656459344,0.11486841563180271,0.022839838528442506,0.7474689322710042,0.9636405181774897,0.9364171322569792,0.632808199316957,0.009576909774914398,0.01079863278315433,0.00920446249319757,0.008845180426832555,0.07127059197053309,0.07332953866485356,0.07430196808740855,0.0637780988155756,31600,0.08927912989834161,0.008685051884829514,0.012074791360646485,0.48201063806467753,0.009349356140332795,0.0745423056351224
0.0007810425758361816,0.48008801221847536,0.14918119192123414,0.6796503949165345,0.2834125832826203,0.4174742230772973,0.7686558019428347,0.5478258650712299,0.28030866323546916,0.02357186323031783,0.009850687861774133,0.021356653391543495,0.0507410859308121,250.81375311040335,253608,0.07768761914223435,0.16438330561702783,0.112968928434632,0.025493460314729342,0.7524078014492986,0.9614061291929316,0.9320785987256752,0.6408199635418971,0.010251021189615132,0.0117309527247364,0.009503864055273663,0.009555230679159801,0.060233827433548916,0.07316000141320421,0.04939562998326363,0.05718920155936345,31700,0.08915546694429134,0.008295041252371337,0.01453651731507121,0.4856843698711289,0.010347063606848738,0.06204996124173259
0.031002349853515625,0.4552783489227295,0.15148895263671874,0.6571818804740905,0.23502683839403551,0.4191868329048158,0.766484000874524,0.5464414097986173,0.29627488988141215,0.024078047391958533,0.008680702671502255,0.022133561219114473,0.0512452658608948,250.81933611438524,254408,0.07681690629571682,0.16528630264140862,0.11275998607936492,0.026660849705844966,0.7451939958333968,0.9603289111175722,0.9282685900261392,0.6720668660444125,0.009274425236508248,0.010384660120585453,0.009028884651684792,0.008502578883627921,0.05038652343442663,0.05397129203684291,0.044443726492016604,0.048055304140832894,31800,0.08522176078986378,0.009608764925966781,0.010798538463859593,0.43646812625229375,0.009271753738479058,0.05504170725544098
0.0006904125213623047,0.48357118129730225,0.15686764240264892,0.6930125379562377,0.25623615756743867,0.427831530570984,0.7711478417046407,0.5443781290365309,0.2925131412843863,0.021932118781842296,0.008879947653805143,0.02195576253540561,0.05107859259264337,250.8268706046241,255208,0.080782038802281,0.16557206738974153,0.1112559880287463,0.02848313410585333,0.7534483289718629,0.9603021504798368,0.9303814898366508,0.6656655235422979,0.01023348025046289,0.011365525883393013,0.010115430573370434,0.009908939238327237,0.061211076811887366,0.0669444335426614,0.05547348084828059,0.061976292964795406,31900,0.08397564661770472,0.009556098303133708,0.01065660026308728,0.44450170091055013,0.009498141509327063,0.06054670115010539
0.02956644058227539,0.45980144262313843,0.14455279111862182,0.6541525793075561,0.24025524503187515,0.42424699649214737,0.7704215988074194,0.5478749773352621,0.28455620111628643,0.021909293262288,0.00879500223909237,0.021280193840859878,0.052072554747051095,250.83256192962895,256008,0.07897156249731783,0.16448862570347175,0.1119881665721032,0.023613858914480892,0.7566464868187902,0.9629424645168951,0.9363210008340177,0.6548133855834996,0.009424609136767684,0.01060118966293292,0.009357308671958203,0.008796250973056174,0.059580549625679886,0.06448602289800524,0.05326794522279056,0.05701354566592982,32000,0.08407011794328112,0.007883707333045695,0.011535321685312057,0.46340321997801465,0.008903848874729649,0.06348169301225635
0.0007301473617553711,0.4610634160041809,0.15727644205093383,0.6674052882194519,0.24672130326767783,0.4158117835223673,0.7703890439867965,0.5452639904461414,0.28822918048109625,0.0217720626015216,0.009365958340349607,0.021419754033712178,0.04846124791286212,250.8384980756812,256808,0.07714028207585216,0.1653627244383096,0.11150683425366877,0.02559643748423293,0.7480073326826101,0.9610748171806337,0.9337795533631976,0.6737850160911835,0.009653428560122844,0.010858753232751052,0.009524090195956998,0.008942335378378631,0.06105984456837178,0.06988794321194286,0.0562889204360545,0.0579072341765042,32100,0.0844437872006927,0.008864990184039658,0.011251354575780978,0.44982715597692513,0.00929638046885507,0.059951696992974784
0.03479327917098999,0.44667940855026245,0.15899179697036744,0.6544368362426758,0.2981438449054711,0.4179877755045885,0.7773451337015441,0.5515654085546121,0.28221317997505496,0.023897665725089622,0.010752164372925633,0.021494097677439594,0.052198089254197014,250.84682246862718,257608,0.07670328378677368,0.1652656172582619,0.1137924052926959,0.02518575392273623,0.7532273012399677,0.9624851052673697,0.9338560676088132,0.6574828605319182,0.009779600850306455,0.01094352827695107,0.009710151744930407,0.00920025132986348,0.057075068852864196,0.067495498911073,0.05253530689515176,0.05311126898497687,32200,0.08653860292726705,0.008227458695829328,0.01049821147979755,0.47652818066905256,0.009354661623335848,0.05582106973260944
0.0007513713836669922,0.4658761978149414,0.14470890045166016,0.6611502075195312,0.2937957798028636,0.4250365421175956,0.7720903238654139,0.5542404661969385,0.2828037627041339,0.02253202353138477,0.011844676987966525,0.02115970970786148,0.04950066305687559,250.86173923633538,258408,0.08054220236837861,0.16525982230901703,0.11481308206768324,0.026108165380940067,0.759996129274368,0.9598243066668514,0.9343360134280551,0.6552504391381231,0.010647581671364603,0.011622695140540595,0.009866123246766702,0.010488029839847292,0.06058973633218553,0.06695375001989305,0.053775648242969154,0.06106402569525697,32300,0.08829725411720571,0.007906454117037354,0.015100688840029759,0.48778288960456856,0.01061969752423466,0.060638405145145916
0.0008402061462402344,0.4822989392280579,0.1542627477645874,0.6842849183082581,0.20764504984662152,0.4214517821371555,0.7641604036713641,0.5600054679539402,0.2837196688665902,0.022952701142057764,0.009683375834356406,0.020863593280719107,0.049654436583609005,250.86729302565357,259208,0.07789636194705968,0.1629555889715752,0.11661836007619138,0.024367915205440887,0.7527785176038749,0.9647002505759397,0.9355602129339591,0.6528671167617621,0.009325294056907303,0.01041461423301371,0.009183445335205253,0.008682482572662277,0.05629914990859105,0.06434514034238724,0.04935361896962698,0.05150118863080126,32400,0.08295678289509134,0.008378628179381946,0.011142040725405273,0.45639585507543445,0.00910345345588499,0.061018488287778665
0.03206909418106079,0.46564855575561526,0.14550681352615358,0.6630695915222168,0.24230851941815532,0.4320780144631861,0.7678067637262522,0.5506429588422179,0.29393955208745176,0.021826383778825415,0.009190769844011544,0.021576414762724483,0.04949099123093886,250.8728053943159,260008,0.08043155696243048,0.16409238000158904,0.11339177963479116,0.02580379373537971,0.7597005003690722,0.9625298830646055,0.9325435428569714,0.6750092552494762,0.009567862162366512,0.010570880745675552,0.009459014043386565,0.008754388316409642,0.058058435616549095,0.06643625694495213,0.05447789803292835,0.05298713217105375,32500,0.08620418849015477,0.008747357562316031,0.010727948837236243,0.45380703999538613,0.009376249793503022,0.05735988348294424
0.0006431221961975097,0.4862584829330444,0.14831671476364136,0.6842939019203186,0.2778487123811953,0.43720156490802753,0.7739392079488199,0.5504153854138139,0.28527080512421127,0.024895328050479285,0.008708331125995351,0.021222350112086993,0.057052502494107406,250.87925376399812,260808,0.08091400913894178,0.16460794150227256,0.1140326071564142,0.023733437298639592,0.7666266995668416,0.9655067794250722,0.9339262851186699,0.6427519301285486,0.009413311872631306,0.01023629365601774,0.009576026459333595,0.008848952932580222,0.05321696751343552,0.05590007833329809,0.05138970932531014,0.051010179718346704,32600,0.08831223269461545,0.009657706247071995,0.011044940379625893,0.47254179874596575,0.008937874122528151,0.0551314209759467
0.030125291347503663,0.4559562611579895,0.1570196270942688,0.6610897350311279,0.2508755509033542,0.42047702938318254,0.7601955091953285,0.5510146594726976,0.28869578319985756,0.024543445687741045,0.008831724479678085,0.02123404298112801,0.05647158456780904,250.8886694877819,261608,0.07777511909604079,0.1642772573232652,0.11344895616096536,0.02503889032432113,0.7442197248339653,0.9602713084220884,0.9352681185915059,0.6463675335120252,0.009654969894327218,0.010628386181779189,0.00963143814461296,0.009096373706808871,0.05386453000362961,0.05961424553534016,0.051516493145434376,0.05112367969500652,32700,0.08715246528463105,0.009462944054334633,0.011151987710036344,0.4409756143482367,0.009286205433974312,0.0532601801179616
0.0007000064849853516,0.47984243392944337,0.15539391994476318,0.683830156326294,0.26193371250444064,0.41550151348114006,0.7723993998701851,0.5480181343347127,0.2986771547346532,0.022867691600695253,0.009324597400708269,0.02149895676502105,0.052490132441020375,250.89617166674623,262408,0.07633543586358424,0.1653374286108119,0.1119743920139317,0.026397114595485154,0.7455284053087236,0.960984871272118,0.9361833504681448,0.6805863559554903,0.009156459413934502,0.010231671571951888,0.009123562837417401,0.00842558095410196,0.05253747966140509,0.062110011939019424,0.04976527844962563,0.05045330119102114,32800,0.08464414906189893,0.00930417430218916,0.010019622200580175,0.4347562853680098,0.008913886279604112,0.048783195432448745
0.03133356094360352,0.4584889769554138,0.15043586492538452,0.6603341722488403,0.26482569812387613,0.44686617806553863,0.7708852464244481,0.5521250554567863,0.2894909792655225,0.022306458670645957,0.008852696766345102,0.020833246312287158,0.051275883680461244,250.90538167103267,263208,0.08468786204233764,0.16457090207508632,0.11377834008120036,0.026831373425099912,0.7749479269981386,0.9617793455010369,0.9377880820020317,0.6645971713839346,0.010215358366258441,0.011848545830608119,0.00987992828557325,0.009527677551818055,0.0681281568808481,0.08129507663571055,0.058714680231326734,0.06625362819664779,32900,0.08871914278080849,0.00982527603892695,0.012337250774593985,0.4561405131085353,0.009425955364184285,0.06663622966946348
0.0008556962013244629,0.4863344407081604,0.15401729822158813,0.691245231628418,0.27484136464996173,0.4306595313549043,0.767410548490899,0.5537173077089701,0.2889556871934068,0.021364257633686056,0.01011226076097445,0.020842410024985585,0.05051390495047801,250.9126549748628,264008,0.08137593474239112,0.16360304748343546,0.11482736520731264,0.02615288999578397,0.7665907800197602,0.962773691828006,0.9360894686612652,0.6598133603731794,0.00994901790283621,0.011245365611442905,0.009800382496686133,0.009146539753095973,0.05706071326509117,0.06561934706868132,0.04795010374793453,0.054976186668500286,33000,0.08743960687503725,0.00815091650777807,0.012229611567370062,0.4936755930168044,0.009449530478368927,0.05878379755172031
0.03010472059249878,0.4663365936279297,0.1484416365623474,0.6662534475326538,0.2291213161571136,0.42714608341455496,0.76766126942866,0.548001023842462,0.2823364822537577,0.0243481652252376,0.009401283957046062,0.021037466524533883,0.05730860976466129,250.9212949231445,264808,0.079167306907475,0.16464695536974555,0.11226283472461915,0.02278852143700155,0.754610733687878,0.9605328730009133,0.9376191218294692,0.6270725003723956,0.009622220015153293,0.01107850867703341,0.009421702289495197,0.008651133335096022,0.0574724937416613,0.06696173830355692,0.051689674048193114,0.05285230691282494,33100,0.08658795646101072,0.008200201717767095,0.012602293330168348,0.4764850549596957,0.00930450265616099,0.05825426742414793
0.0006174612045288086,0.4668007564544678,0.16106552839279176,0.6772127890586853,0.2660932398256228,0.4259506687521934,0.7596441312478142,0.5492850412428384,0.2918934847305838,0.022475761491805316,0.00965749386187572,0.02077176630031318,0.052607580320909605,250.9282163323254,265608,0.07936597719788555,0.16412272870254047,0.11165616132318969,0.02510472835274413,0.759556104540825,0.9582749009132391,0.9403965395689013,0.6656936320165793,0.009403993613086635,0.010368941121179477,0.009533542469143869,0.008582851005485285,0.060737700479803626,0.05383140866335734,0.07024545791500711,0.05588032524853282,33200,0.08426999090239408,0.008584209495456888,0.01101957053586376,0.4621560990810395,0.009059196251910186,0.06307556675572418
0.029940967559814454,0.4479289722442627,0.1761289644241333,0.6700394082069397,0.2616042720695382,0.41569305017590497,0.7706850014551719,0.5473098691242436,0.28105329763144254,0.02315446708351374,0.008558527450665196,0.021392383117927245,0.05471799122635276,250.93581752377625,266408,0.07689008163288232,0.16453494214349332,0.11223003450625885,0.024447445491096023,0.7441450580954552,0.9629261156525273,0.9351503302653622,0.6328688493371002,0.009717427571304135,0.011763285422189674,0.009216065596168235,0.008683386144693946,0.05726851773448286,0.07161405451614601,0.05531495661125516,0.044248694865964326,33300,0.08887931526239434,0.0084669024173525,0.01188805207188818,0.46920971756889673,0.00923166533355556,0.05792867024207398
0.0007498955726623535,0.4507314133644104,0.15493101835250855,0.6562020897865295,0.24960912108497485,0.4351207803189755,0.7654289210511143,0.5488649059587443,0.292182692475617,0.022813946246169503,0.009163465362290256,0.02133018091617532,0.05239691202528777,250.94277434537176,267208,0.08147201227024202,0.16517611168255336,0.11192789392091738,0.026927829381311316,0.7648407512903211,0.9591393317574661,0.9375503181818117,0.6619779005646707,0.009680065750144427,0.010517153009841927,0.009744483067084152,0.009221277369651946,0.05477000343147665,0.055175543466809196,0.05568436727585707,0.05471004805294799,33400,0.08398081668325362,0.008234739059431319,0.010523511629199246,0.46364103330148265,0.009137758300513828,0.05337226492025558
0.0006430912017822266,0.4853539967536926,0.14978383779525756,0.6921718311309815,0.22800911955733116,0.4209238792955876,0.7648451550682975,0.548598554836312,0.2839870596161255,0.023479428323917077,0.009020160040377978,0.021781264820849997,0.05258723866427318,250.94973030509408,268008,0.07759760264307261,0.16528789172718197,0.11277488169028685,0.023563905413119268,0.7426593965291977,0.958043013639118,0.9323665100305817,0.6475644272107351,0.009113029250875112,0.010170224447044272,0.008827511183350218,0.008480564885898134,0.05630643408745526,0.0624923399459588,0.050275656966691104,0.05416743964619505,33500,0.08176290288029871,0.008976472331062144,0.008955010871844579,0.42882097228286187,0.008985727254934997,0.05831471686587504
0.029163854122161867,0.45877846479415896,0.1476369881629944,0.6568928289413453,0.2678514121602852,0.4218317258358003,0.7689046871662136,0.5470170253858516,0.2907329399067047,0.023016618881374587,0.00866370086441748,0.021646351758293134,0.052095465671020344,250.957324854408,268808,0.07817145944572985,0.16536984138190727,0.11237866162317589,0.02549162772461735,0.759950270056725,0.9610007303953171,0.9334858175347612,0.6611085949608916,0.009687143918126818,0.01065758327953517,0.009641806607217541,0.0087467897325181,0.06147632366977631,0.06886479361914095,0.05859699768272684,0.053610569340749994,33600,0.09319274277607002,0.008508680751477718,0.013416002307606121,0.4972820418391063,0.009737717175383612,0.06500037428714445
0.0006718873977661133,0.47106040954589845,0.15667580604553222,0.6788773703575134,0.26394379123982015,0.42743194639682774,0.7772769759399725,0.5488816796320869,0.2779120087172047,0.02423317968845369,0.008976423310355818,0.02170057344952183,0.05742015909742226,250.96672889046218,269608,0.07940578364301477,0.16653926851171438,0.11281672157170644,0.022958604805877022,0.7535013955831528,0.9598446906817075,0.9325263118856888,0.6227676416888382,0.00950184529647231,0.010699426148538345,0.009364364083891649,0.008906866214473282,0.056719582192599774,0.06421466084253599,0.05227071753486778,0.056535867390909635,33700,0.08914043712839867,0.008607250648560336,0.0113975110951174,0.48021152939821143,0.009033935376167923,0.054082589450779685
0.02998706340789795,0.45399816513061525,0.15104450464248656,0.6533846616744995,0.30271306017168326,0.4024458467960359,0.7728597319674224,0.5458431514962835,0.28953837656047016,0.02540429747663439,0.009243605529953701,0.021582667032565592,0.05936750557871076,250.97454321695346,270408,0.07319860672578223,0.1650188108799103,0.1124153199732004,0.023463095818373896,0.7334762901067732,0.9626409918412399,0.9322208339844517,0.6467096400710769,0.008948819437064234,0.01019647935052113,0.008856236855101644,0.008210306031682156,0.05350415481254459,0.061847065190045986,0.047898928194901144,0.05118195617237599,33800,0.08127518063194522,0.008531110223685925,0.011631566508088347,0.4496144608009694,0.008752986650134248,0.05423010738436566
0.0006207513809204101,0.4672020387649536,0.15371375560760497,0.6718653607368469,0.2431419069372438,0.4412290924787522,0.7655075734051373,0.5485879906768956,0.27998155396167046,0.022569720726460227,0.009492885713161033,0.021335918044615463,0.05152244628737858,250.98176176179888,271208,0.08338688749819996,0.16442319557357307,0.11324466809694352,0.023731956252054702,0.7664787322282788,0.9606775148556782,0.9330939924256494,0.647169894208022,0.00961766907945275,0.010564093565335502,0.009576170033747292,0.008900780045004981,0.05332866845536047,0.05507701634409247,0.049708430297061186,0.05242763920636249,33900,0.08352314099796461,0.00955329344949197,0.010116644397467926,0.44044925949790265,0.00929950815837153,0.056992006424645095
0.03159220457077026,0.4540678095817566,0.14861176252365113,0.6537536072731018,0.27504019416842057,0.44081351652741435,0.7668384063295474,0.5467153284498443,0.2857404340957776,0.022410854091867806,0.009303319183262911,0.02179062697205253,0.04992049999920461,250.98840213197556,272008,0.08285195384174583,0.16485499793832947,0.11172845493000677,0.026292697591890617,0.7655435687303545,0.9611508892728134,0.9341419509021189,0.6579657766619337,0.010207835971377794,0.011410289038843531,0.010175960033290804,0.009391376154561497,0.05312411102000624,0.05990355681765066,0.0524825538854085,0.05011673743052072,34000,0.0878710030060676,0.008848324876614954,0.011561936110309843,0.46161968840493095,0.009618411575340555,0.0484784137224779
0.0007150983810424805,0.4686865735054016,0.1642264246940613,0.6836785244941711,0.22520669787692402,0.4075739850103855,0.7644128854458152,0.5466263200785664,0.2867719310537053,0.021892849169671526,0.008837838376609557,0.021241937685959267,0.050180002274787305,250.9943004696935,272808,0.07584165208041671,0.16546120918714083,0.11302664906189254,0.02588895901841061,0.7418248513340953,0.957820325631362,0.9323631802120723,0.6565291638949405,0.00919722316786647,0.010361345255604152,0.009220017346780048,0.008587899023489139,0.04906667247414588,0.05435473356778041,0.04367841991117677,0.04854142823579474,34100,0.08509136835846419,0.008485619097787937,0.010617887250956883,0.4685449028446665,0.00869964296208922,0.049384221860220234
0.03241870641708374,0.46142027378082273,0.16145555496215822,0.6724571466445923,0.23781180052728368,0.4258458504080771,0.7745758498587264,0.5500915079104775,0.2950113924643977,0.022490136753767733,0.00909931194037199,0.021780315819525643,0.05305341466591155,251.00147629481606,273608,0.07875095792114732,0.16424710794193,0.11290393502573776,0.0256374420588294,0.750649553537369,0.9651695466623071,0.9315290225274627,0.6668295964362133,0.009487479110248382,0.010594427192629104,0.009183352356870676,0.008638116075268019,0.060592047604732184,0.06646425813300207,0.053695391404978726,0.058542724866321484,34200,0.0827565342456532,0.00859207948535466,0.010238719136955655,0.4432035747628946,0.009457778888575451,0.06323174359903744
0.0007172226905822754,0.45063936710357666,0.150068039894104,0.6499097108840942,0.27218615050430134,0.41666908562183363,0.7683740023932704,0.5504866569953151,0.29182507826073834,0.0245621110405773,0.009414150802192493,0.02120584135716955,0.05189101119847308,251.01104531719477,274408,0.07613171298056837,0.16596048631075483,0.11329855574822076,0.025555621521472255,0.7575184398889544,0.9570578195456138,0.9348574199204172,0.6690426613183305,0.009469668606761844,0.010379854560092173,0.00966272885111634,0.009190873379689622,0.05869025219464675,0.058519553958379086,0.05734895714031501,0.06091483399760586,34300,0.09701252314456112,0.010175556163327798,0.012895881145595922,0.4846742854764065,0.00876019149169831,0.05774131263387972
0.0006470322608947754,0.4533867406845093,0.16682379007339476,0.6711670756340027,0.21760692008521793,0.42449067145586017,0.7651321131695978,0.5469698103776588,0.284254008693061,0.023531741145998257,0.008936379736374496,0.021199495613673437,0.05224244067160955,251.02022845253458,275208,0.07847324326634411,0.16362741180965984,0.11194568501563845,0.02458179212895594,0.7545175588130948,0.9634735257394857,0.9353111507083872,0.6498357242551345,0.009047747445292768,0.010216059043042108,0.009066001144914779,0.008537415518274,0.049440970891155275,0.06091452429762051,0.04719104073810418,0.045267802213543394,34400,0.08376223334799644,0.009487637894420437,0.010555009285504319,0.43573744400687864,0.00840724654414733,0.04522252769928186
0.033152384757995604,0.44754742860794067,0.15561722755432128,0.6561488270759582,0.26486269830220055,0.42281261876225457,0.7680317464470874,0.5515981421569467,0.2843889704112102,0.02522593554574997,0.0087615819677012,0.020659100867499027,0.059259127096824876,251.02769395568404,276008,0.077300752364099,0.16425659544765953,0.11315652214646957,0.023224831759257027,0.7513581705093387,0.9635879406332974,0.9410919886796585,0.6323547581279718,0.009434618270024658,0.010128745974507174,0.009568053990158561,0.008768195198003752,0.05611401620320976,0.059392671622335934,0.05419771377132346,0.05481458028036822,34500,0.08773447842342066,0.008592953230132457,0.011170210537417787,0.47198726026175536,0.00932660124737633,0.05608675675222853
0.0006146478652954102,0.47107248067855834,0.15687138319015503,0.6772544240951538,0.2683118941196229,0.42770356044173236,0.7648036996143281,0.5439457500999295,0.2861516994570717,0.022916717333719142,0.009026790324611914,0.022301243014409014,0.05262563823897219,251.03496346882395,276808,0.08062725912779568,0.16582380249454648,0.1107598380864266,0.02513768067016139,0.7614693284034725,0.9560989073018704,0.9294795750373568,0.6463191590938465,0.010288751558400684,0.01125392824874826,0.010409127647085244,0.009743254419019073,0.05542559737805276,0.060101259040811095,0.05680694687297225,0.05367317548031133,34600,0.09077839173185516,0.008418341662782507,0.014622059420276525,0.4977409249696977,0.009682526771361255,0.05077495777215329
0.030038866996765137,0.45173973083496094,0.1488437032699585,0.6531285691261292,0.24743651112874632,0.41939354598522194,0.7635247340798377,0.5471492744409131,0.28945883978339093,0.022934596259146928,0.009175225352519193,0.02179808107276377,0.05162886504843397,251.04282190906122,277608,0.07748025491833692,0.16359571345150464,0.11129856869960439,0.024950053815241655,0.7514515355229376,0.9628599923849112,0.9345936952493132,0.6606718622943731,0.00954815070144833,0.010474104147870093,0.00922871491131491,0.00883720280349399,0.054624207187443985,0.06356838655192391,0.04587083561584733,0.052066837943800987,34700,0.08285055616542916,0.008173165348564371,0.01217150207768058,0.4534927462812641,0.009666515308333994,0.05685983355807597
0.0006131005287170411,0.46400998830795287,0.16322691202163697,0.677807846069336,0.2323496813150512,0.4240177895128728,0.7763080214611207,0.5492621699484389,0.2794988614693286,0.022196290241554388,0.008463327976936136,0.021916271248696047,0.04903601889964195,251.05019382545777,278408,0.07887644864618779,0.16580080391481677,0.11313733265894221,0.025722190837841476,0.7496319472789764,0.9637617372503183,0.9294100191535022,0.6494904622435561,0.009238311897497617,0.010383344290665163,0.009248875730057676,0.008476983815198772,0.05133712111972273,0.05833064208296361,0.04932793205740252,0.0468743814667687,34800,0.08632856649039371,0.00904189841289943,0.009822376079498055,0.449002979673105,0.008849396247435649,0.05092958070167584
0.031105570793151856,0.44050891160964967,0.15968567609786988,0.649942889213562,0.258008733781758,0.4282823833823205,0.7699436870764711,0.542975638061762,0.2908329010645359,0.02354471296072007,0.00966975411188751,0.02206997472631676,0.049632553269389264,251.05909801196054,279208,0.07905046738684185,0.16513560826377,0.1107357029731457,0.026615549401949514,0.7646975097060206,0.9615594662573872,0.9306429146000966,0.6712623224439214,0.009536767194513227,0.010937987598685587,0.009340885480364353,0.008756100360118736,0.05011411981657151,0.05906629710154112,0.04357239984137076,0.04617449681393766,34900,0.0941203679990124,0.010148513853877179,0.012026419224393726,0.4761204213709446,0.009162847731715516,0.052477965549238635
0.0006536030769348144,0.4768563961982727,0.15146296977996826,0.6838954091072083,0.2462569961271912,0.42430338025093084,0.7761392593383786,0.5509914878983896,0.2818820038853686,0.023043607859872292,0.008739885155810052,0.02089543408733241,0.05162962021002938,251.06468368605326,280008,0.07808038674294952,0.1661600022763012,0.11330725727792902,0.023797124625335255,0.7538497698307037,0.9622650358080861,0.9376778502245335,0.6479369133017786,0.009130096766166388,0.010230941469781096,0.009018667978329625,0.008510603829351959,0.05090146054048094,0.05805349587928506,0.045628337106401344,0.04958206315763121,35000,0.08262374976442922,0.007889078154534145,0.01009367767810112,0.46315088568541096,0.008785451703246617,0.05030249526339866
0.04591182947158814,0.46038233518600463,0.143317129611969,0.6587367677688598,0.24474497754880747,0.4004804407060149,0.7691937873418304,0.5432800003631636,0.28782053380074624,0.024442235352471458,0.008816029358623101,0.02187951258266692,0.05562635005994639,251.06970306085722,280808,0.07262677071616058,0.16489299301100876,0.1117128275484596,0.02310801744770031,0.7325992015004161,0.9622795996309699,0.9285115407938938,0.6551972511820319,0.008883923348039386,0.009831147188128065,0.008922115527561414,0.007989846077257709,0.05443621703889219,0.062366321511652265,0.05199535077100799,0.04194139801098199,35100,0.08195268965533213,0.00892877941131937,0.010663848058794865,0.4426958210490366,0.008959076645421914,0.06250242548304857
0.007212147712707519,0.4632224869728088,0.16547605752944947,0.6836943364143372,0.2673078657949354,0.40946789026260383,0.7715696287543874,0.5592293737699155,0.2923626269869226,0.02351497530937194,0.008679593253992094,0.020389509640391115,0.05303009463629374,251.07599664408636,281608,0.0748347550444305,0.16465051018673427,0.11667898965432594,0.02502140347819982,0.7426528617739669,0.9628464200574416,0.9383450328655872,0.6642672104967964,0.009456428678240637,0.01080202409724259,0.009575251110262525,0.008497151563426973,0.0541139235952869,0.06565309567225133,0.04970361503681329,0.04737211028933177,35200,0.09054152665797767,0.009299837325535788,0.01249329970623539,0.4667655050202649,0.009168238734774702,0.05478300131141654
0.030770235061645508,0.4410245895385742,0.15391528129577636,0.6488854575157166,0.262739836924937,0.4057577966153621,0.768575270111496,0.5433778432533902,0.2922891250890282,0.022847407469525936,0.00857227973363086,0.022063155485720364,0.05199153398613062,251.08563404620378,282408,0.074996477458626,0.16427108645439156,0.1108255844332816,0.026117373531248714,0.7421138262748725,0.9639057272189367,0.930818766048274,0.6684257850718139,0.009729387895204129,0.010909528078863745,0.008759822502021782,0.010023515131695209,0.06150491922977383,0.06956228273983638,0.045902700512069884,0.07040956229393124,35300,0.08297452570193188,0.008915925754064863,0.012987616212657576,0.4565276305783877,0.009323252339593387,0.060352123438761625
0.0006411051750183105,0.46172366142272947,0.1487348222732544,0.6623245024681091,0.22867868430078553,0.4294205206632616,0.7768645996000706,0.5551660548418001,0.27827509298574105,0.023718418558128156,0.008312933681896176,0.020597950763140725,0.05362561812927554,251.0934527711089,283208,0.079107432551682,0.16619582961245277,0.11461058430946784,0.023548280766103838,0.7521498364210127,0.9616628376449029,0.9378938668813462,0.629377338498137,0.009428811792749915,0.010431242327591994,0.009448278427888188,0.008793458052326085,0.05759615600574762,0.062056230571938625,0.05456993034204994,0.05671972706264189,35400,0.08752781472898814,0.009321487024804023,0.009750573722192554,0.46688408916060997,0.009035875580298744,0.05686226920098866
0.00066176176071167,0.48303685426712034,0.15606851100921632,0.6960084342956543,0.26662376275903166,0.41545756742358214,0.776571106464467,0.5502519789013538,0.29034674281973666,0.02258435519412162,0.008582769051433247,0.021829328651881166,0.04981699633402841,251.10326153145203,284008,0.07684769397601479,0.16536823186007393,0.11340390876083081,0.02629146116582841,0.7455664658546445,0.962061005480149,0.931952848882958,0.6688382746559559,0.009269128157757222,0.010478982273588846,0.008917562172536067,0.008675635151454421,0.0565527003048919,0.07022964125897557,0.046353924604556916,0.051397303797046434,35500,0.08299672330003317,0.009521285201752615,0.011176226767555381,0.4458753848760326,0.009100033404777918,0.05915535498258958
0.031001975536346437,0.460450074672699,0.14763701915740968,0.6624035048484802,0.2764463428675194,0.4339153021574023,0.7756417340515925,0.5513312152028085,0.28767815501765975,0.02230794492177664,0.0088066011339321,0.021227421117946503,0.05271384251264338,251.11435409748506,284808,0.08064240409061307,0.16497087919376283,0.11396398216485977,0.02507567628375948,0.7636749690771105,0.9640132376285787,0.9340928393602368,0.6585651319077679,0.009528677938506008,0.010870044670579303,0.009188395445235066,0.008951022472985576,0.060807697307318484,0.06983756665752534,0.05278008665656675,0.05779790129522459,35600,0.08829555910398908,0.009119915811054828,0.00938744833529108,0.47726805186151877,0.008980660914588509,0.06205393654766989
0.000601048469543457,0.4805614423751831,0.14847100973129274,0.6838437151908875,0.2816571994411998,0.4253660006821155,0.779964664436522,0.5445311391039908,0.29068041683027646,0.021747797112911953,0.01064013125641005,0.02186638092082975,0.049200453190133,251.12151894896118,285608,0.07910410773009063,0.16584678214220763,0.11126018364570643,0.02579580127433137,0.7561131161451343,0.9622973958651222,0.9301480873634937,0.6719441219380026,0.009634363683871931,0.010884532432204897,0.00964527063708947,0.008915023290013022,0.06261965576093646,0.06767343518856393,0.058492239042626425,0.05892981667022564,35700,0.08480965104841053,0.007910055450407707,0.011499167196009139,0.4686215233235134,0.009025158524690649,0.06463863158908982
0.030634658336639406,0.45042470693588255,0.14899446249008177,0.6536079096794128,0.2531300896829553,0.41840120494365707,0.7736535914815394,0.55660434315602,0.2801358899367707,0.023509615804068767,0.009359070807896873,0.020792886032722883,0.05710548097362781,251.1261358078137,286408,0.07722610769793388,0.16518478346272167,0.11492565181106329,0.022648240974153935,0.7429101523756975,0.9639122405877479,0.9385997682809826,0.6328357743973633,0.009553729412145913,0.010769541771598874,0.009652184909727005,0.008732203037801135,0.05382784220855681,0.06465221456556516,0.050347945929711924,0.048094999712739776,35800,0.08660001209419638,0.008914871136463878,0.01063323360371956,0.4669009654058349,0.009046360009556846,0.051506309843346185
0.0007053112983703613,0.4312191653251648,0.18255508661270142,0.6657916569709778,0.22766702953656767,0.41434905305504816,0.7721864664492825,0.5502113425052227,0.29483133595850697,0.023246670374646772,0.010374102759575511,0.021058108894048234,0.05374667628884616,251.13496784079487,287208,0.07646299418061979,0.1646548970530071,0.11380985587680895,0.02575871495370088,0.7413098961114887,0.9636712818565764,0.9346080793000261,0.6730121678174139,0.009274207323323925,0.010987001565318805,0.009230051510557145,0.008111085827377691,0.05257556048687545,0.06721058748228172,0.046101744074393734,0.04633233488085823,35900,0.08277712207011595,0.008745729225834274,0.010770706251841384,0.43251662646178846,0.008849442690714356,0.05100632450301888
0.030021598339080812,0.4548939037322998,0.15069260835647583,0.6579478001594543,0.21350716241094111,0.41441367402672785,0.7616363335878416,0.5465732941502024,0.29585139280388156,0.023378369919955733,0.009496304054911704,0.021542992555585342,0.05233068903246054,251.14345046138104,288008,0.07631792392581693,0.1647601162775969,0.11250102578809386,0.02652734589003801,0.7432414633035658,0.9594354623403303,0.9316964394167845,0.6701198127032448,0.008915828857570886,0.009966464376506891,0.008893621097759988,0.008301951907027823,0.048173313306178904,0.05444583399579502,0.043031158680586455,0.04632656767487668,36000,0.08205041273807492,0.008411630492214595,0.009576724885561176,0.43669436550607826,0.008567169959218619,0.048876897485552406
0.0006196784973144531,0.4504847240447998,0.16352368593215943,0.670867555141449,0.23562762797159306,0.4347036105394362,0.7686995496682082,0.5465181080407876,0.2865040860242314,0.02291272561997175,0.009353113910227449,0.021848708841689803,0.05513541583075292,251.14870613766357,288808,0.08160880144685505,0.16534911661068982,0.11223412941015037,0.024327557504228835,0.7573376834392549,0.9595274679468713,0.9316365854684691,0.6403378036287101,0.00932507991790772,0.010550340427906733,0.009501457495918119,0.008616374091555672,0.050116780623793586,0.05515847758553322,0.046609781695486574,0.049642580193984855,36100,0.08502656573756144,0.008942403549750903,0.009737523112412475,0.45282054223965135,0.008454543329564102,0.04895988777855929
0.03172207832336426,0.46676145792007445,0.1609799075126648,0.6815706324577332,0.286350735471853,0.416121430248022,0.763744321909356,0.5523141527459741,0.2804360982067512,0.023245159285143025,0.010176095235944184,0.020537334152807788,0.05189120004386961,251.15894302251215,289608,0.07720233704894781,0.16429489446764298,0.11412636854109307,0.023784622178864803,0.7430499008297918,0.9599044560752008,0.9386894754001074,0.6497366876885443,0.009306404571980237,0.010283442536131173,0.00910237574550722,0.0089470388847265,0.05909000316634771,0.06715936990742111,0.05257104806868094,0.05906853565512833,36200,0.08339572897180918,0.009440794204710978,0.01051699280855245,0.42803142130374944,0.008965178497601305,0.05837138346862048
0.0006621813774108886,0.4472809934616089,0.15571194648742676,0.6571247982978821,0.21002911155636364,0.4484485332667827,0.7633785001575685,0.5574597619869857,0.2769262097263461,0.023022597925737513,0.009171276834720181,0.02094562540217728,0.05677400295814821,251.17474940864963,290408,0.08556765910238028,0.16372640782308348,0.11536913109574343,0.022374561157511196,0.7769160753488542,0.9621703216082148,0.9369284458782361,0.6198444145697137,0.010364920473657542,0.011917873011194334,0.010053256360121105,0.009486458675748608,0.052455595131032214,0.061803289617952714,0.049205653837337576,0.047605406837882835,36300,0.09263957981552393,0.0071532859659886785,0.016289017228409634,0.5148632996422896,0.009650164017719886,0.04930588883214759
0.0006522774696350097,0.4562791681289673,0.16452358722686766,0.6746877479553223,0.20740138749119286,0.40308653712272646,0.7686822463254462,0.5484058964626952,0.2750089594639392,0.02387832057662308,0.008361799982783535,0.021262440996254295,0.05362882005042195,251.18133622459143,291208,0.07355050645768645,0.16533636631535695,0.11264517402071604,0.022641561928630087,0.734787088036537,0.9614147960813966,0.9356857803479544,0.6287230852012812,0.008921555248089129,0.010163372082259156,0.008921572019428947,0.008165232832908357,0.051124523719772705,0.057814088041889054,0.05039906680720488,0.04995749633081152,36400,0.08314788920813777,0.008965870448495105,0.010312934430610194,0.4628797626951667,0.008619480033329366,0.04714182966598197
0.030614430904388427,0.4398914170265198,0.15516631841659545,0.6475778365135193,0.2122463684110697,0.43128046661615344,0.7621041630125283,0.5480423257586271,0.2913478446955029,0.022101166937500246,0.009574190499544676,0.02147523379313075,0.05133248783055356,251.18551018048703,292008,0.08096125900745386,0.16328510324361967,0.11271782379293635,0.025653084660668603,0.7601006382703779,0.9624225963190725,0.9324932505132812,0.6662026542154228,0.009028297434560954,0.010327393025972966,0.009015263925614279,0.008283719804074443,0.049550927313976006,0.05707326085131792,0.048184829512251275,0.045135697775880224,36500,0.08205551932537072,0.009054487800950518,0.009400238900459788,0.4327869181780472,0.008400259491478665,0.04755856380701908
0.0006309914588928223,0.4717209720611572,0.15018531799316406,0.6772613573074341,0.2272926852994632,0.43519028902053825,0.7678033171915539,0.5530123285470754,0.28976769535306923,0.023302810508757828,0.009215773726977839,0.020755097026500954,0.05566732868294606,251.1910283294354,292808,0.0814677486382425,0.16563946702608898,0.1137651476598934,0.02424175376716527,0.7631227767467491,0.9569320293033823,0.9379956604690728,0.6491923728521833,0.009586983190383768,0.01111980922081891,0.009400113264671208,0.008755850605666641,0.052416400697547966,0.0630279641151063,0.04770505160345361,0.0485812440809318,36600,0.08677547249550883,0.009327166819773417,0.01066050122516524,0.4671203450152749,0.008978004556296295,0.05022337232520313
0.03272323131561279,0.4361706686019897,0.15108613014221192,0.6389635396003723,0.1974692881567609,0.44633481472730635,0.7677680767729698,0.5488058459696339,0.2776222917700058,0.021760251875966804,0.009192609872618322,0.021389692490286542,0.049602583513976395,251.19622582315455,293608,0.08377715393900878,0.16376992673554697,0.11211282469293217,0.02455755793175856,0.7653673404455186,0.9643816137413604,0.9344435072070015,0.6410936092465654,0.009648553943261503,0.010911685453579763,0.00964186089698478,0.008580833584205324,0.054566350204404444,0.06220805657068932,0.05206729365629753,0.046981731942406076,36700,0.08569639270841067,0.008770835191263987,0.009760182175922106,0.4496999420015152,0.00911442948094869,0.0552148434457153
0.000638284683227539,0.4878309988975525,0.15057880878448487,0.6977983617782593,0.2760891100454798,0.43381622269749637,0.7607697291033603,0.5530832084325641,0.29537158243567035,0.02338211985770612,0.009719656503737153,0.02107375437059463,0.05112053383855476,251.2028200552355,294408,0.08069796156138184,0.16426476985216157,0.11399313238186715,0.027566271757915893,0.768843424320221,0.9590285437447686,0.937188252118918,0.6733029746563636,0.009583497070707383,0.010386048048912064,0.009429259216174105,0.009317191097902772,0.061191273927688555,0.05896301846729503,0.05403993283040252,0.05854454782582545,36800,0.08967178359174925,0.008924815981926714,0.010690190801036772,0.47978011251154506,0.009133387426459815,0.07461030457107079
0.02953561544418335,0.4569371247291565,0.14898006200790406,0.6578304123878479,0.2849395953316829,0.423278911858797,0.7655467921165969,0.5476409038573364,0.26675310410095765,0.024772624792531138,0.008637972804366727,0.021262957313450057,0.05765866187655114,251.20928247372024,295208,0.07952130990102896,0.16485459907869607,0.11224883855387356,0.02138031370554602,0.7452939251065258,0.9610855399663728,0.9334338335899648,0.5947113761491177,0.010446238960139445,0.011173587989754707,0.01051830892054516,0.009334058315898664,0.0621726264012977,0.06858085456945406,0.053514195969283716,0.05664525815156516,36900,0.0878195113863775,0.008767895921530412,0.015751312292165726,0.4677418919860338,0.010843182544992431,0.07140538333584386
0.0006271791458129883,0.43477511167526245,0.16564621448516845,0.6530041122436523,0.22419175738668715,0.42544029593467714,0.7688693895936016,0.5454857011445975,0.28636189633365816,0.022889540586620568,0.009185894507681957,0.021930865676066547,0.052028827052468855,251.2170929898712,296008,0.07926290426403286,0.1647140955924988,0.11082921893687911,0.025830894852822958,0.7527935072779653,0.9625118100643155,0.9343671125658388,0.6496856860097893,0.009537578048184512,0.010391484734136603,0.009279970322517254,0.008897195957828006,0.05581464164424686,0.0615682512009516,0.048282850981560786,0.05175121083883993,37000,0.08329151356688787,0.008459915988478495,0.011420161306099555,0.44567853857561524,0.009585072632072505,0.06212349837530673
0.03422304391860962,0.4780351781845093,0.14858586072921753,0.6765325331687927,0.3115189174619392,0.4224246890842913,0.7691870113493696,0.5476434018160847,0.2840566839042462,0.022142305243760343,0.008830790378441896,0.021568129121049037,0.05251346973114105,251.2344013566505,296808,0.0786309897899628,0.1642468628329289,0.1124444402351573,0.024063737702703,0.7518042910099025,0.9639149921041135,0.9348822000864386,0.6477295041084284,0.009630677686072895,0.010711569719436298,0.009501194855752036,0.008721294489346052,0.05682941138977183,0.06508097685917233,0.052748763952656,0.05297789617294541,37100,0.08876470282216967,0.00879822036675353,0.012008858739205127,0.47220625320695475,0.009472692440228782,0.0555516954561924
0.0007168340682983398,0.46120956897735593,0.1444919466972351,0.6589582276344299,0.23555324388222856,0.42788057744503,0.762374110750316,0.5504551289497679,0.2882410134762932,0.02436835409142077,0.008834516013895656,0.02084749759579041,0.05428288565718964,251.24082218090837,297608,0.07918918419629341,0.16432215849456078,0.11330634510179736,0.0246360718047238,0.7580215710401537,0.9621421965127137,0.9370669955914871,0.6469927024623569,0.00956500359345227,0.010443302413890342,0.009301747763221907,0.008675284608220481,0.05398812694940717,0.057983121042591124,0.046805720203028936,0.049231755343099995,37200,0.08332922281963474,0.008418089903758042,0.011752022061763073,0.453783222607204,0.010023682008364378,0.06421262270904016
0.02962553024291992,0.469690682888031,0.15799208879470825,0.6802340841293335,0.27851561244160594,0.41307743281126036,0.7720367158396855,0.5525165089177637,0.28604531912087183,0.022825524723157273,0.009516231932159345,0.020853496402642658,0.0507809177862269,251.24718986944245,298408,0.07624473987147215,0.16466213746017289,0.11330465881048504,0.025579736857064835,0.7500087994337081,0.9609227672721564,0.9391710280247462,0.6570924978538097,0.009207107883412396,0.010848398291600052,0.009171738253054123,0.008441919065195274,0.05355185361579061,0.06897773182940452,0.04940256946017301,0.047624597458967154,37300,0.08617734878463446,0.008874699551553645,0.011945203644030043,0.46603261647017064,0.008582383241270471,0.05034931699164968
0.0007072639465332031,0.45288432359695435,0.1521017622947693,0.6556306338310242,0.29311692715944426,0.4188860172033312,0.7685497937424814,0.5481809343051425,0.29406584595453084,0.024243394769728185,0.009687154315571286,0.02155910039583994,0.05473521140070177,251.254601444833,299208,0.07757205011323093,0.16457096977555044,0.11251675984775186,0.02837306974161381,0.7474176621437073,0.9617325796364502,0.9343221238767251,0.6621489966253067,0.009907133188098667,0.011216635991930192,0.009709261362487918,0.009152298077132621,0.06288514524698259,0.07279014014494185,0.061202416880846496,0.05829825408686439,37400,0.08069501795479786,0.00838846777421588,0.010162609912984564,0.4413623005000466,0.009635405390414638,0.059808683963397946
0.000603020191192627,0.45502941131591795,0.1656610918045044,0.6740332531929016,0.2703948243343804,0.44174460798501974,0.7761911902521634,0.5482072379243988,0.2916043331553486,0.02314150194637477,0.01137315046175249,0.02120621812431828,0.05024651518365755,251.26656125903148,300008,0.08269231826066971,0.16517123902959777,0.11282899351627154,0.02553388557803396,0.7707698142528534,0.9619721658711364,0.9356022817001004,0.6755393888744609,0.009602489168755704,0.010812053555540128,0.0092782997240296,0.00909790142585859,0.05779649286530912,0.06907250245877083,0.05093204118964962,0.0551107578253761,37500,0.07785797147296884,0.008551574219424325,0.010865738490856328,0.43567979197169476,0.009182590379401343,0.05666367215277669
0.03145008325576782,0.45001275539398194,0.1466374659538269,0.6475255537033081,0.24571245644682338,0.4225759388506413,0.7671505968962141,0.5439957207594159,0.2926023471916076,0.02295991332735865,0.008781256513850793,0.02193182811427576,0.0521295054511416,251.2734636043661,300808,0.07704408050514759,0.163819279169562,0.110996014586626,0.025415251001549666,0.7597227761149408,0.9646244728150066,0.9318756002646228,0.6695774610679932,0.008883117507211866,0.009942363563053943,0.008878665362508652,0.008180979298114198,0.04798390477895734,0.05421176938275203,0.0436452596615522,0.043258584127530905,37600,0.0924685297828942,0.008891244816575387,0.009551910387287555,0.47979362795848673,0.008535551315284157,0.05070048786865748
0.0006505894660949707,0.4458520770072937,0.17261651515960694,0.6703296732902527,0.23149141413372176,0.4138191977143285,0.7721675101875645,0.5408331933431331,0.27760708041134313,0.024877084251493216,0.008955833632711725,0.021736732310576684,0.05845825725368097,251.27847743712792,301608,0.07593824826180937,0.16518404497410447,0.10990025293237217,0.022113397994655223,0.7339191836118699,0.9608929916686815,0.9348043700059255,0.6121923557349603,0.009464004880283027,0.010857369932747888,0.00914513504055017,0.008784954650105817,0.0597616682597436,0.07358066395969898,0.05053080671132194,0.05680798697728836,37700,0.08358656951407002,0.00839642579238677,0.012262090482281069,0.44674921302653064,0.009112416035657859,0.058121152507113444
0.032621185779571536,0.4478305721282959,0.1599098563194275,0.6585297608375549,0.26037125172608294,0.4119392444193363,0.7643376005064584,0.5464827911976059,0.27560243024780434,0.024808860952034606,0.008929990335804472,0.021427061709646977,0.057450589169101986,251.28606012687038,302408,0.07544214047491551,0.16438350381003203,0.11264939638666618,0.021899250910826874,0.7330313667654991,0.9600722749823147,0.9337589578750807,0.6150798777644154,0.00893172400072217,0.010107644454374445,0.008899471068229432,0.008368714552140975,0.05601620817673393,0.06265782981753333,0.052542161173187205,0.058906257016646695,37800,0.08467748116628067,0.009550596458265689,0.009503647460288712,0.44324941711850707,0.008416029587756878,0.0500010812452229
0.0008203983306884766,0.4734065294265747,0.14284615516662597,0.6710381102561951,0.22161748240284815,0.412635943889618,0.7688777857923259,0.5510531752085197,0.2875008454890615,0.023822625633329146,0.009036998931233862,0.02143659301064146,0.05392918462966577,251.29018846806036,303208,0.07537586217746138,0.1650076468679356,0.11343487386344657,0.024549381763307954,0.7450891679525379,0.960811738343162,0.9321208368150554,0.6483037661037175,0.008917570344638078,0.009937901784451732,0.008940284951751563,0.008552739921939598,0.049090098571032276,0.058195006515691323,0.044758055249837246,0.05105303478608196,37900,0.08572577317109677,0.008677434119694297,0.00985973309081282,0.47044543994283194,0.0083434207181817,0.04293613334737938
0.030949597358703614,0.4677401328086853,0.1473194408416748,0.6698454642295837,0.26533307510330456,0.43586116641759887,0.7634303569793711,0.5472090511094947,0.2880195604242716,0.023123878417536613,0.009854559383341727,0.021778960632426403,0.050724682021941185,251.29608815265777,304008,0.08124362686648971,0.16423748490627887,0.11247241919239365,0.02559673795797703,0.7641040688753126,0.9589592406624249,0.9325339910529907,0.6583341709498696,0.009404534143395715,0.010542116012049907,0.009132645924442568,0.008484994045233927,0.059379111751914015,0.06778553038229501,0.049825983569912954,0.05337762728039855,38000,0.08848380104879318,0.008813525682833216,0.010415286985958484,0.45722921577732234,0.009438290072374792,0.0676235880001626
0.0006863117218017578,0.4540092349052429,0.15446583032608033,0.6554548120498658,0.24560902429433293,0.4255478976666927,0.7620608224297454,0.549141089068378,0.2812951231489377,0.023636322924867257,0.008898912542199176,0.021480367190259322,0.05678783676453999,251.3036785097063,304808,0.07940275251865389,0.16502700560653252,0.11379456251142499,0.02346925080483019,0.7437476533651355,0.9588381079484796,0.9309273483281464,0.6281661442956147,0.009321597232483332,0.010393513705632936,0.009236882503000024,0.008531514075299625,0.051951946686021946,0.05664066135591491,0.049649591587563546,0.05238250306123223,38100,0.08623945923522107,0.009153747668024155,0.009158928554970778,0.44863139450550094,0.009012057625222954,0.048595448038540746
0.031057233810424804,0.48746241092681886,0.15525033712387085,0.692271683216095,0.2168237530653009,0.41369955092668564,0.7726654312931572,0.5482853071465675,0.2792995820954904,0.021355983088724308,0.008348772522227727,0.021009039316449863,0.05142943122299369,251.3097678332366,305608,0.0768082776293159,0.16437274733415025,0.11282779465722771,0.0238658060708573,0.7405591142177582,0.9653128611926854,0.9350808111343596,0.6377938214651081,0.009257267978973692,0.010565241098027828,0.00906429019401581,0.008429958084214125,0.059150855923071566,0.06838541700003238,0.05353970361039948,0.05600694798835615,38200,0.07751830217475712,0.007227170598706068,0.010162643774429738,0.4547492672221452,0.008904128301081853,0.05779024764620764
0.0006400251388549805,0.43124492168426515,0.16119493007659913,0.6420653748512268,0.25581283114230974,0.4219678384065631,0.7613607615232464,0.5541500087501937,0.2783983087524623,0.023247422389686113,0.009206370011670524,0.02164358042352332,0.054695172870362345,251.31483186544685,306408,0.07898722361773246,0.16391391091048713,0.11555815744891915,0.02340944940365399,0.7509845852851869,0.9610869592428204,0.9302866189803889,0.624916326216977,0.009101105283480144,0.010868390710093085,0.00877927934854897,0.008059118766187116,0.048528191302903,0.05739267846103753,0.0439654803400841,0.04472846828513975,38300,0.0817568868550719,0.007492051453315368,0.010035434790663609,0.4754989886162232,0.008688617465608955,0.04811679428367288
0.0007549715042114258,0.4553272342681885,0.16880621910095214,0.6729677033424377,0.21348827489248093,0.43905925899744047,0.7713304810501909,0.5516739765597122,0.2980854367953165,0.02314304901752621,0.008206678592142889,0.02140646266215361,0.052536007090422665,251.32000885348478,307208,0.0814024729654193,0.16542051049570236,0.11346981298043325,0.027044521557817756,0.7692219835519786,0.9616415704841961,0.9338860002206394,0.6796489460616588,0.009488136824220414,0.01054781969179641,0.009244768805512336,0.008882834854575852,0.05420199348125607,0.06179738704856761,0.048663650311220795,0.04999400562334932,38400,0.08718180603214663,0.00895782251289667,0.010105324749179833,0.4691009786757794,0.009183667812516887,0.05589300822620127
0.03187251091003418,0.4353369307518005,0.16058156967163087,0.6469189977645874,0.26183768380643213,0.4284955118596555,0.7603046913212591,0.5440965884643075,0.297356810278254,0.022313113193959008,0.00906784187493965,0.022293452392892973,0.05431467442279627,251.32614695471324,308008,0.08086903989315034,0.16408197615945005,0.11166233239763698,0.027747879302271652,0.7636735606193544,0.9597996372148535,0.928580894208079,0.6628302505107527,0.010608410960994661,0.011787395144667511,0.009682901693673822,0.010117254922258076,0.05854457953944805,0.06999782309653846,0.044898577580589315,0.050934232918983274,38500,0.08995787896968144,0.008058009934477287,0.012115355722086791,0.4954117318758597,0.010654734389390802,0.06576704449253161
0.0007010293006896972,0.4696850538253784,0.15802959442138673,0.6754354619979859,0.2588468288010272,0.4280761969089509,0.7660047026567682,0.542548059656912,0.2818841708766433,0.024739050138741735,0.009220093447000307,0.021668997574217464,0.06034452762435546,251.33509592080995,308808,0.07932394478470096,0.16415113973063106,0.11060126851864001,0.023299710759076955,0.74617877304554,0.961016505818034,0.9336469091322955,0.6143659159694751,0.009447405156679451,0.01065426641685326,0.009458762099396213,0.00886342989175205,0.062088777432218197,0.06519615200543113,0.0593325362388729,0.06359833320506754,38600,0.08587177304598767,0.009512606670315829,0.010095735734853985,0.45201376829391876,0.008686328590966975,0.05993125907694689
0.04007877111434936,0.43932207345962526,0.16698571920394897,0.657603657245636,0.24884767731497703,0.416570677757263,0.7671423256397241,0.544534895116883,0.2815885660337639,0.022050670846365392,0.009171095450297689,0.02195252510422917,0.052501823921549194,251.34453181249717,309608,0.0776340944692493,0.16493314942088694,0.11118054239219322,0.023748063325059608,0.7394830602407454,0.9593868556372618,0.9318438589228369,0.647395555643326,0.009647471688222144,0.01083210869606823,0.009370629333842539,0.008928930666793056,0.05674087554682042,0.06453267100625973,0.05483915791658392,0.05091655137700996,38700,0.08541325232797886,0.008928091324258989,0.011099453812161653,0.4503201831519872,0.00930687698969676,0.05549815465902651
0.0008453917503356933,0.47014636993408204,0.14929986476898194,0.6791146206855774,0.22957912270876482,0.43147926568984984,0.7665946088131003,0.5499283524683718,0.2929691501420822,0.022760423216968785,0.009378718530595903,0.021223350548682428,0.05000071436767049,251.34985628355892,310408,0.07993715817108747,0.1653314770256738,0.11252704534891977,0.026190942031953716,0.7593804544210437,0.9590131309925105,0.9368674977455731,0.6799651067968793,0.009225063053891059,0.010307663358677329,0.009175584535717657,0.008338297209680365,0.050129651036113464,0.05692605567010235,0.04651674850231008,0.047850248823163105,38800,0.08367182960784118,0.008557683732234757,0.009842033723268546,0.43710555482555097,0.00905332404213983,0.04874696281008625
0.03013291597366333,0.4785992670059204,0.1518292546272278,0.6856607961654663,0.25102793818320335,0.42172969073057165,0.7636727258033559,0.5531977124295187,0.2877822390512414,0.023199350209906686,0.011139719765917001,0.021112597943057573,0.05344397253111787,251.35646972087562,311208,0.07899275608360762,0.16590916369167072,0.11406973550475916,0.025053376813517193,0.7498659437894826,0.9555869559346111,0.9349861220248692,0.6517700763125168,0.009485572543926533,0.010718604147925897,0.009438333892742701,0.008370253387348441,0.04900797372683883,0.05349283540139193,0.04553475767572964,0.044543169531971245,38900,0.08841967065301204,0.008992296468650966,0.010877258061647311,0.45989695580109285,0.009382841026563444,0.0522943387203962
0.046387841701507566,0.38642325401306155,0.15814415454864503,0.5993376898765564,0.2581590378860993,0.4183424681425095,0.7657319960442003,0.5480415166778996,0.29712233628178514,0.021323150368407363,0.010165106019059674,0.02122723072216933,0.049948173323539145,251.36220269361803,312008,0.07852325689047576,0.16502292810919436,0.11239914276044477,0.02727607147896599,0.7564159500598907,0.9575972969227647,0.9341919980265877,0.6776860623524106,0.009351089941337714,0.0101447944068647,0.008918174762617453,0.008762952199890869,0.05865620714612304,0.06520328290037253,0.04824013166468252,0.054686074147814456,39000,0.08462356704227413,0.008194988265039766,0.01064425361355544,0.46635254725403724,0.009572928779920841,0.06669056267742438
0.04426438808441162,0.45093400955200197,0.1604549193382263,0.6660427951812744,0.2643796831764506,0.4123954305052759,0.7651188844128659,0.5417127550817006,0.29077709722455825,0.02263158144429326,0.00887470868428385,0.02130623024148756,0.05333892093656003,251.36830990181656,312808,0.07585459716618069,0.163821533243907,0.1101102291003745,0.0254749679339251,0.7480467063188553,0.9630048701637669,0.9382360305856258,0.6577154000600176,0.008840730567462733,0.010054694611187041,0.008577764867439717,0.008160168420838772,0.04990064755547793,0.05648543576856978,0.046275755251282996,0.04765100254573759,39100,0.08791466865019035,0.009177619215285551,0.010508435244526082,0.4597146387473782,0.008617772411743899,0.0495022658799444
0.0006160473823547363,0.43231122255325316,0.16030288696289063,0.6477775382995605,0.2391185813844638,0.4174014548957351,0.768372098910503,0.5417683181451197,0.2914937695450324,0.022668262086808673,0.00835350810263594,0.022031881731827217,0.05215415221220832,251.3727959921622,313608,0.07661576945334671,0.16485735743473734,0.11023789443936781,0.025507966807226144,0.7559743186831472,0.9623655273364146,0.9323698521858488,0.6643480153716339,0.009022934427484865,0.01032201449076335,0.008713317824405944,0.008469206328522792,0.051319971047341824,0.06267807126904902,0.044725917761761644,0.04941738519475479,39200,0.09116157886705224,0.009043415190397018,0.010516803642912272,0.4826874610923585,0.008626857280199027,0.04879756098879233
0.03220371723175049,0.4584275770187378,0.1612303924560547,0.6740084290504456,0.2631616432925977,0.4016458427906038,0.7737605551655372,0.5495546035507177,0.2785450134166449,0.025220669656991955,0.009064867949960849,0.022067499672752754,0.0580666168549553,251.37868129075108,314408,0.07378394771367307,0.1655726118871336,0.11269573446536921,0.023571381029174773,0.7256107744574551,0.9594799199800816,0.9315801824930425,0.6163302443748306,0.009722715355455878,0.011346807797554507,0.009242162902216997,0.00877895250180086,0.06190508618950844,0.07432418718954985,0.053070542764478396,0.05416031606971874,39300,0.0824115850710284,0.008502987305368241,0.012790230838320807,0.4551178384050031,0.009753403123294072,0.06732374263239732
0.008838434219360352,0.420176203250885,0.16669080257415772,0.6381730461120605,0.21690055004946707,0.42102969229221343,0.7668012662149549,0.546713268905878,0.2892317328263412,0.02250689819455147,0.009033868120908351,0.020784707795828597,0.05154671633117502,251.38467881151078,315208,0.07822327556088571,0.16491244284052364,0.11218128010630604,0.025072272006196498,0.7505953288078308,0.9606298894139395,0.9367041015625002,0.6585367794590766,0.009353112489916392,0.010658546744017448,0.0092944625299424,0.008433880928828555,0.05041609653504566,0.060537093069788064,0.04603012584149837,0.047318549904351456,39400,0.08679687772221466,0.009086637266250929,0.011627971607586149,0.4511320828804241,0.009027774679690147,0.04783693427481487
0.000649411678314209,0.4761351227760315,0.15440901041030883,0.6853195762634278,0.2500729642016789,0.415626968741417,0.7662397753163641,0.5443474128058082,0.2921352894337857,0.023469778737053273,0.009408792808207547,0.02143212770062841,0.053264117831193336,251.39172529743584,316008,0.07599403470754627,0.16494596155766908,0.11225983712233993,0.02487728449713962,0.747312325835228,0.9601476007911762,0.9330710715369179,0.6647278283529234,0.008728726394474508,0.009940360850054125,0.008524386324968778,0.008165492460239624,0.05704551771283154,0.06445911013507068,0.03982067536317601,0.05201778154604248,39500,0.08570059913310034,0.008856864676028671,0.008844204990699605,0.45543018504253907,0.008324464500511004,0.07089495327486438
0.03387077331542969,0.4619431781768799,0.14119144201278686,0.6541514468193054,0.3375469761185701,0.42450793445110324,0.7790817805365015,0.551030636137846,0.29052236065189657,0.022310959752649073,0.009339654918043304,0.021133366489915956,0.05265475868705724,251.4037564420963,316808,0.07959658371284607,0.1658960523120329,0.11311216711313747,0.026406714665609836,0.7478928083181383,0.962113302127988,0.9373462534680654,0.6582529245230251,0.010478301662951705,0.011609428993645412,0.009663455026718426,0.010495971526122756,0.06732070961850702,0.0783066705414825,0.05406040687390782,0.06852334259520158,39600,0.0841845298071184,0.008765824246705809,0.012671179289298383,0.4450874913360271,0.010125791525989074,0.06793959908324217
0.0006527590751647949,0.4715085315704346,0.1522941017150879,0.676879255771637,0.20338310198978707,0.40339453443884843,0.7595483854915315,0.5461710616236641,0.2855578323728157,0.02226876781322062,0.009798176233457878,0.02199443518184126,0.05092018992198921,251.41363486593485,317608,0.07444390188902614,0.16397251038069144,0.11207146669427553,0.024365810043864726,0.7376739722490312,0.958543827359596,0.9295981052375979,0.6557963242656304,0.008743521224241706,0.009886934542295963,0.008612518475967503,0.008298562737917035,0.04768820389639587,0.05577774197804957,0.04654960763152868,0.04561226768664234,39700,0.08362208692742905,0.008005726822916217,0.009925688922128362,0.4491057438893361,0.0083314722103931,0.04405575036910272
0.03550122976303101,0.4694021463394165,0.16030025482177734,0.6807187509536743,0.23712590552340096,0.43838373616337767,0.7600085265310855,0.5461020067334178,0.27915876621478497,0.02153772687539459,0.009147602027294427,0.021182671382557597,0.04829529925298539,251.4212358613238,318408,0.08272988107055419,0.16501159644336957,0.11175215162336824,0.023803033035150484,0.7667710113525392,0.9567787602609472,0.9349040508270262,0.6578663932649715,0.009621746395714581,0.010727568125426098,0.009490569047629833,0.00892472562723254,0.05149598265532406,0.059611021635422055,0.047443916816264406,0.04739721536048148,39800,0.08701905186791888,0.009513850984178845,0.010127135533381435,0.46039676894255666,0.009117090018578073,0.05011382476106041
0.0006207108497619628,0.44279942274093625,0.1523284363746643,0.6445276069641114,0.22448206604585177,0.4185154432058333,0.7699441894661954,0.5414698272194701,0.2908386259029309,0.023231834517791847,0.008483524919430808,0.02195050088155209,0.05342799252556524,251.43097612163086,319208,0.07715280609205362,0.16568438239811628,0.10939566135855776,0.0250976440604027,0.7440220350027081,0.9591049951345189,0.9357462582276697,0.65975854355915,0.009341071851085875,0.010513722868210756,0.009408599981364216,0.008380253309630522,0.05643967511132362,0.0643830698664268,0.05028616940958343,0.05251993273622261,39900,0.0802488738484681,0.008233765205950474,0.01096382869756781,0.4273484808206558,0.009098855021875345,0.058736306673381464
0.031119668483734132,0.4594805431365967,0.16524603843688965,0.6734270548820496,0.23267243484401234,0.4277009937167166,0.7679381735470828,0.5573323680133356,0.29153237034483714,0.023680185265839093,0.00933630992147634,0.02081536178181815,0.05488215796280614,251.43869744246967,320008,0.07928839392960067,0.16465454715855263,0.11614996852671225,0.026491233750504647,0.7614741176366806,0.9607707517487658,0.9340587206003143,0.6522841515517469,0.009191476134583354,0.010443680663117941,0.009423746672890547,0.008423551767234612,0.056781970439478746,0.06868181690782767,0.054592735892752285,0.05048937169318598,40000,0.09391998452356629,0.008938509593883223,0.0101342696157582,0.49555730940726817,0.008491339963307696,0.05367297613000506
0.0006157875061035157,0.41837277412414553,0.16492025136947633,0.6347425150871276,0.22996963233735726,0.4129814925789834,0.753332328606159,0.5433783667843513,0.2948840673238337,0.022845079675316814,0.00954082245973156,0.02186722575073562,0.05055396885860089,251.44559655858666,320808,0.07618195932358497,0.16318579945475506,0.11055040297711766,0.027247250327923443,0.7528997132182124,0.9580420401502161,0.9323341683643616,0.667979577095202,0.0087946543097496,0.009916859587277978,0.008885305840522049,0.008039414921849234,0.047743419390171786,0.055278435763110347,0.0448914654825519,0.04748629289679222,40100,0.0868271688862545,0.008720517609404715,0.010243219407502467,0.4690121263992497,0.008419045531077366,0.04393857560779263
0.048745872974395754,0.4629764986038208,0.1585007643699646,0.6740769958496093,0.27806180998505414,0.4227724109590054,0.7721850638537066,0.5410018502212155,0.288379177416318,0.02418048520572483,0.009406544337740423,0.021936003141468652,0.05282697096797771,251.45155033105956,321608,0.07733671564608816,0.1650274363682443,0.11000052690505985,0.024512551593263508,0.7498506605625149,0.9621364363690016,0.9312185145005943,0.6542710439067017,0.00901455756044016,0.010602122374339816,0.00902835886425726,0.008069978781027082,0.054319329289719484,0.0679954059863674,0.04778754060588232,0.04908137869037615,40200,0.0844679321137502,0.009185379890246922,0.011006716825566035,0.4401725304317985,0.008433397226832444,0.05328606313622413
0.008168187141418457,0.45071787357330323,0.14522244215011595,0.6496289682388305,0.22329683291035965,0.4075653119385243,0.7706472071561403,0.5480068235934434,0.28496679726855023,0.024008294637314957,0.008742941324871554,0.02150024084763213,0.05256594923931909,251.45530024405963,322408,0.07384747490286825,0.16504241169450132,0.1124677842708079,0.025251788490485122,0.7309482625126837,0.9627230322741445,0.9304424445707724,0.6429408080875875,0.008696679717395454,0.010230272961285043,0.008770116451349893,0.007833210320053954,0.053251567999832335,0.06332136534322841,0.04960930325182992,0.046919557272173854,40300,0.08544064229083005,0.009102651351515792,0.009342084325131174,0.43887096064762005,0.00817112694833499,0.05416487230358702
0.031210951805114746,0.4474651288986206,0.1497899627685547,0.6462220001220703,0.23232423030014088,0.41454362213611606,0.7596963099254075,0.5421216307918802,0.2926628176874956,0.023713754322379828,0.00861801919452245,0.022057017918838087,0.052615861246633464,251.46051107225014,323208,0.07601895334199066,0.16382799898424458,0.11085935340123475,0.025606642160214865,0.7519609424471855,0.9608601565643023,0.93024228218097,0.6654612245694018,0.0087951227533631,0.009949236887917727,0.008710847615268857,0.008199063524332764,0.048633452542126164,0.05329142715181072,0.04229688947651404,0.047573336964132094,40400,0.08131456384723335,0.008222014264001981,0.010005433720862968,0.45641946423913987,0.008432959559248741,0.052092678806523685
0.03169426918029785,0.42337870597839355,0.1645882272720337,0.637600724697113,0.25866168161716174,0.4277701576054095,0.7726215611041422,0.5460977781844395,0.2978815100318993,0.022791106258518976,0.009332358249585563,0.022040044082709244,0.05336210734604563,251.4681240774694,324008,0.07918388972058893,0.16511551944862513,0.11210908051780477,0.026191079237776773,0.7555648094415666,0.9616190214671997,0.9300218913503872,0.6730203425761351,0.009528866540640595,0.01058186470867602,0.009433371140070826,0.008816376878140665,0.054738509436137964,0.06663779477794333,0.04445736398119278,0.05152663207353696,40500,0.08833108310574211,0.008663747138523716,0.010841295040428528,0.46413998010653806,0.009198898082860006,0.05474261322918073
0.0006390953063964844,0.4746296238899231,0.15645935297012328,0.6806592726707459,0.22319680088140104,0.40131065830588336,0.7722183610162423,0.5462975394859748,0.27791597243812327,0.023055419456213703,0.008166740477580823,0.022230614154610057,0.05000895758055978,251.47850686437826,324808,0.07207479942589995,0.16390346046737453,0.11116317345687522,0.02371322037445175,0.733166469335556,0.9662211040655772,0.9320269511656818,0.6401477829615274,0.008661270190495996,0.009881339904661942,0.00875727828131633,0.007944655670887896,0.05289236363023518,0.06132065726604353,0.05057530376662529,0.04967468854867748,40600,0.08362018283438909,0.00813391917634544,0.009721691108869286,0.4591564069991995,0.008268928294339301,0.050848529188589175
0.029509851932525633,0.4779919981956482,0.15710991859436035,0.6860775947570801,0.2457514741007464,0.40840085893869404,0.7611805266455605,0.5495925504910317,0.2756794620982626,0.02412258877418936,0.008613348082565753,0.0218464499878648,0.05393021824685011,251.48589570052334,325608,0.07441410025581713,0.1638795203284212,0.11311475997300531,0.023562278311741996,0.7372921091318129,0.9625076905677192,0.9312209552840185,0.6222939667376605,0.008491262868046755,0.009543807196773982,0.008462900208848483,0.007926611483774399,0.04989211531355975,0.054542559360791165,0.04466680532909536,0.0496681549120694,40700,0.08512160310521723,0.008230307549820275,0.008593328517163172,0.4656028488278388,0.008139406804693862,0.0506845943955705
0.0007053136825561524,0.45649803161621094,0.14699941158294677,0.6555204105377197,0.22129360562963335,0.41731902003288257,0.7662513309685649,0.5572309037235301,0.2730196688244952,0.02353398132137953,0.008366852157956194,0.020473332823228045,0.05821237939489174,251.4909266099842,326408,0.07719866629689934,0.16428746606307068,0.11530499052360796,0.021411460575380153,0.7410729193687441,0.9629097612446578,0.9391320002413238,0.6112513462913801,0.009016887899488207,0.01032838720591768,0.008950262778725869,0.008258369463951663,0.04900931831449272,0.0556888610676483,0.042421014235294034,0.04743478963884741,40800,0.08831868164740395,0.009189614286405624,0.009607557957639928,0.4544444554730467,0.008581413606707567,0.05113120770982007
0.03288636207580566,0.47922994136810304,0.15635087966918945,0.6872989273071289,0.20352793321815404,0.4244078612327575,0.7610246784879133,0.5485164765844637,0.29495303907451503,0.02075489464215934,0.010028357246241841,0.021489651331236384,0.04589906939245922,251.4977435023408,327208,0.07984427394345399,0.16362234950065624,0.11267136999396321,0.027402003470342606,0.7604374504089351,0.9620090618517725,0.9327156110522672,0.6972947672326515,0.009560598703101275,0.010642255601248053,0.00985884104048853,0.008857842735411159,0.05119307540822774,0.057320028227881945,0.04861463288555748,0.05069205090849402,40900,0.08254451378460091,0.008163840469458832,0.01131053828996502,0.45085894658369696,0.008816779876838708,0.047819275458473774
0.0007464933395385742,0.45417304992675783,0.14902007818222046,0.6543003153800965,0.25320403356041005,0.4274304652214051,0.7656453955173492,0.5495563492106929,0.28980950409970635,0.024200290851294992,0.009179418626008561,0.021955176497301183,0.05620562911522344,251.50407411457286,328008,0.07898898985236887,0.1636456201970576,0.11285760255467486,0.023750029597661936,0.7532000350952143,0.9637450519204138,0.9313733465429669,0.646407770933491,0.009613351430743934,0.011022625062614684,0.00941540818922401,0.008649084995971015,0.05719333015382292,0.06747612175997342,0.05282048706037265,0.05132800628809205,41000,0.0864691608317235,0.00851356262994531,0.012057792540415342,0.4525778203110418,0.009371997213176409,0.057368281043831876
0.032182972431182864,0.46371998310089113,0.16027096748352052,0.6740585255622864,0.21908018688081424,0.4284440451860428,0.7759348918376354,0.5482897794246673,0.2883292345359999,0.02169535220600663,0.009309460416226756,0.02120242581004277,0.05064405507114243,251.51050639146624,328808,0.0798407666757703,0.16479413532184065,0.1127710902318358,0.024793357864759346,0.7551754587888716,0.9649958134267889,0.9329640728235247,0.6613524642220154,0.009411941813305008,0.010488957661297616,0.009372253131587065,0.00872870595169498,0.05619953926769082,0.06618408096394986,0.050478897413704496,0.050881568790677394,41100,0.08337903429991479,0.00833176965733954,0.010980703923896908,0.45191431191622033,0.008973738530139427,0.056453557088674375
0.0006441688537597657,0.44368208169937134,0.16411954879760743,0.665215082168579,0.21647383783227292,0.43154469251632716,0.7598377813645947,0.5499521187941231,0.2916536844438978,0.022005175878293808,0.008739835998024694,0.021152702091882622,0.050598614262761916,251.51790860032784,329608,0.08161821097135546,0.16446279491012414,0.11349975801176501,0.02638568289617382,0.7615221568942069,0.9595820538362664,0.9349216988351615,0.6649089197002389,0.00936810798244551,0.010399959571940363,0.00919796377627386,0.008817010454429437,0.043082519752206234,0.04814390440696109,0.03826513570836847,0.0425747030466381,41200,0.08110299714427584,0.00824822081915316,0.010920500366594938,0.43976324828550767,0.009031751901558773,0.04400590596033288
0.03320098638534546,0.4781900429725647,0.15206277132034302,0.6872559809684753,0.21318262490024337,0.4298784695565704,0.7649866594604001,0.5437255602910981,0.2921414126176388,0.0227311530150473,0.008710425949437705,0.02225501528394263,0.05226629851676992,251.52445664972413,330408,0.08093949329108004,0.1646416914552005,0.11155345220836489,0.026789469620174103,0.7610162192583086,0.9596711601783983,0.9283133843623171,0.6646056991691384,0.009585742913186555,0.010987511673821745,0.009292716175369012,0.008753959911700812,0.046228652972495204,0.057594114937703694,0.041985301059508415,0.041505089827599775,41300,0.08210123399341555,0.00818732374337892,0.011621078308770268,0.45472201247694616,0.009277947380074439,0.04383456295050639
0.0007795810699462891,0.4559846615791321,0.1459528374671936,0.6550798392295838,0.21254970465073258,0.42568603038787856,0.770721337933471,0.5369576277262571,0.2678245107185912,0.021538251517340533,0.008490656424934665,0.022536809983398375,0.052898343768213285,251.53196490461133,331208,0.07969211935997007,0.16578966645514875,0.10911485593800142,0.021514125525146824,0.75574419438839,0.9589144826511253,0.9280279169388864,0.6120211122304031,0.009222435695119203,0.010128914131130576,0.00894012482016595,0.008740805665350697,0.055291291121393416,0.06651891954693101,0.04827833874151107,0.051798904623241125,41400,0.09073010889939889,0.007865003356484029,0.009768489432900918,0.48717670822606496,0.009005436712188765,0.054295746718072156
0.0010867071151733397,0.47237376928329466,0.16044439554214476,0.6881014847755432,0.23248982429257142,0.42565761744976033,0.7629181488106646,0.5530269450824201,0.2816984986386647,0.02340928909368814,0.010287477920428502,0.020625264108300637,0.05089110420653367,251.53557827565436,332008,0.07881407050415867,0.16401115936848018,0.11437579336653061,0.02417303197108571,0.7548597881197928,0.9622725884740554,0.938399189382518,0.6497409663549277,0.008888323416467754,0.010064465942074692,0.008675862534116913,0.008311660391301287,0.046568090845830745,0.0541613754612626,0.03931027822358823,0.04384267963696179,41500,0.08506887797769669,0.009855413584768578,0.009036321413225013,0.43980310092101227,0.008557042484549261,0.050259992485312155
0.13148473024368287,0.38453279733657836,0.1574153208732605,0.5939335298538208,0.25408041910386775,0.42085982009768486,0.7690701403542965,0.5579121465159352,0.28560428896007367,0.02199457020498812,0.009329415893143152,0.020361437684220964,0.051795029249834895,251.54130349770304,332808,0.0797075697034597,0.16574587458403323,0.11514297562921155,0.024934725837157844,0.7462227410078052,0.9584942372681583,0.9400410429339542,0.6496340711700151,0.010054063908755777,0.011334260508749645,0.010126287282975469,0.009298345081488338,0.054058638345450154,0.060372156871199976,0.05304349804836738,0.05117829801871422,41600,0.08071813461537239,0.00830398346826093,0.01343124968580146,0.43770918466042763,0.009484507323463195,0.051898551227497945
0.012227716445922852,0.45565993309020997,0.154256911277771,0.6638896799087525,0.2525431623879594,0.4264878523349763,0.7686779524239024,0.550143498025442,0.28436506801874034,0.023941963789984578,0.008602917397136808,0.02095446999331839,0.05795478211639792,251.5477749422655,333608,0.07884983539581299,0.16432747979399184,0.11285551766815936,0.02334960246914807,0.7457232886552814,0.964161679218632,0.9364610192022821,0.6298207245310958,0.009315934800542892,0.010553444326885856,0.008952645871690234,0.008732705823696991,0.055421630330383796,0.06356301688165035,0.049145598297840654,0.0527813296185388,41700,0.08556746393071478,0.009854044499969222,0.010244003077158103,0.4469638855303103,0.008916672346974484,0.05530138003329435
0.02945345878601074,0.4646280741691589,0.15575334310531616,0.671832959651947,0.2704323980653915,0.43079664587974553,0.7691495811517262,0.5371917153016109,0.26965324389315715,0.023436868665739883,0.00861618756440229,0.022491182857312452,0.0592140347437292,251.55512299339566,334408,0.0806308019161224,0.1651598703676621,0.1087793068052867,0.021220406947423373,0.7520902365446093,0.9599064182391206,0.9280674830461161,0.6015376354175841,0.009518423709087075,0.01055578508134107,0.00928316129228243,0.009106965323329939,0.05359217212069779,0.0600372630056093,0.048174827937514354,0.055238306603796486,41800,0.0852580655898367,0.008062692082306495,0.010628632721206057,0.47795301584564887,0.008940512411847562,0.050013340311124914
0.0006832385063171387,0.4578330707550049,0.14720288038253784,0.6577399182319641,0.24173139837872687,0.40665983885526674,0.768214364959435,0.5501303947553408,0.2786761443993008,0.02409940415062011,0.008272537216147291,0.021417551292333668,0.05512911928343341,251.56261404521067,335208,0.07379081681370737,0.16467303418639034,0.1128243300064308,0.02295299673978996,0.7397310239076611,0.9623538723046134,0.9358468198194734,0.6327798195459227,0.00863070811145007,0.009873458292779773,0.008542051602427537,0.008031210077374618,0.04746279109502212,0.05825872052280993,0.04256495581712667,0.047083016400898084,41900,0.0844894800922407,0.0075126550541135505,0.009671747312867292,0.4624704360374678,0.00828066933211948,0.04345295851673989
0.030330350399017336,0.47799765586853027,0.16370067834854127,0.6966252374649048,0.26171011843582265,0.4215886148810387,0.7677135742860398,0.5484094457718928,0.2805423321835512,0.024211900895461432,0.008258219426592371,0.021448716516742107,0.057360168385865364,251.57307262966185,336008,0.07790228361263876,0.1645713193616287,0.11339427845425974,0.022491299237578824,0.7442358219623568,0.9633279575914298,0.9316779030758197,0.6301529792142029,0.00911319372709841,0.010484250834410262,0.009065134561557362,0.008215718340642499,0.0511322445143014,0.059159530298358895,0.050177471391241825,0.04475334600495,42000,0.08303545986676646,0.00866031778145812,0.010187229017976702,0.44209457304059874,0.008711077445714746,0.050669483490019394
0.0006284236907958985,0.4375083589553833,0.1617349648475647,0.6525574111938477,0.2157278258165731,0.4158022592961788,0.7648956936139328,0.5418745656346158,0.29566275661142133,0.024101115264929827,0.009038027393846562,0.0219321868988837,0.05549451292863169,251.5812149023071,336808,0.07595293728634717,0.16445861576677687,0.11030452615299886,0.025135397109727488,0.751418226361275,0.9621929175906124,0.9311573275299957,0.6590938446591206,0.008659402523189776,0.010242201096204289,0.008740464904410545,0.007886043042215763,0.04841093214694407,0.05676850308612968,0.04492088025435806,0.04730124726837272,42100,0.08132604646690303,0.00755675772895214,0.009835110407625212,0.45707264194633734,0.007917343136537715,0.0456590455020707
0.03032071828842163,0.44990787506103513,0.16924092054367065,0.6706376075744629,0.25188206246072153,0.41427847638726245,0.7731732163789137,0.5427099197086956,0.2898437888081605,0.02203636003658176,0.008604036066417568,0.02208055685200218,0.055016934484894815,251.5872001974674,337608,0.0774705411121249,0.16518037428833388,0.1107139747632159,0.025974497010758348,0.7334376427531242,0.9614146796037569,0.929249469190836,0.6407827028159887,0.009909547292627401,0.011330418510555808,0.009583574857308777,0.00905485796396076,0.06699193532578648,0.07296774389643994,0.057960361406334114,0.0649159854135472,42200,0.08275851177043522,0.008081900824154178,0.011874240791571511,0.4459347649432686,0.009527689640056422,0.07005998959122266
0.0005656528472900391,0.43410510301589966,0.1570447039604187,0.6392832541465759,0.27161466055684275,0.43088890105485883,0.7622571255479544,0.5532270953843473,0.2901408270962779,0.023629438076168272,0.009493021238484386,0.021153036115298927,0.05227667757005253,251.59921006429843,338408,0.07974980181083088,0.1643578488911901,0.11442345867031498,0.02510153754798841,0.7649912440776825,0.9606214350178128,0.9346730800051439,0.6644021580296182,0.00959278627298773,0.010539959568441625,0.009685181358240941,0.008794572041262683,0.050210878262296324,0.054212149738201085,0.05011014185208629,0.046445371203279025,42300,0.09051046123514414,0.00845300592800164,0.01146012313200842,0.4836029482018101,0.009356453103812347,0.050188954436103175
0.000576317310333252,0.48356300830841065,0.15556485891342164,0.6845468235015869,0.23128487601356562,0.4303876139968632,0.771247949930701,0.5535363347326971,0.2810291625780632,0.022752137258648872,0.008457093142862847,0.02077363417108687,0.05190112152238293,251.6068960514972,339208,0.08016547856852412,0.16517507107836185,0.11461809602393917,0.02366403389565351,0.7558406746387478,0.9629132358154451,0.9365963949976374,0.6481051914172595,0.009179309231694792,0.010526059229978107,0.009112131316214802,0.008454248592681662,0.050263851919444255,0.05840812461902527,0.044111299768787623,0.049564240852458474,42400,0.08083215418296891,0.008789803477230712,0.00974305596680859,0.44121611666034993,0.00857711079706614,0.04915232140054876
0.0281885027885437,0.48101809978485105,0.15183706760406493,0.6819064521789551,0.255078884866981,0.41383240446448355,0.7704175445437428,0.5535803395755512,0.27973289767187604,0.021906908415257918,0.00926322153944057,0.020586909380616573,0.053436651753868816,251.61361139604483,340008,0.07754142727702854,0.16472959496080888,0.11407083795242706,0.024468344696720257,0.7373317897319797,0.9608568659424781,0.9391586998688803,0.6279693285404645,0.009696517759002748,0.010784926875494424,0.009706881355743883,0.008485902250018905,0.07213229626417163,0.08436075823847199,0.06247226201170652,0.06254181343526964,42500,0.08424966185457179,0.008919946834341521,0.011238710874070726,0.45259922530915964,0.009693980185935893,0.07730665911816895
0.0007005882263183594,0.4387153458595276,0.16267653942108154,0.6476440739631653,0.27872142384748916,0.4282104177772996,0.7750093481606911,0.5523553539263572,0.2791011216050671,0.02331435411237181,0.00909305383296062,0.020642301778456103,0.05671716595546425,251.61850194115647,340808,0.07965949380770325,0.16518969930432456,0.11474153507304817,0.02251165142009785,0.742575793862343,0.962633673515585,0.9360777798451873,0.6202851343529391,0.009385489891283214,0.01056052065299203,0.009319530290208366,0.008625834253836055,0.05756658234633507,0.06846331942748898,0.05004911600661122,0.05383020304679797,42600,0.08330287591650572,0.009519052180218444,0.009586220494760524,0.4423769577383411,0.00891169632688679,0.05652358649032456
0.03002964735031128,0.48238908529281616,0.15368598699569702,0.687025339603424,0.23610693151543147,0.41190352261066415,0.7695537374905894,0.5538073574006556,0.2838948736203968,0.02301908225286752,0.008640928776003422,0.02067374948877843,0.05838078093709866,251.62396384206323,341608,0.07626509992405778,0.1652797724251973,0.11462362337857486,0.022981700154268377,0.7409914928674701,0.9618566551133595,0.937507899403571,0.6301070771164654,0.00914705411763862,0.01018744783661284,0.00928531604469753,0.008664469444321587,0.048416404901072414,0.05431077229005347,0.04769979194272308,0.046773201410365416,42700,0.08943690051602421,0.009049022825804465,0.010347502547614445,0.4716123444469352,0.00853731832875495,0.045411660393144496
0.0005848956108093262,0.4599703526496887,0.14453047275543213,0.653489727973938,0.2466178514639042,0.4289992144703865,0.7658937090293956,0.5505353622138508,0.2833413622632824,0.02396380112040787,0.008630982669899116,0.02178992500661739,0.05538797809434756,251.6306289616912,342408,0.07960798094049103,0.1638118258394335,0.11346779692740666,0.02521614405870168,0.7479091212153437,0.9632055239530392,0.9306409965668406,0.6372978490402259,0.009992862360086296,0.010996100503032308,0.009369483310452086,0.009982796680873339,0.05662512573180721,0.06029128993447001,0.047267551328765145,0.0639282142126098,42800,0.07735391106942426,0.007121506472290284,0.010139903418704577,0.4483104814653816,0.009336433756802954,0.05187442285924867
0.03343014717102051,0.44061180591583254,0.17526278495788575,0.665329327583313,0.23652884812510558,0.4013067778944969,0.7676082590351933,0.5480474357542238,0.28173813349244625,0.02276833576150238,0.008434507538407592,0.021870137537878587,0.05216970599468543,251.63828842765642,343208,0.07370700545608995,0.1648280455366425,0.11227648918958089,0.024353519228453017,0.734852129817009,0.9618202833377794,0.9321226176462684,0.643484555848754,0.008966843611560757,0.00976362409140996,0.008982361828614227,0.008724669460207224,0.049609165037982204,0.05250737437998635,0.04548680605856996,0.05026855777561808,42900,0.08377404091048193,0.008790680863187707,0.010648661179792332,0.4634803331324033,0.008517571776922398,0.05013050590475488
0.0006336760520935058,0.43315786838531495,0.1620656418800354,0.6474314641952514,0.21744864689899218,0.4048822076618669,0.771897662940778,0.5456542847273141,0.2858988972223219,0.02441640271805227,0.008378696992478675,0.021458934800213443,0.059639602575210185,251.6480169254446,344008,0.07322489632293583,0.16501502175080152,0.11138028244528439,0.023019613670324193,0.7304693096876146,0.9622291097515508,0.9347892325857408,0.6288727293560168,0.008815675578080114,0.010216853667148636,0.008840656472349787,0.008233144476231358,0.053298101858235934,0.06425886100011041,0.04977086288905096,0.04906195991287994,43000,0.08612953120635626,0.008911846922451826,0.009360659300453125,0.4584323512183294,0.008132424155871072,0.05071113414441543
0.03083308696746826,0.4763240051269531,0.16170888662338256,0.6886328959465027,0.2675247404406238,0.4116435506939889,0.7674187940520208,0.5493000459049554,0.2743436943121893,0.02422435157932341,0.009584536639394592,0.021642618101990627,0.055492520000055494,251.6627631655726,344808,0.07596274863928562,0.1643763912690652,0.11388439296687382,0.022425254152844378,0.7321135625243188,0.96180539550008,0.9294629320149183,0.6205245277390408,0.00904034622013569,0.01022877969049119,0.008961098765186347,0.008566745226950057,0.05719762563705446,0.06900259570495507,0.05288139893121631,0.053222485223607195,43100,0.08217394717219394,0.009740185729659548,0.009113823228072745,0.43002827051209247,0.008509163871952682,0.054845710098743415
0.0006885576248168945,0.4287976121902466,0.15726476192474365,0.6355879068374634,0.24106586938869395,0.4335132282972335,0.7686235211162916,0.5457850986836,0.2913044809323289,0.02148650107905269,0.008125397431115806,0.02111784995113519,0.05106086276076815,251.68135695473867,345608,0.08139405958354475,0.16479427283890907,0.11223856752336603,0.025596532103878907,0.7675139063596725,0.9631521264526335,0.9342804171291054,0.6708470984645515,0.009792580080684276,0.010812826898540854,0.009721452877035039,0.00908249528678742,0.05257263686973602,0.05910075306631275,0.046522586615573534,0.05272288453441275,43200,0.08780284175141297,0.008823866689297829,0.011327492806947585,0.47407828647680933,0.00942304842714973,0.05161075714994409
0.037045605182647705,0.47968861579895017,0.1563440179824829,0.6916375303268433,0.25383854132037104,0.41695631891489027,0.7716239009584703,0.5508331884792191,0.28536325928221584,0.024861744749359798,0.008766912189977506,0.021853972731426898,0.05886656365095123,251.69120781021482,346408,0.07612020172178746,0.16477533828013802,0.11371238561189588,0.02400625106263723,0.7474492803215982,0.9631692855446424,0.929910181173638,0.6322362625483168,0.008851340233813973,0.009918634875840146,0.009011492539725422,0.008311740139689192,0.05213456769939511,0.05608888246394968,0.04926379457051262,0.04932216065935787,43300,0.08934232336925522,0.008398474169000244,0.009569339422216891,0.4841559298482593,0.008249616305179435,0.054139546908474716
0.0005656194686889649,0.43764479637146,0.17241358518600464,0.656735897064209,0.25512422945649416,0.41956053614616395,0.7735438422121186,0.5477876673535549,0.2884683115107395,0.02089563993271439,0.00858056211592442,0.020623995005014793,0.048287779488350446,251.6968001984673,347208,0.07813360732048745,0.16563785625527586,0.11206011582940523,0.02461626932715938,0.7549763330817227,0.9605359946838536,0.9400336279137308,0.6765184495397792,0.009575348254293205,0.010812145669596521,0.009201629168012806,0.008533578443651393,0.05515093436464668,0.06211083249725181,0.051538698034047474,0.05383286708765616,43400,0.08494640674407239,0.008738255142952343,0.011662712804842565,0.45829774146882135,0.009689248029891158,0.05326669334616756
0.0006078290939331055,0.45468162536621093,0.14889731168746947,0.6546783137321472,0.2567557644230394,0.412004963308573,0.7645853063527577,0.5374308274563959,0.28501370505375073,0.024037121036089956,0.008786595968945706,0.021997058237700373,0.05545416875176278,251.7039815087266,348008,0.07543420312926169,0.16499547375009427,0.10852730889683194,0.024082750544253313,0.7403636765480038,0.9584248386164927,0.9326814787399368,0.6405502236356918,0.0088518498186022,0.01020136319764671,0.008689957652870882,0.008181482984903555,0.050853689871728405,0.060165303692400016,0.044963805517856587,0.049470727213238384,43500,0.08194506426911738,0.008516295624790317,0.009702386322954856,0.4396505406246848,0.008436715475918344,0.04961362542047057
0.03320254802703857,0.47173836946487424,0.15279013872146607,0.6751535129547119,0.23082298554738398,0.4117530906200408,0.7638760651956052,0.5543443360953646,0.28989406508761817,0.023827641420066357,0.009184616031879611,0.02066236681946853,0.05338871012506793,251.71023560668365,348808,0.07577307503670458,0.16515212160581969,0.11487644379144736,0.025846075026188485,0.7433064317703247,0.9586102120037185,0.9358836261971485,0.6603133137836017,0.008781974317971612,0.010019609428858954,0.008696924037191541,0.008240938316597482,0.053576230257749574,0.0578570200609012,0.04819236948941515,0.057497269486965125,43600,0.0807324990164489,0.008415233035339037,0.00917388670728542,0.44147264629602434,0.008343506384408105,0.051075182803906514
0.0006395459175109863,0.46084965229034425,0.1473421859741211,0.6581124925613403,0.2612717449678773,0.4212330555915831,0.7681023795157671,0.5588397595095513,0.27818332718951355,0.024216236928477883,0.00899600114189526,0.020585767449948753,0.05595296107986495,251.71970371790692,349608,0.07776900873519485,0.16476375229346243,0.11636730566107,0.02245566765112538,0.7459114187955855,0.9616526315609614,0.9348538896720393,0.6248772209598902,0.009409029884263872,0.010620715702922712,0.00971544555760003,0.008525106818636972,0.05454515229444953,0.06207708444465737,0.051030197387258426,0.052923195682732106,43700,0.09050163890306766,0.008803716577732794,0.011499041514709969,0.4671398587715933,0.00884891596073523,0.05253497671383697
0.030780940055847167,0.48669321537017823,0.1571445894241333,0.6932526087760925,0.24586393014051983,0.42642294496297833,0.7663242729182165,0.5531407672803379,0.293991035810023,0.022763589359819886,0.009490795444158198,0.021387832958106597,0.05124126494664586,251.72867365489205,350408,0.0787214321084321,0.16514234524692978,0.1134037965528883,0.025208167040325476,0.7632192248106006,0.9579652505477682,0.9353619484068116,0.6758250368363927,0.009085882380604744,0.009885772107745794,0.009308193215774817,0.008532069242474696,0.04921094642486422,0.055307522799044447,0.04680847936734848,0.04716097338670735,43800,0.09052889506758445,0.008992566019249838,0.0105110786214059,0.4791874618985545,0.008614931089438527,0.04770228979013976
0.0006414461135864258,0.4373675537109375,0.1549811291694641,0.6400588512420654,0.22795590350184672,0.4137736552953722,0.7673898759283547,0.5467653538286689,0.2847777631909108,0.02302879502065479,0.008439942337258916,0.020975522969383743,0.05468381173804709,251.73382339236144,351208,0.07588998820632696,0.16487845631769912,0.11120764669030907,0.023383008408345982,0.7403908726572992,0.9614145592086673,0.9386890667676929,0.6472314063667646,0.008878541290760043,0.01009184254063148,0.008770333637949079,0.008366522454859944,0.0496695724548772,0.057065796946691706,0.045429416983388364,0.04775576220191825,43900,0.0831351797584266,0.008696722250897432,0.009726028685968008,0.43579660739217496,0.008346837005090146,0.04870566953683185
0.03188927412033081,0.47828914642333986,0.1579315209388733,0.6865368032455444,0.23719390142235708,0.4051053901016714,0.7617578882385383,0.5392165384559997,0.2813343475116234,0.02356985354796052,0.009812963812278627,0.021869493961752043,0.053659709448944416,251.73929552103118,352008,0.0748973193392158,0.16607513244856484,0.11055330937362716,0.024098013721716896,0.7441861858963962,0.9546984576366165,0.9280220985969647,0.6440156221974126,0.008745094081386922,0.0100187452097254,0.008556466569218813,0.008156391479275821,0.042747355184983495,0.04890611692892641,0.03932552900443841,0.041136257159843224,44000,0.08364260883875259,0.007291983486406359,0.01026324896272996,0.4725539059314914,0.008435866022392106,0.04263566942202849
0.0007334280014038085,0.4379664778709412,0.16743887901306154,0.6564483976364136,0.2392735927383175,0.4187466694414616,0.7716991234685954,0.5482856489144838,0.278027880508288,0.025482535450719285,0.00881584696219658,0.021947269115405968,0.05631541642896102,251.74481227438267,352808,0.07602899763733148,0.16561926548013994,0.11212073921775206,0.022006280340081237,0.7410972613096237,0.9611636959400374,0.9337947451151332,0.6291898955813551,0.008875744827091704,0.010024051001948323,0.008714774759629599,0.008344055987911018,0.04897331836400552,0.05700172636221095,0.04376017798502476,0.04814159694391478,44100,0.083987595513463,0.009020283596111905,0.010032958391349059,0.44391977722580417,0.008490768842701172,0.04706531978665373
0.03855857133865356,0.45397918224334716,0.16245006322860717,0.6696529984474182,0.22117191936589864,0.4049858674407005,0.7661414572611993,0.5412954289694223,0.2771353449510492,0.022307173497974873,0.008622576237096407,0.02143676290573668,0.05406359503926389,251.75026250253705,353608,0.07440224692225458,0.16404960223430184,0.11032127630801843,0.022489279991967395,0.7292949134111406,0.9626921480183771,0.9344808288982932,0.629950428462547,0.008798418585211043,0.010236577328699863,0.008372488203553522,0.008202956819846091,0.053040653159841876,0.06218308976180659,0.04840991663157332,0.04960923011252737,44200,0.08386160814847453,0.008952751739816297,0.00924769381270436,0.43421684566573393,0.00842609559903784,0.05204733129229709
0.0006673669815063476,0.4579702663421631,0.15989814043045045,0.6660832142829896,0.2416170379214993,0.41695915788412075,0.7681501922268553,0.5418142746656369,0.28376661167598116,0.023619368532672522,0.008835497556306275,0.02200305462361146,0.05274733632995348,251.75548155683413,354408,0.07715049932710825,0.16452124926644543,0.11054883950795887,0.024220634255112252,0.7429952466487887,0.9619995915345132,0.9295460517589869,0.6451140152456613,0.009792180557269598,0.010387868001149375,0.009858299504058105,0.00855055284913751,0.057850005947984735,0.06481177168590987,0.054306591223352206,0.05138798412853775,44300,0.08279829372007108,0.008354479776552095,0.013300997951927662,0.4421103379665276,0.010480504048367343,0.06141876835041709
0.030847721099853516,0.47191390514373777,0.1527395224571228,0.67737313747406,0.27365193949960515,0.42760494798421855,0.7648692413074214,0.5553780170203432,0.28066509954668406,0.023934320271946488,0.008691073778062712,0.021318009065858685,0.056755333870130396,251.75946995700565,355208,0.0798701315931976,0.1643973838265348,0.11577377400448169,0.022712517549418183,0.7462731176614761,0.960735254171418,0.9318114889079115,0.6258481076700769,0.009616899099200962,0.01075976896667626,0.008869401443052323,0.009300850146445471,0.05673733485629781,0.06415108237756273,0.04630688848340962,0.0542823104929197,44400,0.0844520483926641,0.00853616735929652,0.011137955680036069,0.445625995466222,0.009517315543544395,0.0624494933320882
0.0007505750656127929,0.4652106499671936,0.16066165447235106,0.676219482421875,0.2205988702523806,0.4062298366427419,0.7607985453727915,0.5469131636135475,0.2746877161775783,0.022312033441849063,0.008456563567503905,0.02137712974262041,0.05438106778825895,251.76340405011786,356008,0.07533311562612649,0.16432774808162295,0.11199099982753019,0.022305409462175872,0.7316848510503767,0.9614895548575967,0.9343197593834196,0.6296440714695419,0.008893289212137464,0.010020332348843418,0.00863506258725363,0.008312472322945545,0.048673534872941654,0.05312889946194795,0.043365111548529206,0.05040553087226108,44500,0.0827484746277331,0.009055853149232771,0.00923761959239426,0.43809582392374674,0.008615007986211112,0.04805134834928646
0.0006744527816772461,0.4479362964630127,0.15917595386505126,0.658308572769165,0.23770949590847368,0.4110334990918637,0.7617059147235047,0.547679037009318,0.2676093432402942,0.023679158780723814,0.008983742736145554,0.02208366890716338,0.05153870298057249,251.7741101529394,356808,0.0753175294212997,0.16323597913550356,0.11244842554106542,0.021941328054900622,0.7379894921183583,0.9630170206433721,0.9300778901454096,0.6197817626349428,0.008840550906024869,0.010034221915777802,0.008766315020524808,0.008281484201396693,0.048613330004736784,0.05721113090067334,0.044794001450915756,0.04514527681642515,44600,0.08488289648474953,0.00866397871988701,0.010247624899289503,0.45370493660268085,0.008349345377694387,0.04773194835876526
0.029779119491577147,0.46782288074493406,0.15587643146514893,0.6749730324745178,0.27060757467375235,0.40648227050900493,0.7716723861750105,0.5453590769833379,0.27835592722951485,0.024158315323293215,0.008953911811249526,0.02126238447477304,0.056096255696685984,251.77975629653594,357608,0.07516808860003946,0.1644615569309881,0.1114683250016575,0.023339176348644533,0.7384145659208293,0.9638310043435345,0.9354177377092732,0.6196963681376048,0.009792343096341936,0.011165123825010507,0.009077010753162957,0.008652506473020002,0.058231814369792134,0.06758453959070847,0.052157620835831454,0.05170669302165392,44700,0.08574665604660711,0.008523045761998782,0.01429614112399017,0.4624861676532486,0.010525918965308498,0.06327728461642085
0.0007184052467346191,0.46123206615448,0.14266390800476075,0.6552221918106079,0.23221037177498352,0.42691467955708506,0.7700133735153271,0.5427730148746857,0.2924917753413321,0.023260057121515274,0.008265137341497511,0.022079256855483568,0.05314243462402373,251.7851386408812,358408,0.08019335880875586,0.16453897658035846,0.11167869741717976,0.026758608653908604,0.7586703318357465,0.9636595164458767,0.9273639420668275,0.6537003171443937,0.010179871055297551,0.010824946778812227,0.009997833302865428,0.010170350619591768,0.05214458403177561,0.05872596724450512,0.04679495981406594,0.05368391973664986,44800,0.08994000125193845,0.00888436670846985,0.015213783849706307,0.47465725297137273,0.009729363789077407,0.049652467201912645
0.046090526580810545,0.4428595662117004,0.1724945378303528,0.6664563751220703,0.2212086958121082,0.41270044922828686,0.7686795897327114,0.5428299054849981,0.27710874141790914,0.02190303056500852,0.00864873626520813,0.02082264626420342,0.0535041892471222,251.78968551564682,359208,0.07683207215741276,0.16481026538380988,0.10976243153387728,0.023159063650438426,0.7389689278602596,0.9612546090229013,0.9410093496012136,0.6232640734085669,0.0100524348882027,0.011427234556578424,0.009919772234604537,0.010040967989092067,0.06176122493576259,0.07072126542047504,0.05696101264952315,0.0660720968595109,44900,0.08649389655752604,0.007570143364137032,0.01348143466854127,0.46835368871688865,0.008835260762663714,0.053018169776028565
0.0006040644645690918,0.44964818716049193,0.1608764934539795,0.6606773066520691,0.22327924048963704,0.4088267190754414,0.7648469466001883,0.5442790826262562,0.2694608295354458,0.025063756853342042,0.008453168719886307,0.021712993971322685,0.05940033041745499,251.79620385041972,360008,0.07482901398092515,0.16479325935321762,0.11074620557164182,0.02182826952154306,0.7237227076292042,0.9609545558845447,0.9345705714927712,0.5946265858353916,0.008773265706840899,0.0098357641239472,0.00880638272430615,0.008229652071570602,0.050350705124437796,0.05581363373064467,0.04669041683906831,0.04881835580143391,45000,0.08193140618466567,0.009341254667150689,0.00855140388867927,0.4260316648904017,0.008285021402544402,0.050264408711490134
0.03367443799972534,0.46937177419662474,0.15246243953704833,0.6766200113296509,0.20572044455295088,0.40978612780571,0.7614696375907422,0.5466034613033339,0.27846197461459193,0.022464455151930452,0.008217856334152786,0.02126274983361734,0.05157506458961701,251.80332507183027,360808,0.07603221088647842,0.16444726185823863,0.11169699771274434,0.02418955019559361,0.7411168664693829,0.960475973351292,0.9360837903943396,0.6431339830901486,0.009271324737928813,0.00997823568938113,0.0090220468556785,0.008823705494255566,0.057599646314047286,0.059061236186790766,0.05476976346482735,0.05591050648496518,45100,0.08426146237000538,0.008445797120377685,0.011155496001055518,0.4471378721869905,0.009303629691623006,0.060652112445006026
0.0007385802268981933,0.4326762580871582,0.16512598514556884,0.6470754480361939,0.2378876283283264,0.4112853980064393,0.767348960432082,0.542063128316041,0.28706112726410793,0.024215942719019973,0.008593993223057723,0.02146466515224539,0.05785874573430462,251.8092499104449,361608,0.07591890185605736,0.16519874482566774,0.11068268921790701,0.025996117015132936,0.7356994298100474,0.9609195639949814,0.9344573939087413,0.6355780973956353,0.009348740768618882,0.010419451139126151,0.009850314178626344,0.008951865678736516,0.05275730544235556,0.057075675201470645,0.05772459625520494,0.05117213173968658,45200,0.08303277191839052,0.008817570928173753,0.009722711663648841,0.43928641336304797,0.00828185827870453,0.04566343739140958
0.031184709072113036,0.4591452503204346,0.15876407623291017,0.6680165982246399,0.21226933624399044,0.4336303204298019,0.7631062695765384,0.5557421996964879,0.2877545879737846,0.025053191501647223,0.008840982404965655,0.02079469957693136,0.061025474925787714,251.8160012767291,362408,0.08059141065925363,0.16486128493790386,0.11508229022948589,0.023227159402929964,0.7565669035911563,0.958951248094369,0.9370478241886926,0.6308332516730404,0.009343256768770519,0.010566632720195998,0.009243836619390463,0.008612913127030126,0.04954107129015028,0.058099136921749325,0.0458300048017397,0.04579539817206344,45300,0.0870581091098163,0.007976700197500379,0.010876232930256616,0.4700578341017599,0.008865556084935586,0.047934326970868774
0.0006960654258728028,0.4311619138717651,0.1502741289138794,0.6304694414138794,0.23879039692565515,0.4308608169853687,0.7690714065003507,0.5532205381454575,0.2856346172776736,0.02278767840005459,0.00840752870733018,0.02056944055052903,0.05130133719105166,251.82584157546242,363208,0.08065634015947583,0.16523568324996663,0.11375736246506375,0.02519335950916269,0.760592894554138,0.9596360674226911,0.9391950188538974,0.6528304639820751,0.010528653189539912,0.011823949307329265,0.009482396217301873,0.009771722386303914,0.06599811082705857,0.07263727460938375,0.05003669015490093,0.06273887108872153,45400,0.08960358780282345,0.008153571314482097,0.014930551063077026,0.47272227348192886,0.01106059343462971,0.07923532513213223
0.0007239151000976563,0.4548296046257019,0.14768133640289308,0.6548678874969482,0.19327758854195193,0.4202791415154934,0.7579409061334078,0.5559321368966146,0.2817054516028454,0.023141482057981187,0.008831426761566823,0.020082505113036154,0.05823020064069526,251.8354641938886,364008,0.07850769049488014,0.16362665417866837,0.11491141564029966,0.023447987866466465,0.7490819942951206,0.9615859435154837,0.9423914011393758,0.6265115187219951,0.009128722639288748,0.010635450668632985,0.009052965116565278,0.008592852803817736,0.04597323667258026,0.05369611927905145,0.0409201040263418,0.043127513966401645,45500,0.08512829385409902,0.008594417511508015,0.009630347779223128,0.45800221052722695,0.008263989276329159,0.0464516002279909
0.029607267379760743,0.47696340560913086,0.15600617170333864,0.6828706979751586,0.2482835011070678,0.4167311269044876,0.7626849187470477,0.5403863919007269,0.27959700081497424,0.0234848905634135,0.008543085142815671,0.0219051251386544,0.05398591335630041,251.84037631916863,364808,0.07700573433190593,0.16341057141827806,0.10957397541728628,0.02314285529195332,0.7501090908050534,0.9642922921501914,0.9343992358700361,0.6379354935884474,0.009075769975315784,0.010460327818526504,0.008693326235929794,0.008553328264970333,0.048264120474268535,0.05559470833949786,0.045154442693062936,0.04667190329106233,45600,0.08288666114629227,0.008775168274320212,0.011824833936585418,0.4552730857109533,0.008657220522968127,0.04601811022164806
0.000619955062866211,0.4332859516143799,0.1583236026763916,0.6413066935539246,0.24502740209137835,0.4131422179937361,0.7659276733031645,0.5410563685376227,0.29001830434187875,0.023003122312948116,0.009202560377068441,0.021857980669316178,0.054082429817376224,251.85059150178398,365608,0.07579055387526747,0.16413288223437783,0.1096583975836484,0.02527194025997933,0.742053681313992,0.962343457417611,0.9323011721023401,0.6489918293097077,0.008772556316107509,0.010090353139317942,0.008494524924893568,0.008303930901755118,0.0517330629331991,0.058758579464390476,0.04895608312440948,0.04966869128820221,45700,0.08242994399284413,0.008179456150139474,0.009368585747719383,0.44734399807902997,0.008251149668621848,0.049763340052691674
0.03328840494155884,0.4663612985610962,0.160732901096344,0.6779441022872925,0.24437421698232117,0.440083923339844,0.7737011885101143,0.552545675166367,0.279683671465942,0.024853993067517875,0.010812781626273957,0.021405422100371805,0.05721190877347476,251.8551125691402,366408,0.08166385568678386,0.16550052172758356,0.11368028322225288,0.022884729725220005,0.7573021751642227,0.9591348068280664,0.9354688688583176,0.6262950023015338,0.009393332139588893,0.010174591919745917,0.009457207443239874,0.008992218268325641,0.05391256912203974,0.061608979811320394,0.05189287443385282,0.05399366216401433,45800,0.08247288289571426,0.007358460544441648,0.00994312457035086,0.4567789769586113,0.00881398720612932,0.04632667295508239
0.0007033371925354004,0.4403808403015137,0.156452317237854,0.6487997579574585,0.26973047046162324,0.4236852112412453,0.7658466795086862,0.5526825156971,0.28141852175932774,0.02281981875188648,0.009973594951443369,0.02086899089696467,0.05006711154677083,251.8587523578863,367208,0.07833030790090555,0.16439135797321816,0.1144021380303511,0.0238774672215225,0.7477966862916948,0.9589190250635149,0.9366550789543638,0.6503928700132224,0.008992926692590117,0.010084952672477816,0.008953412802454411,0.008471956227028206,0.049607358670327825,0.061239834233419894,0.04355187512660833,0.04575357017994073,45900,0.08354303006474904,0.008433907493752859,0.009477655345721087,0.4329145397010606,0.008458294709654228,0.048007879060644076
0.028797709941864015,0.45732802152633667,0.16234322547912597,0.6687127947807312,0.21120895046302263,0.42790644079446805,0.7640106387047979,0.5540715879354724,0.2820411367809833,0.022965022325515724,0.008876942060622976,0.02090752203590595,0.05410819568125338,251.86472658604026,368008,0.07976824844256035,0.16410422198015345,0.11426125302528721,0.02489099776477833,0.7528973489999771,0.9614199422547036,0.9365210747107486,0.6362276893531165,0.009329571174457667,0.01036578422562347,0.009447902082823789,0.008663753614178284,0.05085987304802984,0.058056087383197064,0.04476301845115346,0.04869918080890924,46000,0.08283035507844994,0.00752907106774757,0.009710945259701686,0.4590703707714974,0.008771694126339005,0.051431108368511884
0.0006901264190673828,0.4407681679725647,0.15778019666671753,0.6481238865852356,0.27107696157103234,0.4249805615842343,0.7737204279805636,0.5505461029860433,0.2766055813968465,0.023211098513565967,0.008896043520705235,0.0212297627193929,0.052224552832649776,251.87351111517629,368808,0.0786807261221111,0.1650744513631453,0.11365160220587746,0.024885637498067888,0.7508627647161488,0.9634183921250213,0.9323645112465839,0.6275075549762958,0.009195934510789814,0.010396881790583932,0.009147371730900234,0.008644516672497686,0.05454710104037078,0.062117119611062026,0.05117931432442322,0.051252540474607436,46100,0.08762309627705504,0.008329303800986208,0.01004149327544789,0.4735196712769962,0.008575277515736075,0.05359196791327311
0.029661033153533935,0.4584527492523193,0.1607396912574768,0.6678313517570496,0.2537190815793479,0.40857759073376654,0.7679175605218874,0.5500622440874581,0.2849572352158331,0.02271753828041254,0.009188469005970373,0.020532994458917528,0.05537045847565408,251.87876277361494,369608,0.07550786044448614,0.16538616163390032,0.11279926711693407,0.023527485481093815,0.7331326299905779,0.9593080764725099,0.9394799154996868,0.6377439514669788,0.008869872135110196,0.010233924312704298,0.008591097230091696,0.008252323720919531,0.04787556525785472,0.055551818089076783,0.04278151265811176,0.04551528503862087,46200,0.08043372718332055,0.008404479639474643,0.009647549068144112,0.4358886829367628,0.008485483710427545,0.04793904136723692
0.0006499648094177246,0.4798352861404419,0.15644367456436156,0.6873023319244385,0.23807349253249022,0.4140532828867434,0.7678921989938045,0.5512935618559511,0.2910154736391057,0.023169842623174182,0.008528949074234134,0.021452036839036723,0.04987035812558356,251.88974798546337,370408,0.07635078391060235,0.16500679902890894,0.11389883599864933,0.027836013095545686,0.744795711636543,0.9612188710177202,0.9333655874555308,0.6655935210150631,0.009228712937328968,0.01054836029404814,0.009208944547329647,0.008459031721367288,0.052929429081268624,0.061358625973337085,0.04901147116470384,0.049737857679861615,46300,0.08295502897464863,0.008800106657541952,0.010157462795067466,0.4452498218025827,0.0088578596936934,0.05230360966401567
0.030066750049591064,0.45816651344299314,0.14989068508148193,0.6548909974098206,0.20111485330760098,0.4219727319478989,0.7588742080330843,0.5463165875594567,0.2916821105686646,0.022659792462363847,0.009006682093604477,0.020870347307415094,0.057386768466725364,251.89745999582107,371208,0.0787950345687568,0.1643135829269887,0.11146496123862713,0.023981226018926542,0.7562074714899062,0.9591532662510875,0.9381458452850019,0.6484454896862946,0.00922635077498853,0.010303855349775402,0.009091524727958844,0.008347261299030564,0.04989334157900883,0.05759167788201013,0.04883407378340811,0.04301167659164931,46400,0.08503889918113443,0.007797858545235826,0.010766030099848957,0.46974481235850934,0.009084911651588517,0.04949485136276229
0.0021769189834594726,0.4649286508560181,0.1542678213119507,0.6684801363945008,0.19483700449222774,0.43174008384346974,0.7685332867768733,0.548462567883625,0.2798267199383306,0.021929890951141718,0.00824157315730531,0.02100329055744956,0.05368909969753614,251.90146292454926,372008,0.0810519936680794,0.16531780664578527,0.11221331750091758,0.023794497900260225,0.755984807610512,0.9607225653558678,0.9375199667717286,0.6316271107320847,0.009089812934398646,0.0100676937485206,0.00902130650642344,0.008551662849703793,0.0478177412552759,0.05517320216421301,0.042938219810215186,0.04570754355820964,46500,0.08471501209220007,0.009147971656958229,0.008864533184521696,0.4451565681980344,0.008638988090631777,0.04777607621700708
0.000720512866973877,0.4623934316635132,0.14927988290786742,0.6589378643035889,0.23153459160764725,0.4254738664627076,0.7649618482589722,0.5560037201305608,0.28236211604977923,0.02228307452984154,0.008747732801130038,0.02077629873616936,0.05261655584173771,251.90539460416772,372808,0.08006580527871851,0.16347871027886862,0.11558271942765645,0.02614170637128776,0.751923058629036,0.9641648703813547,0.9348960195509888,0.6399044918386555,0.009345917175523941,0.010494501104112718,0.009412755655950676,0.008606792961884496,0.05511011533439158,0.06309536817949264,0.050821320970876584,0.0552419902658776,46600,0.08012693194728912,0.008460566157185835,0.00952748259684692,0.4491195254253617,0.008823427564530356,0.051509699168041226
0.030578880310058593,0.45745357513427737,0.1672641682624817,0.6758002138137817,0.20709132259163754,0.42739394292235405,0.7663062591143326,0.5532785506423459,0.2792029191429418,0.022614674782380495,0.008683662809845474,0.020939113217653755,0.05352732865139839,251.91101309543183,373608,0.08072866272181269,0.16473174584333353,0.11441905401783801,0.02499631250611857,0.7497942143678669,0.9594569097865709,0.9342013909182416,0.6187831694260245,0.009452362130396061,0.010705457654584088,0.009046696451142292,0.008939508620339123,0.04961347556672989,0.05632532884677253,0.0433203720299681,0.05077902033129554,46700,0.08315016357907251,0.007970837296852561,0.011580201789911366,0.455211610533297,0.0091335604544535,0.048671626747818636
0.000698239803314209,0.45062976360321044,0.15329689025878906,0.6560224199295044,0.27106390928867913,0.42828899413347254,0.7657121101824133,0.5523522595564524,0.28490453398710974,0.02218607040122151,0.00935462028204572,0.02101416733331872,0.05246596675416503,251.91617178254157,374408,0.08134051654487852,0.16509742239633435,0.11337343400011321,0.025485931740872377,0.7502178108692169,0.9585963501953163,0.9373754199576263,0.6423714073928626,0.010176723476033663,0.012018936368314399,0.009440089410602827,0.00956093512123099,0.05657677924260495,0.06952416273998095,0.04899665126172096,0.05248989496078041,46800,0.08159409967716795,0.008734793937182987,0.012744754296727476,0.4395539391040802,0.00959284255397505,0.05473730082623657
0.03253462791442871,0.47706979990005494,0.15729454278945923,0.6870179939270019,0.2347203450841382,0.44402485162019734,0.775744688837496,0.5585170049690505,0.2860457653102154,0.02205573333892969,0.008077944042033533,0.020737987836750522,0.05241377531153072,251.9222071931456,375208,0.08386872738599774,0.16418368229855151,0.1154104237743084,0.023025453281055295,0.7704363650083543,0.9665427417515616,0.9379400932094428,0.6616036361083383,0.011124853668734428,0.012741339743800767,0.010032836415633115,0.010961731512603974,0.0719079163391143,0.08630061330758552,0.058900879293644015,0.06810440856497735,46900,0.0839153288207094,0.008415554819661667,0.016083723033366155,0.46138072828126037,0.01059078021341415,0.07331623594515804
0.0007103610038757324,0.45542996168136596,0.14656561136245727,0.655526111125946,0.2860251214426221,0.4292188876867296,0.7712403674526966,0.544309944346331,0.28429636136809366,0.023826685594394787,0.008635347039383451,0.02236385926928211,0.055871658427965105,251.93264019151823,376008,0.07969911443069581,0.16608066716701686,0.11098653531592824,0.02368512864928896,0.7648262429237358,0.9595096040480205,0.9275466805494922,0.6422347156562619,0.009553815673571078,0.010725997312289508,0.009376824033730061,0.008841746336136437,0.053891221103258447,0.05779624696230826,0.056906587210290384,0.04767023091811449,47000,0.09352015480889302,0.0076709801711044,0.01303196451687989,0.510256379215341,0.009253723648572836,0.053035552784996574
0.039469072818756105,0.4599363160133362,0.16532219886779786,0.6813206958770752,0.21493709953688697,0.42937720090150816,0.7696960241295576,0.5433060890765644,0.2735823205658023,0.023230753606185317,0.00886412241474488,0.021455593954715586,0.054253323518949986,251.93899004807096,376808,0.07967495236545803,0.16533420848291971,0.11054573646142854,0.022550225980003103,0.7466729199886327,0.96144854273907,0.9336715885742226,0.6235100596689335,0.00919484765268863,0.010463166784841658,0.00878930517037085,0.008717425952329863,0.050929880039766416,0.060363945503567516,0.046263352200276574,0.04592954203826824,47100,0.08467452251721942,0.009107134988033781,0.009270429568089267,0.43383477699188944,0.00867668053913841,0.050323433223027694
0.000674738883972168,0.46129382610321046,0.15822078466415404,0.6731422257423401,0.29688904722762327,0.40941127151250833,0.766580315012681,0.5474814353222699,0.2866608689610772,0.022693346748128528,0.009609295583428119,0.02088117924970144,0.05267040020284743,251.9452669602858,377608,0.07633292374201114,0.16563778974507978,0.11190025327900019,0.0249822672850524,0.7389210519194603,0.9582803826583053,0.9385392149699101,0.6534868594927672,0.010230610887520022,0.010638216135435193,0.010250447808822479,0.010269012838267741,0.06476354566868397,0.06483619480001687,0.060198004527939206,0.06826189981104859,47200,0.08945017720981421,0.009082508796501514,0.013642387067460864,0.45048427366023674,0.009828883556151812,0.06562206416909172
0.0555434513092041,0.43923604011535644,0.14795031309127807,0.6418918824195862,0.2888551641720339,0.4360076357424259,0.7721306794318392,0.5554489839721363,0.2865497371067811,0.023760575652122494,0.009138248746737429,0.020928431090454138,0.056345717423139305,251.9547076600746,378408,0.08212311035022136,0.16514591783729948,0.11502136530035785,0.024488139030409563,0.7533936387300487,0.9611539256513414,0.9341788702719913,0.6378173438870176,0.009889848944731059,0.01102521538790038,0.01024799086027652,0.008523802109043663,0.05822034262353554,0.06644653110644458,0.057887263384203004,0.04868457291859717,47300,0.07809071599902037,0.008186741064441547,0.011987518189855696,0.4260942596756949,0.00966901479813769,0.05981973802814906
0.004209010601043701,0.46511155128479004,0.16027237653732299,0.6759217214584351,0.21848319015757312,0.4164291442930698,0.7690603190129353,0.5469188783893881,0.2918685562490077,0.02093910469673574,0.009043673033789177,0.02179571697200388,0.04976542600367762,251.96334766489258,379208,0.07756160264834763,0.1645090616870635,0.11176031478440643,0.026885084722850332,0.7494200217723846,0.9616428569401846,0.9331254117267646,0.6637238521924179,0.009089999441057447,0.010095551531614348,0.009224579328690308,0.008403397254185388,0.04927623023279012,0.05446049015932154,0.04667471200419767,0.04461938822432685,47400,0.08733746591559813,0.008132065919617326,0.010404449383279033,0.4695353381401669,0.008616482488712121,0.05054345106771966
0.001099843978881836,0.45357236623764036,0.14692625999450684,0.6590448927879333,0.2990138757009361,0.4294465541839598,0.7658256314521618,0.5482142159054354,0.2954855395480991,0.02379096363671123,0.00963920737281008,0.021510093437848248,0.05523103805258872,251.96789161383464,380008,0.08039545105770232,0.16415517496508225,0.11282410881211687,0.026411923725390807,0.7557075899839402,0.9618006620296216,0.9308324517101373,0.6615202373266214,0.010325101362541327,0.011304087315274531,0.009854933717638575,0.009944129665382212,0.05520950421690938,0.061456557501887166,0.05007457125791779,0.05722911117598415,47500,0.0896471380232717,0.009614353038922854,0.013845877151529127,0.46402033639313556,0.010089742274833228,0.051229904630413325
0.03249414443969727,0.4583174872398377,0.16789835691452026,0.6769681739807129,0.20443761136639563,0.4284595513343811,0.772184204934213,0.5473061737689106,0.28684067000787716,0.022741574221290636,0.008426057488000415,0.02081340053542094,0.05416105591036653,251.9763726166408,380808,0.07960453670471905,0.16555537041371243,0.11126898930154058,0.024896221960988393,0.7526887562870977,0.9618855415261942,0.940663934024897,0.6413379611161655,0.009132883427664636,0.010778971087319891,0.0086754287106239,0.008420639686168185,0.04839963277336211,0.057362860501247434,0.042773328010331485,0.04473358349105909,47600,0.08261395107532286,0.008855352430249156,0.009714733180950019,0.43557018656091595,0.008673990829415692,0.0492497075147466
0.0007405734062194824,0.466673378944397,0.14262913465499877,0.660024709701538,0.23533858738497812,0.4173115113377571,0.76883878366331,0.5487945776989017,0.2901571155028438,0.023669755514711142,0.008515825850910026,0.021128531971027677,0.05384106612176571,251.9819324269245,381608,0.07653558799996976,0.16492559241779733,0.11241025450677357,0.02476360428246479,0.7518546408414838,0.9628500141454547,0.9356041701670685,0.6553899906213995,0.008765272723976526,0.010084833154517608,0.00853856437738428,0.008189198950947553,0.04628953600535168,0.05529330891237878,0.04022597111298017,0.04583636776643614,47700,0.08174326819105027,0.008509344309090807,0.009885877561874873,0.4529105058083169,0.008426257263486957,0.04542147918986393
0.0321722936630249,0.4737571334838867,0.15747456550598143,0.6806886410713195,0.27178952513733773,0.4189654849469663,0.7659152161841299,0.5483554030719555,0.2676258846778764,0.024171676812693468,0.009027895320197751,0.02177811360084696,0.05339717395518991,251.99250509923274,382408,0.07651900392025704,0.16374688712405225,0.11272388406490029,0.020280567169274122,0.7390220510959623,0.9622304939171848,0.9267097203355088,0.6145560302517634,0.009197036447003485,0.010239118607440846,0.009515596541429036,0.008355630563826051,0.06388322471641,0.07111216529601203,0.06272158577155904,0.06014471561224621,47800,0.08527130867925374,0.008658230499995333,0.010384814376862702,0.44970669188807094,0.008723908036406483,0.06156322215833974
0.0005754804611206054,0.4506643295288086,0.15581411600112915,0.6544285750389099,0.20094133418895604,0.4213373561203481,0.7636190272455836,0.5556228770589338,0.28372494766399997,0.02350065774284302,0.008556346497358041,0.020500195381345634,0.05462205393151157,252.00399479030753,383208,0.07788594771176573,0.16490435937241668,0.11500746775798654,0.023554352933673993,0.7492403030395511,0.9610235029129529,0.9380604135138654,0.6369435534590762,0.009183033318258815,0.01030992055030998,0.009219389285284025,0.008406674999388917,0.053944485657848436,0.05622644063515879,0.05186548835493398,0.04871888674706926,47900,0.08525835114220776,0.00825201750864299,0.010281603190546423,0.46425940317985337,0.008832566232348868,0.059332948232977085
0.029428648948669433,0.4793677592277527,0.15313230514526366,0.6792931151390076,0.22315138466904755,0.42773459166288375,0.7733491756345909,0.5522502206009007,0.28700165103399305,0.022696819156408324,0.008002746809759868,0.021317475547628667,0.05429202419125439,252.0093175254665,384008,0.07984747579321262,0.16444484962393388,0.11393258028567356,0.02498803710252906,0.7666387325525287,0.9659356899235567,0.9339720694155527,0.6465290890938324,0.009379379753954708,0.010555095591015456,0.009437641227248555,0.008706056437313718,0.05549148025223982,0.06236721506296736,0.05761034273670925,0.05312416583411789,48000,0.08783449859893998,0.00709595273603526,0.01251323752761505,0.4943536035137473,0.008854801399835981,0.0487321318185121
0.0007047867774963379,0.45768401384353635,0.16089335680007935,0.670170075893402,0.19774591965916702,0.42906273975968356,0.7754887237091259,0.5521028142954623,0.28361784367911613,0.02090035987086594,0.008230474677567167,0.021574132129899216,0.04830962465549842,252.01609237970735,384808,0.08129264647141099,0.1650475729445014,0.11351158636222995,0.024640076780575976,0.7526316463947295,0.9624614393470263,0.9311527293175462,0.655038802973968,0.010247466070577494,0.010582828647315948,0.010227715301360667,0.009589023211981447,0.06494881636695934,0.06862455158437969,0.06026307241284356,0.0625681311528772,48100,0.07876634918412767,0.008493754462528952,0.01277019327972084,0.43292472374379937,0.010518942528696208,0.06864629077275673
0.03194307804107666,0.4549409890174866,0.15734700202941895,0.6636130166053772,0.24318164334539152,0.42217433243989916,0.7654167561966757,0.5436983983598499,0.28278591067578335,0.025675316052511343,0.00893740109841666,0.021565030479584562,0.05949448896659439,252.02129957026187,385608,0.07688384501263491,0.1640153881256954,0.11064804412935879,0.02265190072204618,0.743950597047806,0.9617736814590879,0.9333010970377454,0.6238885471518619,0.008815791362430903,0.01000093447096496,0.008765105926203453,0.008050876899137041,0.04758461278863252,0.055274925953448566,0.045401260389161174,0.043216927637271786,48200,0.08497038071033769,0.009182754347616581,0.009671982002234266,0.4430611809735655,0.008492100057542635,0.0468358446878972
0.0006091833114624023,0.4444901156425476,0.1718599581718445,0.6654330134391785,0.20482510710719673,0.4165676575899124,0.762792819292746,0.5431033810547415,0.2808924435777364,0.023024831805378194,0.008700805689016732,0.02135663868593316,0.05486457513933232,252.02813773363184,386408,0.0769881596416235,0.16526967809300544,0.11047893654022899,0.02338028596579162,0.7471973210573194,0.9574954442888772,0.9350523284503389,0.636541376079338,0.009027223344892263,0.010237806824810581,0.008873712101152963,0.008430522018458687,0.04628360495902599,0.053045823478148645,0.04011473820677823,0.04714686542542442,48300,0.08249331952310072,0.007174089460236512,0.010045507572951973,0.4777235745214946,0.008494462450400139,0.043605869674744696
0.03038130760192871,0.443058168888092,0.15121257305145264,0.6450585532188415,0.2034135423180196,0.41236220926046363,0.7686254710260063,0.5551412496515495,0.2759202690928746,0.024341209540143603,0.008490237354470244,0.020065797367683966,0.059173204196376394,252.0347742749984,387208,0.07547430552542213,0.16455027671775413,0.11493405255098495,0.02218894382524327,0.7286171317100529,0.9621045917573602,0.9412662140143818,0.6042989061779954,0.008736666657496249,0.009734877794416567,0.008714258057435838,0.008157618533213876,0.05261283601634207,0.060966960977612394,0.04404109575214887,0.050383213528712695,48400,0.08105467303075661,0.008176147573344086,0.008614814046158463,0.43972468433748685,0.00838663406076207,0.05457524203915813
0.0006989598274230957,0.4814752507209778,0.1520309853553772,0.682208514213562,0.24203717043488848,0.4400106829404831,0.7680387702584259,0.5487342818020701,0.2942902237739204,0.025278152208775283,0.009161067259847186,0.021185698944283033,0.05672390705835565,252.04101057001682,388008,0.08033228535670782,0.16449887849390496,0.11223152908601913,0.023584023888996036,0.7685440027713772,0.9613303747773163,0.9365206382393302,0.6580607742071146,0.008975694419350476,0.010214585410431017,0.008726008040451214,0.008337576999900136,0.05254831368103625,0.060316685624420656,0.04812719428709524,0.05334341905809025,48500,0.0882693864070549,0.010076650465046709,0.00935970923116062,0.45562384157123687,0.008632481152548667,0.048086221809471086
0.0007604646682739258,0.453032820224762,0.14824154376983642,0.6502166104316711,0.19805709500713356,0.4124249674379826,0.7739176366780249,0.5415660248926049,0.28096169896831585,0.022620120793581014,0.008095544390380389,0.022040173263611414,0.0516150724930475,252.04846474703118,388808,0.0758145245909691,0.16605618708842498,0.11072413770195379,0.024228709425536284,0.7462539225816729,0.959760909144943,0.9285677476571157,0.6477583634912686,0.008757495284080508,0.01005109952057938,0.008528991197146328,0.008095372521517728,0.050538424272090196,0.060727589366001034,0.043140360993745096,0.05084531065725273,48600,0.08566103939835022,0.007958423543791521,0.009857447166334915,0.4665332529151326,0.00847253771905688,0.04855841192308344
0.0298596715927124,0.4469152975082398,0.17400254487991332,0.669440233707428,0.23160734136038097,0.4214289660751818,0.7678845722424353,0.5519580800159307,0.2855465073069489,0.022994259344413875,0.008625478370384755,0.021101898748847638,0.05029812964386548,252.0558312667662,389608,0.07732326384633777,0.16466545995913065,0.11390304832043603,0.024392617970955092,0.7560328313708305,0.9624056430239429,0.935297911950186,0.6597177960254529,0.008943115216679865,0.0099369835623197,0.008827047785470159,0.00840883202747338,0.04945851069875062,0.05686446811611713,0.044442955043860824,0.047497514449922326,48700,0.08930321709301911,0.008354648282923005,0.010879716899638115,0.46668092577081,0.008681262264910504,0.04966701929898637
0.0007197833061218261,0.43716953992843627,0.1516642713546753,0.6345506763458252,0.24639039486807054,0.4262847504019736,0.7725043833255768,0.5470884016366918,0.2806373837354934,0.02304743762128055,0.009698601157426654,0.021460156779585765,0.05501482223503683,252.0617843752225,390408,0.07926889497786764,0.16578155826954596,0.11170159058287889,0.02274311284632667,0.74853240609169,0.9609178500516076,0.9354410770565567,0.6339499461023431,0.009585168696939943,0.011369894178850303,0.009462507728562494,0.008692439324467604,0.05016591662075369,0.05921979063146173,0.04695813830546811,0.044827601816014986,48800,0.08493700285100995,0.008412458185834977,0.010707337946958358,0.452303714976452,0.008689689000441455,0.04891891848747758
0.0318073296546936,0.4712777829170227,0.15779372930526733,0.679351122379303,0.26136210303483803,0.42522543996572504,0.760693079003921,0.5472343221653335,0.26678028566496736,0.022152502862736588,0.009574995514972555,0.02138258234792671,0.054419518709182706,252.07488636726276,391208,0.08016595035791398,0.1636372439993117,0.11228347820944566,0.021717646396053676,0.7515383854508405,0.9611363812134814,0.9347701164179071,0.6051599236897063,0.009197580171748999,0.010272232152951456,0.009039718620912279,0.008507342934608452,0.04626124672009612,0.054795436847668424,0.04223832634201837,0.04281123819361841,48900,0.08719932081380684,0.007968970747908921,0.010666722238713896,0.46750386782211817,0.008857006596696405,0.04474425576408253
0.0007279062271118164,0.45050783395767213,0.16833582639694214,0.6671021652221679,0.26786385995233764,0.42988420948386197,0.7685031965734881,0.5508736538536412,0.2857942783571397,0.023928270614705982,0.010297551381082268,0.020354816776828166,0.05770806393576502,252.08457005032676,392008,0.08101850967854267,0.16447675494468159,0.11331903194899073,0.02569987766262261,0.7524154326319697,0.9594913012739543,0.93817113310683,0.6284756175021534,0.010584244548808784,0.011166821479131492,0.010485217600659114,0.010037159511205004,0.06386587585555388,0.0697118496895737,0.05687316598064795,0.05985379025229656,49000,0.08720456127745986,0.008529622214607499,0.013668003880108413,0.4615716267854742,0.010613693626454236,0.06896711092155725
0.03359230995178222,0.4087733006477356,0.17192121982574463,0.6304534459114075,0.2374185655528155,0.4256370706856248,0.7662042213969258,0.5581936607758202,0.29036073258559597,0.023632731717079882,0.009230938882669482,0.020337716127849285,0.052808776896076104,252.09016971792443,392808,0.0787765449844301,0.16515307285283726,0.11561904110842289,0.026131459632972736,0.7469528645277016,0.958749607419283,0.9401231735944748,0.6543972047205964,0.009300574630033222,0.010503057907357744,0.009913257607776263,0.008330852158864905,0.04798625913448632,0.05598067257410743,0.046722675019150804,0.04437011446618387,49100,0.08278102723783565,0.008659951096572175,0.01009349494706839,0.4386298433730476,0.008525346867789167,0.044595631258562224
0.0007512235641479492,0.46461870431900026,0.15375979661941527,0.6671459603309632,0.25280354536863114,0.42570398062467557,0.772408125155112,0.5441668903464596,0.2852817415767368,0.02341669018846005,0.008171398819803118,0.021497233000201014,0.05344745740338599,252.09957026999004,393608,0.07838887864723804,0.1650705899239756,0.1116055314462197,0.024657934569749282,0.7538241514563561,0.9623143541462273,0.9307807559894425,0.6481624112874979,0.009068257100880142,0.010188351718562784,0.009139518407149813,0.008105553457098548,0.048425717952195545,0.056666490319413225,0.048253392156563345,0.04341101028153157,49200,0.08296064545023943,0.008266055175942925,0.009827600323912162,0.4607506181965482,0.008858643747132992,0.04529238783164903
0.02994567632675171,0.4474213266372681,0.1516610836982727,0.6477533388137817,0.210171532320637,0.41558490201830867,0.7627981642784156,0.548136376214949,0.2892317775909494,0.02366765179671348,0.008306926544159286,0.021356541825489284,0.05685292175721105,252.10419658491637,394408,0.07682123681530362,0.164127445279671,0.11193319480063511,0.024756442682772165,0.7473157447576521,0.9621534133192353,0.9338883889314219,0.6402337138245747,0.009781471737660462,0.010127534695299967,0.009190683901433464,0.009455455623839693,0.050836943525355296,0.05139893571286482,0.044658647200545486,0.050789865397098545,49300,0.09059097423655163,0.008186883319299489,0.013289758073766303,0.4846148942884113,0.010272064729553972,0.055641864079946736
0.0006093049049377442,0.47825844764709474,0.15424513578414917,0.6798049998283386,0.20938206434579046,0.4202718265354634,0.7687229380994882,0.5489712689167418,0.2998623041545643,0.02263610305264591,0.008807245578716143,0.021355427094759113,0.05151738320915577,252.10822097757185,395208,0.07721847912296648,0.16465974171754671,0.11256802275012709,0.02634294370221266,0.7535013046860695,0.9618731237910122,0.9349278890169583,0.6820315593013573,0.008794931170996277,0.009908198683905583,0.008888653885477635,0.008152432544567777,0.04899982398434078,0.05713677002609887,0.04559182952910372,0.04467612728915934,49400,0.08116536811176764,0.008333336291423838,0.009863183524359165,0.45032677258930975,0.008272774751508137,0.04872342532925195
0.0005943775177001953,0.4578992867469788,0.1500218939781189,0.6588041400909423,0.22229949977317032,0.42846146509051314,0.7721690310245491,0.5456090941646985,0.2859768754449383,0.02278627157211304,0.008985050684331282,0.021689903113972134,0.05220221787727819,252.1141594280153,396008,0.07939017293974755,0.16518110771213423,0.11226844106833939,0.023870046702420045,0.7558607715368268,0.9633170677143992,0.9306159830335433,0.6570676662064534,0.009283448262140155,0.010350215019274984,0.008930645157408143,0.008929022438732422,0.05024712310172617,0.056656034226622874,0.04396215657027541,0.0478353605243226,49500,0.08297145216486833,0.007754871655860186,0.0106114371501748,0.4536087213386417,0.008856727851369471,0.05227991778657073
0.030147156715393066,0.471210241317749,0.1642884421348572,0.6881170463562012,0.21372960427593496,0.4282687409222126,0.7547506892565382,0.5541661532179821,0.29664103134771697,0.02261761511676013,0.0090106060605234,0.021202880315012447,0.05232428468841038,252.12129474076363,396808,0.08043031711131339,0.1628019919673215,0.11518091108035117,0.025832823014436925,0.7534195739030844,0.9621957031268514,0.9307803772028209,0.6742709272883719,0.009232963109388944,0.010331683821560257,0.009282822503699249,0.00808305294286711,0.0467015195614658,0.05555146756848697,0.043750870337673615,0.042680343818112525,49600,0.08064822627183708,0.009084753038731805,0.01073867317098072,0.4238374324945302,0.009157707520688958,0.04444937273645057
0.000690922737121582,0.4535481262207031,0.14982385396957398,0.651036102771759,0.21440787074234724,0.4170864138007164,0.7640555446274614,0.553598265333842,0.2698893138523876,0.02347267653793095,0.008460125175601655,0.0214787279205617,0.05458607888473064,252.12519191301337,397608,0.07722048182040445,0.16427556205774854,0.11515881910279228,0.021874286528480683,0.7337903419136999,0.9607087759580015,0.9312311231449087,0.6113148753722889,0.008989869109354908,0.010055482794715154,0.009028412932429902,0.008196450502535943,0.049566209693439306,0.05473824436348923,0.047330256095857046,0.04756997832939312,49700,0.0814822659442069,0.008198794969675047,0.008990290831078334,0.44036241974493473,0.008677108022807667,0.04836665690321516
0.028888773918151856,0.4709285163879395,0.15860819339752197,0.6816899061203003,0.2280926418312587,0.4181825986504554,0.7712406739592561,0.5473982615673789,0.2841562243048534,0.023117869552224862,0.008872935342369612,0.02107295229228491,0.05195922762761974,252.13067704313605,398408,0.07635144555941219,0.16402886010706424,0.11197411677146217,0.02489497573114932,0.742742748260498,0.9650623774528503,0.9355522232486848,0.6453177499216657,0.008816773490980263,0.010349292438477285,0.009028207716294263,0.0078121506154190615,0.05056755169294773,0.06089183921460059,0.04731616143513707,0.046812044954750436,49800,0.0827080351371451,0.008054616831498327,0.009501679454750478,0.4393634021584754,0.00815555772644842,0.04728754059066474
0.000633702278137207,0.4594185137748718,0.16537020206451417,0.671831591129303,0.18045479710341378,0.42797751575708404,0.7694327128785006,0.543339254967002,0.29313195662366015,0.023331848420202726,0.008609667884266686,0.021732775225888866,0.05417428926254313,252.13639092895625,399208,0.07881475433707237,0.16517355908848808,0.1106241182532422,0.024963682242245832,0.7602373260259627,0.9608158067781097,0.9343436656996261,0.6581636486631458,0.00896139840828255,0.010050620672254987,0.00882083247199136,0.00818218026695904,0.04990135773783548,0.06166424729851813,0.043557806340111194,0.0463025807955707,49900,0.08751377737373901,0.008266637176738473,0.010213568209334037,0.4642391151782729,0.008809667018471362,0.048701855283308525
0.03221275091171265,0.4477487301826477,0.14811468601226807,0.6430945897102356,0.22250320046489247,0.4231136450171469,0.7707374949867913,0.5493021073651181,0.2946725256136949,0.02415857042185963,0.008393594243478648,0.021769656052570897,0.0544530589024427,252.14147754628155,400008,0.07748230239376433,0.16706924469998255,0.11278288190563521,0.02535990417540612,0.7417619746923446,0.9553863443434236,0.9290177727823206,0.6573063760727371,0.00883049616124481,0.009769446227717431,0.009100600495660886,0.008260794791502062,0.051180262519046664,0.05923930250103763,0.04422179932737628,0.049024336021141826,50000,0.0804857147249534,0.008493164183880764,0.008512798861426743,0.4369485060168053,0.008226162601995797,0.05135634205897624
0.0006885051727294922,0.4493060374259949,0.18119377851486207,0.6794466471672058,0.2553737437167819,0.4088958212733268,0.7760285231733565,0.554067376568832,0.28234055944068215,0.0226995714660734,0.007953698297183238,0.02084472403959344,0.0520164692875455,252.14559074084144,400808,0.07427068538963787,0.16480057605498796,0.11444612699483635,0.02359529042546199,0.7287004786729813,0.965157351654428,0.9345922002476219,0.6424100649244386,0.008782656907569615,0.009809140260741502,0.008563782833259334,0.008489630643041136,0.05582214270252735,0.06461396004879175,0.05311114723068661,0.052922358769343536,50100,0.08037738128626182,0.008524330685929192,0.00884619719516399,0.4267892280471664,0.008332313395270675,0.053058701704438986
0.03061866283416748,0.45078741550445556,0.1484433126449585,0.648648648262024,0.2343515492670239,0.41249520272016543,0.7659073251153006,0.5402398213225216,0.27636676409747457,0.023009107215329994,0.008468686889025002,0.022417660232688964,0.054440408011335706,252.15178850276004,401608,0.07631748279556627,0.1660652759716594,0.1096316271308643,0.022936554888777525,0.7371802881360048,0.9568855835096481,0.9296968098896654,0.6229922821124395,0.00879400166682899,0.010094571421348347,0.00846463957551256,0.008159772774282228,0.04541970557067541,0.0556636793553111,0.03932030588870319,0.042278280008758884,50200,0.08315140607633756,0.008478316051575048,0.009044530427282938,0.4512104499907723,0.008469056362463605,0.0445200398963477
0.0006436705589294434,0.4495368981361389,0.17052591800689698,0.6694924521446228,0.2218326646744373,0.4052233120799067,0.769417305283135,0.5401052090042798,0.2803739012367487,0.02255332227796317,0.007917672159920829,0.021929865224318116,0.05121899352764381,252.1594548312425,402408,0.07378515675663952,0.16430079346985993,0.11072155962276725,0.02424435704217656,0.7296417766809463,0.9645884887216049,0.9298548458674768,0.645702625242408,0.008791528483852744,0.009818862308157126,0.0086730870511903,0.008260528957426261,0.05373792280210185,0.055938213172505816,0.04855708075380317,0.058122270507738015,50300,0.08242953855389828,0.009009672615844497,0.008401511259557258,0.43126739609625997,0.008463109843432896,0.05183171795698284
0.03191779136657715,0.45818601369857787,0.150293185710907,0.6593752002716065,0.23147537214552405,0.4212440671026709,0.7666478642483346,0.5516519923736379,0.2724369334896191,0.02302936767227946,0.0086795152068983,0.021154525148606763,0.056175205012230736,252.1656306524543,403208,0.07875293329358099,0.1647808257605612,0.11375133973454034,0.02142460633882905,0.7402241826057439,0.9613403275455397,0.9341224440046253,0.6133342922388849,0.008991826816927641,0.010358121349313054,0.008864707073305843,0.008131453500047413,0.04762585977092386,0.054356056035102636,0.042441834905394556,0.0475918888063221,50400,0.08027379066305294,0.009007308016632598,0.009320744483888449,0.4290955355851957,0.008594536655905228,0.046890108090004684
0.0005826020240783692,0.4369035148620605,0.15042319297790527,0.6363813209533692,0.24292228713547925,0.4181056383252143,0.7703354094849254,0.54834251163654,0.2941182935694318,0.02403304922394456,0.008885659865877228,0.021107519732661627,0.05314544629439844,252.17198360889657,404008,0.07582088826224208,0.16408088086732753,0.11308442218934443,0.02573947110087485,0.7500179547071464,0.9651931928155201,0.9347117005042657,0.6628301291315413,0.008391447805333874,0.009614472880532023,0.008337630622441543,0.007814687748045272,0.04608549041324295,0.05531186062862964,0.04082464700331912,0.045480380685861535,50500,0.0807423858987118,0.007692728082590272,0.008573312662842456,0.44277835838378393,0.00794337099915735,0.043596825611693854
0.00060455322265625,0.44082515716552734,0.1596366596221924,0.6473472189903259,0.2928886203901576,0.4366389320790766,0.778663618946975,0.5480440956384391,0.29258204061611,0.022946109189651905,0.008374965386706812,0.0211257555966412,0.052123264870697676,252.1851672190557,404808,0.08192100971937184,0.16651008854497149,0.11276185088956421,0.02649265390994284,0.7616607958078382,0.9608436342117916,0.9349981364864994,0.6614675729298125,0.010478696259669951,0.011911293041435483,0.009885987004520477,0.008979635530005345,0.07403829758754003,0.08204627398594792,0.0705988817413333,0.061145446698099154,50600,0.08867933538388763,0.00955334060170494,0.0140004435200543,0.4625442372286386,0.01111431975903756,0.08264800617944464
0.0513115406036377,0.45916510581970216,0.1623258638381958,0.6706853580474853,0.2749190799390916,0.4290544973313807,0.7623367692743027,0.5539586890989272,0.27641732448186607,0.02350765890441835,0.008933265371957703,0.021207311561340394,0.05609162153246312,252.19592331555117,405608,0.08023451544344429,0.16472800281785804,0.1152815122657748,0.022817363430005618,0.754058274626732,0.9595463871955873,0.9303041239876059,0.62015028886306,0.009347831187769766,0.010390668564165628,0.009299799264756145,0.008699045093873389,0.047518740175291944,0.05387796450938497,0.04438447548697393,0.04540864500002217,50700,0.09229795226692848,0.008915492261462297,0.010174033038807824,0.48361567645957837,0.008920881990823398,0.04600337239884839
0.0006305241584777832,0.4689074158668518,0.16659226417541503,0.6821943306922913,0.24451367625949835,0.41969784498214724,0.772834389660489,0.5452103687421923,0.2879763926330363,0.022783395228907474,0.010014362337266955,0.021312728221646416,0.054338775736916964,252.20487742106218,406408,0.07738558165729052,0.16510076531723364,0.11138395715485967,0.024293589129994967,0.7490702411532408,0.9611762934063213,0.9347996515065884,0.6527071783417149,0.009079200173728173,0.010159666654630691,0.008769984009585858,0.008690596366987418,0.05756947220303118,0.0648250721455251,0.054985484141421515,0.056839710814682275,50800,0.08630474465284141,0.007975728575026018,0.010211271647899861,0.4617446295495304,0.00869041029144219,0.053745532219456306
0.031513016223907474,0.4445750141143799,0.1595937442779541,0.6501621103286743,0.2453502408987371,0.4093990780413152,0.7714353371031436,0.5454213923664502,0.28809821715920586,0.02391324917320162,0.00926831575723516,0.02211392199200007,0.05861219551357228,252.2138843476776,407208,0.07479897579178217,0.16376649512320154,0.11184382508759215,0.024585409887011488,0.7344670629501348,0.9656882933816128,0.929220874463358,0.6323869532468368,0.008813368084374811,0.010146631602654043,0.00879418971743035,0.0076995714928726755,0.053480437370017175,0.0666163444580813,0.05228707144006845,0.04524634618606725,50900,0.08289326880093625,0.0077154488656208465,0.009546194778260292,0.45727848040091024,0.008635672852858423,0.0501525551437291
0.0007313323020935058,0.47972707271575926,0.1532483172416687,0.6858968758583068,0.21867404235770266,0.41257500335574154,0.7604594224443038,0.5454310883047447,0.27932861565403605,0.02231335409916936,0.00838141643907875,0.02139169093493797,0.05354823244613461,252.21948786663933,408008,0.07680153317749504,0.16427750536240654,0.11131381953381136,0.024055109959848917,0.7371523100137715,0.9613774021466576,0.9358494152437962,0.6335870027542115,0.008838850569445642,0.010157693068322265,0.008788730878874945,0.008110389165590448,0.04185912240762262,0.04952695447233665,0.03710300521925093,0.04104249770473182,51000,0.08123598515357776,0.008953456863642888,0.008917045912884624,0.426248312835962,0.008325780388798597,0.04038266892470597
0.03345717191696167,0.4617569923400879,0.14258481740951537,0.6558452534675598,0.2215346528255114,0.42263943716883645,0.7750826062749347,0.5474594193510705,0.27956184662050687,0.02180101338773965,0.00869180765047104,0.02242224483052269,0.050061602293262404,252.22468500351607,408808,0.0791733291000128,0.1660207644881797,0.11246465092214443,0.024513710749695296,0.7371418499946597,0.9608526224208672,0.9262375676383577,0.6392175895827152,0.009391966788098215,0.010540933628518009,0.009191749505892697,0.00880380731972832,0.048951329849660406,0.05842048941418452,0.04489285729262823,0.04599505992083955,51100,0.07990251895702949,0.008846757333510775,0.010009505193850663,0.4246338488390813,0.008945677626448195,0.045778104269769616
0.0007438635826110839,0.47609872102737427,0.1536668086051941,0.6807978796958923,0.2605222059932609,0.4138756911456584,0.7617003902488834,0.5412932759916715,0.28745154754340063,0.022765201237052685,0.008665056038548107,0.022556456994870442,0.050231845771387534,252.23030704708748,409608,0.07650060700252649,0.16579822466081504,0.11030914764945882,0.025177416684404385,0.7442872822284697,0.9550867053318999,0.9267962686906613,0.6675715507234188,0.008714200383983555,0.010058426925418326,0.008644944723449679,0.007956854976460485,0.04787443662993608,0.0552693392834341,0.04667187392295618,0.046477032834392695,51200,0.079390459161122,0.008569291578513105,0.008888476696189735,0.4384787580860193,0.008247474597683596,0.04327428297357476
0.028488874435424805,0.45916013956069945,0.1501419425010681,0.6616584873199463,0.2426427328241593,0.41456869095563875,0.7551201078343511,0.5473831156313702,0.29328363356538695,0.023361169528216128,0.009950310235872954,0.02191343028458276,0.05106911149610268,252.23598511688462,410408,0.076609819829464,0.16411782083983087,0.11249159616620644,0.026975385729411567,0.7445145893096924,0.9558569970615398,0.9296426358430282,0.6593684144318109,0.0085938811628148,0.009625468537569992,0.008532773633600001,0.008091212518943035,0.04500943620223548,0.04975264028143041,0.0435069597344216,0.043147398382783496,51300,0.08149591167316292,0.008433193775338372,0.008591831126720698,0.44081697409803217,0.008211545291065117,0.044056594447054044
0.0007145810127258301,0.4702120089530945,0.17025031566619872,0.6938458800315856,0.21417025985282992,0.3988460010290144,0.7632559935251877,0.5485000711294912,0.29011827451071587,0.02300014226697385,0.008441612417783354,0.021595499851310294,0.050526741626609285,252.24339553143878,411208,0.07277087038382885,0.164004085764373,0.11324013377069138,0.02550332772870004,0.734155589342117,0.9622615710490164,0.927881937834524,0.6635556523077097,0.009239159664139157,0.009749199253228088,0.010037182559890133,0.0090789727390453,0.053662422960624054,0.0585978002429513,0.05338482311375998,0.052381174849573865,51400,0.08260804906280514,0.00797581311053364,0.011523485869272713,0.4526497247042477,0.008297919129728588,0.051168106410100486
0.0006757354736328124,0.4465165376663208,0.15896822929382323,0.6567564988136292,0.19628646805171374,0.43318099081516265,0.7685819554562667,0.5474187287368948,0.2879726139574563,0.02298208520282059,0.008912437968070206,0.021750985355798284,0.05652674781793563,252.24716011433725,412008,0.08041824467480181,0.16428837172833155,0.11195268463675996,0.023770072407470182,0.7540388923883444,0.9617899106998071,0.9321449215390855,0.6398077302358368,0.008786380414385344,0.010372191925496594,0.008632274434993243,0.007679071022060022,0.0504150895960629,0.06372248112479699,0.0463745494156943,0.04130371046697043,51500,0.08392396467566801,0.008911236746436254,0.007953233856527245,0.43683341236747025,0.008306281660132257,0.04936394600045622
0.033273625373840335,0.4734658932685852,0.16171069860458373,0.6892721891403198,0.21267776844567368,0.43974108010530477,0.763843297958374,0.5500694330120501,0.2863211743325496,0.02278286607004701,0.008476084318115487,0.021440305491078848,0.05598613097951571,252.25209632628486,412808,0.08270640563219787,0.1641202165884673,0.1131847821401828,0.024367044932162126,0.7613670748472214,0.9622810376439115,0.934005164738858,0.6329667571536652,0.009154609087854624,0.009989266310804986,0.00928638368296676,0.008291685464661884,0.04633419970050453,0.05263973618205184,0.04272030671711734,0.04248136787170638,51600,0.08393318091056055,0.008183144167818823,0.009206855367446733,0.44177725732000783,0.008888212103864864,0.047532123879941775
0.0006116652488708497,0.4636556720733643,0.1577454400062561,0.6722577214241028,0.21778189102342008,0.42626820430159557,0.7636451361852398,0.5529585546407937,0.2809006767393335,0.0238065983215347,0.008711196589684691,0.021557982385349554,0.05663151387813424,252.26192067967517,413608,0.07966405130922793,0.1645034841800992,0.1146093451632903,0.024725104499782623,0.7455309253931038,0.9582026130274721,0.9298183300556282,0.622874349208888,0.009289257000200448,0.010864117864572823,0.009263053452834874,0.008318133448053319,0.05186658200109379,0.062460186023434464,0.04843156045923627,0.047899991288790335,51700,0.08581851781804324,0.007899661211856666,0.01026940218853364,0.4580431506423752,0.008631753643559673,0.048037482905708306
0.028772258758544923,0.46361938714981077,0.14698784112930297,0.6647451400756836,0.19040989514715212,0.41442666500806824,0.7567300705933097,0.5511490020788085,0.29498994436567216,0.01992770520504564,0.008666018252922967,0.021264895519260515,0.047752719905464265,252.26729551149703,414408,0.07821813428774471,0.16344354878745834,0.11360538207145054,0.027990191795384096,0.7394465318322178,0.9605596077208429,0.9348885185188718,0.6768571072920205,0.008835869249887768,0.009920808269788393,0.008631515410738165,0.00829542790017376,0.04327927120029929,0.050816360317791555,0.039072976532307555,0.03820037546788337,51800,0.07558948285877705,0.007567229317242484,0.008426021437885033,0.4151060395770603,0.008447561932520739,0.04405228953808545
0.0007930326461791992,0.4822321200370789,0.1604735493659973,0.6962790322303772,0.2177578897568679,0.4195554363727569,0.7630873310133585,0.5445893032606263,0.2859462710653297,0.023276011012494553,0.008692214415056403,0.021405538390282287,0.055211676665001486,252.27367904688853,415208,0.07770416328683499,0.1644417970137276,0.11206579825212785,0.02370742081020864,0.7480076879262925,0.9606008758199034,0.9328971214072656,0.6476794309641057,0.008692557818721983,0.010103019656507312,0.008416446521445062,0.008130414074979218,0.04860439220210537,0.059496793062353726,0.04369194383927899,0.04603038681183423,51900,0.08291570848752913,0.00893328564510268,0.008974129007434224,0.44144540965853624,0.008167753088755976,0.045846074100222366
0.03035548210144043,0.4567809772491455,0.14968104362487794,0.6560437989234924,0.20839537776639844,0.4316509883850812,0.7728701141274091,0.5501566676061544,0.280834935745443,0.024423998552374537,0.008373612770810727,0.021190311639240733,0.056804210306123405,252.28043711773546,416008,0.07930691292975095,0.16527375918858248,0.11315192415643098,0.02375543926418389,0.7552662330865854,0.962295901428149,0.9353597917366983,0.6243714547493091,0.008953074521850797,0.010743696342032509,0.008821367659138058,0.00814531591694645,0.05137527656508608,0.06510137317100892,0.045390257873660474,0.04535538176874777,52000,0.08727897398380768,0.008087140014524461,0.00886494892442393,0.4721199572086334,0.00800672767347552,0.04947333460828905
0.000704035758972168,0.45775747537612915,0.16202926635742188,0.6686615085601807,0.2173624418018632,0.41564890787005404,0.765825672396298,0.544224106885017,0.2803727470156626,0.024592517698183644,0.008455804404068578,0.02108115992667352,0.06106917521711893,252.2884718281484,416808,0.0767512013949454,0.1654608382526877,0.11121354743521267,0.023369717507100703,0.7392520302534104,0.9575195051179148,0.9366629428051891,0.6159143017559506,0.009350162851624195,0.010276518686413029,0.009270368295008368,0.008753880266690762,0.05317054599756377,0.058070561896752707,0.047153124387593996,0.052844274267781426,52100,0.084637093942101,0.007230621897250273,0.01036015671664191,0.46406912131636757,0.009101089675609473,0.05416788785905557
0.030736205577850343,0.46712661743164063,0.1493407654762268,0.6642326092720032,0.23755082342532116,0.4132648126780989,0.766824963431673,0.5503189160178115,0.27317327980833916,0.02409837133251132,0.0081769909430768,0.02133796189931067,0.05705104680992842,252.2965609217656,417608,0.07587646482512361,0.16427918020541285,0.11346568596006053,0.021302509160964312,0.7355075725913042,0.9632288402107158,0.932845251634717,0.6113572457562317,0.009058175592217584,0.010317339254590469,0.009242555662543346,0.0080929015558393,0.051772552388720215,0.06008263480220805,0.04634410498207822,0.050032424216343144,52200,0.08499622904677309,0.008634188579390847,0.01050560117708336,0.4558467657542693,0.008648153585062249,0.05062246512548595
0.0006844329833984375,0.47292907238006593,0.15553088903427123,0.6786145591735839,0.24137713986450815,0.42163482517004,0.7598667174727477,0.5512314761084228,0.28702994659929043,0.023769873902201644,0.00881303237205904,0.021119442353978703,0.057812892436170535,252.30547302532554,418408,0.07948174525052305,0.16517079737617754,0.114189450553302,0.02608648208066474,0.7391986295580864,0.9558562672317927,0.9331315005795234,0.6300655087658775,0.009571423954330381,0.010815473266376477,0.00948288074458402,0.009337838490643183,0.050085473846411356,0.054867992459576395,0.04944705441271059,0.05127493687121226,52300,0.07784033521785211,0.008493737982183553,0.009126237216850172,0.4247054167129284,0.008646909945443187,0.04481985622750196
0.031003854274749755,0.4568737864494324,0.1425834584236145,0.6487976288795472,0.1810987059163227,0.4300219650566576,0.7660981367274022,0.548594717764192,0.2774869185942472,0.022675840076990427,0.00835086989511804,0.02090254921629955,0.05518164376287607,252.3137345231507,419208,0.08025404827669264,0.16487460027380682,0.11343479742882431,0.02327337140663056,0.7551488941907886,0.9599494756721875,0.9337358640299901,0.6242913856942173,0.008983645848929887,0.010072874202870001,0.008906656281194752,0.00836974279754743,0.04849348248448222,0.05751104741470841,0.045413862928937856,0.04595445549385926,52400,0.0873493806319069,0.008549260728331426,0.00815120422151036,0.46385663068356286,0.008504495080174408,0.04480879872052928
0.0006926512718200684,0.4596912980079651,0.17017435073852538,0.6785261416435242,0.2397245370711464,0.42234071105718635,0.7772118510032183,0.5479407009569189,0.2901493947122997,0.024079949781298633,0.008114964264083868,0.02130937980695907,0.059624902180207856,252.3218194167951,420008,0.07793275550007822,0.16572417440463091,0.11316364981885096,0.023663788369176358,0.7408934259414665,0.9611910365673958,0.9314313525135083,0.6318495180940382,0.009026213986799116,0.010651342349830178,0.008916827487234867,0.008223117209748986,0.05155276008881631,0.06527022484271806,0.04533039466523139,0.047728312568536366,52500,0.08128988637429917,0.008663846270135804,0.009685088631628846,0.44146089088626,0.008338439048881222,0.04829082134202486
0.0006604337692260742,0.4922606301307678,0.15122135639190673,0.6939630794525147,0.2291417405192457,0.41957076981663716,0.7619949043704771,0.5484289198192133,0.285663684634935,0.022904697284102445,0.008181737560358095,0.022068107068615485,0.051335057877891103,252.3323259328611,420808,0.07705677503719931,0.16391546759508596,0.11282003187027172,0.02519785093054885,0.7572254085540775,0.9628905079086421,0.9280618564369753,0.6493596616245453,0.00895434194011614,0.010046380425467707,0.008752534007557591,0.008285259772535594,0.047163350712507976,0.05235093734628963,0.04297664214271248,0.04535469487309454,52600,0.09627656951247152,0.008293369243824707,0.010931849661610801,0.5009114077342814,0.008776082706417719,0.04801804730528263
0.03316815137863159,0.4705528259277344,0.14961386919021608,0.6692535877227783,0.1948202813958504,0.4301130427420138,0.7584745818969767,0.5500167265457196,0.2905669546072385,0.0253173062298447,0.008559928780478994,0.021504770691743037,0.05835617342234206,252.33938762489095,421608,0.07898131597787146,0.16340845456055555,0.1135640978195507,0.023947199891334245,0.7502525380253793,0.9619183981023134,0.9311285639673933,0.6408328842457541,0.008792986082844432,0.010003267588773603,0.00877310004606456,0.008120313383347023,0.04427238476928323,0.05009923345559403,0.03865846344800613,0.04287270952363748,52700,0.08293877676254209,0.00912843364376742,0.008890814071146556,0.4383726179932747,0.008203257497025433,0.045153676783249774
0.0007120823860168457,0.4764144968986511,0.15429672241210937,0.6782550072669983,0.22792326125073162,0.4316633944213392,0.7668658758987461,0.5519034099447852,0.27750506530466845,0.022744831619784217,0.008932229694134246,0.020553407586783486,0.05562654334659635,252.34757423165277,422408,0.08057432308793065,0.1649510469614415,0.11316778478059145,0.02302256075934948,0.749553382396698,0.9594891607238535,0.9395297585607878,0.6233149685357752,0.009375109607353804,0.010541578358562117,0.009461066910771873,0.008538341556528682,0.05319774881470948,0.06122672607460502,0.046991787119103325,0.05186322689987717,52800,0.08656456120312213,0.00924776785774156,0.009398982839775277,0.4572746056318283,0.008762043733149765,0.05095993570052091
0.032988061904907225,0.4390031957626343,0.1722796607017517,0.660972867012024,0.2526955951868025,0.4224343663454056,0.766157883141428,0.548980084795449,0.2783263908224361,0.02366600919514894,0.009494799325756474,0.021159834010835425,0.054462761440150026,252.3648921870911,423208,0.07832215284928684,0.16491565680856185,0.11286057990474917,0.022923881939027963,0.7437548059225083,0.9590922652794219,0.9332715410683026,0.6266430993290508,0.009369664106052368,0.010677198152255091,0.009197239946555254,0.008519792177157443,0.0492824716307223,0.058380241349816626,0.042694016064905624,0.048487390491965314,52900,0.0844939289921799,0.008681199559581843,0.010536684147586345,0.44717467445688175,0.00907201910530668,0.047356966254061376
0.0006214785575866699,0.47683775424957275,0.16049478054046631,0.6877324247360229,0.21814654361842672,0.417755368798971,0.7651252350182209,0.5462382923753777,0.2727322922748269,0.02380576583556829,0.00896383204397935,0.021179842820555107,0.0568896086854878,252.38119818236132,424008,0.07710799720138312,0.16422809096216012,0.11185605683088926,0.02188916361293964,0.7406883358955385,0.9619894545633816,0.9353957234886645,0.6124635127562922,0.009134841538034379,0.010277544679481863,0.008688115391764464,0.008806026310126468,0.05101137658115477,0.0580227792475517,0.0490506030426124,0.04884323298262014,53000,0.07682899645505803,0.007133816942596469,0.009015506661186617,0.44965119820374727,0.008717186338244351,0.04783557106812411
0.033911197185516356,0.45972150087356567,0.15749269008636474,0.6666574835777282,0.289159002321748,0.4215071749687193,0.7628948571150784,0.5447946548179428,0.2884063507725551,0.024932326572015877,0.008443471949687477,0.02168885087241282,0.05755661128588566,252.38935102170188,424808,0.0782765168230981,0.16426284086210113,0.11203460748444231,0.023713335706057336,0.7478890487551688,0.9623883270846749,0.9299942690049297,0.6459113618222682,0.009412469458766287,0.010595530023016622,0.009890875222947078,0.00805155134010242,0.05126126193150412,0.056006334850822785,0.046786857748479196,0.05393313206448333,53100,0.08320450426825364,0.010161353130117842,0.01265942090293344,0.4394223771170171,0.009149191496376897,0.048541716548933585
0.0006694912910461426,0.46237377405166624,0.16077836751937866,0.6752598333358765,0.21310397687397242,0.41791926473379115,0.7662612911566943,0.5456707058069501,0.27310067558780715,0.025625260798260583,0.00817780972184903,0.021793721668908132,0.060428336728364215,252.3944202024691,425608,0.07642618961632246,0.16480174168799686,0.11196377903789934,0.021427504375465912,0.7378511425852772,0.9608325446114957,0.931164375789788,0.6056386489386952,0.008893054686486724,0.010228297476503027,0.008981431148561614,0.007943771234841654,0.04762863123789427,0.05746865433242929,0.0426517918189663,0.039995812526861345,53200,0.08617828668987688,0.008500820356251396,0.009996155045276584,0.4634684051076573,0.008453588585931966,0.05050700714734068
0.034543519020080564,0.46391412019729616,0.16687601089477538,0.6841631960868836,0.23434557811090476,0.41902706474065793,0.7728247033987994,0.5492124654839389,0.2916137401546751,0.02522763199172914,0.008472611990218468,0.020923031901182526,0.060071274130383434,252.40097292796997,426408,0.07630996495485304,0.16448863974104394,0.11220741726869919,0.02425386663526298,0.74181417286396,0.9641178730894756,0.9381456758508726,0.637489787453697,0.009315326362848281,0.010449039737611077,0.00900812243958514,0.00906380895037382,0.05680880467407405,0.060856363263117635,0.0498961157600709,0.06080703004928574,53300,0.08539983001537615,0.008925929822726171,0.011040268635842945,0.4437049087882041,0.008802391276694828,0.05562337504699825
0.0006913399696350098,0.4579318881034851,0.17464903354644776,0.6844917440414429,0.25458934278849,0.41762173786759377,0.7685908079147341,0.544255898406469,0.2760890934270681,0.023295145332813263,0.008930113113959885,0.021570379614173733,0.05666263187400152,252.4116208592002,427208,0.07731826392933722,0.16478865299946988,0.11075066338857836,0.022856630497736886,0.7346858114004131,0.9616133034802399,0.9352080136383133,0.6166563522569916,0.00900228505954146,0.01036557129387242,0.008779419721176587,0.008311640452017483,0.049476867923513045,0.0573634223233407,0.04424090047941151,0.0449839546897247,53400,0.07623331851166926,0.007917163954343559,0.008631741420206857,0.4273492810202806,0.00848245348599626,0.05065620240596374
0.0008403635025024414,0.4895731258392334,0.15088801622390746,0.6879339337348938,0.2458184200694276,0.42415030792355535,0.7614064248911854,0.5557382152974598,0.28520345754257537,0.024306451026350262,0.00956788360889028,0.020626668364275264,0.05693640501127754,252.4215678017449,428008,0.07852612428367137,0.1638516870331882,0.11621001409366727,0.023171409926524764,0.7430144411325452,0.9610638932641508,0.9333492159843442,0.6466213565061589,0.008935826702509071,0.010378951316910433,0.00896682590595447,0.007995249659726669,0.049873181283473955,0.05723071775945095,0.04985124899540093,0.0440753021249824,53500,0.08203077534070388,0.009622528369968322,0.008391689775416102,0.420657562598204,0.008376044267788532,0.04824229996555888
0.036162681579589843,0.4643130874633789,0.15222963571548462,0.6667558836936951,0.2626233038411403,0.4073158238828184,0.767609147727489,0.5407831835953488,0.27671128905871334,0.02424852997064591,0.008152051549986931,0.022749144492423243,0.054679039966871325,252.43125078371352,428808,0.07368786064907908,0.16526753678917896,0.11013878909924808,0.022255259434317522,0.7282211458683011,0.9608385542035106,0.9264154241264213,0.622581354363472,0.008682729948777706,0.00971132532227785,0.00885771774832224,0.00806332666877809,0.05350645021535458,0.05689523104345422,0.05193522304694863,0.05050057865367419,53600,0.08554438238475215,0.008489047967177794,0.009341545902572345,0.4492663095877009,0.008201643351004314,0.0547606431747995
0.0007880783081054688,0.49008835792541505,0.14910991191864015,0.6901682305335999,0.22405065368369922,0.42116257205605495,0.7716568322742683,0.5535534267072327,0.2780712282223883,0.024078380167484294,0.008228025206264254,0.020825765191739995,0.05592113876269312,252.43629556368708,429608,0.07748050531372427,0.16559303771047043,0.11441440470319576,0.022952653881940708,0.7366380572319032,0.9611725103037032,0.9353638042217836,0.6224219659124747,0.008973172972910103,0.010704830928029966,0.008828550210055065,0.007914758866714056,0.05213012102991342,0.06252238451612786,0.048798628220403636,0.047789450551212684,53700,0.08072831199418032,0.008953169255262992,0.008712304071955316,0.4323278991217469,0.008455222890203451,0.04921359114214467
0.03749112129211426,0.4698664164543152,0.1502537989616394,0.6727616214752197,0.21040687534059072,0.40279622301459317,0.7588807730701382,0.5451213564778778,0.28545526789438297,0.023111476786434666,0.008927522809895047,0.021810231794571044,0.051700868711307454,252.4402827379983,430408,0.07376589909195899,0.16338846745104765,0.11160291206513717,0.025835751390516543,0.7310937371850014,0.9610883057450454,0.9315797064104688,0.6412517595406317,0.008178061724174767,0.009871143330013443,0.008177724684097712,0.007590428216310881,0.04268080407753591,0.052451842407274504,0.039011663504935845,0.04007042195324021,53800,0.07890257880232908,0.00834880540008388,0.008354466437732907,0.4312340653903115,0.007318568585873071,0.04048255182608463
0.0006482863426208496,0.47326169729232787,0.16232327461242677,0.6888636970520019,0.20934726813905286,0.4163804437220097,0.7717065528656049,0.5519337865906926,0.28266834015671133,0.024403760777786377,0.008940312160120822,0.020757022391777777,0.05732286930684508,252.4458610015055,431208,0.07551422717049724,0.16422474120433142,0.11367790383962814,0.02303106517208766,0.7401602843403808,0.9649254924928148,0.9376227907117851,0.6333946599779535,0.00863535278709605,0.010329691089282283,0.008502661982116286,0.0077847168588860765,0.04819751922041177,0.05969547840262142,0.04520210351435666,0.042874019429687965,53900,0.08281360204331573,0.008111049421131611,0.008130648247315556,0.44252286136150376,0.008036909364163878,0.04572625515516849
0.03829928159713745,0.46197381496429446,0.1649909496307373,0.6822450733184815,0.21799115232183586,0.41970359966158854,0.7712039790005261,0.5483863939499027,0.2899932295595313,0.024645080277696272,0.008087543441330136,0.021009758848862112,0.060020173765152875,252.4515483895396,432008,0.07678731257095936,0.16512127629833523,0.11302535257903225,0.023971819175023813,0.7423807024955751,0.9626897656855802,0.9347767289636171,0.630925807590578,0.008698591240681708,0.010323269970695749,0.008599778488186638,0.00795192815655587,0.04648816809756684,0.0556831922686123,0.041664072172486806,0.044958414786093484,54000,0.08219727712683385,0.008230358681175855,0.008635230999207124,0.4481844836473462,0.007992667555809034,0.044071775514166765
0.0006333041191101074,0.44263086557388304,0.1872154927253723,0.6800492477416992,0.1752468048664611,0.43951939225196845,0.7702463623487726,0.5432177763515039,0.27921553551340883,0.022545023448765272,0.008341279481032443,0.021560352755089617,0.05465221124620221,252.45828394223247,432808,0.08192387761548162,0.16509387571856643,0.10973986678653294,0.022953011880061887,0.766563116908073,0.9611746325807747,0.9360401768154571,0.6229319080062535,0.009057290488854047,0.010241368873361153,0.00885390186061462,0.008467440662966322,0.050993362846784296,0.06142101184473777,0.04680473169725802,0.04788939298748078,54100,0.08225489633584489,0.007601012189628026,0.009074724953122136,0.4706869188633711,0.008516900498919486,0.047099010194209576
0.03222796678543091,0.46451091289520263,0.15963639974594115,0.6751008820533753,0.23543216527066832,0.4020148566365244,0.7585161107557796,0.5454413994570468,0.28861832629109546,0.023445621440187088,0.009463984214345975,0.021925065054131148,0.052532546228707566,252.46465487739715,433608,0.07296016484498975,0.1642909426853137,0.11142949471816178,0.024422894884983826,0.7345484960079187,0.9575057367168403,0.9301599152180374,0.6548669881598895,0.00847665095236152,0.009592322652380945,0.00827498466692329,0.007964852737089573,0.04994213137542831,0.0591217219415638,0.038564361754074204,0.0516977591353447,54200,0.08127678040155141,0.007929627707249734,0.008825502910672913,0.4535575215206591,0.008177470778613237,0.04969549749674665
0.0006645369529724121,0.4767029047012329,0.1523996686935425,0.6786056637763977,0.2569293764326222,0.4282360489666461,0.7670727785055838,0.5416086596195342,0.28548223751464075,0.023784304577857247,0.008666370726132301,0.02246160885853759,0.04976136959781539,252.47928466583556,434408,0.07894936244934797,0.1644562220511335,0.10918845877879203,0.026312475215360922,0.7665506166219711,0.9624731593454879,0.9326367005705831,0.6549003494105173,0.009562698518857365,0.010420953554178897,0.009346148811918864,0.009136648372597336,0.052819444984197626,0.05991320161653375,0.04833813494123107,0.05098808933897614,54300,0.08556769253863465,0.008126464788455506,0.01253091553614164,0.47796690357582877,0.009428323534805149,0.05291578641516114
0.03215675115585327,0.47353761434555053,0.15103174448013307,0.6746494388580322,0.23599455003896952,0.4162474918365483,0.7642159904494428,0.5483561880195257,0.2762946953514108,0.024440412260591987,0.008671972620467932,0.021055409915207594,0.056289482171888734,252.4883730354208,435208,0.07654920969158417,0.1665149605785957,0.11239638630800033,0.022298222075699363,0.7330949854850773,0.9551407625578875,0.9357616889108092,0.6163667677729213,0.008720530075952419,0.009864328680748134,0.008772051405910522,0.008039437534063389,0.046135452303569746,0.05081925184273092,0.04660211575395169,0.04288043096527906,54400,0.0813670498949553,0.00829167442680046,0.008583805551097617,0.43065171502530536,0.0082551588639035,0.04449565850639677
0.0006531691551208496,0.44211158514022825,0.18559273958206177,0.6775398468971252,0.23863200394925538,0.432142502218485,0.7710684286474617,0.5540691357605234,0.2909165853855174,0.023026937297545375,0.010076930267533273,0.020744149280308755,0.05145882238232271,252.49516217799248,436008,0.08027124403044585,0.1642816604878664,0.11464820302946055,0.02685423574511897,0.7566877105832097,0.9630308363109974,0.9365298523730835,0.6669877476601801,0.009608865401241933,0.010863979971610115,0.00956623271088471,0.009164155211511519,0.052264359109103674,0.059957987050662666,0.04597796685993674,0.050706049926155246,54500,0.07687908282462987,0.007680114569982681,0.00894331407313154,0.43331226414960355,0.008724492670887186,0.05185679301275347
0.0006182432174682617,0.4731700110435486,0.15656779050827027,0.6806250715255737,0.2075856607690391,0.41180214405059806,0.7628446494795609,0.5425702188909056,0.28036579485963947,0.023886650186032057,0.008368278686773305,0.02163738222327082,0.057750201161632576,252.50145166881902,436808,0.07540677666664122,0.16375795751810068,0.1104919106326997,0.022156612293551394,0.7370186716318131,0.9625257106171435,0.9331928753852842,0.6293971289941407,0.008778469203971328,0.00984142041409906,0.008720701523125162,0.00813558158095009,0.04533585439436137,0.0521294604050783,0.04250350968679413,0.04302098726310852,54600,0.0828165110506585,0.008048828456726304,0.00989772553515175,0.43959587438095027,0.008456129292791017,0.04393086857094926
0.03520364999771118,0.47206825733184815,0.15467132091522218,0.675300076007843,0.23962105635851255,0.4066992451250553,0.7603031487365048,0.5450006876122294,0.2740902588629602,0.02264271053485573,0.009440642141576137,0.021392847418284684,0.053748174897195154,252.50693903909783,437608,0.07538137728348371,0.16421732946216133,0.11165237589855094,0.022955767698195916,0.7332201558351523,0.9599644026831178,0.9327869925332904,0.6174312212080231,0.00872595506021753,0.00993965277253255,0.00869847295124696,0.008109963870807233,0.04410898012574764,0.05050179780782717,0.04204445023817099,0.04373130806312158,54700,0.08407887310854016,0.008042128857499855,0.009736924100675831,0.4507067923172278,0.008225318922099023,0.04072684968375357
0.0006153392791748047,0.46878102540969846,0.16210127830505372,0.6789570903778076,0.270059687349522,0.4253724358975887,0.7712404646401134,0.5577485738088134,0.28159561311591874,0.022728317808359867,0.010145821706347943,0.020956378965989567,0.059987943778427935,252.51214147486817,438408,0.08055035345256324,0.16521849933097935,0.11594138412394715,0.022918558166457152,0.7437391865253452,0.9597035407457704,0.9326167696684451,0.6138390887997107,0.009937894807662818,0.011945777996618931,0.010370512345534334,0.00828870338203754,0.05822529967874291,0.0698972441045181,0.061684793319983694,0.04769347055988044,54800,0.08457898932534287,0.008303756291793472,0.011325342391894483,0.4659114120242828,0.008873267969754227,0.05190063305702563
0.03520570755004883,0.43879103899002075,0.1700025725364685,0.6564333820343018,0.23130267537332952,0.4204494789242746,0.7633708062767984,0.5695341316362226,0.2782037755677486,0.02275494864210488,0.008833696288056681,0.01943941642578766,0.052911638895764716,252.52050566028953,439208,0.07791043128818276,0.16327543087303645,0.11987671376361195,0.023319209317822394,0.7418937414884564,0.9620674765110011,0.9408793815722063,0.6348010843963982,0.008979778748471298,0.010579352853819723,0.009170822169835452,0.007963194259137836,0.047888459190726276,0.06022758773528038,0.0444547136091084,0.04401459149416026,54900,0.07935977543746767,0.007819776573374413,0.00881510779029942,0.4391351469277127,0.008258480115363434,0.04285718775283411
0.0006482410430908203,0.4802533721923828,0.15347278594970704,0.6874111986160278,0.1998353956882245,0.41089857488870624,0.7626782595778311,0.5445230209058336,0.2826939189061525,0.0228089595772326,0.008154213042830915,0.021335184878845642,0.05196790314745159,252.5273518151258,440008,0.07579466501250866,0.1641384970875427,0.1109652934673195,0.025862054687459002,0.7419354814290995,0.9617500391752364,0.9355643550921139,0.6303225016593937,0.008616721793077887,0.009775491108774476,0.008605859753104952,0.007963297374080866,0.04610016217920924,0.054022681829129324,0.04426332532690004,0.04335758815519508,55000,0.08578027000504668,0.008648273459174592,0.009818926798271045,0.45251549838804744,0.008252124925253585,0.04379122778910266
0.042391231060028074,0.4652647614479065,0.15547085523605347,0.673272385597229,0.20022725403672767,0.43634135723114026,0.7728428037799125,0.5515694827342238,0.28412230423354856,0.023021619231440138,0.008477121351015925,0.02093603311325698,0.05571180255060176,252.53373753650604,440808,0.08171581484377387,0.16535415135476048,0.11400136215408806,0.02365477357423034,0.7548740726709369,0.9618683107653443,0.933544176466325,0.6355375857143599,0.009016620949842034,0.010190048352435081,0.0090231173084814,0.008314477351422489,0.0532569151511416,0.0627746507145313,0.05215674547181155,0.048835726912839515,55100,0.07941358062722112,0.008877476180002666,0.008292092997378302,0.42131367520145746,0.008452774377276555,0.0489146351110717
0.0007144451141357422,0.46799914836883544,0.16017033338546752,0.686956889629364,0.21002320507692068,0.4371035034954549,0.7604879956900314,0.5453294540706436,0.29354381635785104,0.021181006589904426,0.008515723621224889,0.021684619649558475,0.0505355124077242,252.54348460042635,441608,0.08214781967923038,0.16373364793640358,0.1105038699742994,0.026484111961649952,0.7582687729597092,0.9602773519544643,0.9360703499693617,0.6663958738247555,0.009365989041980357,0.010482243987703655,0.009494206009089557,0.008478601207025356,0.05177867486141624,0.05879066121872403,0.048020107838276156,0.04854508407103521,55200,0.08141430296230748,0.008853663924400722,0.009164670253583808,0.43180595376164793,0.00873289860638455,0.050064874127469385
0.043051257133483886,0.4525879454612732,0.1575761103630066,0.6698488593101501,0.24021459344038879,0.42555891245603583,0.7619820655239696,0.548729284362095,0.28194096692554255,0.021606349814683196,0.00873227622519994,0.021018533822058164,0.05197159377048206,252.55530838759327,442408,0.08052385885268454,0.16632769669966682,0.11259016578153863,0.024288510349477915,0.7454875272512438,0.9534797770152161,0.9365060169522353,0.6424023515504343,0.009211854320019482,0.010513051644726807,0.009144247243771457,0.008438545904304508,0.04511805768124756,0.052847585371602744,0.0426398998535261,0.04142097683886634,55300,0.07651137843728069,0.007854984058358236,0.008869363291887566,0.42510011404752757,0.008619832138065251,0.042904832116328166
0.0006800508499145508,0.46836592197418214,0.1590570855140686,0.6850991654396057,0.22826466233899484,0.4204612793028356,0.7582928982435491,0.545208226357187,0.30152995154963713,0.021996987704187624,0.00903383013050473,0.02203109209444753,0.05105618821427766,252.5680918010925,443208,0.07836508179083469,0.1634925360627035,0.11172693884190249,0.02755091559746504,0.7554211190342903,0.9631148182293953,0.9293115960091961,0.6849133391030799,0.009022311151493344,0.01032645499571136,0.009028262067918793,0.008011712184351387,0.04478914898820221,0.05294058738532019,0.039550207721601664,0.0406859884506667,55400,0.08241262513270783,0.008061544721250964,0.010425277888712474,0.4540571741510236,0.008667347892566311,0.04549557347581429
0.03754513263702393,0.42740171194076537,0.1588970708847046,0.6407051277160645,0.2383879352775375,0.417276880890131,0.7694828245712784,0.5420559008595758,0.3016895434566751,0.023241285141557464,0.009273241284156067,0.021989229665968998,0.051011136276038184,252.5732185391572,444008,0.07558233642950651,0.16548690990525827,0.1094078411177922,0.02754181055634968,0.7500459408760064,0.9582497693446218,0.9338202210523744,0.6841630907816303,0.00858034490607679,0.009867415088704042,0.008356430567800992,0.008083151914527471,0.0495937537914142,0.06152768310501563,0.041929420852352704,0.04822333653622838,55500,0.08636721471945445,0.00867202446177401,0.008757983665347245,0.45156046572853514,0.008069470451742996,0.046553484545381454
0.009392399787902832,0.4696232914924622,0.15111887454986572,0.669481348991394,0.29706236960933946,0.4126214995980262,0.7660723637422745,0.5437006817758079,0.2954773332864521,0.02226446697488428,0.009044394986414458,0.02170223897788673,0.05199632942479436,252.57826570595535,444808,0.07582687985152005,0.16389026967663836,0.11071318641304971,0.02584217424829685,0.7459472495317462,0.9629814720524407,0.9350121387839319,0.6715421686096799,0.008745864189695559,0.010320917584986423,0.008683453318662939,0.007796589147161552,0.04871718155307463,0.05569259422077858,0.04463820123623012,0.044922216494799265,55600,0.08100862473830445,0.008707574266970261,0.0091920817551767,0.44485540127535483,0.008231689198660328,0.04957401556461632
0.0005939674377441407,0.45282686710357667,0.16509492874145507,0.6679470610618591,0.21048756838844984,0.4246741588413715,0.7598993658420434,0.5533490204533872,0.28738766195461685,0.02237292936071754,0.011421028391841857,0.02041977530908446,0.05222727804081166,252.58484997018846,445608,0.0798533669859171,0.16468256232726494,0.11473541919921722,0.02558154796055935,0.7526040756702423,0.9564820779627897,0.9378304245860075,0.6484930693784503,0.008883689278736713,0.010216526743305386,0.008502190763693906,0.008261339898335752,0.045785240740515265,0.051425326194370805,0.042313331649313814,0.04290566009962384,55700,0.07943628293148533,0.007380935380436555,0.008336680948888727,0.44644012163631874,0.008547844351199112,0.04660215043467497
0.0691718053817749,0.4667688417434692,0.15385069131851195,0.6695935153961181,0.19570318573612078,0.4086087082326413,0.7648449657338388,0.5509305239626853,0.3009291703292462,0.024948654673062252,0.008564333732271301,0.021354767512718226,0.05850646300285078,252.58953501827142,446408,0.07376326374709609,0.16432232033000896,0.11366383456672081,0.025453683619601684,0.738648071587086,0.9619311301895748,0.9335389344981219,0.6572578762058925,0.00829907569102943,0.009542658514332733,0.008090394262149176,0.007805930699785828,0.05230930953286589,0.05592469999231814,0.051610281615696814,0.05434643715934851,55800,0.08323415276987292,0.008267070183870311,0.008692720376387658,0.44956435411462287,0.00794363049437155,0.047858882240809794
0.0007123136520385742,0.4555948615074158,0.16627766847610473,0.6719681406021119,0.29190459535164104,0.4223679040372373,0.7670640461321729,0.5504710507836752,0.278846842771832,0.022835880182683472,0.009136638326456701,0.02158087636641366,0.054625425086495386,252.59867047633756,447208,0.08016433971002698,0.16491820603748997,0.11397781906689101,0.02506381772369384,0.7390677410364149,0.9589457005402297,0.9286406309680736,0.6284914489122144,0.010738669964484875,0.012062014432562764,0.009631554472279986,0.01003748969363168,0.057590815210714914,0.06861128742443706,0.04467091070824955,0.0520458610857183,55900,0.0881417954684858,0.009458840969768992,0.013573772938242315,0.4467200247032383,0.01101396490170916,0.06291798507062044
0.03453823089599609,0.4747115516662598,0.14787914991378784,0.6746165990829468,0.18333370864131088,0.4197239974141121,0.7613750109258965,0.5474502088129518,0.2978849107509148,0.022979027293622493,0.008093253876871383,0.021259674848988656,0.05277022590641593,252.60426530679982,448008,0.07794391117058698,0.1646233508933565,0.11288143251091244,0.027610730892275556,0.7475532189011577,0.9609350163717664,0.9326203930377961,0.665494717219296,0.008860774426721042,0.010245472183260987,0.00847378300502896,0.008288670484177469,0.04524642834905536,0.050893644519549426,0.041149996225722144,0.046343806069618194,56000,0.08145565132144851,0.008899414914194492,0.009400380448787469,0.4370715564489362,0.008474308068398394,0.04268926335033032
0.0007697510719299317,0.4811525702476501,0.16197505235671997,0.6970501923561097,0.23839100891659748,0.4330361086130143,0.7581489776896534,0.549725984930992,0.28370209178834566,0.023002335028722887,0.008898341857445227,0.02140511163044718,0.05130154365357362,252.6095248518305,448808,0.08119203601032494,0.164258223340333,0.1138119063153863,0.02564765723808757,0.7553955495357512,0.9576515006684807,0.9308659997582437,0.6427143390448595,0.009051769471261654,0.010631448308562982,0.008911608910420919,0.00811462973591537,0.04346745711169206,0.050574040019701894,0.0412456601858139,0.03940285040001946,56100,0.08100554806276634,0.007705019647121729,0.009210828970047253,0.44224355720925623,0.008411852602750574,0.04223324599523291
0.034716393947601315,0.44342252492904666,0.17136988639831544,0.663946099281311,0.21019293865951522,0.4369723673164845,0.7690961358119861,0.5480250034194724,0.28586315341624136,0.023408756703138356,0.008751808092402249,0.021563242865690502,0.054159136968458366,252.6158286409692,449608,0.08123874735087151,0.16495412560004097,0.11233501641366352,0.02353457091812026,0.7604765552282339,0.9605604463590767,0.933038274256083,0.6450237981204326,0.009235006584785882,0.010761949277641066,0.008810909823156314,0.00858265075493109,0.04655032572336497,0.05450472166269742,0.04196994737811528,0.04659842622232404,56200,0.08197791189334143,0.007865326133777654,0.010607468666729791,0.4504555807275284,0.008652681776843337,0.04235045202497367
0.0007716012001037597,0.4758728384971619,0.1566740393638611,0.6827630090713501,0.20763701234138643,0.4195488469302655,0.7678619602322568,0.5414939106409272,0.28150518958528475,0.0241790443379432,0.008436834836320493,0.022382933098878968,0.056356768562601696,252.62161873675066,450408,0.07702101733535527,0.1649021126329899,0.11064556100635065,0.023631504289089472,0.7398210352659225,0.9590886279940609,0.9273298727208044,0.628787732754762,0.008782652381341901,0.010129621762316682,0.008662303453358127,0.008215860436813757,0.0535126254055649,0.06039407827891411,0.04829715109013734,0.05197797018515234,56300,0.08163895588271666,0.007665580330377955,0.008821615018553722,0.43892540832875276,0.008121762665982699,0.05341312851409371
0.03670195102691651,0.4532765316963196,0.16592703104019166,0.6710949635505676,0.27781134301010296,0.41482137486338605,0.7683059324032421,0.5493203852307146,0.280208355081933,0.02317499597091228,0.008710350968786286,0.021015160907041395,0.05251951176407079,252.63379868723644,451208,0.07682117473334067,0.1664059135333573,0.11236172910798249,0.02383099126274743,0.745958561301232,0.9561269475669458,0.9365499446641151,0.6435345556054793,0.009480079363565893,0.01095471274915826,0.009147376614386466,0.008815113343076691,0.04497905787779016,0.05556583182427971,0.04095818499098552,0.04101687772310383,56400,0.08695062843151387,0.008202978995977894,0.012085030514281241,0.4633503040671347,0.009119131398620077,0.04317582291201688
0.0006330561637878418,0.4573663282394409,0.16252057552337645,0.6666936278343201,0.1643262233389505,0.43909801289439204,0.7639095430125558,0.5543238928443517,0.293387326113879,0.023082017423585066,0.008284928509413805,0.02060040230885079,0.054019811293110266,252.64073523211658,452008,0.08252399422228335,0.16575773597046095,0.11452319287654888,0.02668733076658097,0.761136483550072,0.9578936173452587,0.9373042338202439,0.6539034691452982,0.009304757355712354,0.010480209019794288,0.009161339502371663,0.008658165615051982,0.043290490549989034,0.05173972740292693,0.03789262437043296,0.039719332510139815,56500,0.08645744144709569,0.008933597772071757,0.009841666452120984,0.4450908568170334,0.008811826124373407,0.043621583125140036
0.0006496715545654297,0.48276750087738035,0.1524738597869873,0.6828845000267029,0.2443490802501501,0.4156699003279209,0.7736008906975768,0.5548420651257039,0.2892232052567936,0.02301535381935536,0.008391916708578955,0.020612060064449905,0.060996657014927944,252.64897020805637,452808,0.07740091489627954,0.1670286247363458,0.11430197808891536,0.024498565416110472,0.7369714754819872,0.9588493732305678,0.9391516676545143,0.62827420996295,0.00913385081104934,0.01044235002870361,0.009067533509805801,0.00853303029305405,0.043600526959635344,0.05496228046428701,0.0407753186277114,0.04013730157942818,56600,0.0829118063466417,0.007440217997257905,0.009244503049800793,0.45191936757829443,0.00853942328236168,0.03903555052147971
0.03245729923248291,0.4602604198455811,0.15576374530792236,0.6641855907440185,0.1997648250042519,0.41914604261517513,0.7640215760439782,0.5480867914703426,0.2817739868672884,0.0215024996548891,0.008208137311954142,0.021044827693579155,0.04753161313057673,252.65972253130101,453608,0.07818994242697959,0.16605182629616114,0.11225986693586631,0.02540353488222492,0.750846703052521,0.9572996870795293,0.9359295699669394,0.6608847818723533,0.00907470360165462,0.010249818411113611,0.009038395867255345,0.008096684365555997,0.04281001545023172,0.05046007431237333,0.040893501794554865,0.039364322127274615,56700,0.08363544906141485,0.008502006222672696,0.009923627944616124,0.45119469665517714,0.008930320685701173,0.04050871230088018
0.0006008195877075195,0.454951798915863,0.1714134955406189,0.6749843430519104,0.240312665912494,0.4257196840643884,0.7766248780458713,0.5508025652058769,0.28253909236288344,0.024270190936513225,0.010143250686726356,0.020969821762502474,0.06105603048836883,252.66473437107751,454408,0.07865365983918306,0.16485433832642987,0.11382127149361315,0.02197979845325735,0.7510703566670418,0.9651788379335162,0.934941312141508,0.6242443689688008,0.009008423720952122,0.010478008583396061,0.008827753957996357,0.008060638929772023,0.04834826238453389,0.05591641139560546,0.04790098118273732,0.043514931265683114,56800,0.08353508527547418,0.007489667310365615,0.009795291061135062,0.464875832052514,0.0086440220740301,0.04591571654903124
0.0360055947303772,0.44919073581695557,0.15763664722442627,0.6582833170890808,0.250154346443052,0.414582119733095,0.7665007764101032,0.5465279227909555,0.28031410781718896,0.023847084911540153,0.009771018736646516,0.021395277246872693,0.05394186300147221,252.67560394169698,455208,0.07578311615623529,0.16427850015461448,0.11264721541242166,0.02368660142022907,0.7359459051489831,0.960865398645401,0.9326618304227123,0.631197042832865,0.00870244918391109,0.009577003947924817,0.008903102247034488,0.008145194056783323,0.0496484265383333,0.05575692869257181,0.0465031154951788,0.04797074622169974,56900,0.0812944690954296,0.007934616271397047,0.008225281208627226,0.43768702619638905,0.008234205573853388,0.048269011070905025
0.0007910537719726563,0.47040820837020875,0.15587100744247437,0.6777125215530395,0.2924816275757726,0.42827533811330787,0.7676822439246218,0.5509661235821942,0.28533483971841667,0.022811741512268783,0.008653958159319438,0.0215174825738859,0.054732369807121956,252.68746256653466,456008,0.08011443405412136,0.1642511056377253,0.11304300848059555,0.023772751004192585,0.7463123345375058,0.962268380123541,0.9321510432258482,0.6485775833328572,0.010159280346706505,0.010596614965417117,0.010228259015887501,0.010279793847682125,0.06338405995164072,0.06739722491549589,0.05611104056455941,0.06598397736282398,57000,0.08133658628669835,0.008892592716850889,0.011717957292743653,0.43070605797554123,0.00950497931416206,0.063386779151097
0.029378025531768798,0.45122824668884276,0.16257708072662352,0.6667617177963256,0.2072819121396475,0.4300582735240458,0.7689311396968257,0.5427111779548683,0.282711752182381,0.02290308780036866,0.008260803090551092,0.022271055851739906,0.059277699027337476,252.69255784742606,456808,0.0810318093374371,0.1649041168458828,0.1104092286633594,0.023265517569432785,0.7471304860711097,0.9610146579441716,0.9298204618449114,0.6234439289705326,0.01007752925157547,0.011691925084419765,0.009422757185292334,0.009176167897583751,0.05551804140326568,0.067984116488128,0.04904450134585653,0.04980662416545038,57100,0.08356913653862413,0.008206649834303716,0.012047540739481558,0.4484863697903824,0.009730825603044438,0.05312267546282031
0.000702071189880371,0.47528393507003786,0.1503884530067444,0.6766640758514404,0.18131100208141657,0.410767396390438,0.7643984281827536,0.5474092117985897,0.28569818460024304,0.023278419431298977,0.008204881935848524,0.02168631433433262,0.053779011395258425,252.697013626626,457608,0.07513958595693107,0.16428695382579925,0.11253743862011008,0.024502723009880763,0.73967603802681,0.96196027092202,0.9314489860315713,0.6434261967929512,0.00853896564338356,0.009840648025077172,0.008357513919282624,0.007861924290549596,0.045132850557565676,0.05227199749695876,0.040971366878674954,0.041220953795485786,57200,0.0841796344263109,0.007900776967219556,0.00921512026494989,0.4518535684272286,0.008202594479968874,0.04648563585239625
0.03271362066268921,0.4720625042915344,0.14662661790847778,0.6693279314041137,0.2299655404367313,0.4051456800103189,0.7697108712526821,0.5434958675929477,0.277425659352388,0.021762714702636028,0.008377472995688194,0.021758837697229198,0.05167030605654684,252.70320156928497,458408,0.07403032045811414,0.16472048349309687,0.11093841567635535,0.02310814884347987,0.7368123012781143,0.961977548528426,0.9302753751618518,0.6333969492178688,0.008817601692862808,0.010184136267733027,0.008602492777364601,0.007971918282027422,0.04857557245995847,0.05946994568728427,0.043743496417467054,0.044778371332452105,57300,0.08519810529654488,0.008045683917691615,0.008905294262436475,0.4772797436044925,0.008495287399886066,0.04587997656250212
0.0006890559196472168,0.4738160753250122,0.15680715560913086,0.6814577174186707,0.18909437250722055,0.42764476180076594,0.7652267754077916,0.5472145661365152,0.28188155853568625,0.023362977225333453,0.008548049547243875,0.021643523345593087,0.05407918376576663,252.7078450364002,459208,0.07930652160197489,0.16437168188393117,0.11223630912082141,0.023992913563375438,0.7500886726379397,0.9616870939731597,0.9320227955662926,0.6339284864502339,0.008915032371878623,0.010097580647561697,0.009217634957370378,0.00803449394499612,0.05004369146656244,0.05879932617535817,0.04682904800486775,0.04614705870152641,57400,0.08239189277012503,0.008417508803353067,0.008954219293520268,0.4365422065540025,0.008235773962912392,0.048513859868430154
0.029760639667510986,0.4329588770866394,0.1787211775779724,0.6586639738082886,0.1909472822582251,0.428184252232313,0.7681879279625358,0.5439834473309688,0.2815243788063526,0.023069954412058002,0.0075991000488993595,0.02190188756773112,0.0546489045765175,252.71344489865317,460008,0.07974099840968847,0.1646648580162085,0.1118091934153603,0.02405301009646939,0.7558703181147577,0.9643468486135875,0.9280430986373517,0.6297955245387795,0.008935844660736625,0.00977168997879423,0.008911821094376082,0.008317304520905781,0.04572307865135372,0.05174190260525516,0.04028913113116115,0.04652319421364492,57500,0.08268676336635565,0.007949473018842667,0.009786022230634156,0.46505510010183826,0.00871348128539515,0.044691669022574765
0.0007468676567077637,0.44560256481170657,0.16129762411117554,0.659602746963501,0.20629787829804333,0.4055626483261586,0.7698754630982877,0.5525387953221796,0.2809339383368119,0.02408524352125823,0.007786190975655861,0.020600122308824197,0.05579033400863409,252.71843574420618,460808,0.07343345440924169,0.16608643616465,0.11326002791523937,0.023454037708474946,0.7354355150461197,0.9594094587320628,0.9381078428030015,0.627381681297232,0.008413558409083637,0.009567169938236466,0.008434884139569469,0.00786771775815585,0.048599281019996846,0.05853444971250029,0.04537817404954699,0.04685283288110716,57600,0.08445223561231648,0.008073904651952776,0.008570140759136698,0.4624587052686201,0.007984315153157364,0.04509498609414386
0.0007251405715942383,0.4702900385856628,0.15826474666595458,0.6786497592926025,0.2011212965767059,0.41841992303729053,0.7711593675865694,0.548994794921968,0.2903015825969097,0.02492476671002807,0.007881568931412728,0.02148353705155547,0.060088534346924925,252.72408550813014,461608,0.07600751273334028,0.16478626650792588,0.11292253798145112,0.023371287754763714,0.7407442158460611,0.9640767527005023,0.9317313340103749,0.6341939528401083,0.00840175678720698,0.009843803887999568,0.008234305606784245,0.007745544862700623,0.04549182727118024,0.05478629805504899,0.03910458241352019,0.04527979810798293,57700,0.0787368604563517,0.0077470713921439565,0.007807793306082785,0.43926836663696345,0.007886224408600914,0.04347771320250923
0.02924567222595215,0.45338117837905884,0.14614264011383057,0.6502510690689087,0.2198589842754235,0.3995726835727691,0.7625291139360455,0.543545580942537,0.27404665477973034,0.0247032234352082,0.008209266600065998,0.021749763390538423,0.0560026569977968,252.73269856595257,462408,0.071676977854222,0.16390020388459417,0.10973688556328835,0.022376776068995265,0.7247865885496141,0.9626712196718445,0.9331062885636059,0.6223944875278646,0.008352748425677424,0.00948960790114979,0.008375842279010573,0.007604084722905623,0.0472812592843547,0.05403658388202228,0.04254678282470515,0.04381846435717308,57800,0.08105304693946468,0.00852511713450299,0.008217032103297798,0.43962509299700075,0.008106115871879193,0.048946552558425935
0.0006185293197631836,0.46689347982406615,0.15768950462341308,0.6755209851264954,0.2040118125684404,0.4270866687595843,0.7700897469141783,0.5514820830242053,0.29993505472992804,0.02171747416257858,0.008554143478079902,0.02180988111759761,0.052261365160530246,252.7398511264137,463208,0.07886683290824291,0.16537942646819856,0.11386124354761998,0.025978548653106507,0.7545658785104747,0.9602275721937702,0.930822993291391,0.6767606754879378,0.009036722276359795,0.010344864548157853,0.008984031948588189,0.008209995815407609,0.052090115025639504,0.06376461233839262,0.043487723831188055,0.04756469964203273,57900,0.09250121900480086,0.009118704012059284,0.008720744983824693,0.46936670748610465,0.008490007574835878,0.05170986637660223
0.03285588502883911,0.45732985734939574,0.14849780082702638,0.6555120706558227,0.20817738880043288,0.4360268194973468,0.7577024703676055,0.544789534099031,0.2912456930210497,0.02255762482993304,0.009776544202097953,0.021048912128415136,0.052025209599635504,252.74712610702355,464008,0.08175831584259857,0.16537915244698523,0.1113859094347399,0.0246186860815876,0.7658031240105628,0.954844320904125,0.9359457250868919,0.6703876973402625,0.009191277367062864,0.01050742855718867,0.00880949852739157,0.008538247438881428,0.044176514218561384,0.05213562684683979,0.040006287077829106,0.040469933816260045,58000,0.08007098907190893,0.007457712514183691,0.009159919414539914,0.4487719436486562,0.008729421753539806,0.043205869906685415
0.0006859207153320313,0.4492365503311157,0.16604309558868408,0.6638178658485413,0.24591493154162836,0.41692628040909757,0.762671106424763,0.5444633046046219,0.2910743059826565,0.024755950421094904,0.008979259670744812,0.02170889230662998,0.05713863851187725,252.75471482620824,464808,0.0758134338119998,0.1637281421291169,0.11093637252107573,0.024672543900000028,0.745781143009662,0.9607104233760932,0.9334785507080402,0.6460435317715567,0.00873567951610312,0.01024769918628072,0.008874123337668694,0.00785863600964243,0.048491521133109894,0.05827695940008115,0.046580745836105594,0.04495150350611394,58100,0.08705772899091241,0.00883042906527408,0.009787785619264468,0.4617115151882174,0.008035134086385369,0.044321257609408436
0.03222796440124512,0.4505742120742798,0.14978995323181152,0.6516791582107544,0.2256938949692557,0.4368210653960706,0.770224654390698,0.5506894910099479,0.29183671210713286,0.024333071066066633,0.009059785692841714,0.021245302450336002,0.05662336533871689,252.76057875823483,465608,0.08068468255922201,0.1654975190758707,0.11389260220866981,0.024988926019073574,0.7605002421140666,0.9597296649501443,0.9313104258905546,0.639264301235127,0.008912513963878155,0.010342922303382124,0.008791061449049049,0.008303790205669875,0.04806150493677706,0.05846371013405062,0.04388237790905379,0.04371741439867327,58200,0.08176674931177069,0.0069232802312555,0.008367542716275374,0.4718226313590999,0.008077118633581052,0.045690144095569804
0.0007120180130004883,0.4819806170463562,0.15432923078536986,0.687839331626892,0.23010862664843343,0.4102391450107096,0.7684599038958552,0.5491715982312061,0.27310536329339213,0.02415098758414388,0.008464677612064406,0.021182551878234722,0.05801950645201453,252.76519815568923,466408,0.07570480354130266,0.16576304353773583,0.11317710647654661,0.022384320661743604,0.7290946173667908,0.9599590542912481,0.9326553891916751,0.6113443520010965,0.00918641824042425,0.010265747001394649,0.009174608443532895,0.00839618307810913,0.056353207987267534,0.05968793474137782,0.05842034507522492,0.05367308524437248,58300,0.08497326546963646,0.008761550262757085,0.009957726232659175,0.44944506602467205,0.008942520357931976,0.05401449913998085
0.03035475969314575,0.46529574632644655,0.1734879469871521,0.6893680477142334,0.2056816909049472,0.4316915087401867,0.768703157302893,0.5465870048060563,0.28773320444579253,0.022990288194268946,0.008107569205499657,0.021294802356737134,0.053343575278260884,252.77005011900712,467208,0.0794432286173105,0.16575936436370647,0.11179082421115552,0.02411899205469029,0.7618487375974657,0.9588107475172292,0.9352878955277532,0.6591246171483718,0.008874574385117746,0.009921831312761472,0.008806380798400496,0.008501100089419086,0.04664776712539604,0.05382706664372415,0.04335488445205483,0.04449734141320005,58400,0.08464634175840258,0.007980465055820906,0.007979791581857253,0.465963513786728,0.008168989646475062,0.04437828749116209
0.0006613922119140625,0.4466273355484009,0.15357263565063475,0.6489541959762574,0.21693587550454055,0.4283733865618706,0.7691450763393093,0.5556901433366401,0.27001238970997476,0.022384042711928485,0.00822180572913977,0.020907073187582347,0.05653526546294855,252.7751861302813,468008,0.08048331484198563,0.1642899338726524,0.11515829270269638,0.02257405222205327,0.742477420568466,0.964278829527331,0.9349296828533742,0.5992609649262528,0.009472063097637148,0.010858537266366514,0.009399276712235616,0.008512029141940653,0.05078620607033373,0.059872239114934826,0.04618161485748402,0.04640938693340471,58500,0.08275458524649092,0.007538780588472246,0.010002997434711875,0.45289205619604267,0.008909552992035713,0.049159502158734505
0.0006745719909667969,0.47312163591384887,0.16021633863449097,0.68342542886734,0.18629452095739138,0.4134177125990389,0.7635603388961478,0.5446351186453722,0.27548817360913896,0.022211065622977904,0.008311539225527376,0.021620385186041445,0.054011802662224065,252.78103210379203,468808,0.07632487367838621,0.16367731091319315,0.11174069724759995,0.022459506479051886,0.7433089208602902,0.9623569207532064,0.929016310034446,0.6279704625247625,0.008652996728196735,0.009723369317243288,0.008490757844908147,0.00811185071655419,0.04779818685259669,0.053919788868147495,0.044264891187126926,0.04892209247605857,58600,0.08321089447774692,0.007734888617634635,0.008410819913787797,0.4615344967482222,0.008295833240790328,0.04458582112653502
0.029993693828582763,0.46237318515777587,0.1480492353439331,0.6621087884902954,0.18552519460915412,0.4172965048253536,0.7702704087281843,0.5587452604454387,0.26898266427045636,0.0235187847726047,0.007845168112693585,0.020644746592496415,0.05378995186237752,252.78587085731724,469608,0.0765945613197982,0.16500688569668018,0.11599940555740378,0.02126859570528532,0.7390545105934148,0.9619072528985828,0.9359675384297665,0.6209433186885929,0.008885354525409641,0.01011898752827294,0.00873213794975713,0.00837171642802827,0.05073414955986663,0.05902603629092951,0.04697362517662425,0.04617711882821688,58700,0.08396459304602785,0.008628918139441616,0.00923028146756872,0.44700641023744,0.008369396815134076,0.051249131383902385
0.0007220983505249023,0.47773406505584715,0.14961364030838012,0.6771513366699219,0.253460436681607,0.41866432860493674,0.763764394288087,0.5503452518597026,0.2810881073878274,0.024496395001187922,0.008515091560284932,0.02145290099029325,0.05982569687425938,252.79275321263705,470408,0.07751990398392083,0.16351552404950018,0.11313230513131685,0.02222648975933252,0.7352631467580796,0.9631200064366782,0.9329191369963392,0.6158638391831907,0.00946545089362189,0.01163455922783694,0.008702660282257163,0.00912845221987802,0.055888657057657824,0.07552431377783501,0.043158078965331845,0.056863346927319515,58800,0.07783407768234597,0.00851092918019276,0.010548156829318025,0.42613005191087755,0.008415049258619547,0.048307772413827485
0.031217882633209227,0.44294655799865723,0.16492418050765992,0.6588816452026367,0.21226668481702474,0.44676258057355855,0.7746358529726668,0.5540603839434112,0.29309793321702343,0.022999305203557013,0.008282363091905913,0.021003982360259833,0.053483821306144805,252.79817281664532,471208,0.08253695333376529,0.16429545521736136,0.11453027994586863,0.025279144439711933,0.7680150288343434,0.9666479078928625,0.933153952085055,0.6609915492053221,0.009159263740293695,0.010549863498244029,0.008949989345497822,0.008252705740652837,0.052089511803351356,0.06393783673230137,0.047703519673683706,0.04731397900300528,58900,0.08203983736809262,0.007648261956366994,0.00855591975634397,0.4503778063280639,0.00867372667850104,0.04733780354023156
0.0006559967994689941,0.47030770540237427,0.16219757080078126,0.6839382362365722,0.21569260627583747,0.4189875625073911,0.7636876909226333,0.5524139413062266,0.29309379649797657,0.02304408251075074,0.008914451534049163,0.02086289619853465,0.05488120259594196,252.80411570784196,472008,0.07736264832317832,0.16387378513195344,0.11409617113132112,0.025350641038476805,0.7514588475227353,0.9620705855325095,0.9357723275236052,0.6503155754907486,0.008736814686562865,0.010019069793272202,0.008612562188942567,0.007804639830116918,0.048970243455842166,0.05678652960401743,0.04305857356509887,0.045899710305942795,59000,0.08430293548707538,0.007995869866312344,0.009673703272004152,0.468338533223254,0.00854997352461865,0.05043787676479344
0.03089143514633179,0.4489980959892273,0.1545693349838257,0.6539388656616211,0.24076311556005714,0.4141624045372008,0.7664400350479846,0.5465214632096741,0.28492644750470364,0.023503957903012625,0.00843205252728824,0.02158907966111742,0.05364565526502668,252.81275946324,472808,0.07575398737564693,0.1657671538137254,0.11194542181190278,0.024101844549802777,0.7309454196691514,0.9566499502885916,0.9314422305850758,0.6397484910050667,0.008699750164523712,0.010286992584310836,0.008643558638314489,0.008079225803007718,0.05416668523102998,0.06396064526357115,0.051788755476341757,0.04965102138134452,59100,0.08062716872960911,0.00838586750614923,0.00848556270163196,0.43094305226615853,0.007775208885397982,0.05086852499174285
0.0006306791305541993,0.46670820236206056,0.15951773405075073,0.6768657493591309,0.1732552450450553,0.41595683082938173,0.7606397836792219,0.5502517395975568,0.2853710079798473,0.021807336322963233,0.008250738124063765,0.020254937710590875,0.05291327932597292,252.8225882929692,473608,0.07700941242277626,0.16489181941261094,0.11309576473466235,0.023731916958543802,0.7505989822745325,0.9589902560929868,0.940066148148905,0.6489296273017923,0.008792599593289194,0.010019896086305392,0.008808197422497121,0.007957861069977895,0.04430703044403344,0.04955875697754783,0.04092960810463984,0.04231196948239816,59200,0.08446658178276954,0.007513701188422386,0.008985050735507339,0.4668059141862961,0.008395308747311083,0.04447823338033191
0.030318443775177003,0.4508738899230957,0.15896584033966066,0.658513069152832,0.18837406349146962,0.4340169870853425,0.7694256691371696,0.5446941760288283,0.2895097408897033,0.023162290146574366,0.008230481899398213,0.021697466455513473,0.05734883441476437,252.83103712211968,474408,0.08114231318235393,0.16588383056729078,0.11163245046955678,0.02444365397514529,0.7470290115475652,0.959200672164762,0.931919342370203,0.6337205032822947,0.009086160315200691,0.010095609969362552,0.009098610649273028,0.008371501372604784,0.04621331261078012,0.0527657129728326,0.043144141438063756,0.04487334955828604,59300,0.07848923344531834,0.00827753879980382,0.008508189886547822,0.4263138659877478,0.008617400992758224,0.04315527767778997
0.000772550106048584,0.45305518865585326,0.15967328310012818,0.661664981842041,0.2343251318630299,0.4146960765123366,0.7674097689986229,0.5455703889019785,0.28584682906872183,0.022842225478962048,0.008108150066691452,0.02110093451240879,0.05530092944919141,252.8371570848833,475208,0.07658747866749768,0.16551058813929542,0.1109528653129625,0.025512893489782803,0.7402260249853134,0.9599585440754888,0.9384668217971925,0.6288665299563058,0.00882584237493575,0.00999685605056585,0.008623508852906529,0.008157452450796361,0.05055700979195537,0.05727842622902243,0.04635538302439576,0.051538005370416286,59400,0.0844444308656259,0.008749488788487164,0.008950531023019206,0.45795969094071437,0.008518893526275164,0.047155682267360034
0.034918859004974365,0.4688966584205627,0.157843656539917,0.6761223530769348,0.20224404007622077,0.42923740983009345,0.7700135333113144,0.5501070882631759,0.2832110105187031,0.02119780114386231,0.007987280431005293,0.021311623843803543,0.05071879783906878,252.8427563711887,476008,0.08002622067928307,0.1647495233481471,0.11313366036028615,0.023407048998358722,0.7562223321199414,0.9633224252426984,0.9337594326772646,0.6586766393666861,0.00895863407291472,0.010251489818317467,0.008786266401716286,0.008516497078111,0.053261419013142595,0.05730633310844548,0.04933352304460934,0.05315695452932892,59500,0.08438896954949228,0.008207057772982699,0.00894948378939699,0.4410396873654419,0.008238693995781204,0.0535685396498412
0.0006616640090942382,0.45694689750671386,0.15127424478530885,0.658855197429657,0.20770116893615648,0.4093395997583867,0.7587064971477525,0.5503945513205087,0.26908258005127406,0.02222835766151547,0.008960391908053665,0.02062391792299517,0.053541896937154436,252.8496074859732,476808,0.07589318988844748,0.16327740956703457,0.11248947126183279,0.023027377537273134,0.7320150491595268,0.9618178541437158,0.9405989710659904,0.603050734403837,0.00869978570146486,0.00973904341817123,0.00862484325450611,0.00843514028183846,0.04649000460281965,0.05277765073396004,0.041319738326464774,0.04653012540693263,59600,0.08570295343956646,0.008172662704989902,0.009628677949918773,0.45199178797858086,0.008027534489841769,0.04502781250080623
0.0007322835922241211,0.47638593435287474,0.15740320444107056,0.6841741538047791,0.22899794679368005,0.4147552222013473,0.7581631051233181,0.5500924494814738,0.27657295582872443,0.02234644926153121,0.00898920641059073,0.021253938273710977,0.05283672903485673,252.8568672361003,477608,0.07743933495134118,0.16510302387177944,0.11437217311505334,0.022889595994998662,0.7395047324895859,0.955116392328189,0.9309286902295079,0.6319138332448823,0.008832190064713351,0.010054841120458714,0.008722175465508245,0.008266922777913735,0.04502880563493821,0.053210287569807134,0.04088146765442452,0.042669704816576955,59700,0.07960153809762092,0.007590558440064571,0.008165713050402701,0.45283562060139604,0.008243708099701975,0.04281095984720304
0.03255223989486694,0.41248523235321044,0.17241737604141236,0.6330197405815124,0.2518209191316767,0.4092458307743071,0.7602703127671373,0.5488936436402294,0.28184679957157976,0.023486943584866814,0.00926467152881246,0.02084986513736549,0.05157283679454014,252.86539979824465,478408,0.07530594795942311,0.16420452796261428,0.11321057414556573,0.02460196691911259,0.7463010850548741,0.9607881602238523,0.9368513867753382,0.6447349002055075,0.00869642105419189,0.010040470734979462,0.008784189844565788,0.008080737791323206,0.04597618370782583,0.05395590559452434,0.043798706754688985,0.04323293363735288,59800,0.0837432262798151,0.007778320985082063,0.010738980098484233,0.46007333779946336,0.008076662042488657,0.044196927812523545
0.0006169414520263672,0.46273903369903563,0.1560772967338562,0.6681880259513855,0.18802084389120924,0.4219299191236493,0.7630740629166971,0.5532775488820405,0.2917164793155462,0.023451824607327587,0.009080287089870711,0.021475145563317286,0.05404184745129176,252.87555462517997,479208,0.07761409835889936,0.16385020498110323,0.11405717496677202,0.025792716053805405,0.7506353265047069,0.9610519728490289,0.9328705916310299,0.6478467119738381,0.008587379239033905,0.009802848236084129,0.008789253183686646,0.007872220092072267,0.04794688715599476,0.057044700058937386,0.04299880542543411,0.04730316923628446,59900,0.08543169901860719,0.008408286516910333,0.008548581413456687,0.46326297401782834,0.007914850829946042,0.04466556011226461
0.03047550916671753,0.45095003843307496,0.1515631628036499,0.6531714367866516,0.21416419379356164,0.4240131686627863,0.7669474819921092,0.5538179152092693,0.28964950867959743,0.024495147131383416,0.008751955351194822,0.02071109840562201,0.05936638730618225,252.88224108356437,480008,0.07777932768687616,0.1642827234881105,0.11487672330632717,0.0239715577776067,0.7478581514954566,0.963198357033279,0.9354430309123238,0.6326473592000718,0.009024427861440927,0.010465001821394947,0.008875519979092696,0.008337612798588972,0.048372384849935786,0.05812799931451117,0.042869661850486414,0.045530156294801886,60000,0.08938194241485382,0.00825378182949268,0.010159848173757514,0.4766918518165553,0.008353632632735197,0.04589623372337903
0.0006299185752868653,0.4442794680595398,0.18011021614074707,0.6721543550491333,0.1839109679460586,0.4149379971623418,0.7607871864971361,0.5458571333803391,0.2884876183535327,0.024329209653660647,0.008428785139020832,0.021431591377739673,0.05783326897899901,252.8880843525296,480808,0.07524041147902609,0.16364111853273308,0.1116981388014906,0.02317198837148165,0.7431447786092763,0.9619553048359721,0.9350480387608212,0.6406846268853148,0.008354670566041025,0.009811453336212585,0.008209847540402887,0.007857340543220447,0.04411342725157734,0.05159334269793407,0.041339320354346266,0.04206449688129609,60100,0.08809739254051598,0.009099349826460755,0.008080618922803094,0.44983854671803947,0.007636224251331352,0.04195034860110865
0.03065364360809326,0.46001970052719116,0.14714524030685425,0.659972836971283,0.2669483151292362,0.410014133453369,0.7679728050621186,0.5448510410951427,0.28242129983730824,0.023378607095219182,0.008338148951558976,0.02131335216668999,0.056776132847246995,252.89480722867427,481608,0.07584501355886461,0.16538260170087518,0.11039365132782554,0.02472457562522539,0.7385086339712146,0.9598816636265538,0.9346825219093158,0.6302922831313447,0.009802986285649245,0.011507830463767958,0.0097414650506076,0.008498521079078765,0.05870730689028277,0.06795472746515385,0.05441861070274193,0.052554674811965525,60200,0.08629018291831014,0.00750805892775832,0.012200203099353015,0.4677461746127105,0.009527902489224837,0.05978788100291304
0.0006588292121887207,0.4561537003517151,0.16762140035629272,0.6718029236793518,0.24821102108216625,0.43751205354928985,0.7718631893816126,0.5507609713645218,0.28178209150882105,0.022034957595169543,0.008537376239926422,0.02120473435414689,0.05118960526666234,252.9071261550585,482408,0.08353032099083059,0.16380874399847817,0.11375042893702084,0.028189502083984477,0.7593759548664099,0.9659297379529532,0.9337269255093162,0.6398399963821334,0.010834184587001798,0.012317026355369418,0.01002099397813989,0.00919155031682673,0.05200307584367689,0.06421253069395749,0.045145946572579115,0.048086150515747744,60300,0.08348226443421647,0.007790859983954066,0.014080001513315924,0.445607213048987,0.01178279540455731,0.049813276813289196
0.032379634380340576,0.441692430973053,0.16955843925476075,0.6595467376708984,0.23612756874788648,0.4310817436873915,0.7601406565526645,0.5502237890640533,0.2874545540067961,0.02055120501667262,0.008823320993063287,0.020872329370165057,0.048084907588252644,252.91463047157055,483208,0.08173044046387079,0.16465408932871928,0.11317807135943375,0.026587038245369614,0.7610216453671454,0.9591623777296484,0.936328831571259,0.6581383347511295,0.009238007392268632,0.01065923350795014,0.009230161947514286,0.008407410685322246,0.04385988903231919,0.05240830369975144,0.04156231378706602,0.04039680295020597,60400,0.08507626703140707,0.007860881792654205,0.009790867746976965,0.45165661940670987,0.008513600877109874,0.04065202172337609
0.0030271601676940918,0.4260467290878296,0.14765116214752197,0.6240865635871887,0.19234072838660207,0.434563039243221,0.7645359749548903,0.5521849097381711,0.2880739025274915,0.023650201056152582,0.008255922076973421,0.021205602767170227,0.05228664920147923,252.92306576120728,484008,0.08057539667934178,0.16586450884275356,0.11323382797119504,0.024988444696904893,0.7581577977538109,0.9577929558597992,0.9341384219249509,0.654751242266762,0.009242550095077597,0.010597363469042925,0.009219221657395606,0.00840764812090331,0.0465919370949268,0.05402615230321607,0.04171137982511317,0.04455138070922757,60500,0.08091639593681871,0.007874277647009454,0.010089712815961866,0.4459945769870985,0.008668306646594669,0.045417758099296476
0.0007318830490112304,0.490430748462677,0.15599799633026123,0.6980069494247436,0.23151216975024994,0.4119190515577792,0.7637496214646555,0.5539322897340313,0.28429123084426533,0.02186652146279812,0.00936564994014751,0.020515795992311025,0.05187224389751152,252.92802828621367,484808,0.07691417191177607,0.16529338879463,0.11444027876161564,0.0256114736216445,0.7390977746248244,0.9591017888142511,0.9387107521596583,0.6467376498027622,0.008817500611767174,0.009890582990378906,0.008843406390474004,0.008180824976355926,0.04354116942733527,0.048686508939434305,0.04074379496483344,0.04193772908534214,60600,0.07697150545815631,0.007857358021956994,0.008093331721654435,0.439174755303948,0.00838798504857415,0.04287818814972759
0.029228107929229738,0.4676916790008545,0.1488368034362793,0.6707752442359924,0.24368539177005807,0.41421989515423774,0.7665771851364859,0.5443477459287873,0.26518361818475195,0.024625888597220192,0.009331934133920012,0.021660006159673575,0.05726808006875222,252.93563586580467,485608,0.07592392120510343,0.16522728343596638,0.1106870253772839,0.021691988808855128,0.7389658457040794,0.9590166139353011,0.9336380218538102,0.5970174730397194,0.008991744592785839,0.010066679244890275,0.009417119791398315,0.008093239748492262,0.04681244131643323,0.05309308231296258,0.04675872940660098,0.04325288262827176,60700,0.0882551554475249,0.007850152444269634,0.009054524139933228,0.4667927797922151,0.008442898319323659,0.0445026688532155
0.0008393621444702148,0.4827323651313782,0.15795486450195312,0.6904409313201905,0.18937558451997136,0.4166759240627288,0.7670164676953336,0.5530889717617428,0.2862508485714592,0.02264124943874776,0.008739970998045016,0.021054712178260836,0.054309327012071223,252.9467844333698,486408,0.07745290897786616,0.16499591694802648,0.11466023798166501,0.0246039175058309,0.7454554539918897,0.9593111206682358,0.933411706577648,0.6393074078437607,0.008891045507043602,0.009886328275885665,0.008684410323210129,0.008438791413433283,0.04804361640708522,0.052124652781105583,0.04414592155918588,0.048565085731351196,60800,0.0837676743248486,0.007776367060963711,0.010059888127604201,0.4685256856877659,0.008578381487896653,0.047428326986915445
0.029935047626495362,0.4735534691810608,0.14434245824813843,0.6687815427780152,0.22639425654499434,0.42471466451883316,0.7741774427039286,0.5499052236664967,0.28223961752713034,0.022104413514025516,0.009066426679278167,0.021178865146313647,0.05081136202692383,252.95482430663336,487208,0.0799048926122487,0.16707112176381805,0.11378875682306185,0.025673715863376856,0.7495625364780426,0.9576546914723462,0.9317627442332931,0.6372460588138904,0.009221359239891168,0.010800519257270711,0.008885987733385338,0.008053699761030065,0.05587966031394901,0.07048306222624937,0.04315386280935821,0.04621410025190096,60900,0.07920912645486966,0.006762335248233584,0.010081286714629415,0.45390695240831125,0.009189999821581364,0.06499390253420782
0.0007062649726867676,0.46304472208023073,0.16417814254760743,0.6760897994041443,0.20821773623006434,0.39892110347747833,0.7615728659762279,0.5455569472028805,0.2872144633105823,0.022812533425167203,0.00867838330515143,0.021261360218816017,0.053115602332658246,252.96287112911386,488008,0.07227675428614021,0.16385178913672768,0.11128417693966414,0.024745784978625465,0.731770691871643,0.9620940254794229,0.9372845742986607,0.6511752156201254,0.008263831972144541,0.009629008872434505,0.008499890483838594,0.007506782643203371,0.04503674980252982,0.05094108753320246,0.04339776848264309,0.04268817905006297,61000,0.08239615371816654,0.008044678711874956,0.008155539099659234,0.4426568629486226,0.007649501074670947,0.04383274295417193
0.035281620025634765,0.43963678359985353,0.1529862880706787,0.6441053557395935,0.2114108118372693,0.4283518472313879,0.7679995647989779,0.5564907175030203,0.2793041073645538,0.023074075728654872,0.008300156572099347,0.020558196980373825,0.053340482176281526,252.97113901033612,488808,0.07916206847876307,0.1647799183399632,0.11580608041985388,0.022927796686417434,0.7487834474444389,0.9614031899433867,0.9342714393804523,0.6389046483314959,0.00901719199493527,0.01019340838180283,0.009109242975257982,0.008263367611037287,0.050639126084279264,0.058971410087766477,0.046389935785185916,0.04716238468804828,61100,0.08135638355133035,0.008492208168752258,0.007875144052727616,0.439097628873937,0.008450392103270903,0.049714728365627354
0.0006313323974609375,0.4739386463165283,0.15003583431243897,0.6802254915237427,0.2154553049620767,0.4347833299636842,0.7697686917102179,0.5569191089744776,0.3009648194679846,0.02401494118385017,0.008622158900307854,0.02065860103215271,0.060883381771735696,252.98245662275153,489608,0.0805934537760913,0.16464016131416165,0.11508116543374425,0.025857132476253,0.7541026914119724,0.9626463341497186,0.9379199697671693,0.6490537875737908,0.009369807308539745,0.010472011242516973,0.009091594370967541,0.008815925594610287,0.05721895972732455,0.0629840801571121,0.052982630024923656,0.053848452632052804,61200,0.08509178270599738,0.008227225956599696,0.009887033000250173,0.4593655102288545,0.008948577618902881,0.05800704731008232
0.03473259449005127,0.47914048910140994,0.15460259437561036,0.6856074619293213,0.21454462204725835,0.4241161039471625,0.7648080681952144,0.5455142301726713,0.29368863083129987,0.023430714430287485,0.008555726735861628,0.021272010433229165,0.05607694896467614,252.99285793236314,490408,0.07788747671991593,0.16383749920015164,0.11127278862121216,0.025040967222166203,0.7505484890937807,0.9636633235674631,0.9342080941375007,0.6554054349076514,0.008835427137091756,0.009847946953064252,0.00869805762710059,0.008072948852535703,0.04690191613044592,0.05175779510486442,0.04329747148589549,0.04702047586404518,61300,0.08176195329329383,0.007422988797032135,0.009494017702669177,0.4459917076348045,0.008689127770266723,0.04514678879428261
0.0007165670394897461,0.442961483001709,0.15058230876922607,0.6414104533195496,0.1803929631260341,0.4210822193324568,0.767254576086998,0.5481726932816393,0.287029048470858,0.023414497505873454,0.008132656151550082,0.021798324725795088,0.05173043870208313,252.99737408844234,491208,0.07708042297512298,0.16607071094525327,0.11221114409769457,0.023773683349855135,0.749625180065632,0.9574974297235409,0.932169783406141,0.6648197748144651,0.008709165866021067,0.01029188994531674,0.008458337609133712,0.007910569016027694,0.04432552491547539,0.05082495118889104,0.04079530291690875,0.04279917668473955,61400,0.08006554546575713,0.007935302599298177,0.00869133151561943,0.4327954021833276,0.008283532994438802,0.043288015406228286
0.03246174097061157,0.45330439567565917,0.16968923568725586,0.6735376524925232,0.25018275891485486,0.4127393342554568,0.7758300787872738,0.5481064136319319,0.27351340512248945,0.023571162978187208,0.007827241883367404,0.02148110309327152,0.05312052713358933,253.0042197892095,492008,0.07591582445427776,0.16550886440608248,0.11261877532995913,0.02259081250565807,0.7354572343826298,0.9629249562819803,0.9318173824341641,0.6248610841336656,0.009273053659126167,0.010583554725680094,0.009089208288914014,0.00832617760061452,0.0575494128605351,0.06501931335984007,0.05379503774740885,0.05001870200917057,61500,0.0790855777039738,0.007796679418341008,0.010978398464591164,0.4292327641205468,0.009303625412478353,0.06307621043262324
0.0006374073028564453,0.46593590021133424,0.1499502992630005,0.667944781780243,0.25003701359948666,0.40701497688889515,0.7610947205612687,0.5516111607454259,0.2711569281667471,0.023984843762591475,0.008649753693761439,0.02106375133200567,0.05860460638999941,253.013011758054,492808,0.07629395857453343,0.16323080573983764,0.11419225356788663,0.022757964966585855,0.7233418321609496,0.9620098505613096,0.9332426591795321,0.6003659391403198,0.009506280613131822,0.010676798179089397,0.009453486800859017,0.008782120647374547,0.04967876746784897,0.06263585875312666,0.04168333167599856,0.04518971150973814,61600,0.0775996630402256,0.007910218290649172,0.012314438696849148,0.4266199839623621,0.009171065874397763,0.04950908968948994
0.0006637644767761231,0.44880841493606566,0.1765525221824646,0.6721719384193421,0.19132339633410936,0.4307084073126316,0.7621804362645854,0.5487547106479284,0.2818332609826146,0.022258858941495433,0.008581628481840253,0.021725699474014846,0.052368340250488754,253.01860220539,493608,0.0804191806912422,0.1640938245863829,0.11328190742949737,0.023735727125913215,0.7568938559293745,0.9611150848644752,0.9290353335327837,0.6377901090789094,0.008891038375440991,0.010073332039475514,0.008973946895487786,0.008191527804772645,0.05188556248322129,0.060887679466287904,0.0473525326642858,0.051749348544429266,61700,0.08407284890872023,0.007699388696468327,0.009126951754049276,0.46756499818482317,0.008178110751299015,0.04656640630390942
0.03185117244720459,0.4609950971603394,0.14697917461395263,0.6568745827674866,0.18507011263735815,0.43222949892282475,0.766216842392784,0.5483515813536598,0.2889003042991345,0.02429630412720143,0.009069599454471857,0.021993752709940206,0.05831269582685751,253.02342552620377,494408,0.08013342707417913,0.16405291455005522,0.11311599777994358,0.024600795354359776,0.7609579545259478,0.9611565868059798,0.9261363449446656,0.6296449911900048,0.00876938445493579,0.00999487553658287,0.009001148651020785,0.007876134051296573,0.05319581697229295,0.06335095157244472,0.04978752664478341,0.050096807588273895,61800,0.08547208404108404,0.007787312088992381,0.009008943212784384,0.48868489521805997,0.008109898038548967,0.0494653442123484
0.0006928300857543945,0.4729140686988831,0.15651160717010498,0.6791561985015869,0.17855828470322485,0.42464527398347857,0.763045322096519,0.5477596714953397,0.27998781106434745,0.021203105095773934,0.008129994468496103,0.02198968661914223,0.05437998157576656,253.0263486238224,495208,0.08010977778583764,0.16487047033446828,0.1118047037727644,0.024420621548779307,0.7451155763864518,0.9604804655581566,0.9291766294252094,0.6238587755709888,0.008953047171235079,0.01016844066002509,0.008946790586216984,0.008295581088168545,0.043484343672171244,0.04853924173576558,0.04087799092511011,0.04346989205805584,61900,0.08396833490425812,0.008556337865103836,0.008278284166094068,0.4455799301099116,0.008273398522974294,0.0411967770861728
0.029795105457305907,0.4572149896621704,0.15368311405181884,0.6624055814743042,0.19885091003602012,0.4310052987933161,0.7682863940986309,0.5489994508464168,0.2981161499228428,0.02147644919343292,0.008258927291115884,0.021725568493328424,0.04963244386904295,253.03102262255,496008,0.0801966559141874,0.16420880332589136,0.11250714926821438,0.027079208303124665,0.761148675084114,0.9645470243233901,0.9315162865127004,0.6814185734148376,0.009080665158107888,0.010128542534612983,0.009095560811550866,0.008333468097680938,0.04567544321063903,0.05240994255067419,0.04198088935780815,0.04348057951709185,62000,0.08137286673629222,0.008227419146663523,0.009191706641389047,0.4471929834948648,0.008677675972005937,0.04452108419641402
0.0007517004013061524,0.47283127784729007,0.15761325836181642,0.6813294124603272,0.20180943313558933,0.42491759002208696,0.7700228589885636,0.5515357650195557,0.282324406265286,0.02139105592854321,0.00801228597718467,0.0209153611989071,0.051256393564990455,253.03889131597106,496808,0.07994618345051999,0.16600521590630957,0.11354353290516886,0.025298855086508632,0.7485747337341307,0.9591808833603584,0.9354111406331262,0.6377512828056062,0.009427538309246305,0.01049047165093417,0.009694739375845527,0.008277618302119203,0.053086579451337455,0.05802425994748633,0.05242989408240348,0.046701835786894796,62100,0.08032388396084006,0.00741875286958424,0.010250266401666071,0.45728326783391643,0.009158031354323392,0.05462131271680147
0.03028852939605713,0.4781666374206543,0.15505199670791625,0.682575261592865,0.2023602602824816,0.41478371322155,0.7715941205620775,0.544855547207658,0.2901599516805549,0.022715401123277846,0.008463738161954098,0.02152233739804115,0.05148266677861099,253.04736296545633,497608,0.0762375191412866,0.16485778786242022,0.11129749237850148,0.026556655760102257,0.732216602265835,0.9626916524767868,0.9320457741137474,0.6637439031440476,0.009008335517719384,0.010262003627140083,0.008595784835677632,0.00835284720345113,0.050968744496349264,0.062135898446431394,0.042486636843081745,0.04553532716034594,62200,0.0767560500868605,0.008582639853239456,0.008705532185064209,0.3971636387908341,0.008825531509677754,0.05327161847392225
0.0006572985649108886,0.45956542491912844,0.1495136022567749,0.6579955410957337,0.19047441636187917,0.43430350050330163,0.7703915018639805,0.5503529368927986,0.2788057755863314,0.024164305711165072,0.007906666031420605,0.02109053911584797,0.05858167977127624,253.0541104128912,498408,0.08033957913517949,0.16597710824507186,0.11321456497064752,0.021876773021257675,0.7460858726501461,0.9589274141096301,0.9352718359894229,0.6175858977407517,0.008906987723894415,0.010043662753866015,0.008712507857273174,0.008325825044239812,0.05129712771158668,0.0626705265131861,0.04497226041910998,0.04491704715056214,62300,0.08185353781010125,0.008777442429586222,0.0077543100774735965,0.43084847829380973,0.008411049982787315,0.051696430756888574
0.03550086259841919,0.4714875531196594,0.16547274589538574,0.684744303226471,0.21587319657329956,0.4287676835060119,0.759481038915397,0.5455424149210254,0.2814411611224596,0.023635612567886717,0.008626962060748257,0.02134792373544773,0.0550819904310629,253.0599005801241,499208,0.0794229400344193,0.16306174426309508,0.11146791046485302,0.024333749342566487,0.7493903177976611,0.9630723875788505,0.9341139085590838,0.6253592477968103,0.00903479498345405,0.009889581371613781,0.009104944586094158,0.008640223339450748,0.04666102808434514,0.052852116698991425,0.04672620918912194,0.04199831575029888,62400,0.0815456637532496,0.008090623079346177,0.0092387693842537,0.4431745856186079,0.008396071114684236,0.04455099072907873
0.000630035400390625,0.4531320261955261,0.15374274253845216,0.6566921830177307,0.2047060189453458,0.4217040257900953,0.7706069655679351,0.5455894593018374,0.2917052679136399,0.023585166987031687,0.00803588174019398,0.021414815050423447,0.05716407116968179,253.0656651720702,500008,0.0775174568593502,0.16464296524500946,0.11200730878878479,0.024278413038700826,0.7451442286372183,0.9636851300054522,0.9324989971803056,0.6497521379590033,0.008753855389077215,0.00991563266143204,0.008904342737339024,0.007968484358862049,0.052905136719346046,0.060364852775240396,0.04863194088409445,0.04967812341637915,62500,0.07778932210523634,0.007792794285924172,0.008877964300918398,0.4344846999645231,0.008221905349055293,0.052886965242214486
0.0006787395477294922,0.47369120121002195,0.1565392255783081,0.6779656076431274,0.22154262924257573,0.4262469084560874,0.7642432883452471,0.5532462752511346,0.2774999449381957,0.02200662669725717,0.008117344368898013,0.021175933882520707,0.05410407661535856,253.06867601106876,500808,0.08066410705447194,0.16381388726110144,0.11379085582098353,0.023677500324776838,0.7515356898307797,0.9640712865156017,0.9339015419260033,0.6357075388367114,0.010159135314170276,0.010692587301082105,0.010015224683525151,0.008648061613879486,0.05814782389439643,0.060657206150345616,0.05642115165539122,0.047249053443807164,62600,0.08007816043659219,0.007883448137517152,0.012371512820286252,0.45085374158413233,0.011135275231266565,0.0672886564410223
0.035151174068450926,0.4467341876029968,0.15365289211273192,0.6530509281158448,0.22455849222713048,0.4261716520786285,0.7715071414646351,0.5459692650579016,0.2852226284277792,0.024459439530037343,0.0079333261752158,0.021494788320258994,0.05759828181152108,253.08024484014013,501608,0.07870839307084679,0.16529186720910824,0.11220671791132258,0.02425276570012976,0.7444910976290705,0.9627932181483823,0.9313646092543154,0.6285392040131141,0.008779424768872559,0.010101994467703138,0.008897282757416294,0.008065987777823183,0.046165148580912474,0.05351329712858915,0.04280113573645502,0.04439790274116998,62700,0.07876722026066695,0.00828870133588426,0.00869725309210559,0.4193762765556084,0.008057952484451854,0.0446052840539341
0.0006471681594848633,0.4717725157737732,0.1559576678276062,0.6813822507858276,0.22482121869895563,0.40965683192014685,0.7657152152566055,0.5410446609134112,0.28177751102807486,0.023697375254705548,0.008498840394957121,0.021925618065826928,0.05461013805821977,253.0888201723222,502408,0.07547262726351614,0.16553131108561525,0.11091996536622599,0.023858406102644412,0.7347952485084528,0.9592928473280846,0.9282371078557637,0.6328290270106618,0.008671949249692265,0.00997836873053558,0.008503225784915594,0.007928522568804657,0.04503153677564113,0.05293607086475404,0.04196668430162007,0.042230650819469175,62800,0.08334738649248788,0.009198664007551708,0.009511409028513856,0.4428977206922495,0.008369893115461593,0.04353085104286524
0.059226884841918945,0.4595878314971924,0.15067344427108764,0.6685275101661682,0.22282936821222468,0.39874916866421717,0.7786020253385816,0.5552560316640771,0.28146281644497806,0.022862626756541448,0.007939025531343824,0.02102446951771859,0.05196750604602845,253.09875849024442,503208,0.07229184573516247,0.1664771933804503,0.11456991972054469,0.025027330164249007,0.7208950531482697,0.9607509187944647,0.9352694140315734,0.6331146588064218,0.008440260384231806,0.009767837471912032,0.008439104588397138,0.007864236629665856,0.05057053872384131,0.056984435459905926,0.047728054929198405,0.045779281588203234,62900,0.07825716720843633,0.0078512780108229,0.00799444296579758,0.4399305289393067,0.00792104753808261,0.05230511412200694
0.0007596659660339355,0.4779267048835754,0.15287890672683715,0.686594967842102,0.22099324831458392,0.43788076445460306,0.7705071650410151,0.5416334059750925,0.2847854918272224,0.02401479807682335,0.008906136852825909,0.021809239562809755,0.05729742509495353,253.10476076235705,504008,0.08075910195708273,0.16478494092186471,0.10962395843501407,0.023518763363755007,0.76563779771328,0.9617955831554834,0.9318201631029076,0.6367432951312704,0.009133515520952646,0.010247384420909455,0.009105584577648575,0.008473407916398237,0.05117375649511814,0.05912929898463366,0.0478706274499298,0.046808816888609606,63000,0.0915451055979202,0.008562241653263442,0.010030340678598839,0.4786389799407831,0.008575569439514732,0.05048341635172127
0.033542141914367676,0.45841834306716917,0.15691938161849975,0.6697685670852661,0.22501142694950807,0.4111833402514458,0.7578929571935977,0.554607024344291,0.2899481805627334,0.02455476888455452,0.00988920012472416,0.021145224723018167,0.05684905229442415,253.10776870173294,504808,0.07513672906905415,0.1641087990424356,0.1138764223423453,0.024985590556137992,0.7359966921806331,0.958388487094549,0.9370321440433277,0.6393983906983213,0.008688184733036909,0.009806227624454163,0.008784560764527457,0.008095525089266573,0.0445368029875681,0.050761139268518884,0.04458524636636123,0.04113675398367321,63100,0.08372691449259181,0.008418702887221905,0.008834383442093348,0.4507183965883758,0.008154873693869885,0.042093013221638574
0.0007107043266296386,0.4558072328567505,0.15670910596847534,0.6673608756065369,0.20113621799891565,0.4095696896314622,0.7623440662817078,0.5380614026612838,0.2934919197966033,0.023370605818927265,0.008439651253272078,0.021764915177272165,0.05682258585632855,253.11358170278635,505608,0.07482386923395098,0.1644740745577277,0.10893843349875858,0.02487140403900412,0.733912356495857,0.9600613868358183,0.9335891905519148,0.649565925511221,0.008431015592068434,0.00969995525000351,0.008350157369763508,0.007905515987658875,0.04776376429945231,0.055134460139943636,0.04326029680669308,0.04579132814736415,63200,0.08028419004804502,0.008761389801810597,0.007856932606488261,0.42717841458976796,0.007824915804079973,0.04688176452908494
0.030608313083648683,0.48165896892547605,0.15096870422363282,0.6833988237380981,0.19319150967113527,0.4092837043106557,0.7589462814530781,0.5446967599591654,0.2762253342923029,0.02591471072286369,0.008155499185747546,0.022248415651862863,0.06013462136629049,253.11751295694543,506408,0.07417409801855682,0.16547530015725745,0.11164716397124434,0.02154819915100363,0.732300306558609,0.9575986621891637,0.9271386440511776,0.6034084494338441,0.008357723662629732,0.00962476981852535,0.008124864207951261,0.007784276301742871,0.04498892840929329,0.052148735379868465,0.04216210959059877,0.04133806602753735,63300,0.08632253414163223,0.007767180196690158,0.00822378964020082,0.4681812139657826,0.008000539567990182,0.044919910840690164
0.0006467843055725098,0.43243576526641847,0.16494321584701538,0.6468521595001221,0.20282240944438884,0.407644777595997,0.7727412365852513,0.5597384712275341,0.27619144595532824,0.02422087498940526,0.007737429132635524,0.020766117415804284,0.0572561304080605,253.1250608172613,507208,0.07398710854351516,0.16525259352427837,0.1161707671767569,0.021760152907450227,0.7257275664806364,0.9631129357408972,0.9361114823881957,0.6161571128346095,0.008534888019785289,0.009577174081486903,0.00873459904220574,0.008209587790716061,0.04849727495573464,0.05835828297038346,0.04595359192692975,0.04656913927016416,63400,0.08087395440557564,0.008464395386934873,0.008253995387625144,0.4388926599827985,0.007759146352620765,0.04392106763983222
0.02969548463821411,0.4612595152854919,0.1544536232948303,0.666286985874176,0.23499499964438209,0.4273454134166241,0.7659388325322215,0.5455282591454995,0.28125454233300784,0.021727174194529644,0.008726870615957267,0.02177072576491789,0.04686515688463438,253.1336886579548,508008,0.07948675610125065,0.16450407187543312,0.11222193393564438,0.024699040982552416,0.7574648004770275,0.9601064501096256,0.9300976076983082,0.6589437548560324,0.008916683839634062,0.010407240609708596,0.008683791969932854,0.008256625135974823,0.046042712964117535,0.055260941971224456,0.041956241173918614,0.04551409969031059,63500,0.08272296722016989,0.008825503100368193,0.00865873438306152,0.44413231008796283,0.00829629868804728,0.04151046691181998
0.0007793879508972167,0.4618926954269409,0.14540348768234254,0.6569256210327148,0.25289682421803694,0.42710372149944303,0.760555562106046,0.5506851908736208,0.2661888077098708,0.024538699733093382,0.009033704523674474,0.021401327018045785,0.060859532119129506,253.14088672876636,508808,0.07936381608247751,0.1640777346762745,0.11335190814671092,0.020055441528577644,0.7386331725120545,0.961324812336401,0.9324657417716776,0.5783421551515602,0.009045244641602033,0.01048525783275678,0.008908360867385608,0.00830675654945337,0.051872776672244075,0.05990421164950192,0.04787551835959494,0.05096774392756562,63600,0.08719108588411474,0.008159184513109112,0.009337577605037945,0.4551079031080009,0.008289119917511328,0.04757513132547805
0.0007883977890014649,0.4674744844436646,0.16759557008743287,0.687088532447815,0.18673878157918042,0.4198148348927497,0.7673009123120997,0.5548342756021799,0.2784452050853005,0.023594090910628432,0.008001056501011138,0.020872131259850803,0.055338361993449894,253.14917736244357,509608,0.0775445752218366,0.16489209534314556,0.11496301138094661,0.023088427977948387,0.7405845385789874,0.9616248784241854,0.9347714712129576,0.6284384433732652,0.008622008122038099,0.010058642520258823,0.008508356495882231,0.007926523643122482,0.04270248811400962,0.05024766249713987,0.04074161034811805,0.0406387330093599,63700,0.0739490088333,0.007078294192089085,0.007678127623450485,0.421998937079247,0.008080273030692345,0.03964352375422755
0.03422847986221313,0.42856754779815676,0.15843914985656737,0.6352557229995728,0.2099848366734452,0.4172294398397207,0.7753306765274457,0.5465507083978415,0.2821593526850412,0.022437663162127152,0.008244731173313835,0.02156535675987982,0.05676813171130608,253.154013220105,510408,0.07776941711083049,0.16619100205123136,0.11208625657436175,0.024468904389765712,0.7389918416738509,0.9600874135646916,0.9317277397864904,0.6202200565108643,0.009048678213730456,0.0102407987770886,0.009044604162231858,0.008257327949937002,0.05052302022930235,0.057996188416581565,0.04724784540967685,0.04859587657987516,63800,0.07930342100214123,0.006770068709738553,0.00951746625414248,0.45873334019683126,0.008615080376567184,0.0481136333002427
0.0006440281867980957,0.47682657957077024,0.15258813619613648,0.6789075946807861,0.22411073485180502,0.42176525175571405,0.7674066687517973,0.5497296502423837,0.2978803571686146,0.024085860038176185,0.00793451447834934,0.021448192180156013,0.058078199527226385,253.16284921286947,511208,0.0780303276889026,0.1643170218994007,0.11271558369314948,0.025403145087184376,0.7438264298439022,0.9632748907550852,0.9318941260493081,0.6525067371129986,0.0093848738190718,0.010793407469928431,0.009215071602442922,0.00910320679773576,0.05651661139912902,0.061961557582377515,0.05367356281467647,0.06109673101920638,63900,0.0780294409901054,0.007868010925393796,0.011259809815972518,0.421862331743773,0.008511962928114273,0.04977337098893174
0.03456974744796753,0.44009175300598147,0.16680662631988524,0.656067795753479,0.21044004479799358,0.42837293341755855,0.7669512253217019,0.5508487005200652,0.28758516791276634,0.022439194167964173,0.008140661767825028,0.020716533564996954,0.053227881461983415,253.1810251904192,512008,0.07951679017394785,0.1644865787691541,0.11288172922407584,0.024926494669974403,0.7578860241174699,0.9618937457450716,0.937415551808145,0.6575038653487959,0.008922610611189147,0.00988258378147477,0.009078796617729873,0.008177448704373085,0.047108552381396315,0.05500757073362667,0.04777549639240735,0.04187454154695537,64000,0.08578521539409135,0.008479277592526811,0.00967396517072987,0.449130707794858,0.008506426183247618,0.04348414279424498
0.0006127309799194336,0.46582927703857424,0.15225266933441162,0.669388325214386,0.2430141213474595,0.4283507224917411,0.7606027793390147,0.5491228811272743,0.29248341939279,0.024563204310834415,0.008397891592123397,0.02173263998702167,0.055913310670959095,253.1894229939742,512808,0.07898039530962703,0.16364554651660612,0.11281816161250409,0.024398869141337584,0.7577873748540878,0.961892675859323,0.9319289307616073,0.6547718612920677,0.00884785058675334,0.010041354433995281,0.008923715848016415,0.007940941053398305,0.04419289100449531,0.05332271621798992,0.04131637622717108,0.04020148483105005,64100,0.07980232668015064,0.008587230306924463,0.009942617766386464,0.4437645369031457,0.008530380178159195,0.042541743625018225
0.03012660503387451,0.4753845143318176,0.15291792154312134,0.6800429677963257,0.18317769069574508,0.42096601337194445,0.7678699118231759,0.5450194090896961,0.2842472821119285,0.023906569341197618,0.007951520134276475,0.0220076316036284,0.05519592926083578,253.20084896330553,513608,0.07707423811778429,0.16402683055340314,0.11220380910398328,0.02319484503851048,0.7403807520866396,0.9638424034651161,0.9275077739182641,0.642983357679276,0.00868002031231299,0.0101522924402152,0.00853884609201557,0.008076038884575518,0.045723682451061905,0.055993304299521554,0.04045789267676063,0.04373253138868936,64200,0.07738914588101646,0.007820656587783654,0.00838947442678056,0.4137013431579351,0.007968898786222015,0.042915467281268986
0.0007673072814941407,0.46452643394470217,0.14992866516113282,0.6634183359146119,0.20833135992165475,0.4199031426012518,0.7608268406926363,0.5520107746124269,0.2848640185130652,0.024666662653908152,0.008370904267375951,0.020177761500811978,0.05899539909474903,253.20645586377032,514408,0.07730548333376638,0.16590996710013364,0.11284131621296452,0.023203902642840075,0.742803092598915,0.9548926678847295,0.9425706447351097,0.6351093649864201,0.00874077626736835,0.009812990811710463,0.008654142759906345,0.008256074221242424,0.047488656514324254,0.052146903177419164,0.04620847723557438,0.04777750284806381,64300,0.07843738610022946,0.007945791606815827,0.008488733771771775,0.4317950311459993,0.00826763285471029,0.043722048333208814
0.029194934368133543,0.47325053453445437,0.15990188598632812,0.6816368913650512,0.18937928035118928,0.42104732155799857,0.7621406242251395,0.5433021904491793,0.2740663133723579,0.021979777012020345,0.008153848093710484,0.021310453637071472,0.05450741604537419,253.2146077309465,515208,0.0780438189953566,0.16391447616311225,0.10968330400746043,0.021647999735053047,0.7555325645208362,0.962059715906015,0.9385893362324412,0.6240594040440477,0.008933474137447779,0.010332420354153816,0.008753287019889519,0.008146753473936213,0.04840012914035469,0.05760357859589227,0.04498431470881149,0.047663009009303765,64400,0.08131751319934874,0.007338983140108198,0.009224309869284908,0.47822604097169025,0.008395120187254223,0.04308759010502421
0.0006743955612182617,0.4436238980293274,0.15661603212356567,0.6524040269851684,0.18224757789336518,0.4240947501361371,0.7594670255978908,0.5487650400744027,0.283953383221076,0.023825147869065408,0.008530218346190367,0.021046120577151533,0.057740501529322204,253.22214145315374,516008,0.07846322897821664,0.1639245817465569,0.1126093729757346,0.022758958873171847,0.7484224951267245,0.9595105917892649,0.9349415098818447,0.6339775363604228,0.009010213636793194,0.010330378847076228,0.008768585956064414,0.008288471412677806,0.04679394541308285,0.05825855067249997,0.040459649198545264,0.04449960218790251,64500,0.08729026282244191,0.008717110338359495,0.010005079456890118,0.447871987308775,0.00863085182060544,0.04404162339467024
0.0007460546493530273,0.48044944286346436,0.15795230388641357,0.6896225261688232,0.20878604106923754,0.4202314358949666,0.768125512668391,0.5422100796172376,0.2800559835518643,0.021768084606155758,0.007965865167321274,0.021995483303264774,0.05227911530591835,253.22948307161948,516808,0.07834752783179282,0.1652434931702591,0.11042660710649875,0.02371702609135884,0.7413472357392307,0.9613201971829786,0.9304216312403656,0.6407115820978506,0.008871770796831688,0.009984661974280216,0.008903156201958893,0.007865491137417455,0.05013910582521934,0.05684151991190274,0.04653603225085301,0.04602284692075163,64600,0.07893237131135304,0.00863838564709239,0.008741729177588052,0.4294628914463466,0.008610092452170256,0.05047155786684438
0.03085662841796875,0.4481585144996643,0.1531189751625061,0.6522787427902221,0.23011147390277245,0.4233999958634377,0.7663484014294767,0.5495093508583048,0.2759986399654668,0.02430441816337405,0.008784627642146194,0.021373292178158542,0.0592318716203319,253.2351859786622,517608,0.07778538599610331,0.16488475393917842,0.11229196488452345,0.020856804829593022,0.7367707818746569,0.9585530945548306,0.9344305881987444,0.6141603808192647,0.00894990743603558,0.010144231437826187,0.00906052579344047,0.008141642688618354,0.0510626755375415,0.056181124842691166,0.049069548005481134,0.05100902148485916,64700,0.08048622179016171,0.007806465419351445,0.008656592559715622,0.4344143393088361,0.008371122978504142,0.04734887881679649
0.0007676506042480469,0.45947492837905884,0.16181456089019775,0.6686208534240723,0.2256842821305456,0.4110926568508148,0.7591495149171176,0.552547646145667,0.2887597862593452,0.023143960861489166,0.009295930075273828,0.02094910348144673,0.05639806463185586,253.24023100252683,518408,0.07604669084772465,0.16373787205017604,0.11448111054637741,0.024481935124383347,0.7311000466346748,0.9611022617686444,0.9348631895357566,0.6413137503344606,0.008624845654703677,0.009865239943697384,0.008449826279394728,0.007939311642801825,0.044113654769025734,0.048896620316495804,0.039650224712527056,0.04435400300273541,64800,0.0759849893232418,0.007364356583579942,0.008302935230177506,0.4224828135135558,0.008247962334128304,0.04328218018852694
0.03190021753311157,0.459434769153595,0.14673658847808838,0.6539700031280518,0.2001054586552417,0.41963136389851574,0.7778677266577017,0.547887834329759,0.28001882814534834,0.023008028366602963,0.008506591854153592,0.02110571688621916,0.05508700765365053,253.24492320198226,519208,0.07704749450087543,0.16562856589826427,0.11201718077063566,0.023259246165144926,0.7381412500143057,0.962765699423454,0.9356502127903765,0.6253011958433851,0.008855848023667933,0.009956207583042016,0.008747883701837197,0.00831703834078911,0.05046618304797448,0.05719864250223737,0.046512385265731426,0.049128740390827236,64900,0.07910015396773819,0.007767411027807833,0.00887472920074332,0.4433108201841025,0.008373635784700139,0.04857325961972338
0.0006129193305969238,0.48063182830810547,0.15354377031326294,0.6814926290512084,0.25666627695009203,0.41564269542694104,0.7620958863235101,0.5486062921894096,0.2783762330046066,0.02199491874314845,0.008593789998600929,0.02085705683081567,0.05167411750612349,253.2500698781573,520008,0.07738103183917698,0.16358162884305158,0.11240747673825045,0.023962777695403656,0.7413174989819529,0.9628946534017238,0.9380108406767246,0.6360387083811634,0.008951047360897064,0.01047289655430288,0.008817012634002216,0.007924434823246727,0.045622517326846725,0.05379386878140813,0.041627504174054294,0.04072086299554659,65000,0.0801381021738052,0.00842884717181173,0.01017122307418433,0.44007193841613224,0.008537321532807821,0.04585202728720524
0.033136911392211914,0.4600990915298462,0.17071871995925902,0.6826011347770691,0.19135711342265363,0.4186474974453448,0.7637918539417606,0.5481064402042551,0.28094590288921467,0.02399592469446361,0.00790875244691281,0.021785587840218164,0.05682886840811777,253.25677179352618,520808,0.07683678301051255,0.16413050455954464,0.113168120740893,0.0231117021848529,0.7351898497343067,0.9641627553597237,0.9285350927013039,0.6227473321470246,0.008698986596427847,0.009758599165790863,0.008731735253488606,0.008122639619808606,0.04753270818153397,0.051838852111385766,0.04739784200779818,0.04376973961118284,65100,0.0832900332007557,0.008825496415956879,0.008109627118683429,0.4334190115332604,0.008170439298264685,0.047100011764559906
0.0006739306449890137,0.4379830169677734,0.1646590733528137,0.6536952209472656,0.2656803607421251,0.424037865549326,0.7652983101093827,0.5466703291122736,0.2970458126739058,0.02199553570710123,0.008994252865252222,0.021312068780072226,0.050631489931405836,253.26394936159434,521608,0.07880752345547076,0.16473862435218792,0.1120349238316218,0.02661779626633446,0.7564950639009476,0.9597728620980671,0.9367870908517104,0.6782195614894652,0.009169226693920793,0.010453860390175505,0.008756628782989889,0.008427665544508012,0.057343473529908824,0.07153491319634088,0.04369137754592184,0.05234252391456188,65200,0.08443032088127114,0.00921811673712606,0.009730984549632006,0.45560218026672583,0.008957514602348999,0.060627106778494595
0.03363178968429566,0.47226691484451294,0.1605830192565918,0.6839918446540832,0.2228233585880658,0.40780546769499787,0.7720937902334509,0.5446294284228128,0.28017630405724053,0.022479428593069305,0.007735016163211885,0.021748203398528114,0.0517365494463593,253.2720225820058,522408,0.07487963067367674,0.16509207554910552,0.1115629784198421,0.02487151220557279,0.7257360115647316,0.9623700944834916,0.9315860160071439,0.6357313513755795,0.008417588470038023,0.009766804532359835,0.008237196364195443,0.007756456823553893,0.049629113958217216,0.057917419744645635,0.04473771162171179,0.0487314448691905,65300,0.07721483678570101,0.00877075425038736,0.0076879344611677945,0.40892281358790505,0.008008866077901123,0.0476645209384916
0.0006597185134887695,0.4511516547203064,0.15342945098876953,0.6564724063873291,0.20979167473883556,0.40478727683424937,0.7722226207849212,0.5448161019112476,0.2716623961109007,0.02507919083349406,0.007854977294632656,0.021400898084124577,0.05855100166018561,253.2770579291814,523208,0.07321368739008902,0.1654541979706477,0.11166603530767143,0.021447764529918922,0.725719131529331,0.961792820660526,0.9329082417872644,0.6025851937733827,0.0084357673372142,0.009587622282129744,0.008280219685446509,0.007654017685874271,0.045655482162837845,0.05180702622420594,0.046448156688868064,0.04274435558294678,65400,0.08276644831939231,0.008619056000188885,0.008898853487674215,0.4529581284060062,0.00835049768810351,0.04239071241310956
