avg_data_time,avg_fb_time,avg_opt_time,avg_step_time,grad_norm,loss,loss_q0,loss_q1,loss_q2,loss_q3,mse,mse_q0,mse_q1,mse_q2,mse_q3,param_norm,samples,seg_ce,seg_ce_q0,seg_ce_q1,seg_ce_q2,seg_ce_q3,seg_dice,seg_dice_q0,seg_dice_q1,seg_dice_q2,seg_dice_q3,seg_focal,seg_focal_q0,seg_focal_q1,seg_focal_q2,seg_focal_q3,seg_presence,seg_presence_q0,seg_presence_q1,seg_presence_q2,seg_presence_q3,step
4.3307578563690186,1.4594824314117432,0.33986949920654297,1.8826828002929688,0.9999995787261878,1.680984616279602,1.9134443203608194,1.783578872680664,1.6354761123657227,1.4294963280359905,1.0002959966659546,0.9988726377487183,1.0010507106781006,1.000698208808899,1.0013336340586343,249.76522950293617,8,0.6921666860580444,0.20918559034665424,0.6274852752685547,1.0947363376617432,1.062518318494161,0.9705328345298767,0.9552541573842366,0.9850035309791565,0.9585603475570679,0.9849787751833599,0.40959179401397705,0.40959179401397705,0.40959179401397705,0.40959179401397705,0.40959179401397705,0.46210798621177673,0.46210798621177673,0.46210798621177673,0.46210798621177673,0.46210798621177673,0
0.0006498074531555175,0.4602103900909424,0.16298652648925782,0.6738462853431701,0.9999994970537729,1.5578088498115537,1.8053845786580853,1.6443805813789367,1.5425844852206771,1.2387195694446564,0.8805801498889922,0.8870477392977361,0.8736275340381419,0.8826037477521059,0.8785038730502127,249.77155997689763,808,0.5895175018906602,0.18587878682449752,0.3641962161973904,0.7907295386189392,1.0080358237028113,0.9788740909099581,0.9693661635997243,0.9756114743257822,0.9846049309934225,0.9857688793539998,0.3361305564641951,0.300624030843085,0.3132497769437338,0.3581377949963493,0.3714164974540471,0.5714369516074664,0.5544062058861349,0.5626145305602182,0.5894737350709232,0.5786117252707486,100
0.0006296229362487793,0.4755357217788696,0.15167547941207885,0.6762888216972351,0.9999994466129248,1.2585673451423653,1.5242747597578106,1.3160943140154289,1.2003639121513585,0.953252379247483,0.6466045451164247,0.6676013362116929,0.6380126217137204,0.6390159995542408,0.6413650401729215,249.79422002965322,1608,0.44777497723698617,0.17148249905283844,0.27238184207159555,0.6027889218034052,0.817684078470189,0.9760961198806765,0.9685372402028338,0.9719070284262946,0.9810638771218766,0.9847863592365949,0.2374333240836857,0.21570071901490062,0.2233038223308065,0.2434028393383752,0.2727969689889157,0.2602627381309867,0.266058379466214,0.24848077268056246,0.26309676624118944,0.2656889221967855,200
0.02880788326263428,0.430906388759613,0.16769024848937988,0.6480199790000916,0.9999993297340596,1.0013354557752605,1.2704194502163964,1.0651877088725863,0.9413022768329565,0.730787156744206,0.45583981752395647,0.46750869145316454,0.45227432348918495,0.45378155131854886,0.45066668220022915,249.81881013578842,2408,0.33073804929852485,0.1595670317289651,0.18783243812025988,0.3846801504003051,0.6008818614039007,0.9696280932426453,0.9664309547152572,0.960205288560178,0.9716984825514852,0.981121361889738,0.15812525004148487,0.13493330043650464,0.1507210400252837,0.1611518684267439,0.18603019495593745,0.16208191085606813,0.16598774632939745,0.1587231200310827,0.15787812402830448,0.16678586639860202,300
0.0007286620140075684,0.4744230246543884,0.1648968505859375,0.6936757516860962,0.9999992314778866,0.8018872117996216,1.1082051088521758,0.8795939506486405,0.7161741213700199,0.5347653466263458,0.3073043608665468,0.322242962708185,0.3038239943426707,0.3030073076640208,0.3018645601409475,249.8429161912553,3208,0.24500016018748272,0.15589584942374915,0.13985430747270572,0.25103564076509677,0.4251554701031678,0.9625229400396349,0.964144745370844,0.950063580413197,0.9612885990093659,0.9750734427899265,0.09842201981693509,0.08710783343393717,0.09171095701844187,0.10168117184921634,0.11215304818592575,0.12437641065567744,0.13423528543745103,0.1170997140106075,0.12143897375610381,0.12600338351177542,400
0.028384811878204345,0.44563415050506594,0.16475112676620485,0.6637884736061096,0.9658484292954633,0.6700339755415922,0.9825230142920492,0.7344773930987132,0.556485953615672,0.39546782598651975,0.19321130707859993,0.21612943572122706,0.18611352045818708,0.18642226647381754,0.1830977440030887,249.8686282287933,4008,0.181754000261426,0.15548375616039073,0.12161367559402256,0.15699236769581315,0.29328052895237683,0.9532409566640849,0.961110690077722,0.942550735068076,0.9435887541343918,0.965286204911241,0.055473253671079865,0.051570734468059286,0.04941820204449988,0.056764496814700506,0.0641750800282214,0.09057222597766673,0.09632483316171504,0.09510626149911086,0.08513955089416526,0.08563068614698795,500
0.000767066478729248,0.46471659898757933,0.16668095350265502,0.6819644260406494,0.8055389984433168,0.5761869344115259,0.9113387754819928,0.6480002411401986,0.45433010094858756,0.300003388610024,0.11640026047825817,0.13847035404692581,0.10811911405272832,0.11038354464939663,0.1077002777646368,249.89342748121928,4808,0.1496533723175527,0.15812499777784625,0.11650124155595648,0.10699355415082337,0.21206504736955348,0.9466695648431775,0.9618060585943243,0.9423225372215442,0.9257624909795561,0.9559076620409124,0.03688985933549704,0.03453888288852808,0.034226987663595346,0.03585667080094515,0.04256939749197605,0.09210091131739315,0.10243573629306361,0.08927152431544554,0.08169915974415437,0.09450648557573847,600
0.02912435054779053,0.46634458303451537,0.15120689153671266,0.6723932838439941,0.6674126500183338,0.521922632753849,0.8670824726422633,0.601383368174235,0.39940594934128437,0.24020702550532635,0.0756865560263395,0.10099419107039764,0.06816469390383537,0.06679729064171383,0.0675568563725662,249.9128448336986,5608,0.13066091492772114,0.1581255400027984,0.11440212652087209,0.08052845893276708,0.16415950269610788,0.9389284598827363,0.961808494115487,0.9400254704204264,0.9080040612736267,0.9437229809937657,0.028561575049534445,0.027807224260117776,0.026119839025697877,0.026882995438535475,0.03298634255339424,0.08493925142567597,0.09889853463555948,0.07823749624452937,0.08590527188939012,0.07783917756104428,700
0.000815577507019043,0.47130335092544556,0.15562618017196655,0.6804062104225159,0.5335360639461797,0.5033595752716061,0.8337529187693314,0.5891914939760566,0.37596374985418823,0.21217316705823525,0.052102061174809935,0.06868424171618388,0.04817486816464961,0.04574930242409835,0.045366653929585964,249.93063174358429,6408,0.11955805785954,0.15844306371667816,0.11741481882393667,0.07188148651468124,0.12705811904968267,0.9315823382139206,0.9639884224709343,0.9434070554210907,0.9030948519706731,0.914426122886547,0.02465915327891707,0.0230258353940193,0.024055261164903644,0.024076429514312457,0.027384220402021923,0.07217465073656056,0.08581201721173388,0.07216423424472669,0.06850565468393097,0.062112618712112135,800
0.03365215539932251,0.4411492109298706,0.15223320960998535,0.6470085620880127,0.45722837910613373,0.49354304283857336,0.8180213665487751,0.5766038986461421,0.35406537126927123,0.19323028238971585,0.04236746575683354,0.056679979856334516,0.03955748663129397,0.03721662046653881,0.035613353447883994,249.94716587625788,7208,0.10617057234048838,0.15830356030914927,0.11591893981842076,0.06004518557872092,0.09016324071150818,0.9182956671714779,0.9627422174411032,0.9384204762241857,0.877929638113295,0.8918730479277923,0.018406678028404712,0.018504524218910072,0.01752823785441745,0.01704089478367852,0.020948803162181315,0.07054419091524322,0.08176108064933274,0.06742830001415294,0.06623232863660505,0.06665851238767054,900
0.0007044911384582519,0.4745274233818054,0.1591904616355896,0.6842730641365051,0.37949054946845223,0.48110538482666015,0.7958854891286041,0.5652299586734079,0.34494683779375546,0.18345290843728945,0.035251996032893626,0.04467920014763824,0.03469794434052786,0.030710567009224685,0.03034548167899955,249.9598396079734,8008,0.10129976585507389,0.1592493394371307,0.11474803589048418,0.054640479035355065,0.0698900567513954,0.9102682554721833,0.9551656260938928,0.9377343722058644,0.8853381388289953,0.8552825129469042,0.017111819665878998,0.017193691606753245,0.015166386932438042,0.016945248609909435,0.019438441228414077,0.05461332901148124,0.06253139647922595,0.05179236078006956,0.04985836580250491,0.05413378716607369,1000
0.0006885576248168945,0.44167808055877683,0.16522504091262818,0.6561619019508362,0.43371753334943397,0.47975232094526293,0.7950487165724125,0.5583337061107163,0.33904397645683,0.17519208184243498,0.03332619478926063,0.04384639720526828,0.03155173188196896,0.028400444049350552,0.027638832038921823,249.96912924129242,8808,0.09930947117507462,0.15806385132972361,0.11446772916647398,0.05347294195771518,0.062394648419780915,0.9075006932020188,0.9600223977660282,0.9363643844490461,0.8773151958229561,0.8485655123026578,0.016851478451862936,0.01657136757796555,0.01624598376371939,0.016342037427944666,0.018295800513270954,0.06704964452772398,0.0765710798777345,0.0637172448446306,0.06448325613922805,0.0616043074500225,1100
0.030981550216674803,0.46187548875808715,0.169944429397583,0.6809736514091491,0.4305010968735349,0.4565505510568618,0.7970418561072572,0.569140920570741,0.33412058775623604,0.16332229938853543,0.031272966321557745,0.04254681666297892,0.030628865963080905,0.027116012725013273,0.025808983101633376,249.98026726704967,9608,0.09321292705833911,0.15837999807779113,0.11602998012676834,0.05237256203502141,0.05441523437833259,0.896691652536392,0.9607165525199243,0.9405872790763775,0.8658296625923229,0.82840357830959,0.01640896734781561,0.017533947235692755,0.015063262306891062,0.01552240994189762,0.017577689361249288,0.05961411716882142,0.06593266180248332,0.05445338573190385,0.05674438845771539,0.06166592456648135,1200
0.0007942938804626465,0.46162458896636965,0.16781052827835083,0.6808654117584229,0.39786419722548244,0.47611422508955004,0.7986011997513154,0.5657052871058976,0.3307373682286014,0.1552009491098892,0.030278421677649017,0.043034212735756014,0.02822896089758809,0.025123027616484283,0.023665129222177148,249.9891239124177,10408,0.09601901926100251,0.15948617897459874,0.11713736615569345,0.05026181508353688,0.046028426541267216,0.8992776864767077,0.9601820960712895,0.9418798973657423,0.8705183366403221,0.8093084808942435,0.014613551823422307,0.014412271245810144,0.01399271623800378,0.014407301281783035,0.015788895581420995,0.058265949296765006,0.07179539312343085,0.053013711015175505,0.05569648923461928,0.05199913210613098,1300
0.02878098249435425,0.4515890741348267,0.16017908573150635,0.6647957634925842,0.4399682920925378,0.47049105823040016,0.7969224424589244,0.5576686764237898,0.3307305283844473,0.16297154562183164,0.029415049180388432,0.041742902754672975,0.027792133270433884,0.02428876224905254,0.02286803427709161,249.99844937493953,11208,0.09406484354287387,0.15965979858523321,0.11515835798646688,0.05161339457146819,0.043670943810077245,0.8917041659355159,0.9586443725086398,0.9364619474505903,0.8643931505084036,0.7986271580060329,0.015271874796599149,0.0154049818980552,0.014908827238933962,0.014725407240912319,0.016088348759151008,0.0756422495050356,0.08672230779525954,0.07163636719712993,0.06513338511751503,0.07871178908411557,1400
0.0007560157775878906,0.4520729112625122,0.17137053489685058,0.6730152583122253,0.407361394230531,0.4628485256433488,0.7933070328191063,0.5622722420462953,0.33387306761806457,0.15783051338999776,0.0270393150858581,0.03486926651725144,0.02708734136652502,0.02347338021449422,0.02225578691550466,250.01369126994854,12008,0.09311125718057157,0.1590581997254187,0.11596184335449798,0.050985808383025556,0.043647895116618894,0.8940943831205368,0.9624588620439866,0.9399634940738977,0.8743844906920971,0.8030204157496611,0.016065026205033056,0.015942158960850463,0.015593818269351264,0.015151499522566472,0.017378972176202514,0.05684960319427773,0.06908017738230487,0.06168599761549362,0.04416257895544455,0.051327109366092215,1500
0.028884215354919432,0.45245871067047116,0.14689188003540038,0.6460261058807373,0.4434615423051863,0.45235001862049096,0.7843787767948248,0.557721821978541,0.32602250591070975,0.15470189499418902,0.027155004572123272,0.031514757403578494,0.02816755733093119,0.025169437694730172,0.023927954157314628,250.02318588872902,12808,0.08793699894100426,0.15819808114797643,0.11183907714958237,0.04508608740970795,0.03893870769023169,0.8744861328601837,0.9602856101133881,0.9417139955676426,0.8565376042717632,0.7439636079276479,0.015188814983703206,0.015433556194870898,0.015766469390583356,0.012684830483237302,0.016805294031140998,0.08287145762005824,0.08089407823550031,0.08330514396328736,0.06909582574823592,0.09763028420189904,1600
0.0006203889846801758,0.4771109127998352,0.15439473152160643,0.6828579258918762,0.4221045804096347,0.4678628873825074,0.7879539389180908,0.5626424015987489,0.3284443391399233,0.14438433529056127,0.028045738413929943,0.03610019471443377,0.027872707260151727,0.02435087260463477,0.022953001316636794,250.03217341721813,13608,0.08951636008918287,0.15800305226402822,0.11376427082078791,0.04413910510496317,0.031666904682927634,0.8773956626653668,0.9616338534377766,0.9374715663137889,0.8620260991351141,0.7313604973098068,0.013183310702443128,0.013719746216213536,0.012724659112947317,0.012690651791258011,0.013594091513213962,0.06341146155493334,0.07586037918430927,0.06362555464507914,0.05756327072621681,0.055141904531294424,1700
0.029238200187683104,0.44855905771255494,0.16937462568283082,0.6677454805374146,0.4474402464598064,0.4514934715628624,0.7923408916183547,0.5632180275101405,0.3233560367723821,0.14149341378973124,0.027751924842596063,0.03328973397283872,0.02866606850569187,0.024992750011809124,0.024132771469967448,250.04099593810528,14408,0.08437917236238716,0.15848372591768997,0.11288666156561754,0.041050296151344624,0.027237018935399843,0.8602560931444169,0.9638268740153777,0.9368751161976866,0.8591054891057583,0.6937584974956071,0.012778655216097834,0.0134496975475557,0.012459328437322066,0.011965942612506568,0.013157213830384713,0.06886603279737757,0.07599539794575641,0.07345519312289793,0.05671092390246843,0.06895807535418183,1800
0.0007864975929260254,0.472558286190033,0.1562718343734741,0.6781299829483032,0.4636969936160408,0.4447953236103055,0.7845466247538925,0.5608309054060984,0.3177580674400246,0.1358357214325449,0.029347952362149952,0.03643354538290463,0.02930520478832093,0.026741905789404708,0.025278860374976314,250.05009252792158,15208,0.08252557821571824,0.15728639081581358,0.11044464872071622,0.03907200530789493,0.030100321855608354,0.8499132919311527,0.9595436214171732,0.9391232267806406,0.8395190356558204,0.6639016245930929,0.01313218114431947,0.013660191435885337,0.012747195747828018,0.012555897904083856,0.013646297161636274,0.07338715527672318,0.07059000043700127,0.07047038714732286,0.07914139913612218,0.07242154700131462,1900
0.029580092430114745,0.446628680229187,0.16182153701782226,0.6608268070220947,0.4842580948726207,0.4540012805163862,0.7809218005189356,0.5590326396202804,0.31826798463969114,0.1378438392816815,0.028083054814487696,0.033163487331344305,0.02868062136412569,0.02577117652348848,0.02434526721142159,250.05956291462962,16008,0.08476666346192357,0.15658361963787168,0.1113454225012148,0.04003666758375329,0.02526438403739005,0.8460239744186404,0.9619988995902946,0.9370826606196587,0.8422629719843034,0.6425080527958362,0.012525602304376666,0.013445366494673879,0.012084289524478445,0.011326112445322393,0.013074612285652482,0.07044322856469078,0.07968120220697154,0.06674070193578081,0.06667981318795402,0.06785642414566273,2000
0.0007184338569641113,0.47060622692108156,0.16574133634567262,0.685426049232483,0.45225652175487824,0.44413344860076903,0.789592634103237,0.5586409002692252,0.31629144207733434,0.12600452851374347,0.02807861439883708,0.033069959894204734,0.0290063735865169,0.02592468020029184,0.024514535034251456,250.06844618132848,16808,0.08228950506076216,0.1582308167830491,0.1105676945579711,0.03891066020218332,0.02486039107822957,0.8378543931245808,0.9633283040462398,0.9345507088618056,0.8359190449482056,0.6223656597422134,0.012465195767581462,0.013297201244112775,0.010983114790676821,0.012800886859072406,0.012782988666709683,0.07078895786311472,0.07803528642234131,0.06174468431369071,0.07207745225963795,0.07139908232082103,2100
0.0006610393524169922,0.4549712300300598,0.15175801992416382,0.656139862537384,0.4523828075377198,0.46038210958242404,0.7941805317121394,0.5597300168413376,0.3219784407028512,0.13449919110233774,0.027607757337391372,0.03516721338325856,0.027193163073836603,0.02454324023084558,0.023116177027636662,250.0759145436154,17608,0.08496517673134808,0.15877387701880671,0.11216456690230052,0.040127550446386655,0.022387183333602678,0.8494325327873231,0.96233018385429,0.9391705155945745,0.8472684067280134,0.6287820995810204,0.01179730059579015,0.012355852648433233,0.011660221220853802,0.01123554990233028,0.011944251294362338,0.0784568128100364,0.0795516279059823,0.08305405824928755,0.07642430146323254,0.07433363339704338,2200
0.028982813358306884,0.45186878442764283,0.17325671911239623,0.6760287976264954,0.45304650147401615,0.4566631123423575,0.7840257174181704,0.560305064040903,0.32484634444918703,0.1277939334965599,0.025909588560461994,0.030276482807273436,0.026966032700092298,0.023641465712458863,0.022353146017202875,250.08165915524955,18408,0.08678862094879157,0.1584428043909442,0.1129570038750839,0.04151405620899407,0.026579372842469955,0.8503401249647139,0.9620091246748436,0.9366824440481535,0.8572956983761123,0.6345239847444641,0.012634063754230731,0.01327250977905775,0.012358795010630424,0.012147372147889555,0.012720797066742251,0.07035829044019921,0.07426010839760046,0.06420341387902273,0.07788704615250618,0.06576212745895291,2300
0.0008472299575805664,0.4818566131591797,0.1529911708831787,0.6885431480407714,0.4548933818510606,0.43972814351320266,0.773637625971451,0.5586534542006414,0.31960667802555737,0.1277268494168917,0.025017754435539236,0.02716343795761391,0.026683396896397735,0.023900448833361718,0.022550983283491366,250.09069541116367,19208,0.08263357527554031,0.15791519316546432,0.11279748992339982,0.04028093189203949,0.02402758369488377,0.8349694538116454,0.9601679726187234,0.9351246382739089,0.8459206663145877,0.6151782447383517,0.012049404904246335,0.013013416391985463,0.01136327821358636,0.011455794764074056,0.012292968495083705,0.07249905996955941,0.08531572600010005,0.0627574646795119,0.06966157603806053,0.07142088701061561,2400
0.02871842384338379,0.44753090143203733,0.1578442645072937,0.6558547830581665,0.44663480411077056,0.4515276911854745,0.7927924859814529,0.5515080402390311,0.3223466566089768,0.12447219768774154,0.025346702728420503,0.030381150461915068,0.025835307655282892,0.02317817152081602,0.021748704989485956,250.10077341552244,20008,0.08649283874779942,0.16027356582443883,0.11044655758171126,0.041260523104124265,0.028626948237889322,0.8400872546434403,0.9594310286568429,0.9379831721576367,0.8501119590595942,0.6136683428171773,0.013841876303777088,0.014267476139272135,0.01341171795054554,0.01293874771761301,0.014646202737230416,0.08875267586670815,0.10940387799154686,0.07716973808755238,0.07209026826370658,0.09453738653960013,2500
0.0007886314392089844,0.461515212059021,0.17337807655334472,0.6862492537498475,0.45340538491665644,0.4473656618595123,0.7949129053950311,0.5528752844516037,0.3301967122015496,0.13716165725015783,0.02455052342265845,0.029974446007981877,0.024171125550901968,0.0228390631132892,0.021381691800079483,250.10814130963055,20808,0.08407610390335316,0.1608802783489226,0.11188480123633249,0.04210422213765836,0.027864842351687978,0.8496838778257371,0.9617158383131031,0.9425358856962028,0.8648800208455041,0.643937509129013,0.012818454150110483,0.01300819732481614,0.01270116170705423,0.01187480816928049,0.013696142740025759,0.07895012454944661,0.07672952354769216,0.07199429319102746,0.08198672606044309,0.08416438069259789,2600
0.032042255401611326,0.4496170091629028,0.16099303007125854,0.6621624398231506,0.411544644932839,0.4563852415978908,0.7781056308164832,0.5550912815920068,0.31185276005065654,0.12499594015671922,0.025590375233441588,0.028375638803330865,0.027081967554461815,0.024063497904758396,0.022266903453890013,250.11891216294742,21608,0.08518897973001002,0.15757417315390046,0.11159935191343648,0.03732636701842804,0.02449780216385776,0.8383525979518891,0.9599032820724861,0.9312554880486975,0.832305270827041,0.5829163113061124,0.012208514497615404,0.013597190443698953,0.010778199391605712,0.011945647354466172,0.012653846162206984,0.07359892787644637,0.08334954942962745,0.06711557639342998,0.06804549909539453,0.07688953581211325,2700
0.0006310677528381347,0.43715092182159426,0.19059045791625975,0.6779689383506775,0.450512361800674,0.44692035779356953,0.7841803024009782,0.5543972597672391,0.32352557301823853,0.12456169024334483,0.024701423700898888,0.027721010139021954,0.025620399195199418,0.02329900805947137,0.02215514238455787,250.12719299995152,22408,0.08331651676446193,0.1587390404726779,0.11071968400994173,0.04148427815162368,0.02180032410785256,0.8331545603275301,0.9611588637439562,0.9415026436058369,0.8497333935069554,0.5774195224196469,0.011791765796951945,0.012849317233990484,0.011605348926073367,0.010690495059801842,0.012035207820578884,0.08958426628087182,0.09686286786092416,0.08677950357377998,0.0787498313998024,0.09607254972285946,2800
0.037585985660552976,0.4494554901123047,0.15958106994628907,0.6649472975730896,0.40775808720380796,0.4576109039783477,0.7788583953623425,0.5583673515915875,0.3241679998380796,0.12045166568156887,0.02372924564406277,0.02549277964324035,0.025264134583994746,0.022746191569128816,0.02109508257993356,250.1334950229072,23208,0.08677724616602069,0.15840262278086592,0.11343384157866238,0.041114548494450086,0.02373197061217767,0.8431641137599948,0.9632764806350077,0.9363614195585251,0.8532141334548283,0.5955389084968156,0.012016009297221896,0.012562076791827735,0.011810872347559778,0.011614646940796206,0.012025285004439982,0.0676924783666618,0.06968267988930969,0.06696548865409571,0.06540725553973699,0.06856172351399435,2900
0.000774216651916504,0.4876500988006592,0.1591946601867676,0.7003936553001404,0.405821998731357,0.43466095179319403,0.7767683649590007,0.5570061091865818,0.32465028371846316,0.11875868343932616,0.024632408432662477,0.027405805679974634,0.025735064267757374,0.02386618885995434,0.02183643620515215,250.1417406812797,24008,0.0808860082551837,0.15912261432376346,0.11250691012967211,0.04084467080578503,0.019471201881460367,0.8214043384790415,0.9586909340890073,0.9375425758815953,0.8459407058682773,0.5595963795979815,0.011098536648787554,0.011825937770039506,0.010552446227077216,0.01042382241604794,0.011674921482729443,0.05359739000210537,0.059040283632480144,0.05078840497992045,0.048798434058259614,0.05637087893069406,3000
0.0007271933555603028,0.4552809190750122,0.14362215757369995,0.6526303696632385,0.3929373299000495,0.4655636593699456,0.783212610911498,0.5487374990414352,0.32411020759701115,0.11680956536346239,0.02400577789172531,0.027043372174942643,0.024494611395475225,0.022702030270232775,0.02095397777518646,250.1482513682994,24808,0.08890883892774576,0.16043694046410648,0.11066246495032922,0.04238045596645265,0.023378575441695883,0.8389394837617873,0.959233354180406,0.93773713081311,0.8490091976780574,0.5618933641304393,0.012443988332524887,0.01328782834822222,0.011668485190528328,0.011957968107713044,0.012738011232814034,0.06066085018683224,0.06649452128177463,0.05630832330013317,0.06041717866369459,0.058113776797186684,3100
0.032585623264312746,0.4745564198493957,0.1561790657043457,0.6812359666824341,0.4312077700371846,0.46621487289667146,0.7837722231360048,0.5562719652350522,0.32667122468013654,0.1251482706713047,0.023378197085112327,0.02735542150307022,0.02312579636457659,0.0220566023014147,0.020259225956703483,250.15617273420054,25608,0.09009774774312977,0.1600280089211136,0.11361304852464386,0.04308407301273705,0.025945434008577916,0.8484254431724547,0.9611715407393095,0.945093548353849,0.8535009561614563,0.6042123681620554,0.012990933987312018,0.013741392572726469,0.012515044701176344,0.01142753277566622,0.014099732323206556,0.0798446742584928,0.08519134733286511,0.07800803573566006,0.06189424257767812,0.09231238600454823,3200
0.0006952857971191406,0.4622519135475159,0.15985002517700195,0.6739249014854432,0.41853190333854273,0.4405263045430182,0.7802066662732287,0.5615561090666672,0.32407755119290493,0.13103790067884907,0.022578619290143237,0.025099124291284216,0.0234440021271923,0.02168518618972444,0.02034212506273717,250.16495430090012,26408,0.08305872667580844,0.1601844316816586,0.11484322762988473,0.04152494634673075,0.02312345914854601,0.8436146664619448,0.9606412977458318,0.9432717852404554,0.8584181527000159,0.6278736374594943,0.011890820786356924,0.012574175415052612,0.011570317879447654,0.011139773918936665,0.01231299875232806,0.08400264465948568,0.08867508505301719,0.08221144403853983,0.07236174932004545,0.0927571295192421,3300
0.029561586380004883,0.47287888765335084,0.15645240545272826,0.6773125624656677,0.4107874429864088,0.43263724714517615,0.7817053037881847,0.546984273227837,0.31512080309132634,0.12009856010848119,0.023093602508306502,0.025170492520555872,0.024499062916945903,0.02225487309466736,0.020746335326302268,250.1729193716173,27208,0.08026809085160498,0.15960694536566733,0.11041792054645345,0.03861460195202843,0.019849717278668865,0.8298153614997857,0.9613755944371221,0.937033239283848,0.8422315458358803,0.6033975888635508,0.011364771537482738,0.012229553633369505,0.01084786710772114,0.010894328433781715,0.011444851170755308,0.0750498753919964,0.09858153758803369,0.06658040006394382,0.06282604324374479,0.0718957607748061,3400
0.0007930421829223633,0.48647799730300906,0.1499378752708435,0.6877507042884826,0.42912398895404774,0.45816183924674997,0.7794189161905962,0.5580776210129262,0.3261424756498747,0.12081386534831459,0.023274715896695854,0.024410351962021216,0.024571959506720274,0.02298367767524655,0.020946409190312397,250.181656031773,28008,0.08721090637147423,0.1607594922116904,0.11348459225147961,0.042890931554739505,0.019937251338687463,0.8305345958471295,0.9573669177756469,0.9369736456871037,0.843165673876322,0.5668757692361485,0.011722662593238058,0.012366405313996144,0.01151673848973588,0.01112048709965361,0.011785276986372002,0.07566055565141144,0.08226588470478575,0.0724604201992043,0.06870983468659056,0.07815437168838127,3500
0.029065206050872802,0.46126336574554444,0.1507079267501831,0.6641347122192383,0.4317688679903547,0.4529171711206435,0.7884011048715095,0.5595025611155249,0.3285766146503963,0.12070212122595418,0.023059463184326882,0.026658750717862712,0.023295323708031352,0.021899653527025983,0.020249001293000078,250.19355644036057,28808,0.08781559415161606,0.16140260395494488,0.11527754344697141,0.04426395066164354,0.025244301798735352,0.8383776336908338,0.9593604693135012,0.9402167475917963,0.8536218575068881,0.6020874789038909,0.013059572721831501,0.014271250046626887,0.011545362746686608,0.011836049510268391,0.014443082190163947,0.07674063860904426,0.09194182204670333,0.05671708593009385,0.06386492431808549,0.09293863892293028,3600
0.0007489466667175293,0.47099742412567136,0.15635923624038697,0.6795939373970031,0.37544755879904046,0.43629431128501905,0.7767026603830104,0.5466015332721063,0.321500887823217,0.11529263001725532,0.022195910308510067,0.022659247432246187,0.023903128029923372,0.02201509349782702,0.020267662065423502,250.20138787737685,29608,0.0828979549184441,0.15995444927592656,0.11071427876776359,0.04088526235744712,0.02470139294364161,0.8322604447603223,0.9612509361943419,0.9369789846820535,0.8471895316397077,0.5864386826452581,0.011960202632471923,0.012586576198892934,0.011164317057115736,0.011733253350909878,0.012360085935491791,0.060238615646958336,0.06868028743857776,0.05506147770934926,0.055573502210069396,0.061947146519980976,3700
0.0299470591545105,0.4565526843070984,0.14606256008148194,0.6555389094352723,0.3959094175080161,0.44104067981243145,0.7807976506851816,0.5608422241818452,0.3182423847941725,0.1234235429233804,0.02199327709153294,0.021903702304572663,0.02341009845706419,0.022187074733801878,0.02034685199062541,250.20899843298184,30408,0.08284122463315732,0.1606824915956807,0.11540208058431736,0.04014056902203897,0.02058321899811246,0.8347103267908098,0.9624290730502155,0.9404184402754674,0.843268886698243,0.5901833683559569,0.011528679174371061,0.01184800832305809,0.011021285611115242,0.01135265210232405,0.011961440694969646,0.06790152658126314,0.07828696702569221,0.06538454767556127,0.06810979574411541,0.06046783482084604,3800
0.0006960225105285644,0.48803642511367795,0.14983040809631348,0.6897867679595947,0.3604196702678568,0.44215611606836314,0.7702124428631054,0.5532399119429325,0.3170759964678154,0.12041735562561735,0.022409521620720605,0.021607004428780316,0.024701920824486825,0.022804287098460465,0.020504359748553153,250.2253217863277,31208,0.08456467524170867,0.16029452953008153,0.11280255045612064,0.039720728698575014,0.023709634002627353,0.8313721781969068,0.9572089417736126,0.9345687755304792,0.8384566873162237,0.5911128003187861,0.012173609128221874,0.01295533465996089,0.011324713979639217,0.011823593694997489,0.0125896315457243,0.06367285611224359,0.07092559814918777,0.060258813859172075,0.060181648571666684,0.06324820410203882,3900
0.035249717235565185,0.4323077416419983,0.16358173608779908,0.654450957775116,0.3984401323423984,0.4403763172030447,0.7849595363323496,0.5597013837069418,0.3173045188483626,0.1120715458130483,0.02254628937691451,0.024156480688506208,0.023543867407672454,0.02210673230635647,0.020438814710936306,250.23516360507008,32008,0.0830874914303422,0.1610198987600131,0.11414032718583715,0.03921795964683639,0.020826136221933998,0.8214035481214523,0.959980636070937,0.9401271011105815,0.8424769811110915,0.5484193964759903,0.01168830816168338,0.012214415350881145,0.011452838942983113,0.01112501564122147,0.011978028459695748,0.08416149703785776,0.10261192599263708,0.08037040265629164,0.07968890413844781,0.07459535887049935,4000
0.0006337261199951172,0.4622828531265259,0.17156617641448973,0.6863055872917175,0.42017247485285336,0.43736312150955187,0.7786459786381886,0.5580534471219841,0.3117235148615307,0.12199668274546155,0.022120837997645134,0.022817450853537268,0.02314270172644866,0.022120090847214075,0.020479293245518084,250.2400044923493,32808,0.08183334514498711,0.16050648088775485,0.11383120560746506,0.03745873850873776,0.023034197447004225,0.8279397112131118,0.9592705419407549,0.9415456193886446,0.8371123406622141,0.5795560737653653,0.01232206312939525,0.01245092119632371,0.012846564452864993,0.01078857464922799,0.013473967216167688,0.07927481614606219,0.08833960354772959,0.08238120022111485,0.06306975777235083,0.08576042584499363,4100
0.0006527590751647949,0.461298828125,0.15348924398422242,0.6670351338386535,0.3903811095648615,0.4348872391879559,0.780351514246927,0.5532660301171197,0.3238805685031927,0.11532454420393108,0.02219626286998391,0.022191832588049614,0.02423714742314214,0.022269712538240023,0.020396362954830126,250.24779582396457,33608,0.08188323087990285,0.16199863209060186,0.11330002895946617,0.0408833363721744,0.01952387420990243,0.8223474323749547,0.9587818375274318,0.9341118395661507,0.8503703939857672,0.5698074096752,0.011563706565648311,0.01239747172267876,0.011305020968611855,0.010788552621245808,0.01175671651676932,0.06875295553589242,0.07586132779031687,0.0621531063732405,0.05978232452592426,0.0764659984650806,4200
0.03083170413970947,0.47703531980514524,0.15838603734970091,0.6861122870445251,0.4092749982388155,0.42874205350875866,0.7782128841689465,0.5506225659733728,0.3199664081507065,0.11624531137152304,0.022142183668911457,0.021354677997989964,0.023419015109539042,0.02294050294220153,0.020775260085955025,250.2553725613469,34408,0.08064593380317095,0.15977911215819673,0.1118410721421242,0.04061062040910198,0.02097964570614821,0.816793580055237,0.9639128071538519,0.9394647101561233,0.8381139550042987,0.5502838540416194,0.01174556138925254,0.01214498376442392,0.010309875428321819,0.012692258403687486,0.01193565982107019,0.06938816101093835,0.07852748231543749,0.06282096000476961,0.06918361699430149,0.06840913905093166,4300
0.0007590007781982422,0.45535484790802,0.15535754680633546,0.6640203142166138,0.3683887632617671,0.43019373357296,0.7654955561714942,0.5556441407011015,0.31469915781406993,0.12175918605936557,0.02227965686470271,0.02063697346514375,0.02392184128514443,0.023230879411445856,0.021567696560319375,250.2634916892754,35208,0.08166187994182106,0.15927268391606783,0.11370113672632155,0.03732032714024015,0.020884288988959093,0.8097833639383317,0.959075206759,0.9365807046191865,0.8288390288463215,0.5588643697949202,0.01148493103682995,0.011799357807959874,0.01204318969482274,0.01056261729136799,0.011427652088772045,0.060594094144180426,0.0647452718371318,0.05575513220721419,0.06305183620983466,0.0593429768409628,4400
0.029974536895751955,0.47192039489746096,0.16112275123596193,0.6870752167701721,0.38567959747641334,0.44094617486000076,0.7751620100636786,0.5603984210950637,0.3187350293248894,0.1173441413699127,0.022007766533643003,0.02066562322927226,0.023268225855038804,0.023143186103552583,0.02104856204695818,250.26974099804656,36008,0.0819393083453178,0.16024341643443835,0.11541940442596871,0.03766241436358543,0.01623914482344578,0.8191911721229553,0.9631441702396416,0.9383262808745109,0.8428625291585917,0.5419683825678938,0.010828801137395204,0.011627581796329002,0.01082091662343979,0.010379239313770074,0.01048379488198496,0.06482801695005036,0.07586652788349647,0.06094041536440882,0.056934292212245045,0.06523946442573172,4500
0.0006432390213012695,0.47347665786743165,0.15580734491348266,0.6828146004676818,0.4036566747982005,0.4349755537509918,0.7857456881825519,0.5421341745880061,0.31829969395951524,0.11663090677764178,0.021236875429749485,0.02050071207397596,0.023181739918804366,0.02172703928336865,0.019825970912926025,250.27640553359984,36808,0.08209925111383197,0.1625870296140997,0.11177277535866093,0.039614559819058676,0.020003548498878972,0.819428848624229,0.9622544969000469,0.9312710981795237,0.843098302003814,0.5627878133154595,0.011486353585496541,0.012388880112458298,0.01104902761972733,0.011075398294118851,0.011379762327572185,0.06887738075223754,0.08528620940008454,0.0603711865666744,0.0630484026203659,0.06581453432304725,4600
0.030571613311767578,0.4445835208892822,0.1699650526046753,0.6700537490844727,0.4287897629097382,0.44572644531726824,0.7824937135434997,0.5616534370839888,0.3104712219582393,0.124064544737339,0.021335820760577905,0.01994474421297836,0.022579513530304823,0.0221346762300152,0.020631481986492877,250.28430323207033,37608,0.08558964196592563,0.1617163458300121,0.115710473196073,0.039572581426797405,0.023765120290918235,0.8293804144859314,0.9627807651679525,0.9405823703587908,0.8337897019287978,0.5774980279803273,0.013437074120156468,0.014432422724566638,0.01397314972275397,0.011959799099713578,0.013329413509927694,0.08226999007165435,0.08599530656817295,0.07641676230953208,0.07745085153056638,0.08939174071885651,4700
0.0006626081466674804,0.4694268918037415,0.1690957260131836,0.6936437869071961,0.3777543014176131,0.4440937955677508,0.7819238892286128,0.5491932308909921,0.31360091299740317,0.12648912460202036,0.02184481488540767,0.020458232569923178,0.02333956142647727,0.02265421011168316,0.02095931074996986,250.29330693177533,38408,0.0839293670654297,0.16148418210225549,0.11208797172449608,0.03788801831836553,0.022433874909627706,0.8305120301246642,0.9627645824215203,0.9361351035018957,0.8323823800406505,0.5908401118646762,0.011934140953235323,0.012998878416411655,0.011660153979878173,0.011092142794838127,0.011952042160094675,0.06641972669865935,0.08063315168152209,0.058507855193191495,0.0521241014429666,0.0738476351004943,4800
0.030307729244232178,0.433202486038208,0.1777677369117737,0.6659698009490966,0.34426688912222664,0.443705417215824,0.7701870680407241,0.5513507160155671,0.3163542935009779,0.11014318903079202,0.02116343317553401,0.01880021176421669,0.02272533198676841,0.022511722145682322,0.02085596736501026,250.3017352948962,39208,0.08315407138317825,0.16195004488582967,0.11243391984506798,0.03690473357233348,0.016445640619619915,0.8200875341892242,0.9576168363844902,0.9396740042644998,0.8393743058140765,0.528248911440685,0.01069136296398937,0.011420254112669719,0.010743436385857195,0.00992589696136671,0.010654506402782597,0.05724419531412425,0.061750349929314885,0.05343140839376367,0.057087272820040634,0.05599299216087109,4900
0.0025707817077636717,0.43431179523468016,0.1563992381095886,0.6411743760108948,0.4048030315676291,0.43725996255874644,0.7742031885653134,0.5535432661191012,0.3166333534643411,0.11973419500514863,0.02225131178274753,0.020381586820989547,0.02339289208921867,0.02359845655921257,0.02156283540651203,250.30559868437325,40008,0.0824627197161317,0.16122827184747673,0.11335400698276668,0.03675569851245535,0.022917310126358635,0.8215941572189334,0.9589358312743057,0.9375315070152286,0.8334857405087593,0.5615336829423901,0.01212533167097717,0.013050888688778699,0.010997635627595287,0.010596000159417774,0.013915940865408628,0.07440263898344712,0.0936972572876863,0.060844686325305146,0.05825032716679372,0.08559208273538392,5000
0.0006694388389587402,0.45102455854415896,0.16124947786331176,0.6650793075561523,0.3577128331496657,0.4597568023204805,0.7792280463323198,0.5578583160650379,0.32590733925181065,0.11437524752642104,0.020498899724334458,0.01779908634143878,0.022284122387363204,0.0221027496761532,0.020103064449454738,250.3126640291283,40808,0.08988185863941904,0.16344597711138525,0.1167788164852893,0.04139622673893002,0.023040654632957666,0.8322928786277779,0.9608183661007994,0.9348338535688453,0.8421326138639958,0.5619187411807831,0.012250575213693079,0.012967621682203258,0.01188408553790193,0.011227275863269808,0.012826222704634783,0.06013453965075312,0.06712488853691574,0.0529714865605482,0.05815422042743656,0.06179084603196729,5100
0.04105108022689819,0.45981875419616697,0.167727575302124,0.6778761911392212,0.365521963876056,0.4378756804764273,0.7721838960328052,0.5608309619859151,0.3153116789580598,0.11595902131760825,0.021523670405149468,0.019111946186761253,0.022896723269357093,0.022961725979441343,0.021048359919850716,250.3188095478833,41608,0.08293519739061593,0.16188365021317275,0.11630345767765653,0.036704932297156656,0.01935905894360449,0.8195704448223116,0.9600464013433945,0.9363784632262057,0.8320561954469384,0.5570540045406304,0.011172750568948685,0.011950830374508316,0.010887696560673132,0.01052506478512755,0.011346502140547856,0.06526783975306899,0.06287660357091072,0.06435451426488507,0.06513046306990693,0.06858852015598214,5200
0.0007031011581420898,0.42663118600845334,0.16561005353927613,0.6469658446311951,0.3660263368743678,0.42953173547983164,0.7751607571618031,0.5486719160585363,0.3188432434743101,0.11648637797826761,0.02131550407037138,0.01905466449357526,0.02240972358664746,0.022920468502273448,0.020570023558460736,250.32456812268106,42408,0.08127665095031271,0.1629204169168311,0.11343539825507572,0.039272140763286126,0.018235778512742117,0.8196136480569836,0.9585779949096637,0.9358755267710183,0.8317108220524262,0.5685523126560907,0.011006635476369406,0.012250641776553982,0.01046548617578836,0.010397537937152644,0.011092412379534473,0.054606611514464054,0.0674552853234996,0.048863295070861366,0.05217908060347492,0.05197553230503291,5300
0.029531500339508056,0.4698369598388672,0.15115094900131226,0.6750142121315003,0.4040571371161921,0.4446577781438827,0.7723844471573832,0.55353497249065,0.3245214513119528,0.11975716931995035,0.02084205059334636,0.017530524143949146,0.022430772192333588,0.02270918784151767,0.020638377876164987,250.33277914249328,43208,0.08568691901862624,0.1627516839653254,0.11444667649298602,0.04019862345839835,0.024126032388951515,0.83434177339077,0.9585909271240236,0.9350503700794562,0.8433546397615878,0.5919108759496635,0.012277581975795331,0.012360248304903504,0.012873330042872692,0.01156080013150166,0.01232577332045844,0.07261516013648359,0.06820680120494221,0.07332984646459541,0.07188793653211395,0.0771804114938089,5400
0.0007036733627319336,0.4563692283630371,0.1466047739982605,0.6562145662307739,0.36508405544822553,0.44448574513196926,0.780361108448474,0.5452648896310072,0.3146629375504686,0.11609453037737656,0.020463164160028104,0.01661470271396396,0.022604524313161754,0.02302979595681771,0.020416443133682155,250.33995291540415,44008,0.08433974813669919,0.16357732320312954,0.11136646635002556,0.03737005726632447,0.018768043220533354,0.8222718328237532,0.9616114700321655,0.936286832557784,0.831462099197063,0.5671368535055495,0.011391415554098783,0.012313258617013824,0.01072259155981656,0.010832978385262825,0.011486169160232306,0.06437161684967577,0.07374009719711519,0.06320866425521675,0.05653552145281051,0.062425905290509794,5500
0.02945007085800171,0.4490395975112915,0.1789235258102417,0.6792892646789551,0.3547202717351259,0.4554793548583986,0.775874123869953,0.5580908984672728,0.32074842962526484,0.11432789074024191,0.02044581253081561,0.016505847805209698,0.02158015893272511,0.023395815163209873,0.020829827000852674,250.35308987055367,44808,0.08796508170664315,0.16265430339195738,0.11552392095327385,0.03827344599149881,0.022264671720525556,0.8299542123079294,0.9626792350672356,0.9429285500107739,0.8333442714265598,0.556039515261849,0.012107813386246563,0.012457050082664334,0.01174969785142599,0.012273479255557218,0.011934977291578736,0.06073979774955659,0.06718617186061863,0.05702345192477832,0.05919710089332395,0.05891651299558969,5600
0.0007240939140319825,0.4726939964294434,0.16081252098083496,0.6856365466117859,0.3942661200222786,0.45033979088067994,0.7733657780815572,0.5548482464933855,0.32813694520694425,0.113180552584094,0.021366714518517255,0.01878529878369734,0.02185473809904843,0.023873010668449286,0.02089258036702066,250.35875554927253,45608,0.08520066253840923,0.16304748242392275,0.11391683939157184,0.03954028162832672,0.01797955414229953,0.8258356434106826,0.9594478002365895,0.9434333400240221,0.8408061600312945,0.5309655750120009,0.010881502158008515,0.012060660937362737,0.010505966575436508,0.009666682877464274,0.011345555625755234,0.05914703679969534,0.06542990689038064,0.0583070486826931,0.04822580451259342,0.06525614313730917,5700
0.02974048376083374,0.4449219393730164,0.1590395188331604,0.654406099319458,0.40588644666776263,0.42880154266953446,0.7786765802673431,0.552646506700157,0.3123154748079463,0.11872877054489572,0.022810299005359424,0.0189647259495673,0.02349021359665993,0.025491126067093587,0.022401623762188818,250.36929911313536,46408,0.0792313290759921,0.16264399624707404,0.11262777020953621,0.035901906617761194,0.018712325464599798,0.8139059823751452,0.9609327072288553,0.9365387514163632,0.8205084042851202,0.5435394021180961,0.011240490367636085,0.01198424521713839,0.010775165370022757,0.010864987345707358,0.011522122742369398,0.06479094762587925,0.078688539350841,0.05878381405524175,0.06100447221166071,0.06345680573931302,5800
0.0010689997673034668,0.4748193025588989,0.15686947822570801,0.6881552863121033,0.3551118841098064,0.44250431448221195,0.7746844119147258,0.5565881465162549,0.3135994600002158,0.12165414348647398,0.021826669294387094,0.01609741607190747,0.022596215456724144,0.02550554323161757,0.022561780121680853,250.37540713413523,47208,0.0837693121656775,0.16186425481971922,0.11386157511955215,0.03345180090603435,0.027882019008786684,0.8221980816125867,0.9635264729198659,0.9383338363397693,0.8208829802136091,0.5467486023902888,0.01334589903242886,0.014183704118783537,0.012803320693118233,0.012605093036193499,0.013962287000204262,0.07622251959051937,0.08102194496283409,0.07257163633060247,0.07163262143297942,0.08077183184843212,5900
0.02995619297027588,0.45121184349060056,0.15425665140151978,0.6571677589416504,0.35583339887963206,0.42628874346613865,0.7652857737734139,0.5426319638888047,0.32181311286792846,0.11071134577460079,0.020965879168361425,0.01541212534887253,0.02215110617608094,0.024801695333320852,0.020724399720580856,250.38048257371273,48008,0.0810078287497163,0.16341820453977296,0.11120546344471603,0.03616495529633652,0.020389474528272035,0.8152256065607071,0.9585699242663526,0.9369782821128237,0.8369433496900167,0.5397416142005372,0.011062074382789432,0.011681809741465344,0.010417830021316667,0.010686670145299773,0.011606377854635851,0.06526918877847487,0.06215008559523728,0.05639220542976991,0.07177804138057822,0.07161554072992603,6000
0.0007366657257080079,0.48151421070098877,0.15204575300216674,0.6860449337959289,0.3497477795407678,0.4435228896141053,0.7750635546333385,0.554594507960023,0.32057905800285824,0.11124329154308024,0.020048910332843655,0.015091223319342251,0.0213360556762645,0.024357375130057337,0.019590983630563986,250.38470788152472,48808,0.08401472385972737,0.16442683838167269,0.11451354594341384,0.03594591103139378,0.01973676335615799,0.8204771208763124,0.9587958230162561,0.9419319701325041,0.8363471297990713,0.5390283829126609,0.011560576413758098,0.012544968354357583,0.01147612226017511,0.010765869106121716,0.011425461302487505,0.06641179032740178,0.07709124963401089,0.057229403784890436,0.06338246994086419,0.06668096286817815,6100
0.000595707893371582,0.4582835340499878,0.15908903360366822,0.6673859977722167,0.35571621571770606,0.43070848628878583,0.7664482681622061,0.5480907029405081,0.3093868877095079,0.11110989775789795,0.020834537455812097,0.014943816621095085,0.022458598574565843,0.026265846643382336,0.02009570889420947,250.3925450457492,49608,0.08128019653260699,0.1627016169537464,0.11171369200822005,0.033986087822652784,0.01807514127928168,0.809841603040695,0.9607334680157934,0.9411721736499943,0.8083739745679325,0.5464979171190619,0.01112407867796719,0.012701713906720355,0.01043601052297913,0.01027617030362574,0.011006983254052138,0.06260143413441255,0.0756664559086831,0.054988537248963354,0.058332736812366164,0.06090343302172908,6200
0.029467337131500244,0.4645039343833923,0.16633033752441406,0.680578351020813,0.37386050819560024,0.4387983552366496,0.7717869105597432,0.5539201458818032,0.31782243766442486,0.10718045939559714,0.021028721025213592,0.01714902935008256,0.021731491504531162,0.026341099154066166,0.01844535581279955,250.39978253939674,50408,0.08371540203690535,0.16416418809315247,0.11410907012851619,0.03372308603677619,0.024513514990386842,0.8199272656440737,0.9573664342241333,0.9411177092476896,0.8257638497485049,0.5466967006628425,0.01229547559283674,0.013917506296242686,0.010765076222780497,0.01182563384537825,0.012625263367550373,0.06271770305931565,0.0702335664502395,0.053237067084563425,0.06246027775341652,0.06445175768193147,6300
0.0006668376922607422,0.4440354895591736,0.16467992067337037,0.6588553190231323,0.41413794739617676,0.45324831992387804,0.7789030644693985,0.5568305336616249,0.3149488251942854,0.1129867923906544,0.021174767622724185,0.016214763179072757,0.021952664322981794,0.028557837257782624,0.017856333691340223,250.40729943721357,51208,0.0866530893370508,0.16282819835423268,0.1143067390065301,0.03262899845169905,0.02614400955172932,0.8274098587036138,0.9658821938660347,0.9425474673509596,0.8088344583144552,0.5536848398355336,0.012557720667682586,0.013811452789094495,0.01084789608774538,0.011475960872112178,0.014385176420846319,0.0657917791884392,0.07544082883984005,0.05376860948956824,0.056100319345027926,0.07994658646306824,6400
0.02909210205078125,0.48333546400070193,0.15229260921478271,0.6837079834938049,0.421010494151189,0.41719073146581637,0.7777043986602652,0.5579442570004799,0.3094499634058629,0.10971415738500113,0.023423421494662755,0.01905720788963448,0.023042878220704457,0.031066058312651808,0.01923656020913786,250.4137535643912,52008,0.07574004452675576,0.16374185725429355,0.1152067645782172,0.02948285148663631,0.016888763885768553,0.7947552311420435,0.9600463255622689,0.9362544576929076,0.7958043172015806,0.5284806391074192,0.010186127431225036,0.011206569833427495,0.01040515039854616,0.008930522970528008,0.010484340117352688,0.05336815336835569,0.06081167850216302,0.049194246410589774,0.04967769782944067,0.055205873556333565,6500
0.0008428645133972168,0.4637413501739502,0.1452556037902832,0.660021789073944,0.35524961348562595,0.46363064154982564,0.7784359288313746,0.5560097304550372,0.31649449642034305,0.10533596085303505,0.021637757532298584,0.017747641240204427,0.022277581716912843,0.03033118616254564,0.017249529943396527,250.41932291386925,52808,0.0873161112889648,0.16382682985729624,0.11518275232331171,0.03152332748435042,0.015259646166510802,0.8197510242462157,0.9613460726698733,0.9367207420838846,0.8062609478514249,0.5289311266463734,0.010964275333099066,0.012123259765559738,0.010776713082717878,0.009755082770270564,0.010857720990948692,0.06295074433408446,0.07413371701038791,0.05386103207915645,0.054107604030039155,0.0663564225078912,6600
0.030668048858642577,0.48084243297576906,0.16282943964004518,0.6943231129646301,0.3320230030020929,0.4436029148101805,0.7664778449318616,0.5531637566122002,0.3159325585805156,0.11232546868628449,0.02047322591766717,0.01349430779616039,0.02213094981041701,0.03035568176484842,0.016181728144934814,250.42522676780655,53608,0.08468608204275366,0.16315567410654497,0.11509555797366541,0.033728449370084505,0.019075791695942493,0.8209387451410296,0.9626253096744267,0.9342175878550669,0.7988883314285685,0.5685411427438876,0.011323146307840941,0.012402081608094948,0.011284111286787423,0.010303113026853232,0.011249660605507111,0.05340243809856472,0.06271900729549056,0.0504289963556563,0.050240207617893266,0.05032917533607519,6700
0.0008016347885131836,0.4742300271987915,0.15686786651611329,0.6849784874916076,0.37475337465997344,0.43339184880256654,0.7689137276850257,0.5502587703711677,0.3068860189391759,0.10876164648425643,0.021733936294913294,0.014466581910260413,0.022613031228193265,0.03210257753325663,0.01643718739173242,250.43499007645164,54408,0.08180483754724265,0.16455081026805085,0.11364925941496944,0.031983468864982934,0.019291139130170137,0.8093718338012694,0.9578138960035224,0.934810833497481,0.7853670440754799,0.5483573933757795,0.011770475856028497,0.012114907325686595,0.011065781486340973,0.011362969137306493,0.012660584683534962,0.06242859402671451,0.06672604717314239,0.057569767967864637,0.06284211144150008,0.06301755093964473,6800
0.03370922565460205,0.4654210543632507,0.14399246931076048,0.6654844307899475,0.34576502621695304,0.44446435540914525,0.7671640828741543,0.5611529917872725,0.31585123611463056,0.10868773202003522,0.020908032394945618,0.014544048825357574,0.02134941737799341,0.03271263315266853,0.01639493721826324,250.44088312439152,55208,0.08428988076746464,0.16289189807685897,0.11745317868102134,0.030360290931688762,0.01845366402134627,0.8120638340711588,0.9623966250621099,0.9377864751983526,0.7979332882004815,0.5439577311130575,0.011154264351353051,0.012520877707819558,0.010537459784135901,0.010394599842461374,0.011017286016839767,0.05613982860930264,0.058642763854332404,0.05356447473542776,0.05866190599327957,0.05373975913971665,6900
0.0006925320625305176,0.47584429025650027,0.1532145118713379,0.6860256314277648,0.37809087074969944,0.42520809412002564,0.7827630468777249,0.5573511945112106,0.31001300947653815,0.10223331964865535,0.02155763309448957,0.014879854063370395,0.021758621454541462,0.03383195619315988,0.016370126859567267,250.44687759705582,56008,0.08056668935343626,0.16506461996250038,0.11573984125997815,0.030195188715841658,0.02093990314625438,0.7846503907442096,0.9618452386881314,0.9360603853530698,0.7828223977064227,0.49974181506428816,0.012437392696738249,0.012855803547180673,0.012061724051606241,0.012151333071542368,0.012664255049770777,0.07757688980549571,0.08467957201517304,0.06987791638443154,0.07178282896491066,0.0834255077627517,7000
0.0007329964637756347,0.4642416334152222,0.15215595245361327,0.6707835674285889,0.3619118700106515,0.4331714218854903,0.7819108336862884,0.5511322771151035,0.3117279369516419,0.11084704394165372,0.021942955926060666,0.01576374469070949,0.021314693581236104,0.03444384464871159,0.01664765556100139,250.45671745550473,56808,0.08070616347715265,0.164364216002551,0.11429843141399712,0.02837095594477988,0.020179346538153245,0.8018713259696958,0.9622742328980955,0.9387227760762286,0.7895295946731179,0.5370484107478538,0.011523128813132642,0.012532869017579499,0.011004668605254635,0.010346557212246551,0.012150793861580128,0.07401150990277529,0.0866353797933293,0.07182545144322144,0.0677389915001952,0.07003167686074686,7100
0.029468724727630614,0.46741671085357667,0.16739547729492188,0.688124463558197,0.36720898220972475,0.4376136131584643,0.7715143219878279,0.5580015050352746,0.30569743833890756,0.1099259085290095,0.021376015199348335,0.013528916225671614,0.021165052261906393,0.0344757529838783,0.015438427841437124,250.46616388297969,57608,0.08372607111930853,0.16427115118131033,0.11633860112501772,0.03004611726713981,0.024175698961574975,0.8075020319223403,0.9600355414052808,0.9402552356697486,0.7712146994544243,0.5457679554429974,0.012614968852140014,0.013483191799120204,0.012193211569573793,0.01202938029451704,0.012838840016519838,0.07184700968675321,0.0804655158717651,0.062255816938320406,0.07293013628663088,0.07266658414837888,7200
0.0007035064697265625,0.4476591491699219,0.17126555919647216,0.672123384475708,0.3821857750884149,0.43733820870518686,0.770589689321296,0.5577478356910546,0.3198557414451438,0.10222777367856073,0.021292367633432164,0.014085202822245142,0.02155599808006474,0.03441909460547433,0.015957730826742657,250.47725979168857,58408,0.08202337330207228,0.16366412057433002,0.11671906571542275,0.03124627692334765,0.016523604643925188,0.8006156319379804,0.9616895481597547,0.9378949035419507,0.7981685480879782,0.5189827875449111,0.011309116957709189,0.011920433092948986,0.01087341164081788,0.011015072333902563,0.011331412426303493,0.06468475032015704,0.06811036146300042,0.06472900583803798,0.06555071885021281,0.0602774829385453,7300
0.0315476131439209,0.47380743503570555,0.15895625352859497,0.6846721029281616,0.40883021365778155,0.43390387937426583,0.7692421054720279,0.5578972397682574,0.31563058946190814,0.10893815246355888,0.022784706735983488,0.017491198631574462,0.021239689580397684,0.0360111118453305,0.01611136504467212,250.48470474898568,59208,0.08075734380632642,0.16245900311661732,0.11767066770698872,0.03062841245768273,0.016690884210059764,0.8026216256618498,0.9645095365730357,0.9389979643747213,0.780164407811514,0.538914667625053,0.0108438667235896,0.011986426012262939,0.010697976918891077,0.009952674256410547,0.010762180448235828,0.06259245929308237,0.07044373283246966,0.05480623643961732,0.06135660195041721,0.06350374414001174,7400
0.0008358550071716308,0.4464272165298462,0.1650456953048706,0.66287113904953,0.4117796899684341,0.43118298470973976,0.782369833954131,0.5587660530665968,0.304601047641386,0.1044316564041835,0.02228206546977162,0.016926121326852887,0.020843617550961615,0.036379881134187754,0.01566799899760206,250.4923564128027,60008,0.08116108398884535,0.1644005400864457,0.11638673713749595,0.029052429482656166,0.018478868391517033,0.7923489153385158,0.9623256276325631,0.9419670491605192,0.7581082153572607,0.5158608515675253,0.011589903361164031,0.011901223707882403,0.01121889136580599,0.011926189922387637,0.011409410669539977,0.07586976479506119,0.08732555203078031,0.06511715192846984,0.08835531008508671,0.0660323345397885,7500
0.031383509635925295,0.46289711713790893,0.16189782619476317,0.6761647033691406,0.37737242453560066,0.4443104790151118,0.7730926888411134,0.5580639218168311,0.30918588791855695,0.10301263692803406,0.022244287235662342,0.015358288304514871,0.020968843398276215,0.037228536574633285,0.015679845800964615,250.49831225004098,60808,0.08362974118441345,0.1639487718423588,0.11695157703507711,0.027885547447902368,0.01782134235763424,0.8062086230516436,0.9610282211212448,0.9386543508233691,0.7737799722531126,0.5294791232228904,0.01102443165145814,0.012020632392909538,0.010761593310208312,0.010318324225127405,0.010941988673958325,0.06330245018005373,0.07255582457506346,0.0545735830083269,0.062274058486528894,0.06351500489695373,7600
0.0006854605674743653,0.44510005235671996,0.16269429206848143,0.6595873785018921,0.36407396800862696,0.4406606280803682,0.7721867447144523,0.5454135985702888,0.31267421062766876,0.10061569815995738,0.021689548976719382,0.013303500789470063,0.02198595494240978,0.036612694602958934,0.015778469895867994,250.50537338211637,61608,0.08274948187172419,0.16377193209166835,0.113232606603783,0.029593300389980457,0.01641684204900675,0.7987994652986525,0.9632866017729321,0.9346833077012273,0.7747832435308041,0.5070936847098015,0.010833085672929888,0.011648047534818544,0.010415476169532197,0.010468783884395646,0.010721474301488117,0.07934762737248098,0.08645783183077853,0.07298134085817307,0.07972232963572994,0.07757985269726839,7700
0.02919093132019043,0.47824822425842284,0.15769667625427247,0.6903240776062012,0.3560695928988883,0.44579966872930504,0.7801877546190011,0.5542728121772476,0.3145565698969171,0.10280023061204703,0.0212282512523234,0.014553414090922234,0.0209474415672868,0.035088864025625,0.014938166297118489,250.51118055365532,62408,0.08553861338645218,0.1653104280733099,0.11558461012193445,0.03264239987477981,0.01989546505016433,0.8102795749902728,0.9602862551356808,0.9403377442616522,0.7802779454598453,0.5337483777354164,0.011911684870719917,0.013157545047990911,0.010887219787746535,0.011607018496124015,0.012113497425161768,0.06444629940437155,0.07004517939934186,0.05955641170767357,0.05761804874179598,0.07100228685885669,7800
0.0009016942977905273,0.46546464443206786,0.14243739366531372,0.657376947402954,0.4465020612430279,0.41364509075880046,0.7717485253875325,0.5528541726675645,0.3099035958194324,0.10041472525114098,0.023085924154147498,0.015519278033359646,0.021914709163339516,0.036846372103875744,0.015372411875675129,250.5193403151859,63208,0.07513597764074809,0.16464379494254652,0.11330733311019446,0.03078544746017734,0.014620625969421652,0.7828984171152114,0.9589905023574838,0.9415892704188473,0.7738925666890589,0.5085850602104547,0.010629777340218426,0.011862534377723942,0.010826606995137452,0.009805788793481698,0.010301660183107578,0.057971963586751406,0.06923116113411622,0.05949237226775431,0.05292894739386998,0.05243446053160979,7900
0.02935448169708252,0.45649386644363404,0.16567549228668213,0.6754381728172302,0.3788445801136324,0.43624290138483035,0.775101768012023,0.5509024475095342,0.30363114269412267,0.10930381412032866,0.021652985885739336,0.013507171138540728,0.020492897712562255,0.03708170411386053,0.015803570999534576,250.52720129410554,64008,0.08230365734547374,0.16416401943968775,0.11478391712875038,0.029244981838000596,0.01907930895335148,0.7978619021177288,0.9626641851573731,0.9413966672513095,0.7584616593560397,0.5232821607110482,0.011450570244342088,0.013004237544914733,0.01064216464676541,0.01047739870988821,0.011692245525949111,0.06711131291551284,0.08042646420405282,0.05664326375007324,0.058085866034867185,0.07352181849474711,8000
0.0006787419319152832,0.4709555697441101,0.1641896152496338,0.6875739169120788,0.3965211956420253,0.4140315873920918,0.7684220935169019,0.5559572839671797,0.3039472471846609,0.10351182273649547,0.022205197503790262,0.016043507327374647,0.02117091171504534,0.037737623584095666,0.0149135953077474,250.53407855391006,64808,0.07760586056858301,0.16380338174732098,0.11624705050486689,0.03020355223716066,0.01631575462799437,0.7768274664878847,0.9598317381582759,0.9375564377815993,0.7553328689263793,0.5172115672718393,0.011126810708083208,0.011841854345249505,0.011362142741293367,0.01002770524747592,0.01128482203769349,0.06678162126801906,0.07305279701556026,0.06838919166882668,0.0599207015071368,0.06617136801153567,8100
0.0007250142097473144,0.44766740083694456,0.14980167865753174,0.6506243896484375,0.3561801181448802,0.41927571520209306,0.7708422689768631,0.547145155861097,0.3123377162430967,0.10293267108500004,0.02230646414682271,0.012565463835190483,0.022002596787049206,0.03751851965041297,0.013963154732394763,250.54005480923988,65608,0.0773748480062932,0.16426712102283644,0.11306884800832645,0.03162745364222376,0.016739056359077978,0.7921199041604997,0.9628048728656217,0.9332064048332327,0.7657648801271403,0.5287700331390807,0.010690991696901618,0.011453071719498473,0.010745162142020662,0.009975988941732787,0.010777775628782385,0.06007008842541837,0.07040393884048793,0.057267142782745584,0.054132764117509544,0.060642980054914766,8200
0.031345944404602054,0.4707149267196655,0.16642611026763915,0.6880125284194947,0.37344811276496703,0.42493209421634676,0.7654258304586014,0.5573363769054412,0.30135224370201646,0.10309829826702918,0.021683179745450625,0.013694220164325106,0.020585210393182916,0.038557743897015696,0.01400583904263293,250.54641216523285,66408,0.08090597176924347,0.16439589477765063,0.11697538346052173,0.02949701541866265,0.01864010722122413,0.7877203267812729,0.9589858921244742,0.9393088555336,0.7423123729288882,0.5285599890508156,0.011318437973968691,0.012010244618674436,0.011217154734767974,0.010438420449444413,0.01161773586601161,0.05783739471808073,0.06275644277532902,0.05365660488139834,0.05237315704662296,0.06252200733513782,8300
0.0007064604759216309,0.4416114544868469,0.16493590116500856,0.6555266761779786,0.405669389748431,0.4299421690404413,0.7709508091960118,0.5565722464867259,0.3063839624210988,0.10819954292848706,0.022633263450115917,0.014410402969780134,0.02049416767777472,0.03982965341739116,0.014124894964043047,250.55417431487268,67208,0.0802208586782217,0.1646228716451317,0.11746498934276726,0.028861602275816862,0.017701050572795793,0.7960771614313132,0.9604426583453035,0.9386637842525611,0.7437684816149519,0.5581087100505837,0.010798601363785566,0.011658910694695901,0.010319713508183859,0.010224562320720903,0.011006002768408511,0.06963115813909099,0.0752163765713311,0.05439562541204911,0.06357345601419317,0.08466316271340474,8400
0.029616782665252684,0.4516665315628052,0.17242707967758178,0.6730222964286804,0.3416287020835065,0.44321411624550827,0.7701397409679692,0.5398522378857603,0.29745968351530483,0.104021177126493,0.0239620613027364,0.015487390762588033,0.021662357344877797,0.04207945694323883,0.014704145631090756,250.56161859060688,68008,0.08242339331656691,0.162899290613078,0.11107107355576201,0.028096836811841233,0.016404977070996703,0.7935022825002673,0.9644302118808854,0.9358084659601,0.7165035330972006,0.5142250946491441,0.0106400545174256,0.011500072392096761,0.010495390138137583,0.009840832139516979,0.010711810610800808,0.06142350513953719,0.06911592592416896,0.05587663159696099,0.05553331758480431,0.06527053439085277,8500
0.0010989880561828613,0.46418036937713625,0.1560334300994873,0.6746445393562317,0.3887308117251572,0.4379520928859711,0.7686040344549786,0.5526958733939661,0.3102539043076594,0.10227749088086685,0.02245853819884361,0.014393746192992937,0.02059024087104358,0.040865119667121426,0.013535213415359779,250.56973914953795,68808,0.08230668367818005,0.1636232250000364,0.11511689502941928,0.029483076530179723,0.017271181358833914,0.7968946835398668,0.9617815877324973,0.942265115000985,0.7458987529598071,0.5196971209885566,0.010759398969821634,0.01179208237930534,0.010746489584214237,0.009862201123855151,0.010641759337067451,0.05718178662005812,0.0658602002404406,0.05259376992226429,0.05066052314348113,0.060022965353957444,8600
0.02938537359237671,0.4783556127548218,0.15330762386322022,0.6809466505050659,0.3555282970216173,0.4290489692986015,0.7756244844382565,0.5547184098530286,0.3009534623358667,0.10418764152452703,0.021644304636865855,0.013740262175074864,0.020576215073870016,0.03957825369614457,0.013371674370680126,250.57721279064387,69608,0.08097049061208966,0.16464120134250423,0.11540072003902466,0.029718351300767405,0.017436811435326022,0.786710832118988,0.9611410249754329,0.9419742405708198,0.7333761241632639,0.5235003161658519,0.010875432048924261,0.011671553800343395,0.01087556958996824,0.010253011606652873,0.010714063748414285,0.06314247902482747,0.070449936237263,0.056114050353248714,0.06127484926723479,0.06491972540803786,8700
0.0010427427291870117,0.45000571489334107,0.15671110153198242,0.6597847723960877,0.37260233664861625,0.43076819106936454,0.7784997543283536,0.5447657460227923,0.3069328491515785,0.10478811639086631,0.022648648312315355,0.01540179666606527,0.021123169792538612,0.03981316489959826,0.01450893655644307,250.59909317687337,70408,0.0812468256242574,0.1652215821485892,0.11307096096904985,0.03169129825248122,0.017705149316467394,0.7833282673358914,0.9598272986271803,0.9351801222309152,0.7396222694003168,0.5139125916692941,0.01116023659240454,0.012237456700235022,0.010327509203133108,0.010960731363452195,0.01104864431320181,0.06661690666340289,0.07415331710203027,0.057832020855052936,0.06368106100893581,0.07001901187614545,8800
0.030352237224578856,0.483380982875824,0.15574783325195313,0.6950411367416381,0.4110610701333243,0.4038068416714668,0.7719309802713074,0.5503555641362549,0.30592027240492425,0.09467859415121602,0.02269089655019344,0.013044304639936,0.021224118715250196,0.0417519970911697,0.014483992637898537,250.61425775081085,71208,0.07536209180951112,0.16379805080506993,0.1136460931285432,0.030862102699076088,0.01687145170899577,0.7575421714782713,0.9620958402239045,0.9402534381339419,0.7325770966525152,0.47754401787156225,0.010676786541007462,0.012222614195518974,0.01023979443615598,0.009723190906379617,0.010709552214253102,0.05943728270009158,0.06984703903268459,0.055810039593397004,0.057087189251823045,0.05666881728549626,8900
0.0006799507141113281,0.46183357954025267,0.1418068528175354,0.6574890828132629,0.36537904706866026,0.44469091072678557,0.7752751404637688,0.5559277580702371,0.3058180222239518,0.10434484797896758,0.022436346858739867,0.013401763167584678,0.021541716361587693,0.042449757157598085,0.013902939992458235,250.62324725268954,72008,0.08309187883511186,0.16427685347226312,0.11512773428211881,0.027075786601964347,0.01641176063144072,0.794682318568229,0.9631961984140377,0.9373475472557352,0.743503403478336,0.5208896521968069,0.010927467886358498,0.011773133172175368,0.010459873200279671,0.010386872114951443,0.010947859283969413,0.06170143984258175,0.06751566824108901,0.05594814070724549,0.05768582857952215,0.06453033483051,9000
0.0006777667999267579,0.44588050365447995,0.1766167974472046,0.6730663561820984,0.3921794933369839,0.4261355459690094,0.7691521130541636,0.5455093609476556,0.30374626829578555,0.10041219851344216,0.022729763006791477,0.013765869359116245,0.022286848201262737,0.04097154262836618,0.012387336293539521,250.6292882826124,72808,0.07914323288947342,0.1631247843541797,0.11270415905899211,0.029433831207133367,0.015894257951746402,0.7894913417100909,0.9639050329803786,0.9323509173485846,0.7365802432361407,0.5275788751183725,0.010350870210677385,0.011299625386498754,0.010180844936646446,0.009776551927034355,0.010227110004052525,0.05527091165538877,0.0632372176737855,0.04984955477428815,0.053485315850084765,0.0551911014683392,9100
0.028051285743713378,0.4804860830307007,0.15403099298477174,0.6872150874137879,0.3357579768141963,0.4326582252979276,0.7712793993395437,0.5514089640818145,0.29486917230584064,0.10084302557446942,0.021293238485232,0.013527305634302454,0.02111474583905777,0.040126263791614235,0.012944008195022415,250.63605421249997,73608,0.08200064998120064,0.16589082458684606,0.11431905568430299,0.02753101800487417,0.01491784408326609,0.7812503319978716,0.9562288364698722,0.9360645560841814,0.7261663088979933,0.5115838903951422,0.010853599635884168,0.011802922061449566,0.01066519576860102,0.010143609664342182,0.010675071522381637,0.05647731095450583,0.06206025636530222,0.05524549750974217,0.049642952596474534,0.057857563224939984,9200
0.0007718253135681152,0.4466528248786926,0.15170345544815064,0.6502908658981323,0.36806952561365286,0.42783652335405364,0.7766922836502395,0.5474117019493595,0.3009635028228805,0.09754261319354489,0.022853567376732827,0.012918462380184789,0.021972358671792327,0.04296116653883286,0.012057329069499917,250.64396081481775,74408,0.08022597454488276,0.16448468280335266,0.11302140072501934,0.027298128418401596,0.020158505904706824,0.7858842110633852,0.9636259330436588,0.932223328228655,0.7245061197919712,0.5256534480318733,0.010884526246227315,0.011701934544059149,0.010365601452388639,0.010416516949507328,0.011120308302247858,0.06570310134440659,0.07135074384132176,0.06044986399964157,0.06666854967510236,0.06458208665289747,9300
0.031113858222961425,0.4554961109161377,0.17360941648483277,0.67988929271698,0.35618541024951184,0.4256950545310974,0.7749857733124184,0.5531375225464898,0.30694837330318064,0.09859204989432997,0.022482403591275228,0.013316943918011687,0.02145351565925021,0.041330483746601324,0.0131733240333648,250.6534569213328,75208,0.07982106216251854,0.16331408988488355,0.11469188710702717,0.030427446977303558,0.018280874920819076,0.7821373069286345,0.9645426069435321,0.9364787666641883,0.7380802922132543,0.5086457243243465,0.011066315122880052,0.01234775916918327,0.011121922224086141,0.010102666155775873,0.01078965423122338,0.06843637951766142,0.08317090392014705,0.06786696485714078,0.06556839614584127,0.05825041093608114,9400
0.0005721688270568847,0.4643468451499939,0.14693041324615477,0.6644152569770813,0.37435317779560634,0.4477325376868248,0.7751783842549602,0.5464228261348816,0.3169156948477032,0.10599775454904165,0.022336222520098096,0.013482964960584303,0.02169877878108688,0.040955840153619576,0.01249750061166469,250.6658779613639,76008,0.08427055496722463,0.16443687713905855,0.11185171358114064,0.032643635026179264,0.018201523619956087,0.8094057750701901,0.9616681676284943,0.9371994290240976,0.7545435115694997,0.5466173274740987,0.011003116355277598,0.01208889681170238,0.010739506484377527,0.010435392337385562,0.01071981090064371,0.06496492733247577,0.06983574908044123,0.05988462918199771,0.06390964162070308,0.06667583124475421,9500
0.030681705474853514,0.4508187246322632,0.16939586400985718,0.6689272499084473,0.42032471811353095,0.44935218811035144,0.7765830678232544,0.561210233319018,0.3030488864028242,0.10227038019872986,0.02118677319027484,0.013607132707557616,0.020744708541315045,0.040847369844435606,0.012906604385323288,250.67178583567863,76808,0.08524143666028976,0.16339548666511416,0.11712829662220815,0.027818554791913936,0.01568393163486488,0.8050103890895842,0.9687644571208502,0.9379511869379452,0.7444405933103614,0.5334596585745769,0.010950495991855866,0.01190353685580016,0.010610744246930273,0.010664481451988402,0.010572997545070862,0.06783505707979205,0.06982574947445726,0.06748906239642698,0.06645143210898934,0.06730617182047079,9600
0.0006121134757995605,0.42411199331283567,0.16156353712081908,0.634408438205719,0.3584957856867342,0.4377067759633065,0.7728436510737351,0.552152145992626,0.2951022895673912,0.10140739515731015,0.02295464583672584,0.013956287269276097,0.021368085014584825,0.043549204822435635,0.01379020969604247,250.67668984374194,77608,0.08246005237102515,0.16485502276478742,0.11319571209438677,0.028652644761071606,0.015533766511242029,0.7862002399563792,0.9616127304914516,0.9425997186505627,0.7070642005031305,0.5106696646238111,0.010982722397893671,0.011494783943564431,0.010850371697106578,0.010903991111263162,0.01066213006096095,0.06268197852885352,0.06896063563095894,0.05873663115212646,0.06352376031645704,0.05946461148031976,9700
0.031217937469482423,0.4547976016998291,0.15949745893478393,0.6621276330947876,0.33201891768287933,0.43267096921801584,0.7697287101526645,0.5459627550546362,0.29016082228885715,0.10592689994370466,0.021746419910341507,0.01277298551071816,0.022040553729262866,0.04246763476015379,0.011613995119447428,250.68382735228914,78408,0.08206123530864715,0.16383439614152415,0.11204246277900018,0.026363206489218607,0.01893830808940626,0.7907569998502733,0.9616941672806839,0.9336139931272497,0.7062362422545747,0.5412691579529303,0.011033342196606096,0.012051939308567312,0.010841636571849403,0.010256457145118867,0.01094848960777051,0.06821994922589511,0.07871145091010072,0.058845427749686895,0.056138469084786896,0.079209254621366,9800
0.00067124605178833,0.4413376545906067,0.15304277420043946,0.6430236315727234,0.37948877164337025,0.4358978486061097,0.7649091514460559,0.5517745473555155,0.299940486723671,0.0983284337748407,0.022978708809241667,0.013847124136598969,0.021584689759072795,0.04314534532913591,0.013522137361164173,250.69552011742866,79208,0.08177784133702512,0.1629465726649232,0.11383237891963555,0.029243784011056543,0.014175590387355356,0.7848121184110642,0.9623626432395334,0.9379739579700286,0.7168458916094838,0.497454188569054,0.01038074220530689,0.011396774019715665,0.010340454717654563,0.009562394555601083,0.010184941437895086,0.06723938220646229,0.08048818489362308,0.05275847051691794,0.05997716070732517,0.0765319472490884,9900
0.033454298973083496,0.4508133029937744,0.1358563256263733,0.637272503376007,0.34686790374578813,0.4424424536526204,0.7766259321525915,0.5612215180146066,0.30332178261020354,0.10258431351208618,0.02249919355846942,0.013491161549880868,0.02093362346576732,0.041885914336336774,0.013040155504255545,250.71082961540625,80008,0.08317757477983835,0.16449784083449437,0.11751120961739116,0.029787614900102375,0.015431130238055722,0.7928028303384782,0.9628255904017399,0.9388021501627832,0.7309277839589827,0.515198194283121,0.010949679526966063,0.011668242201375864,0.01097313747251113,0.010470075175479645,0.01067067032922654,0.07167278672684917,0.07824733159829164,0.06910720732760438,0.07072151631709309,0.06851788884415197,10000
0.0005984282493591308,0.46486287117004393,0.15310899019241334,0.6673600268363953,0.34075284756653823,0.450089482218027,0.773967125853479,0.5463771583797699,0.3057560730393569,0.09941973856832148,0.023063928093761205,0.01209596463069681,0.022179624804102627,0.044235302333600186,0.012354260211336543,250.71558488681165,80808,0.0839388202689588,0.16411950097279837,0.1122754267207137,0.028317079013720676,0.014988903463239492,0.8013402181863784,0.9639774661709147,0.9330827658240857,0.7293372647006909,0.5151381076440303,0.010287705557420852,0.011122844663363139,0.010194746831952173,0.009471931261941785,0.010361962656892808,0.0566470812250918,0.06388456010503482,0.05372160698581109,0.054484360328847195,0.05421019823108897,10100
0.0006252741813659668,0.44661144018173216,0.16273584842681885,0.6566141772270203,0.4361722726345706,0.42711043551564226,0.7698416998705913,0.5487623524847369,0.30186193362927755,0.1017157310353858,0.023111507287248968,0.013466217247865247,0.02188603377896291,0.04180350298927699,0.013576861489944312,250.72430656164377,81608,0.07906090434640639,0.16405967607633362,0.11235669493523949,0.029713685533573984,0.015091132499724252,0.7826227831840512,0.9605690882992497,0.9377164883056867,0.7276579611737957,0.5103394544246238,0.010332775712013237,0.011416812820993749,0.010064797556301968,0.009702154236272891,0.010214463833776503,0.06359982023015619,0.06945276811488504,0.06140946727576972,0.05679558506760166,0.0674025229444461,10200
0.030019991397857666,0.46119978189468386,0.162677321434021,0.6731986498832703,0.4077799193861152,0.42851159036159514,0.7735524132623153,0.552234781746889,0.29903241032973343,0.09983718951327217,0.023578874310478566,0.014645107827575216,0.0218078360363991,0.04456294183738721,0.01410236733331197,250.73147639365376,82408,0.08062635214999318,0.1658209011932115,0.11360008363148685,0.027728566298118013,0.016856209962102388,0.774169728159905,0.9568123281301566,0.9367997796092206,0.7120567651895373,0.500753168610559,0.01079512176569551,0.011751926997816887,0.01045910491088602,0.010224400515644225,0.010735961169922259,0.0653967549616937,0.07072373820602165,0.05854032356022911,0.06735211179460376,0.06502509119769706,10300
0.0006289172172546386,0.45342966794967654,0.15874571800231935,0.6618942975997925,0.32661099943998784,0.4369371388852596,0.7779181029611417,0.5617058145515813,0.29607784837484347,0.09861404382562278,0.022819477207958707,0.012792242754214592,0.021025804263837464,0.04577955473214387,0.011788757867770741,250.73750283311418,83208,0.08171657210215923,0.16497188922270994,0.11724471883271552,0.025588323501870024,0.0161125588994284,0.7834208178520207,0.9627501278826329,0.9394611915961132,0.7020606943964958,0.5224575351942609,0.010735029825009405,0.012095454657558825,0.01030381805343828,0.009529006120283142,0.010968054923687489,0.06899233958218251,0.08532425732514587,0.0609581921471822,0.058414118168875616,0.07068775213195888,10400
0.036736984252929684,0.4757389235496521,0.15575795412063598,0.6834624433517456,0.4019228636470056,0.43825426071882234,0.77637013822794,0.5452439294063617,0.2903613526962305,0.09691442380989758,0.02440026307478546,0.016150400843471285,0.022623146177336042,0.04641814899973963,0.012919877633272169,250.74414333414518,84008,0.08223347976803788,0.16519664719700797,0.11166275754970095,0.027094559996437853,0.013908764476367144,0.7780750238895415,0.9587543547153474,0.9322298387331618,0.6857147913230092,0.4924938335854523,0.010373128480277957,0.011396273423451937,0.010253099342142894,0.009948261773311776,0.009851527472917907,0.05706156304106118,0.06198276855517179,0.055951331534223346,0.05644412140214914,0.053737717159893575,10500
0.0006330633163452149,0.4447852659225464,0.15840410470962524,0.6496675896644593,0.3842549838998989,0.4229243935644626,0.7711236582259939,0.5528095032924261,0.2900644940967411,0.10134585296184234,0.02218681711703538,0.011921432440761815,0.021334313157086206,0.04362923299087231,0.012980036793862554,250.75848079524576,84808,0.07999454228207468,0.16396363132228758,0.11399902420548297,0.02789367850241012,0.0182612752771451,0.7748765891790388,0.9647811428465023,0.9387870470682783,0.6990186117359051,0.5173780280099785,0.011072683772072186,0.011915320666939613,0.01093141630244178,0.010386662785751136,0.011043543503248082,0.062322871880605785,0.06841039984496401,0.05358604460190502,0.061056808141281,0.0658156753915576,10600
0.04596331119537354,0.48541157722473144,0.1508176302909851,0.6865390610694885,0.3655528748024066,0.42102938845753685,0.770038129103304,0.5527391978064361,0.2971585438303327,0.09613471293637348,0.021854731682688002,0.011751597239212559,0.021475476307832485,0.04596032661325098,0.011221061158623254,250.76620095230084,85608,0.07908051744103434,0.1647634008767628,0.11466064980747757,0.025968349712101102,0.015268455368575748,0.7722590744495389,0.9613891824929401,0.936189094672397,0.7070418981754263,0.5128983404185317,0.01026244529057294,0.011290691002751842,0.009891611678354749,0.009502468843256,0.01030265431440025,0.05468841057270765,0.06164844154916473,0.0514987854439081,0.05088741328243329,0.05444725693899905,10700
0.0007579779624938965,0.4580786037445068,0.14505011081695557,0.6509704113006591,0.36472297573095275,0.4378728964924813,0.7696561716613972,0.5537817963456683,0.30725077131224177,0.09468224659682274,0.021945029161870473,0.01294626295078956,0.021540267244640712,0.040595411772125854,0.01192414302188623,250.7724952460133,86408,0.08354661297053105,0.16466264223865199,0.11525123523531763,0.03334796030149996,0.014894614103800979,0.7894345378875733,0.9598927850498576,0.9353507546197,0.737684790555596,0.4919082567255982,0.010893498205114156,0.01184761121927599,0.01097379800805871,0.010250841664519105,0.010496831524075672,0.05704183345194909,0.06339895169869927,0.05454840345835661,0.054520857574768024,0.056213542275751614,10800
0.02849721908569336,0.48000075340271,0.15183036804199218,0.6846026802062988,0.3755176826966905,0.42710136532783527,0.7767095360159877,0.548513868404309,0.3092500372373283,0.09539181099583703,0.02207748480141163,0.011959205141756676,0.022032599179415472,0.04307480384338294,0.011857306460539504,250.78070775398126,87208,0.08169907508417963,0.16577980570495154,0.11198858856296663,0.03155230363274004,0.021593189761707814,0.7801830515265463,0.9605069497227666,0.9355290482181529,0.7373465278639869,0.5077478176071524,0.012504336298443372,0.014431614053901295,0.011227883313202262,0.011320088617971645,0.012952013715125976,0.07111490627285091,0.08855896294116987,0.05717635912216072,0.06707161805363158,0.0710104564049592,10900
0.0007335686683654785,0.4483339023590088,0.1726601791381836,0.6718713045120239,0.33659565829711824,0.4268987765908242,0.7717566734010523,0.5468465272643145,0.29853767837910755,0.09465106543547538,0.022753815231844794,0.013554696772115855,0.0223055730983255,0.04410875738065515,0.012757840758870145,250.78640279286847,88008,0.0801280952617526,0.16391060982990757,0.11206375193840633,0.027163533224938384,0.016208644328379207,0.7700591796636582,0.9617960609570901,0.9319646378646147,0.7145858932943897,0.4762859628177606,0.01049266643822194,0.011163194198161369,0.010535291265606301,0.009806892754918431,0.010428492606689157,0.07114489746047184,0.08224888760102629,0.06782035181942224,0.0691798813578817,0.06564994030206714,11000
0.030396008491516115,0.44322667837142943,0.1734460186958313,0.6677739524841309,0.3885871830741446,0.43586696103215217,0.778109005440113,0.5488248703866033,0.29405930711163414,0.09390684987999788,0.02514977226033807,0.014246580600305358,0.022373732590433935,0.04822851474914286,0.012157397537662021,250.7926545584153,88808,0.08056707827374335,0.1654200741024903,0.11276080908888551,0.026615855432012038,0.015003283527417328,0.7706671476364138,0.9611537079478419,0.9339072041671372,0.6884030710326295,0.48522425850452,0.010296158690471196,0.011761570505278048,0.00986717650328643,0.00947212871371044,0.01000406485673514,0.06433201013365757,0.07291111652414467,0.06010048191047493,0.06353842904998197,0.059312625723834375,11100
0.0006836771965026856,0.45334027528762816,0.17358509778976441,0.6786526799201965,0.3382274347933946,0.437150383889675,0.7769316385909557,0.5569312582508879,0.284402416404629,0.09656132364011918,0.022469833353534363,0.01231702130989752,0.021151917100024308,0.04493842884430092,0.012594869365128346,250.79829289172758,89608,0.08248140972107647,0.16481770567847934,0.11436899017112749,0.02576817642331747,0.01627521190705911,0.7729872268438338,0.9620434086103937,0.9399995001462791,0.6821405020059714,0.4816395007457931,0.01127499442081898,0.011367362150067593,0.011587175359286798,0.011197010228283583,0.010918505893079269,0.07288766310608477,0.07821404073777692,0.06558106558077276,0.07268125593207571,0.07524145633155079,11200
0.0006838011741638184,0.4361787462234497,0.17355720996856688,0.6634115767478943,0.3956333510913539,0.4248292843997479,0.7778930018891347,0.5456368552012878,0.29178723959780484,0.09947996850357135,0.02342829572036863,0.015226889324916915,0.021587696887383427,0.04408536370917786,0.011984219833697908,250.80500917903515,90408,0.07852464310824865,0.16515791448918016,0.1115369024263187,0.026141599118385227,0.015067988750170255,0.780541858971119,0.960299362848093,0.9382497757673265,0.702046699784881,0.5184399449280674,0.009880666127428408,0.01099341134745423,0.009833466104993763,0.008932944271361359,0.009872323325196962,0.06141373915132133,0.07208802482461205,0.05774193608879367,0.05858517473387486,0.05853870427377789,11300
0.032501189708709716,0.45485185861587524,0.17279372215270997,0.6799768447875977,0.37612189220466186,0.43710458964109417,0.7670299165909829,0.5575158614313824,0.2985516228566041,0.1011502816037713,0.022381733702495687,0.011869231561696775,0.021320929777158344,0.04529572161110608,0.012150908302401706,250.8194353889661,91208,0.08386773701757191,0.16316948270443649,0.11629341207093223,0.029360178534529695,0.01990467727027491,0.7843849754333497,0.9640444573199396,0.9368218551829175,0.6984094384469489,0.5176886414386785,0.011684531327337022,0.012535234532863045,0.010463615404969128,0.0106914735913865,0.013091026724563266,0.07480024211574346,0.08224442382665849,0.05717842489753343,0.06725386414235748,0.09350387660349362,11400
0.0006859493255615234,0.4338164281845093,0.16798916578292847,0.6569823980331421,0.33798951491356993,0.43258533403277416,0.7687048943876056,0.5528461451257639,0.2990803913517321,0.09435234514996405,0.022236876999959337,0.011788344851613619,0.021821051534839795,0.0449467671871031,0.011501725451089451,250.8278110011965,92008,0.08197712250053885,0.16421552204970025,0.11378447513156269,0.029683230965943545,0.015768789063440623,0.7783878594636915,0.9625341093655929,0.9357733981526314,0.7121371472437761,0.4944766932725907,0.011027586795389652,0.011672899868447802,0.010950288559259167,0.01047571782514917,0.010973152613732962,0.060881924689747347,0.0662480315342726,0.05794242547537707,0.061223825755881416,0.05797909682150929,11500
0.02958868980407715,0.46097986698150634,0.15853912353515626,0.6728095054626465,0.3908927541119741,0.42902865514159205,0.7647126161774919,0.5584529399250949,0.29639681536338197,0.0923186304047703,0.022167253568768502,0.01236785386017588,0.021129850111416687,0.047965632568549535,0.012362402294423765,250.83548156541357,92808,0.08227377377450466,0.16388651125652853,0.11675295066864544,0.027493681769408928,0.015502025452654148,0.7641571855545043,0.9605498316676124,0.9370472555359207,0.6960710700536739,0.47488258941607064,0.01119519931729883,0.011592457151083745,0.010982805424040022,0.010796624421535016,0.01130575681824915,0.06474746192805461,0.0690227976935201,0.05910526153456888,0.06631220306533611,0.06426293951543895,11600
0.0007555031776428223,0.44993345737457274,0.15767482042312622,0.6625351786613465,0.40391614750584326,0.42900169193744675,0.7677573060866484,0.545379706956808,0.296838243722642,0.09449164031052978,0.023425422199070456,0.01343937199706808,0.022384459121170815,0.043908051467167385,0.01071398781745562,250.84137888295052,93608,0.08054679583758113,0.1631327362865517,0.11155711532145447,0.028940517491652443,0.01923015268754911,0.7823604345321649,0.96511589405463,0.9299608992720113,0.7105991069329988,0.5064467666568337,0.011377598335966466,0.011777658368336016,0.010284917110360224,0.011571780844685547,0.011955339540880955,0.07502779955160802,0.07635542255893508,0.06538894935002443,0.07257400344525371,0.08746171070155329,11700
0.03109182357788086,0.4750958228111267,0.15592064142227172,0.6821512055397033,0.3657535624581451,0.43277177602052685,0.7719841596652872,0.5445925166357803,0.2917806005494281,0.09751031235223862,0.022795247817412035,0.011274742746708102,0.02202348762761745,0.05000892098338063,0.0113054060979133,250.84887001410422,94408,0.08261370252817869,0.16553683332958324,0.11169774711725135,0.0267197464178265,0.017965427832677967,0.7699221569299698,0.9603735863600128,0.932108064196003,0.6664864948162664,0.5057768882774729,0.011187215652316809,0.011685741131791395,0.01058548307555974,0.011262715341277676,0.011194629812749421,0.06677539782598611,0.06539817116188133,0.06159256244384088,0.07090732129802413,0.06961301681472029,11800
0.0006651759147644043,0.4397821807861328,0.16786054849624635,0.6591695427894593,0.3643719271067077,0.43614593461155876,0.7787609334805567,0.55622272581483,0.29964673733680103,0.09985874533580927,0.023287832643836725,0.013437764735680553,0.021726499440167878,0.04898149779076194,0.01100943636406864,250.85565915287563,95208,0.08155297512188557,0.16525672623331542,0.1152136794989928,0.027693659019612585,0.014382015754360223,0.7766343969106676,0.963047685216389,0.9346477103730046,0.697402158644811,0.5118848499163833,0.010656498526223005,0.011436392824602497,0.010647798611898905,0.010130949567086718,0.01035306424363652,0.06888650352717378,0.07107265173872467,0.06737712298430168,0.07011135406511788,0.06691843235652746,11900
0.03132116317749024,0.4688875102996826,0.15690677404403686,0.6802206873893738,0.39774427920350647,0.4296143846213817,0.7671457217498268,0.5458661265425626,0.2910372432476531,0.0955954509000611,0.02171316401101651,0.011760163043667992,0.022083484368132685,0.04404959928069729,0.011196981085853165,250.86076713097907,96008,0.08120584677904846,0.16397393162954946,0.11169726377005101,0.027360346778247422,0.016059826134966274,0.7741437894105917,0.961990009654652,0.9351745018592251,0.6954660580183067,0.5045921695463867,0.011009294334799047,0.012461041428402745,0.010205366226568157,0.010023536555915296,0.011087915930191724,0.06627822492271664,0.07620701842348687,0.06114114593755413,0.06072496617465122,0.06538909620795287,12000
0.0008059811592102051,0.4672035622596741,0.15874526977539063,0.6788230347633362,0.3482754872486083,0.41235228285193437,0.776788502607656,0.5407627272227453,0.30452082556887305,0.09775458425113323,0.022086570393294095,0.010329080893627733,0.021885137906465586,0.04449993024508541,0.01085127321110196,250.87279157430612,96808,0.07707957986742256,0.1658392159025306,0.10950441599365267,0.028664346117203886,0.020505614745639007,0.7721083736419679,0.9632859690033865,0.9372092807103718,0.7210936953242011,0.5174522252931985,0.01120119549334049,0.01271487347801904,0.01113423732942138,0.009963492992728088,0.011162750123145245,0.06742023706436154,0.08151161048115933,0.06543504849332511,0.0586451052759702,0.0656285263028115,12100
0.0008037853240966797,0.45042441368103026,0.1593002200126648,0.663746132850647,0.32471979471860113,0.42651912868022895,0.7649550144488995,0.548656915506108,0.29840191220625817,0.0954796438712386,0.023193484386429195,0.011674309672357937,0.021886831405683996,0.04745475095816142,0.012190412582866671,250.88199394338054,97608,0.07968930654227736,0.16299786055699353,0.11297487392665093,0.028053928140359796,0.014351231663427614,0.7716043263673779,0.9638637952315503,0.9355556354568338,0.6949351579715045,0.48898776194349414,0.010043184533715247,0.010956368301636888,0.009798961927731064,0.009631044892833009,0.009811039856491397,0.05597790809348225,0.06554813704763847,0.053382759789031675,0.05495723275802076,0.05038200281977432,12200
0.03316858053207397,0.47985937595367434,0.15206200122833252,0.6860379719734192,0.3407941680366554,0.43892070159316043,0.7717022887298044,0.55646031612859,0.2988912617689685,0.09577466020056498,0.021337125813588497,0.012546169141396182,0.02066008084654518,0.04223042330949713,0.01120698050125407,250.88784516594973,98408,0.08364828694611787,0.1647665257255235,0.11587753676462408,0.02930702543327289,0.0158689112559303,0.7823574107885363,0.9599855278219489,0.9395133668885515,0.7105355679988864,0.49809428623744395,0.010950091034173961,0.011051815111810958,0.010786425155660534,0.00991962236401282,0.012010370780314713,0.05998735143803064,0.06784602320708692,0.05455012926512267,0.059614471027529536,0.057587961283778494,12300
0.0008208298683166504,0.4567618155479431,0.15908534049987794,0.6707640957832336,0.36989160874594806,0.4444409805536268,0.7794894051427641,0.5543580742693751,0.2963178006864581,0.09471334653806554,0.02307004568167031,0.015680912087797556,0.02170232322239198,0.043341764538437896,0.010820271513072282,250.8925966293905,99208,0.08537180013954637,0.16498293681070203,0.11516910741309161,0.02839547457713925,0.021074248877706495,0.7887001407146457,0.962066580541432,0.9313679733196217,0.7030854626640752,0.5021596153577169,0.011865442972630263,0.011768312523296734,0.012158887840400463,0.011418080678779065,0.012064031054302635,0.06810866593383257,0.06504012097623973,0.07161003875960957,0.06858365667665403,0.06621126867935993,12400
0.030630905628204346,0.47794318914413453,0.15981916666030885,0.6893170189857483,0.34392273717362176,0.43961752369999874,0.7700716331230469,0.5511466430903575,0.2874574064112761,0.10488476526787442,0.022888798117637634,0.013905733182044026,0.02157244215663606,0.04347269934620342,0.011046828029760982,250.8955287750503,100008,0.08327183745801439,0.165501794856579,0.11327886844079614,0.02735547276725081,0.017918977401156506,0.7886723667383193,0.9580123036061949,0.9367800981218364,0.6873962078608716,0.5329624454626877,0.010880531575530766,0.011940565752560523,0.010478331409137231,0.010408919852446104,0.010714348193697551,0.053332951245829444,0.057708371666941156,0.051099085841276405,0.05438778489627236,0.04990656486074075,12500
0.000895233154296875,0.4646612238883972,0.14852874994277954,0.6667729210853577,0.3942983672175527,0.41874874517321603,0.7635370529427822,0.5572880538561011,0.2911778256573062,0.09304824571060662,0.02330155353993178,0.013131561570287668,0.02107153427837194,0.04437033859236792,0.01269385258501194,250.90229219956922,100808,0.07761377409100537,0.1639903155060448,0.11548750038428972,0.02690609828008479,0.013151112274211457,0.7581861603260042,0.9579946310544498,0.9392796581791293,0.7003511874764056,0.4594064832913994,0.010044289217330511,0.010945434366086753,0.01021664758883817,0.009505327086016127,0.009587520475287246,0.06923479086253792,0.07035116096055706,0.07109060743823645,0.07317470494416305,0.06222978163519782,12600
0.030665371417999267,0.4774622082710266,0.14934670448303222,0.6793271589279175,0.38493646969654766,0.4210177555680277,0.7710784400246806,0.5480076287473952,0.28993120108946013,0.09658318333844157,0.023086960474029184,0.012115738646261701,0.02166185988236826,0.04678983735189272,0.010599526249351784,250.91043026681027,101608,0.0789660545252264,0.16557595141462456,0.11230060800301776,0.027484363974788446,0.016452682663290058,0.7694390574097638,0.959645223986242,0.9367777988010518,0.6833681226349795,0.5130250076256172,0.010840184185653936,0.012312299550328523,0.010599619031845751,0.009929903628429987,0.01059710866734755,0.060051478052046144,0.07188274459577329,0.058609244178467426,0.053452396570579486,0.05688326556632059,12700
0.0007247471809387207,0.44792632102966307,0.15947905778884888,0.6581199359893799,0.3144935049830394,0.44528306916356086,0.7732240095812611,0.5523465916890065,0.309241485977784,0.09534142835235061,0.022173466421663773,0.011484090967776724,0.020866552551723067,0.043423804674202066,0.011996762873340306,250.9174887200702,102408,0.08391769230365757,0.1651815215018409,0.11359583721065712,0.03219417855501749,0.01290232701020696,0.7910721009969713,0.9593833435268299,0.9404251016989474,0.7223099176700304,0.4826355369930915,0.010163022913038723,0.011419889275764764,0.009940432392436421,0.009552159146047557,0.009776849635686216,0.05999533986323513,0.06914385564622826,0.054123034206230755,0.05925220860920559,0.0588314354675028,12800
0.02955075979232788,0.46863335847854615,0.15988219022750855,0.6786107683181762,0.30739302614139846,0.43121754989028,0.7662178015354829,0.5521890330197187,0.29590479314327195,0.09703954947300447,0.022124127252027403,0.010978941050690073,0.02161122666983842,0.045584837575443106,0.010141071734520106,250.92355949253704,103208,0.08140601281076668,0.1655031238304506,0.11366265843360886,0.027768325518118222,0.015723047261006953,0.7790160769224166,0.9585753794353787,0.9357311907660198,0.7026719629764554,0.5081682486411855,0.010556872407905761,0.011386551368649635,0.010289531985637304,0.010045043467544021,0.010500671093662588,0.05603209461318329,0.06248700192387188,0.049407048571827296,0.05812802906846625,0.05409263911871959,12900
0.0005694103240966797,0.4459983205795288,0.16602972030639648,0.6619730305671692,0.40664046880917964,0.42445705011487006,0.7714415256570026,0.5494148961227874,0.302219320033024,0.09324620330617532,0.022181432563811537,0.012664785712003357,0.0219431517838055,0.04236034348848001,0.012366170691148856,250.93017438025245,104008,0.08099608402699233,0.16390995681285855,0.11194255279943995,0.031148688930239702,0.020652426717181992,0.767400361895561,0.962958844405849,0.9351553499050762,0.7219347805526124,0.4730297602358322,0.01234783359803259,0.014045989399821294,0.011454423737671712,0.011195996210942818,0.012575380215864806,0.07455507154576474,0.0851226157168062,0.0646504983609623,0.07971120259692129,0.06798227425842053,13000
0.028749964237213134,0.4422881031036377,0.1775336170196533,0.667783100605011,0.31981605919254247,0.42366875305771823,0.7679820322990412,0.5562144973088264,0.2909900891364264,0.09115176367193042,0.023517513005062947,0.010568202221766115,0.02129335277505332,0.053271812852472025,0.011792717914713516,250.93631397429417,104808,0.07989222757518294,0.16441551744937896,0.11487526494768717,0.024414307655646436,0.01596098288373381,0.7549866372346881,0.9618015962839119,0.9380315951446989,0.6718567561718727,0.4606539122935197,0.011130889276973902,0.011713170609436923,0.011970422429899066,0.009657423162171915,0.011078599451258437,0.06770881589502098,0.07147109140641993,0.07310864825580103,0.05560157830095899,0.06965306371520391,13100
0.002361314296722412,0.47390700817108156,0.1597426390647888,0.6838868641853333,0.4106638639102062,0.4170703940093516,0.7812201725112062,0.5500983939382239,0.2910757121294057,0.08899561483224842,0.0231613517459482,0.011890105548728675,0.02111411994102919,0.04597507031064601,0.010273513240702074,250.9440812163405,105608,0.0771488513797521,0.16420953232381072,0.113556568497067,0.027860185164388398,0.015191924345510253,0.7651641786098483,0.9672406885359026,0.9375047736567222,0.6891296816198788,0.4888644022773009,0.010274185747839506,0.011168731249765402,0.009977651353962157,0.009922696896254597,0.010153753172625046,0.06645886761136356,0.0742678859581551,0.062361750848077484,0.0647485308587279,0.06545207543637271,13200
0.0005700159072875977,0.4411874556541443,0.15435115098953248,0.6432004523277283,0.37605077352071553,0.4178773497045041,0.7823431784880228,0.5453341771358553,0.2931032708445607,0.09125400619039982,0.02428033498115836,0.015240725804921544,0.02214273671350347,0.046820552614719985,0.011488700041253798,250.95279092640482,106408,0.07646718811243768,0.16524606252182789,0.11103584476133098,0.027606578048876524,0.012076753973869116,0.7605149143934251,0.9630684999114306,0.9357100914439885,0.6829939594015411,0.4788576038600191,0.00942902042530477,0.01073902235860682,0.009341569509251276,0.008694131208520726,0.009114162617918153,0.058739103637635695,0.06518115495544906,0.05320028444725613,0.05707018731098965,0.06051757330708023,13300
0.029596590995788576,0.48621000289916994,0.1541407299041748,0.6910276341438294,0.3580541343850372,0.4239504821598529,0.7730885715019405,0.5503251774891001,0.2995221065167258,0.0942090534404895,0.022166608469560756,0.011444769072823399,0.02224901901004283,0.04575658107784636,0.010760516970566358,250.9665858155898,107208,0.07916756507009269,0.16415377310136456,0.11335355832770064,0.0293422017284498,0.0138366781610334,0.7676613372564316,0.9633169555082552,0.9310804821349477,0.703089390786326,0.4981013335914261,0.010772946625947948,0.011344845558902842,0.01036369207038266,0.010510713458346319,0.010819070515544904,0.07515689227962864,0.08099559003646228,0.07039299517165164,0.07074572763771617,0.07772220160037498,13400
0.000649409294128418,0.46647757053375244,0.14253780603408814,0.6566945910453796,0.3439603648777659,0.444657406806946,0.7752181214314927,0.5585657016274893,0.301901733353734,0.09551347466434702,0.022160553727298974,0.010950105044887293,0.021323431439243916,0.045050470856949645,0.011510214633881084,250.97866586934063,108008,0.08408870896324518,0.16532559734251748,0.11659140151164253,0.028167723877122616,0.015821322018061485,0.7863382887840269,0.9616986035748764,0.9351111117958414,0.714627158641815,0.5037508737594688,0.010737829401623458,0.011825442909159588,0.010501123571220026,0.010148292252561086,0.010361433469934418,0.06092476891586556,0.06406601390120124,0.059736262412439255,0.058402486232807804,0.061246070525245375,13500
0.029610283374786377,0.46905821561813354,0.1645054054260254,0.6817067909240723,0.32568700753257845,0.43383306652307496,0.7765418270334086,0.5484241477533242,0.29722064230591055,0.09382092318264763,0.02333598631434142,0.011556821124655996,0.021707572517601643,0.049318902031518445,0.010357395726411308,250.98542466155266,108808,0.08154741641134025,0.1652746050808561,0.11247524863855854,0.026006598101230335,0.01840646638083855,0.7784348779916758,0.961582346342096,0.9339379216161899,0.6970944997668267,0.5037802156681813,0.011251311958767473,0.012195635943752321,0.011265903191667976,0.010047203996218746,0.01150127074167054,0.06904923561029136,0.0728263096531751,0.06895082340922191,0.06783398858737205,0.0664670941914665,13600
0.0006293964385986328,0.4416873550415039,0.16015287399291991,0.6520230555534363,0.3216827405638112,0.4338296215236187,0.7716438629560998,0.5494243061856217,0.29113215264497366,0.09364202908449337,0.023064053859561683,0.011712279463945712,0.02142606857477834,0.04886670168395143,0.011096075057213639,250.99232534089458,109608,0.08244456218555572,0.16540585527265522,0.11337326490565358,0.027478779172242604,0.016562582352388746,0.768349049091339,0.9585441519264818,0.9350181190591104,0.6777310106489394,0.48872202604400833,0.011201635119505232,0.011781602793942306,0.011171563013799872,0.011152905978808044,0.010640864977993226,0.059946584776043865,0.06837914197671194,0.055224763160865546,0.05630765451739231,0.058906900810495925,13700
0.029074904918670656,0.4704781603813171,0.15555255651473998,0.6774049162864685,0.34773036107880934,0.4351841309666634,0.7664714475760708,0.5515755526721478,0.2839192222431302,0.09716840914979162,0.023676646742969744,0.011441535071204389,0.021681237699410206,0.05047350924927742,0.010640650373455646,250.99994710131975,110408,0.08129401599988342,0.16430252149773114,0.11404797760769728,0.023603436388075355,0.013956346775631642,0.7771860492229455,0.9608384638592823,0.933608773236091,0.666867089271546,0.5150877498291633,0.010152700175531208,0.011219452153261446,0.009992753439851529,0.009656053518410784,0.009675838516370676,0.05684621336869895,0.06489570342580188,0.054710688492587686,0.05731307130306962,0.04973579793916764,13800
0.0005826759338378906,0.44439694166183474,0.15807242155075074,0.6524953055381775,0.3294830903621726,0.42703932836651776,0.7742538937588328,0.5584558695554733,0.2945488385893217,0.09563450373966119,0.021978660002350815,0.012331183466906703,0.020883936338163548,0.044597264180024764,0.00989198549811182,251.0060002449347,111208,0.08049541901797062,0.16484005779949656,0.11651132425459305,0.027902228282810883,0.016126741245710112,0.7775705665349958,0.960392561462737,0.9387204570345352,0.6987187957289211,0.5205728303035492,0.010450630802661181,0.011264543034635565,0.01018492600622374,0.00992377798318567,0.01045886140656222,0.058556224545463935,0.0648229111936519,0.05150135109975638,0.06031695877512297,0.05784410457562637,13900
0.028981306552886964,0.47575303792953494,0.16009395599365234,0.6856087136268616,0.33357498708351097,0.4279014244675635,0.7789627204437065,0.5474429036701589,0.30967599342311636,0.08900566727911334,0.02244279291480778,0.011377439709693777,0.022459756261386105,0.0429532410560083,0.010704639812038107,251.01415518356512,112008,0.078643806129694,0.16554851571817208,0.11180455579283488,0.030454105776587147,0.012792155728675413,0.77742148578167,0.9629140469697435,0.9325558595894446,0.7399993471430436,0.485184107203873,0.010033545782789585,0.011109958386675702,0.009757141729312534,0.009481971912777139,0.009801360134662561,0.05898139544995502,0.06555056269280624,0.058466849148849774,0.057682388534819974,0.05415099558102118,14000
0.000705578327178955,0.47493969440460204,0.1546946382522583,0.6797912406921387,0.30555986848044936,0.43084019318223,0.7673421165811913,0.549174574244282,0.29189981714864455,0.09173561116895781,0.0212834475375712,0.010693242640977886,0.021405260749262453,0.0431832588539838,0.010872334271117145,251.01978866147203,112808,0.08072447728365657,0.16501693953888133,0.11288580120257707,0.026883810533950087,0.012487553545606135,0.768455955982208,0.9605850798821232,0.9373013059730115,0.7106872743098582,0.4596332072013585,0.010274425805546347,0.011401694406832164,0.009999816728573618,0.009677422370986281,0.009890441878712805,0.058567417310550846,0.06399830609747978,0.056711184574574545,0.05694719617858756,0.055954538281052256,14100
0.0007157778739929199,0.44782557487487795,0.15684494733810425,0.655391719341278,0.33532214567835794,0.4283768975734711,0.7643801619153502,0.5499821600076316,0.28900882985908555,0.09185486573998518,0.023121285354718565,0.010623821284869729,0.022218022213594344,0.051269527408294366,0.010863179596504432,251.02733145418017,113608,0.08017069149762392,0.16492168748870897,0.11363807183665198,0.02382546671287855,0.012615084205186219,0.7625287669897084,0.9597785601375298,0.9308700564745307,0.6739652976393699,0.48379993467796145,0.01003324706107378,0.010711803092458937,0.010244072110366974,0.009300290066069765,0.009807880690730205,0.05334683494409544,0.05892503041231477,0.052046488081985996,0.04936732740073543,0.05231553253308848,14200
0.05936339855194092,0.4553238320350647,0.16223246097564697,0.6762023258209229,0.3302856291560104,0.4217130419611929,0.7646125995991182,0.553502559661865,0.2894024560875432,0.09396264491216196,0.022023775344714527,0.01186104835253398,0.021131186639299464,0.0454206803146212,0.011644785036552563,251.0362708585208,114408,0.07919191155582674,0.16389025375246996,0.11472257562890288,0.028201472642956003,0.011505830179645135,0.7608864998817443,0.9606803725568619,0.9365145729809276,0.6787115003973406,0.47882692178465275,0.00968066083267331,0.010653884803439132,0.009704295184644971,0.00915297259760891,0.009223494604054212,0.05627116749587002,0.06283200875266781,0.051441133883781714,0.053621345895335036,0.05721337807816146,14300
0.0005917692184448242,0.45955623149871827,0.15512855052948,0.6654384279251099,0.3668485766898711,0.4288746157288552,0.7689258566180477,0.5491431274197315,0.30332433416231286,0.09410248917496591,0.023359335283748804,0.013761864033599996,0.0217236671831948,0.05034073746788337,0.01060759052259063,251.04179299188192,115208,0.0811334611661732,0.16478953691362175,0.11310569607097688,0.028475420141743635,0.015626747890538865,0.7675128120183945,0.9577375494160696,0.9336697709078747,0.6994664630374394,0.48553748096899935,0.010939244413748378,0.011472094530529043,0.010596068354906753,0.010889180384676997,0.01078494858897128,0.07180820439476518,0.07580009023478082,0.06447910702072382,0.07661836736306951,0.07057101315249342,14400
0.02788431167602539,0.4726447057723999,0.15534273147583008,0.6769460105895996,0.33056800004017595,0.42015533030033103,0.771848845976005,0.54965777318887,0.29186479550837297,0.09452102275995113,0.02295327646657825,0.011695491362343803,0.021797341835506336,0.04628554702185059,0.011952513200902536,251.0508598346903,116008,0.07800581432878971,0.16441990211219984,0.11247798345155191,0.02707835728423071,0.014222211251483085,0.7611127233505248,0.962005445685411,0.9359073810505142,0.6939567374945873,0.47321232666189855,0.010169127974659204,0.010904717459367502,0.009903940120523785,0.009644315867633802,0.01024617440774677,0.0663371680723503,0.07325013683520143,0.058686774254616624,0.055455564185328314,0.07772071319721785,14500
0.0010507583618164062,0.45797826766967775,0.15195365190505983,0.6603420090675354,0.3455735086997543,0.4172073099017141,0.7675744922537562,0.5472241251801073,0.29057661356294834,0.09193604802496205,0.022588074812665605,0.011452454993942462,0.021889803604258663,0.04828768450129323,0.010751708022990199,251.05787719219643,116808,0.07759451039135455,0.16413426838423067,0.11208550214695812,0.024249686366494955,0.0141470750512252,0.7620315915346147,0.962446294332805,0.9339316894228643,0.6881863490782957,0.4828457571739374,0.01005975408479572,0.011392691547639276,0.009661332816064653,0.009366547233141212,0.009870187513703528,0.060853336772997896,0.06776593959994479,0.05532276723981617,0.05886817483055865,0.06182165867540726,14600
0.029377667903900145,0.4712897491455078,0.16090760707855226,0.684804048538208,0.34814286832951746,0.4282511878013612,0.7727724224189073,0.552036957626932,0.29374297383223086,0.09665501729199072,0.0227737726084888,0.010960306818137906,0.021384160123305046,0.04847507469593455,0.010678911789479419,251.06341687723375,117608,0.07904975006356839,0.16502107756798248,0.11413607830077072,0.025604610641797376,0.012442672268555659,0.7706740176677701,0.9623558969005174,0.936054336555888,0.6915008545506232,0.5067002988443143,0.009839926562272009,0.010625366910749902,0.010014637912299194,0.00925186971047272,0.00945732257805946,0.06206360567826775,0.06960157219303054,0.06247117108236371,0.057685541566552666,0.058234296259811046,14700
0.0007786822319030762,0.4572439217567444,0.1474526882171631,0.6564406299591065,0.3188411389456854,0.4301090957224369,0.77861150717124,0.5537534423594205,0.2894175842181961,0.0869238002924249,0.022370983147993684,0.012698190046760899,0.021034269268571774,0.044792686741965904,0.010198148058407245,251.07166912068345,118408,0.08098228871822362,0.16598428525985826,0.11510202801733647,0.026849860010381362,0.013648143682075906,0.7681740784645079,0.9605333716441418,0.9342662647085372,0.6915106891992674,0.4696726892143488,0.010254869898781176,0.011062806522330418,0.010249063620818254,0.009658820394296847,0.010064709689080095,0.060790731669403575,0.06326604082655064,0.05669096209117616,0.06323693803423525,0.06024270242778581,14800
0.03059849262237549,0.44636485338211057,0.13905560255050659,0.6358101010322571,0.40044743982520825,0.4296522068977356,0.7626990017466523,0.5483111512159629,0.30326584363218567,0.09971199832701429,0.022967625400051487,0.011006079260649945,0.021814362261287662,0.04635408709715746,0.011425968414793404,251.0780390154688,119208,0.08180825762450691,0.1645462990431262,0.11297202651676176,0.029049674866794422,0.020547735153134763,0.7777052950859074,0.9602471599404095,0.9329064048339275,0.7094103200682272,0.49533729907125257,0.011357733765617013,0.011541178759616551,0.010729525529857814,0.010782718009274139,0.01248339401111783,0.0538666533329524,0.055542859564540185,0.045854974735014736,0.05127128913282907,0.06387291772019434,14900
0.0008258342742919922,0.45713890552520753,0.15193687915802,0.6607236051559449,0.31843234723614333,0.42430097952485074,0.7728340354561813,0.5435215661368396,0.2875894536286736,0.09321025710514917,0.023355159070342794,0.011240488359471775,0.022037445035701618,0.04850146277011304,0.010483928436974092,251.09467101270488,120008,0.07926872979849575,0.16513339385390274,0.1112965067404176,0.02664398584865787,0.015038714927089006,0.7638276797533031,0.9605736249685293,0.9322715286676049,0.6708151764339872,0.49199585190841144,0.010356059884652491,0.011348090339452025,0.009885340326271844,0.009946089258174532,0.010249884281193415,0.05770519581623378,0.06339184012729676,0.05485873587126963,0.05658857636873557,0.05594276710489426,15000
0.03220983743667603,0.4479756689071655,0.16735021352767945,0.6668791007995606,0.3015366825433316,0.43602676957845704,0.7633498429687107,0.5567708334854349,0.2994818996284259,0.08846882513877173,0.021442091576755053,0.010985426321157845,0.02118746017921342,0.04686639860126723,0.01004220832797203,251.10160584303998,120808,0.08337813308462502,0.16436915636345106,0.11644737493763704,0.026973808264911362,0.014202993260047854,0.7768467241525647,0.9594977015002645,0.9348364144421074,0.7106310828438017,0.47979894977303855,0.010639406708069146,0.011862872706911571,0.010192357373544184,0.009798271680386035,0.010568984594214629,0.058290885767201,0.06841408860841015,0.05422327524267187,0.05109429540172444,0.05830245032218467,15100
0.0006100773811340332,0.46802218914031984,0.16187543869018556,0.6794557809829712,0.33923241701334944,0.41026413083076463,0.7700131234402459,0.5520723458774927,0.2899879485229461,0.09065308187936622,0.023560303021222362,0.011444579751696446,0.021693382334151426,0.04850020018519369,0.011110347655580131,251.10804185160842,121608,0.07546998631209129,0.16447544493712474,0.11399536263509838,0.025360793673877263,0.013787555142284127,0.743897150158882,0.9618760145579781,0.9335597753524784,0.6782716657513771,0.45665203277454797,0.009929999238811433,0.011475913532194683,0.009320623220553274,0.009281414791628298,0.00970237056269895,0.0607724389899522,0.06882219067968745,0.05651321683557672,0.06110662101358871,0.0567972459115608,15200
0.0007713913917541503,0.4619577741622925,0.1496261787414551,0.6638079404830932,0.3191255309413606,0.40647005826234833,0.7709135248000366,0.5464124843246583,0.3035455573594468,0.089754698712965,0.02489972575567665,0.013500663576681287,0.021178084068540763,0.048233858004334516,0.009249943944384453,251.1153875250807,122408,0.07352832861244672,0.16494333474750972,0.11225532091806585,0.028802118676363443,0.01395469696762107,0.760817458033562,0.9594669629292313,0.9369784473137537,0.6951867771930379,0.5021321591992064,0.009214202528819448,0.010450423108862645,0.009124209580778926,0.008611243105585094,0.009007492487975943,0.054840466721798306,0.06286075201091719,0.055439922306566,0.04632084397503674,0.058047195982488156,15300
0.029846060276031493,0.4851115369796753,0.15008108854293822,0.6867712640762329,0.34703974135214344,0.4329180406033992,0.769768803875621,0.5530907341612961,0.28467901139645946,0.0939948210172881,0.022428903942927715,0.010528854560106996,0.021942805678952695,0.04952337256053814,0.009954592250663832,251.12559227081687,123208,0.082683823518455,0.16391345146225705,0.11474920542172667,0.025211878585301932,0.01794834180636274,0.7694144505262378,0.9643286170029057,0.930765738464751,0.6627235129072859,0.494535393787153,0.011394126154482365,0.01183953195265154,0.011546262436686962,0.010402920399163225,0.011696206883179258,0.06526378237642352,0.0683537750482196,0.06360175054660934,0.06531471552679671,0.06379650771674328,15400
0.0008234763145446777,0.4562783217430115,0.15111760854721068,0.6567950987815857,0.38663826712261506,0.4037633691728116,0.7711032899313198,0.5444423650600468,0.2916874337141918,0.09291398724619768,0.024158545159734795,0.010934319094007529,0.021806074579588452,0.049564406467116864,0.010880457713955164,251.13472376231223,124008,0.07415715137496591,0.16471035328022268,0.11053959211828758,0.026341538816758468,0.0167182337540801,0.7491216212511062,0.9621549875930293,0.9365133588411373,0.6761712293102318,0.4796644088248132,0.010376605647616088,0.012056138572218114,0.010937086085560828,0.009164115258802974,0.009751260888373624,0.06426006144378336,0.07729544951093144,0.06302589488842959,0.05887092650787201,0.060410439135165715,15500
0.029103424549102783,0.4718625831604004,0.1646363306045532,0.6869229316711426,0.33589219179528745,0.433696814775467,0.7643085752482189,0.545531129760292,0.2973149526493715,0.09231679181794866,0.022380393948405998,0.011589329857964318,0.022339326637305403,0.0441141990037801,0.011134475395335134,251.14246145891855,124808,0.08155461687594646,0.1645963393268783,0.11086777648828576,0.028347045505000036,0.013834135235614472,0.7751932734251024,0.9594747137024762,0.9320275305166775,0.7083012080941526,0.45647030102240066,0.010097828418947751,0.010359961817440866,0.010306229373208312,0.009891233916506564,0.009778015708198412,0.05925088900257832,0.05829687823702371,0.0595186488855782,0.06123631158465746,0.05784879327449644,15600
0.0007748556137084961,0.4569079351425171,0.15303200483322144,0.6606916856765747,0.37961000006886986,0.4084833523631096,0.7726362130564194,0.5531343583997932,0.27880951490636147,0.09368329460047332,0.02423054400831461,0.011921873244041899,0.02078022389231546,0.051176665359498726,0.010805479717607829,251.1507904393128,125608,0.07515151157975206,0.16377217120126525,0.114468252462776,0.024576008077232148,0.014051397148748191,0.745721840262413,0.965085211655368,0.9389897183368082,0.6489420296432816,0.4798120369888701,0.010159627175889913,0.010791007895022627,0.009610233007391042,0.009848318641535314,0.010418263336485423,0.0673604705370962,0.06891117500060281,0.0601114810395398,0.0627051999566154,0.07721050019498975,15700
0.030395584106445314,0.48082162380218507,0.15639376878738404,0.6868029880523682,0.3263514243091401,0.4289364731311798,0.7720744368641874,0.5498001549554908,0.2957981958118066,0.09473626744353546,0.022477304246276617,0.012174023779888849,0.021046747061241728,0.048754108029974555,0.010741983052729729,251.15849894087836,126408,0.07990563476458198,0.16514428375765333,0.11314239296252306,0.027054022073686578,0.011731490497213776,0.7655843049287794,0.9595874758653863,0.9390647459937175,0.68663685410111,0.4886502581384946,0.009964060541242367,0.01130519360953639,0.009739795016408292,0.009025196660625399,0.009635600731444535,0.055755482297390656,0.06634174277572784,0.0511896228417754,0.050441707987042665,0.05371951758817609,15800
0.0008153080940246582,0.4619168019294739,0.14849039077758788,0.6625152897834777,0.3052168116138178,0.4273024249076841,0.7703423620474456,0.5422796982785928,0.2956505069518324,0.08877707748130582,0.023849825737997897,0.010235806808317776,0.0221503665085864,0.05164146127427006,0.010337647549022236,251.16315112102072,127208,0.07835913345217703,0.1647410196336832,0.10993527174715836,0.024977168770222553,0.011675096331600791,0.7625046330690388,0.9620107454482963,0.93453372993331,0.6811888737631548,0.4572695689275862,0.00947127796243877,0.010704710317606272,0.00898329453353865,0.008992528985598542,0.00923158528409355,0.05495461585931482,0.06091506222752163,0.0447611639091682,0.05754216761773296,0.057061924014609154,15900
0.038914229869842526,0.46760848999023436,0.16354256868362427,0.6844321203231811,0.34052817541231517,0.43971353739500046,0.7772813051805367,0.5472232722193818,0.29149538143759673,0.09283267019276055,0.02405638529919087,0.010419904527926798,0.02228920697616258,0.051788228976407225,0.010690307168735431,251.16776039711587,128008,0.08091161778196698,0.16512048759000694,0.1118355656215728,0.025629909400872557,0.011191500958217212,0.7723890233039856,0.9630062224619054,0.9306658363081722,0.672579005218688,0.4978662424761307,0.010120617793872948,0.01107352590313674,0.010128325614772865,0.009355987246990912,0.009830744833300783,0.06898873453959825,0.07594961209030571,0.06637380571903587,0.06647041015149582,0.06602734541925402,16000
0.0008310604095458984,0.45649023056030275,0.16191004037857057,0.66889901638031,0.2900779763369406,0.425566506832838,0.7646452149748804,0.5496835323733901,0.30137518838499533,0.09095987906046397,0.023508939379826187,0.011611602725461127,0.02092454134575536,0.05092359173365615,0.011024512589124628,251.17572223261521,128808,0.07920908335596326,0.16277412779629227,0.11344370448110087,0.028191727323862104,0.013079715211384834,0.7658858579397202,0.9641474974155423,0.9377283852304045,0.6903546133426702,0.4757685846295853,0.010136701809242369,0.01124623643234372,0.009855571130393592,0.0098045219907142,0.009643153457218785,0.05918948877602817,0.06890277941711255,0.05461860116777107,0.05660295726336315,0.056623388999348205,16100
0.0009845519065856934,0.4528434491157532,0.18142067432403564,0.68616765499115,0.3237668293012896,0.41463153243064876,0.7723979236597713,0.5430608635046039,0.2870379248890308,0.08828394649305725,0.023331240145489568,0.010766485562310258,0.02146203426302088,0.048225485813727084,0.009702920937214544,251.1827817632931,129608,0.07673871230334044,0.16452958252518726,0.11121260283552868,0.026870308168352043,0.014161671444801894,0.7561567270755774,0.9627254579929592,0.9369868955441882,0.6695041344800121,0.4764225263186174,0.009786527347750956,0.011395952022792968,0.009182370339083127,0.009336657431232966,0.009351752482053614,0.05790219789370894,0.06505841060858625,0.049345667450213626,0.05929333409251764,0.0580458558997083,16200
0.03215957641601563,0.46283683061599734,0.16658863067626953,0.681704330444336,0.289486158790411,0.4399698750674723,0.7732212931610817,0.5526374109710259,0.3163710767213179,0.08943252323129153,0.021393119543790827,0.011135482335419845,0.02083096856949851,0.04437417773605914,0.010271483175409242,251.1917915871774,130408,0.08298819074407218,0.16467456367126737,0.11396394514789182,0.03165654411624964,0.014719599386946619,0.7816419202089311,0.9612457621929255,0.9387593331436319,0.7364192960821854,0.4774909818232968,0.010530404290184385,0.011379316408013885,0.010117836674908178,0.010256059795656068,0.010278974837023131,0.0690877186653961,0.07437380316713282,0.05897144872869826,0.07000558053491383,0.07226495081538141,16300
0.0007517027854919433,0.44537556648254395,0.15915159702301027,0.6554754090309143,0.35839017812994295,0.41026038736104964,0.769976467377431,0.5419318051414285,0.296091895734248,0.08750485668104949,0.02469403918832542,0.011357618702223165,0.022625556686259016,0.050508313854078814,0.010476044947555385,251.19613622959804,131208,0.07515339370816947,0.16495777151069102,0.11037809366082886,0.02612159965401138,0.014849651968974038,0.7539739316701883,0.9603747374302632,0.9301030464628909,0.6921674149453373,0.47204467683446183,0.009873006311245266,0.011102176029738538,0.009787631198823293,0.009225330000217054,0.009544996216016647,0.055055498049769065,0.06461780904021396,0.05416477879012708,0.05073621037970572,0.051926227647830586,16400
0.030963430404663084,0.4610617232322693,0.17000375509262086,0.6799860882759095,0.2588944259227877,0.4227712933719158,0.7678890957761166,0.5500332008851205,0.2947452223429885,0.08984084776718522,0.02339268560521305,0.010189074742612422,0.02076345165015054,0.051481624975657246,0.01001448079420078,251.20115457014595,132008,0.07829441234469414,0.16494304616356387,0.11309218626273305,0.02611862721432073,0.012745213484048695,0.7595514738559725,0.9620262864810315,0.9391333997249606,0.6724574276461058,0.47744978512104475,0.009846490891650317,0.010844020450960347,0.009577945977645469,0.009125269974062513,0.009849147822485485,0.05748173825908451,0.06029914326233729,0.05538399735171544,0.05405099684811343,0.06019749238957366,16500
0.000814964771270752,0.45211133241653445,0.1528469705581665,0.6556637692451477,0.32648196326144635,0.43029133021831517,0.7745625053218858,0.5478449865406115,0.29377006382701226,0.09087685104459527,0.022111566998064512,0.01042552372843177,0.022018066498105515,0.047845927820085225,0.009648458592128019,251.2083846992075,132808,0.08088320545852189,0.16497903163708638,0.1134125358062171,0.027159896770868705,0.01306402985472232,0.7718892431259152,0.9636942300964246,0.9297607269645299,0.6885024657908916,0.49129370063543326,0.009922788930125534,0.011298696826394632,0.009561369976055039,0.009421360951432199,0.009410014059394595,0.05905581532046197,0.0693967589528191,0.05133395292686886,0.0568421735735412,0.05907118309754881,16600
0.028379635810852052,0.46045579195022585,0.16343240261077882,0.675424268245697,0.35440605811060705,0.42201981797814364,0.770989739232593,0.552688125021679,0.2976718113671256,0.09341147846638044,0.023156720837578162,0.011464965332186583,0.02180738860174782,0.0509730333980826,0.009980895719708529,251.21573499375975,133608,0.0799669838510453,0.16407647743971657,0.11342996981033346,0.026105555607313174,0.020638096337772405,0.7646487706899643,0.9631930303694028,0.9337414791903542,0.6919195796411062,0.49359135399354953,0.012209003777243205,0.01159468590460642,0.012323348835763541,0.010681080919949655,0.01405885906576693,0.08165041565429415,0.0720250361805989,0.07766745576500589,0.07182371780065071,0.1030751761118664,16700
0.0008066964149475098,0.45182295560836794,0.15594315767288208,0.6602074384689331,0.3468738317886482,0.4251785950362682,0.7679269248218629,0.5551305925907866,0.28779186701159115,0.09136561648136823,0.02177414270117879,0.01013002964293664,0.020494638604396702,0.04955503118285183,0.010413770793467128,251.22102251378666,134408,0.08006988447159531,0.16409903365459158,0.1149632265028867,0.02463684390228159,0.014196857630501493,0.7601302921772005,0.9635706934632298,0.9413340493187385,0.6720762994626293,0.4737310685287016,0.010260154306888576,0.011194653359005604,0.00999260729014719,0.009643530435151532,0.010118963020618698,0.060374734876677404,0.06218238217693769,0.058172165348624016,0.05566851246555377,0.064642223459886,16800
0.03170932531356811,0.449971342086792,0.17769044160842895,0.6780662918090821,0.35922507187202524,0.42056221731007093,0.7642792336226724,0.5440453304694246,0.2922076894059067,0.09310257973883189,0.023795871119946237,0.011499152241066705,0.02205295377912427,0.05016472541860175,0.009780027761331031,251.2296226948409,135208,0.07804320003837349,0.16415955867561588,0.11126685434809096,0.026085614862053522,0.014748038172561949,0.7650860530138021,0.9613527416577806,0.9334726397807787,0.6783965652897241,0.4959187387215971,0.01012022682698443,0.01111577372043039,0.010326616579475685,0.009285263124010738,0.009812012876882535,0.05861181753687559,0.06544280427786976,0.05505447015643884,0.05667564985564071,0.057372290083686925,16900
0.0007466936111450196,0.459690682888031,0.14137834310531616,0.6552888107299805,0.295277623522948,0.43219443067908286,0.7631947122444609,0.5484219422139748,0.2900479702969614,0.09719468366571705,0.022520097587257624,0.011510062120663368,0.021366864170805355,0.05201208290612598,0.009605181831821293,251.2390565700943,136008,0.08181556899100545,0.16445719589975405,0.11335240616140388,0.026116081474223323,0.01316877153252243,0.774890887737274,0.9589869048550868,0.9331294050311096,0.6706221492102975,0.518575887946249,0.01031067214906216,0.011604473745520004,0.009784102101008054,0.009573018311763578,0.010120361426266503,0.06142135942354801,0.07095601400099345,0.054516641268654215,0.05562970855043087,0.06329150914748032,17000
0.04470696449279785,0.4605727672576904,0.15159236907958984,0.6655856823921203,0.3033068722167233,0.4332644508779049,0.7664101697882201,0.5555629797470875,0.2838640478007571,0.08709353823022743,0.022137817768380055,0.010084389110228848,0.02185676083303035,0.04883942280214318,0.009201161693013517,251.24677977830444,136808,0.08148829169571396,0.16421310926362662,0.11495934300697774,0.025204605198484494,0.011595998015782798,0.762146170735359,0.9617722603033215,0.9318812896043827,0.6630743619092971,0.4673148292241641,0.009892500252462919,0.010696408306656214,0.009728622264586968,0.009406372098271384,0.00964413438539607,0.05804067991673947,0.06604264402324292,0.050789377742852956,0.05864997395343078,0.055769415327453456,17100
0.0006304097175598145,0.43278482675552365,0.17275902032852172,0.6561643171310425,0.31103420999389864,0.4196535773575305,0.775352427196987,0.5514031296714813,0.2963023815340926,0.09136885321511078,0.021664475146681073,0.010212060224813262,0.02096329106790744,0.04611040394762441,0.009692037050686596,251.25399148818815,137608,0.07780055359005927,0.16488141986319246,0.11362627481526505,0.02789081788810876,0.012972385545224037,0.7670793271064759,0.9635087188125262,0.9363322892087569,0.6978109225188148,0.5017087680633077,0.00987368287984282,0.011013193334911377,0.00977463192712674,0.009011158143345372,0.009725175913808086,0.06559323156252504,0.07464420071183717,0.06156411872522786,0.06139478928842903,0.06475998100085716,17200
0.0006434249877929687,0.48525223731994627,0.15239864826202393,0.6876197266578674,0.3464147343577784,0.4172525125741959,0.7758144667744636,0.5576775313137531,0.2955351401404414,0.09334586541212737,0.022703333147801468,0.00997023963835089,0.020911157173020938,0.04813565003932055,0.009248597180426477,251.25945076749363,138408,0.07611917445436119,0.16498144425451738,0.11586964875459677,0.02652278033841086,0.01254399529813479,0.758513245582581,0.9636950510740286,0.9365204926022513,0.6854193378991608,0.4991626291047961,0.009510050306562335,0.010570993297733366,0.009465941391093385,0.00883397080563843,0.009252637541586797,0.06796466397587213,0.06785591149702673,0.06245990577125977,0.0679526089548631,0.07245863247884533,17300
0.04403630495071411,0.4319054937362671,0.173666570186615,0.6546630477905273,0.36504368241220286,0.41931276723742483,0.7786235497259966,0.5475651441762844,0.29396999107960325,0.0978700979100317,0.023901163162663587,0.010551090105997484,0.02197054288747799,0.05119681042225028,0.010710006467240483,251.26709465896468,139208,0.0772926961258053,0.16541027632683378,0.1129766336719815,0.027305127168521983,0.013731166290377742,0.7575450593233112,0.9625796132686879,0.9330004025250677,0.6678875197584818,0.49821368872263755,0.009818157800473263,0.011227543658396495,0.009555046587289924,0.009049116951735834,0.009537225506718516,0.06140173689462245,0.0665817410582725,0.05513755991220633,0.06142459189644649,0.062399762468724446,17400
0.0006037068367004395,0.4672394895553589,0.15641502380371095,0.6703428411483765,0.3145713793765076,0.4275021870434288,0.7648384492648266,0.5487843615429423,0.29159910729678556,0.08919320072375192,0.02273476069793105,0.010353024863932093,0.021537552174250366,0.0460588225820166,0.009033145731595978,251.2748429520591,140008,0.07967579625546928,0.1655796600799813,0.11288150095285096,0.02603429265766651,0.013823568065229325,0.7732359141111369,0.9561479650045698,0.9341167122404156,0.6924627274961512,0.48466608477704365,0.009883045400492854,0.010607570622998642,0.010016104117227349,0.00935928017750794,0.00958987610289754,0.05337743693264203,0.05745966605793096,0.04797317507833447,0.05579287381005828,0.05257709447799156,17500
0.02893189191818237,0.4602113676071167,0.1673707127571106,0.6760779094696044,0.35968561103933183,0.4270837841928004,0.7658173040467863,0.5476333615156489,0.2896355653151133,0.0944800746668443,0.02301683948840946,0.010916394373991218,0.021323512220721073,0.05250196233188195,0.009938293130921537,251.28334595518953,140808,0.08118375420570378,0.1640828422897933,0.11258485797074953,0.02537782312258874,0.017729683032516264,0.7699529880285263,0.9616180281249844,0.9369524528674034,0.6606439723343139,0.5040974167767419,0.011065069756004962,0.012785302349176174,0.010432173551376392,0.010183203217313906,0.010878800598014455,0.06350031730718911,0.07537374654024528,0.054808118525858325,0.05974662330388373,0.0647546680818491,17600
0.0006625127792358399,0.4429488229751587,0.15777503252029418,0.6486481666564942,0.38107189622834203,0.4292732687294484,0.7724880599169341,0.5531437668910957,0.2850545723263806,0.09158510130052407,0.023232729835435752,0.010817947157474184,0.02142883976921437,0.04920586122245324,0.01083748648063154,251.29467945676456,141608,0.08042333370074634,0.16400674014275785,0.11426161068309215,0.02674323074383344,0.0141245193212994,0.7650545829534526,0.9636988487220612,0.935267873031577,0.6649341530916172,0.48868318101794433,0.010233694175258273,0.011324297486026076,0.010163979912080713,0.009312962958725484,0.010112661088231143,0.06566189514938743,0.0720117489609345,0.06319429188217847,0.05903788335257914,0.06835373903183045,17700
0.030123016834259032,0.46777786493301393,0.16001951694488525,0.6764514470100402,0.34155695089672,0.42469055280089335,0.7705557810261914,0.5486318586128102,0.2789693929081739,0.08505030498108879,0.02388857229612767,0.011215149486905404,0.0213587098773949,0.05082740079784808,0.009247226872160955,251.3018716375332,142408,0.07940912649035459,0.1647380337926555,0.11271307134658715,0.023852165996335266,0.015405927936206034,0.7580099183320997,0.9610341802019203,0.9359995160175831,0.646573035938795,0.47768222067945754,0.010420243330299853,0.011976889036412312,0.009750553523190316,0.009971895387266269,0.009945269844304503,0.068585636257194,0.07868999520573637,0.06094860818892793,0.06770612262622552,0.06662202370603401,17800
0.0006742501258850098,0.46024977922439575,0.1458151626586914,0.6520917081832885,0.3847435079144783,0.42337541565299075,0.7744430989316357,0.5540857010798933,0.2854964030697383,0.09234656547023745,0.02308924154378473,0.01149616105644737,0.02199314296713673,0.051846298423999126,0.010218684969004242,251.30876069930665,143208,0.07931831028312451,0.16493786082973777,0.11498982463207551,0.024282318223666225,0.01376665858185367,0.7543056157231327,0.9640103772427275,0.930457084278786,0.664085949805968,0.4766526826553871,0.01027846141951158,0.01138449983571847,0.009997760334554382,0.009581740488631918,0.010075020713783387,0.05729181875474752,0.06456130782359289,0.05066835520915807,0.05467990227541663,0.05847698158187862,17900
0.02828049421310425,0.45551907300949096,0.16804046154022217,0.6715168070793152,0.32785224471753616,0.43140020743012447,0.7811163246631615,0.5513059169322517,0.2978593340074573,0.09056650804140455,0.022335820496082306,0.00988573883292511,0.021353931980090092,0.04871155486180982,0.010267885738805924,251.32123625950175,144008,0.08058488633483644,0.16523991227149962,0.11413022040112598,0.027384298506178083,0.012863237297293459,0.7702086144685745,0.9645793883424051,0.9338390856712792,0.6971548035662009,0.47146871581149485,0.009960506975185123,0.011226181730039806,0.009728355240915811,0.009131497110944816,0.009798408210998281,0.06524786635767667,0.07569928506732379,0.05882026529493366,0.06518971786228196,0.06249484096433801,18000
0.0007197833061218261,0.46643958806991576,0.14559073448181153,0.6641402530670166,0.3967762276576078,0.4214758786559105,0.7740679183538921,0.5542205103157737,0.29983421497115303,0.08685600091963241,0.023643992184661334,0.013524825695872392,0.02064418190437828,0.04679191398323267,0.010685204976205225,251.33288588341,144808,0.07783772820606825,0.16547355999020816,0.1144328834063511,0.028982166568278737,0.011673924517888712,0.7637449941039084,0.9592226616879729,0.9395038957523202,0.7053530473227891,0.4660553408758288,0.009950409973971541,0.01115030104274603,0.009700062687078558,0.009235117926236687,0.009847225004400549,0.064480915106833,0.07031970254660759,0.058462530142878215,0.06517817162045651,0.06415567591521644,18100
0.0009444570541381836,0.45686180114746094,0.18017563343048096,0.6908067750930786,0.33655318264722384,0.42301032349467277,0.7624664474278698,0.5488741320540329,0.30238235473144265,0.09538692438826311,0.02162691346369683,0.010483835354534676,0.021741666642175812,0.04606147891653529,0.010564086498570213,251.339689392441,145608,0.07951808441430333,0.16486712304564816,0.11211060152722975,0.028177865834326507,0.014253441352580845,0.7699977236986159,0.9579728826259569,0.93582384569465,0.7025454598046388,0.4934596931430655,0.009722178806550805,0.010770992839146254,0.00962147055378288,0.00889782609082149,0.009585251117850965,0.060121687864884754,0.07205318978716002,0.05788272346000909,0.0571089826391939,0.05418336458346792,18200
0.031013145446777343,0.4522307276725769,0.15044493198394776,0.6574731898307801,0.32468355591696973,0.44110366448760036,0.7797793056450636,0.551809384627043,0.29732549201015024,0.09234705126040023,0.024565838240087023,0.0127416702966644,0.02151121494949657,0.05058651017855876,0.010372849489530477,251.34516522304975,146408,0.08143630614504224,0.1659266311017904,0.11365717123959947,0.02603781004895418,0.01265297867146066,0.7771846503019333,0.9618630590392083,0.936039598955624,0.6889282073213467,0.4831008802760732,0.009918836932629342,0.010946667584243652,0.009797908170013761,0.00943491387316529,0.009455373367844997,0.05854095942340793,0.06611611641139963,0.0518371855507151,0.05874679873789278,0.05739610369677066,18300
0.000800478458404541,0.47470276355743407,0.15896562099456787,0.6844662070274353,0.3261912302406181,0.424504756629467,0.7649701964855191,0.5475612880351646,0.30608571779269456,0.0890608416963368,0.02229039383120835,0.012198904301039868,0.02116882934933528,0.04586420906483769,0.008941817147424438,251.34990875724372,147208,0.07918436568230389,0.16420551069080822,0.11217751629495372,0.029735931274794538,0.013916168198920784,0.7768389248847964,0.9597291392087938,0.9366886975864567,0.7189744395705375,0.500672000646591,0.010313095015007998,0.01152383769862354,0.01006708840092567,0.010016087636288898,0.00964740635477938,0.05999956757063047,0.06379853337537507,0.05143639902113746,0.06475059423470297,0.059480175842763834,18400
0.03033182382583618,0.4483593273162842,0.17122676134109496,0.6734570050239563,0.28749456423156433,0.44500861242413514,0.7750979311658306,0.5490623746874151,0.30241798406297526,0.09060826107255512,0.021455634282901873,0.009879024971333906,0.020995648991968922,0.04619589327451063,0.010191055816422042,251.3562588713461,148008,0.0843036269955337,0.16527639859095572,0.11323886033370752,0.0293140388156143,0.013594723879233809,0.7827529862523078,0.9630332408358134,0.9391671677338913,0.703190032173606,0.47408952745231414,0.010240280525758863,0.011651931235663838,0.009939776282877698,0.00970248064215489,0.00952633295359241,0.055643190885894034,0.07083193153822663,0.04773462745082058,0.05026244513570944,0.053035263551046714,18500
0.000774991512298584,0.4617431426048279,0.15573254108428955,0.6715175414085388,0.3632808718122614,0.4137503698468207,0.7595226842003899,0.5460229219511304,0.2937985174868203,0.0910817453581275,0.02369486691430212,0.011040107381051852,0.02233570894329914,0.04761564259557693,0.010420089044297726,251.36337443211886,148808,0.07659391503781081,0.16398161085876273,0.1116824403329931,0.027192928812351722,0.014495755959716099,0.7562677627801889,0.9581505591804919,0.9307759145293569,0.680644517347693,0.47677565493969,0.009620662392117087,0.01042838231534572,0.009667351731390815,0.009096763953651606,0.009398748670149632,0.05342522296123207,0.06057759122671296,0.04859140433483958,0.05396483056077125,0.050979434550184784,18600
0.044130797386169436,0.46956334352493284,0.1598110628128052,0.6834177827835083,0.3676664821663412,0.4283254419267179,0.7653192927197715,0.5496916607253914,0.3001386372774254,0.09318749529469492,0.023734720097854725,0.010765578891945692,0.02172951931568161,0.05197878301088865,0.010016987542386613,251.37248937104275,149608,0.08031559176743028,0.16486619638233652,0.11367998553990079,0.026424274946489898,0.01577835282513099,0.7656053400039673,0.9596421951200903,0.9320464023036662,0.6837271717833531,0.48682992927955826,0.010350763336755334,0.011221951748267182,0.009789357613289593,0.009826790080314455,0.010535855380103291,0.053927753362804656,0.06200168198201713,0.05265188615267297,0.04686581184083196,0.054087970913811165,18700
0.0006321239471435547,0.45295769929885865,0.14581887006759645,0.6490251255035401,0.3012083758728155,0.44034638568758977,0.7745385561750531,0.5532749171418272,0.29588126658927677,0.08491109413629834,0.022687072455883025,0.011058060296028498,0.020941404452556434,0.049980058926545695,0.009910899110415823,251.37927540253446,150408,0.08248791102319959,0.16502845357281504,0.1147892602723865,0.02591779793025733,0.011179117442534718,0.7718273711204526,0.9619902881658134,0.9357711600796608,0.6833457406610253,0.4662284911312955,0.00982590732630342,0.010785786692980035,0.009725682255204605,0.00922324241885993,0.009464226192497519,0.058584239939227685,0.06527441844973769,0.05357927957252746,0.05751198242069222,0.05761026236862739,18800
0.03262690544128418,0.4756592226028442,0.15536791563034058,0.684049265384674,0.405467596667253,0.4144364835321904,0.7723370927790698,0.5448099279526591,0.2856621887660833,0.09234425258966011,0.022873707525432104,0.010391906709580904,0.022035335857882025,0.04800797918370524,0.010103870103753606,251.38934181463486,151208,0.07636339902877809,0.16359539540650336,0.11118847500417653,0.02625987385309655,0.013642503450123166,0.7550822716951373,0.9645316335543289,0.9322489970123651,0.6707887260810195,0.48139762219328125,0.009961510743014513,0.010865630521024551,0.00959434172080964,0.009590932638226935,0.009842537571855166,0.07978411968797447,0.080093237956625,0.07250679472518948,0.07450795392303368,0.09153857048994926,18900
0.0007722711563110351,0.4641190218925476,0.14242598295211792,0.6587437796592712,0.32571578374512317,0.44489564597606646,0.7755927293100097,0.5520802629158796,0.3001105128168369,0.09295479295661264,0.020980266807600855,0.011284613313814895,0.02079355114993688,0.04594615303690547,0.009736842441382065,251.40262244725736,152008,0.08531711269170046,0.1662416880097343,0.11367122568018426,0.02894075445001783,0.015329402295292872,0.7831458723545073,0.9587737257792568,0.9404034436023732,0.7005528776631877,0.49018329412353284,0.010848592570982874,0.011582333625024447,0.011110869238436365,0.01006634667989491,0.010447541125859987,0.06664667410776028,0.07365712981940914,0.0647773100277795,0.06240472927248118,0.0648062197177918,19000
0.0315034031867981,0.4799069571495056,0.1647949695587158,0.6974391484260559,0.3340507290089184,0.4321593438088894,0.774147063921513,0.5565887990624013,0.285763483532149,0.08792302015309145,0.023073087949305782,0.010224209816538186,0.020687848639984942,0.05066111014986581,0.011253931573950333,251.40917156180217,152808,0.08059600047767164,0.16572610941229843,0.11484190731337579,0.024258550735087016,0.011785398015322603,0.7572290289402005,0.9599172475805693,0.9405903756016436,0.665054411298097,0.4473992320207451,0.010041169398464257,0.011080338606281154,0.010180848210843078,0.009497793405457885,0.009337301077082378,0.06206383096054198,0.07313398881837663,0.05831181422120544,0.05987939969025025,0.05622667051756229,19100
0.0006663703918457031,0.46021414041519165,0.15770141363143922,0.6707215595245362,0.23120300560673482,0.42348630428314193,0.7749911353145674,0.5480474339330139,0.2874736548468254,0.0881708356234984,0.023450223179534078,0.010258580398380979,0.021960663856947654,0.049273402336539256,0.010380711638099846,251.41361045620286,153608,0.078339122068137,0.1652673240943053,0.1127963419728385,0.025253781090762352,0.012545045723264904,0.7549030971527098,0.9601739654221486,0.9312390338611128,0.6730709349709832,0.4532751640708177,0.00993811425752938,0.011078319017842562,0.009457323055604275,0.009304657404680844,0.00998344092111381,0.06379621956031768,0.06806030715863735,0.05854900875885793,0.059426273085604726,0.06973059900277824,19200
0.0006991767883300781,0.4794483232498169,0.15430826425552369,0.6880475544929504,0.2774414390030141,0.4335847650468349,0.7732692590355875,0.5515575884386549,0.2830574300398332,0.08989877963204522,0.02263340527191758,0.009727584830252455,0.02133331209594426,0.049030463095975696,0.009127823034138543,251.41814229213858,154408,0.0815344113856554,0.16547153092920766,0.1135344533379688,0.023836912520432674,0.01589212611399061,0.7705631357431407,0.9609173223376277,0.9357853274012723,0.6680782950750676,0.48153761045528864,0.010569437362719328,0.011624271599575868,0.009959316221174115,0.009401084495579254,0.01142307931475871,0.06006193569744939,0.07278517512313563,0.04975845462826711,0.05377468747999702,0.0652019612966971,19300
0.029536216259002684,0.4488140940666199,0.15945394992828368,0.6613435530662537,0.3257683929425403,0.42013400077819846,0.770205887965858,0.5425575721554641,0.28924659614522846,0.08635935919025006,0.02374703053385019,0.010311984915460922,0.022001695439855536,0.050802939571440206,0.009950586551657082,251.42466554953015,155208,0.07752993566915396,0.16492951187926022,0.11125870846757067,0.025759373843007208,0.011238448799420627,0.752418717741967,0.9608969312782092,0.9316631354936739,0.6623653815342829,0.45476831503403475,0.009220768406521522,0.010243383740695819,0.009160217504221479,0.008549560553197248,0.00899349673627279,0.05563059462001548,0.06244789543416117,0.0516664298535211,0.052401220016271045,0.056530296868190964,19400
0.0009206104278564454,0.4597491955757141,0.17299203872680663,0.6841005563735962,0.2950367767337675,0.424299302250147,0.7679125890873438,0.5440132027805438,0.28583131390840893,0.09490141529461435,0.022765048090368514,0.010325042670362144,0.021924124380555177,0.05045262115664898,0.009656901075619418,251.43122191156291,156008,0.07945651184767483,0.16592553007130578,0.11125532456553809,0.024657845053184843,0.01387050715183353,0.764796553254128,0.9570258699431277,0.9317570302155935,0.6706856313147075,0.49685107457813954,0.009955827905796466,0.010908305250790593,0.009994489952257964,0.00913263862672711,0.009752209057453366,0.05504975739866493,0.06365643761646332,0.053793270509726925,0.04955387398253139,0.0529609221616402,19500
0.032407205104827884,0.4722705268859863,0.1650947427749634,0.6968107533454895,0.28823650715282856,0.42109242349863035,0.7686793726558483,0.5487294422417148,0.2876565713639282,0.09395540856046246,0.022152684740722177,0.009848195027492075,0.021150609053580474,0.04738175686893622,0.009760823189557564,251.43707614666644,156808,0.07922613982111215,0.16466750445154804,0.11192111203946717,0.025790598426496086,0.018005015557899257,0.7646869897842405,0.9627804641301427,0.9381789855840734,0.6693835000493629,0.49516320287591237,0.010941832722164688,0.011670908626304802,0.011126819714086094,0.01044096983969211,0.010559498724334013,0.0632656872179359,0.07101770089260148,0.058189016753217075,0.06138986009937616,0.0629160440028968,19600
0.000860445499420166,0.45926063537597656,0.15527468919754028,0.6722109651565552,0.3027888601356041,0.4302977259457112,0.7639874863387337,0.5489962471461071,0.2921111530671684,0.09456783762274715,0.02156038748100401,0.00940019911530414,0.02125239986584548,0.049865250523060074,0.009312241940813908,251.44657832339522,157608,0.08152722217142581,0.16423269320483228,0.11280863034889234,0.025637495735302395,0.015102393711761884,0.7784865546226506,0.9612080057462061,0.9370480428595063,0.680125758809558,0.5143514783943404,0.010205425838939844,0.010978047339829483,0.00968260759778253,0.009712677201687614,0.010430396249170838,0.05069901510607449,0.06096275881701965,0.041680898974487235,0.04860500070808376,0.05204008069053731,19700
0.031953203678131106,0.4640326380729675,0.16367700099945068,0.6831983685493469,0.2870299220805731,0.43128146395087263,0.7708969437608532,0.5473030425399266,0.28393408218803595,0.09290643000617774,0.023635691702365885,0.009986811492126439,0.021627678675141863,0.05556122849330954,0.010200275007089726,251.45176755576335,158408,0.08124720007181173,0.1651729762408078,0.1134550424518986,0.02437757261466925,0.012816265346529422,0.7595474338531494,0.9617852787761123,0.9314315522385535,0.6374731863970345,0.4788501810545875,0.009910097648389639,0.010864210689403849,0.0095910540320606,0.009457186221286818,0.00969278439644234,0.05332901347894223,0.06384798115137612,0.046441797304149934,0.049674927980801024,0.05333076392281613,19800
0.0007242798805236816,0.4103617978096008,0.15378766298294066,0.619774477481842,0.37819651345279415,0.43363470464944825,0.7640940090685938,0.5450178750196295,0.29744832923349274,0.09176252527243424,0.0230971478112042,0.010164439430879212,0.022205901390699744,0.04751236467675952,0.011151110076436611,251.4586696199127,159208,0.08089839048683646,0.164019947773532,0.11133780989365356,0.028498776890606117,0.012796593888197086,0.7693307650089267,0.9616956787816646,0.9333965541729374,0.6879943534731863,0.46533410251140594,0.009854086977429687,0.01089179796572222,0.009772467003414543,0.0091640421417721,0.009543707108368037,0.0604668605257757,0.06759371217251103,0.059614580311817114,0.05893677634034803,0.05502310660718332,19900
0.037757039070129395,0.4624993968009949,0.16844841241836547,0.6866305303573609,0.29551329898402695,0.4127057364583016,0.7687696277765931,0.549388939171881,0.29689873507837,0.09260971488282435,0.0226233886182308,0.010359866972961236,0.02114572181639757,0.04778754385869674,0.010219898642731632,251.46931415045887,160008,0.07622704528272146,0.1645168518822496,0.11275258411963782,0.026648288567709493,0.014450316303169156,0.7589347070455553,0.9607601560940399,0.9366535268612759,0.6997656388980593,0.47667071740951916,0.009914774741046132,0.011145093172109426,0.009700091004334567,0.009491411167219656,0.009479344354618878,0.061509007260901874,0.07692201481553208,0.0542457674691379,0.05776235095406991,0.05887154892126334,20000
0.0008065390586853027,0.45323078870773315,0.1395523738861084,0.6483855295181274,0.3214068004007877,0.4238405911624432,0.7734608895282454,0.5502085447626767,0.2873073743502485,0.10244007704171298,0.023143940540030574,0.010942723969621634,0.02140645419183392,0.04828703263774517,0.009117564675873342,251.47712233764787,160808,0.0792180079594254,0.16540956187066688,0.11359897527902844,0.025814022132998684,0.01883193726142943,0.7675301873683928,0.9617357508180111,0.9333850154801017,0.6672156376576205,0.5239766839207429,0.011001332029700285,0.011506777365460305,0.010697690634520128,0.01012134883945825,0.011764861764481329,0.062438095135148634,0.0617288528672103,0.065455484918501,0.05742486303249254,0.06581727195203267,20100
0.0006479668617248535,0.4791305088996887,0.14927230834960936,0.6849781799316407,0.3488044043283555,0.4308904859423639,0.7700084852431104,0.554869109221052,0.295609443044325,0.09389197176462537,0.023751903316006073,0.010594455243590163,0.02100207769806589,0.05069421734748717,0.00978593777311885,251.48652765589196,161608,0.08029512677341707,0.16505869960537842,0.11509155979353278,0.026036005450702573,0.015086037696399289,0.7730885830521586,0.9594822451858321,0.9361057854725413,0.6812232819930562,0.5012115304188062,0.010366549037862577,0.011558968347009917,0.010018852128286324,0.009389762005566644,0.010633272577017043,0.06293922964716332,0.07422399400115745,0.05859757722667348,0.05541421851485896,0.06468518768807728,20200
0.0385174298286438,0.4528136467933655,0.15463170289993286,0.6602947187423706,0.2816597834706691,0.41978194683790215,0.7684903134733946,0.5536153062468482,0.2944856884780232,0.09511904521840396,0.02300337952561677,0.010134915533175661,0.02086178290968141,0.04779821697849074,0.008464109095262065,251.49576940590526,162408,0.07717132002115248,0.16423868552102855,0.11397052602398958,0.027516953863186734,0.01373944709721114,0.7743843358755114,0.9630346436285027,0.9413055059455689,0.685751143876497,0.5190545941522611,0.009390548611991104,0.010710351203310452,0.00914601003972902,0.00857295881881303,0.009386637489462562,0.04867726562428286,0.05671523468789915,0.04256189771417885,0.04611434229714621,0.050931065181801766,20300
0.000712118148803711,0.46718740940093995,0.17040935754776002,0.6873817610740661,0.3404537178187679,0.41655956953763984,0.7706151793563296,0.5571276208507682,0.2912852218698546,0.08859948240662815,0.022369539961218838,0.011337809255753794,0.020796236155606863,0.0496240596428676,0.010226444838798221,251.50358415380313,163208,0.07758598892018194,0.16422798219925724,0.11593204778488558,0.026256050486826218,0.010842458607594935,0.7554403579235077,0.9624572051027435,0.9358020881626093,0.6777579421582431,0.4714772252187334,0.009393763164989652,0.010794767097167958,0.009391254258002645,0.00877396714286473,0.008746254738403228,0.05480485640931875,0.06407736520705327,0.05395740044964738,0.05150338367346428,0.050658543390056064,20400
0.031055829524993896,0.45055068254470826,0.15501163005828858,0.6558424019813538,0.3366723764819665,0.4331756988167763,0.7705450767708808,0.5544768140784333,0.29412221331750155,0.09257793244050472,0.023988168360665446,0.01054121966632179,0.020965859955010404,0.0569752541580989,0.009447899418978056,251.51163309678776,164008,0.08075810240581636,0.16472951599310354,0.11405709272782726,0.024304041031858195,0.01316130161760565,0.7717156612873073,0.9620341729257524,0.9390756503811902,0.6541357899224892,0.5036515119124431,0.00985382296610624,0.011438901744994153,0.009412842312095956,0.00879449926577108,0.009794172923536784,0.05744539686478676,0.0720138399496905,0.04725638716731082,0.05785507922090828,0.05428141367868805,20500
0.0007492899894714355,0.47232157468795777,0.1567236328125,0.6807644557952881,0.27674407077636337,0.43140303656458867,0.7694399537993413,0.5461894163880693,0.301385743937527,0.09117337221181711,0.022881015287712223,0.009818073602361307,0.02136749984000367,0.04863165093747034,0.010293562581002905,251.5189295910004,164808,0.08056778861209755,0.16451921533135824,0.11261074440647852,0.028156427997880814,0.014414980124044961,0.7701475408673286,0.9636222281876734,0.9335213770167995,0.6959717875489826,0.47336701154708855,0.010390662415884436,0.01163623415107162,0.009879128671147765,0.009702268656558152,0.010339993728618874,0.06525615443941209,0.068583459353677,0.053761563122724065,0.0681930706912401,0.07044710337527486,20600
0.02900361776351929,0.47196637630462646,0.1605194878578186,0.6831600427627563,0.32533401713247234,0.4187898057699203,0.7717631709881311,0.5435349261822475,0.2890903809820544,0.09075142418844022,0.024043079307302824,0.011460679474597169,0.022323309241219804,0.0508143162516606,0.00938584372967519,251.52562884055035,165608,0.07772079870104791,0.1654722380332458,0.11078431800857104,0.024713251468651186,0.01640329803293335,0.7588064450025561,0.9589370623613012,0.930254509103112,0.6718995901340609,0.4894406882362752,0.01001327751204372,0.010856374269590163,0.009732279494655719,0.009273885963528364,0.010251062182737665,0.057034208984114224,0.070223136867086,0.048277098975033315,0.05227312740122138,0.057699493766673396,20700
0.0007324361801147461,0.44261482954025266,0.17253127098083496,0.6673630499839782,0.29635986913927903,0.4419247101247309,0.7633030651944925,0.5485816152393815,0.2851340872835991,0.08556799226477318,0.022792172753252078,0.010960675893450332,0.021542805326171213,0.051535913229064305,0.007319149148839893,251.53380961278629,166408,0.08432505160570145,0.16419968483722322,0.11242584720253943,0.024870386435815753,0.016758624881263937,0.7735268503427507,0.9602318369181814,0.9336708816885952,0.6592125175568053,0.48141267845186164,0.011042137022595861,0.011944136182588019,0.010937014681985605,0.010387560204947887,0.010737754486101328,0.06133718654513362,0.06717130581362056,0.05724146096035836,0.05738343950361011,0.06291640874545623,20800
0.030724952220916747,0.4581041693687439,0.1644604229927063,0.6757965207099914,0.3340212209547919,0.4031760406494141,0.7635191470857651,0.5369751231537921,0.29467627168115634,0.08339589505001568,0.022967894840985534,0.01001863115314375,0.022393240813269388,0.0476830440564771,0.010002203187147196,251.54110933134842,167208,0.07414678718894725,0.1638826628526051,0.10811293654971654,0.026833474409714748,0.01435928961565329,0.7401052016019823,0.9616113002338101,0.9331314298841692,0.6817001573465485,0.44245922593183284,0.01011708138510584,0.010715151878280772,0.008617736844138968,0.01075985374713869,0.01020083889191926,0.06510781458113345,0.07137706394864132,0.052891368910463324,0.07234833374860943,0.06255023295363026,20900
0.0006225371360778809,0.4330498266220093,0.158478045463562,0.6432211232185364,0.23967738801814734,0.4223828706145288,0.7668562567778646,0.5480599879604027,0.30239156917101007,0.09079267479954113,0.023310666708275658,0.00974235081510988,0.021197529500062335,0.05193817749528621,0.009655114308949194,251.5460567249042,168008,0.07806494804099198,0.16593632480214693,0.1131653779368732,0.027996363704342667,0.010142965330148806,0.7546509841084476,0.9569497598609343,0.9345926691576377,0.6797417379007118,0.4634492651504627,0.00920701001305133,0.010468629276294843,0.008894547359230592,0.008650067657595736,0.00884549992898589,0.05212092680856585,0.056761332473192865,0.04728056435214032,0.04908830989833653,0.05529032321646809,21000
0.03196612596511841,0.47391810178756716,0.1549551558494568,0.6812095165252685,0.3353141086684908,0.41869477108120917,0.7682534926816038,0.541761179861513,0.2872381026762119,0.09099778161398349,0.022942733550444256,0.011039013645954826,0.022011463487412324,0.046923953504414105,0.010198753141575886,251.5535313205176,168808,0.07709704000502829,0.16385166629364628,0.11038605736803664,0.024707162482798976,0.013664494457697202,0.7633861762285231,0.9653166243904518,0.9324442388363252,0.6824576843188003,0.4768859217614693,0.00964331937953829,0.010590891873365956,0.009524239570770438,0.00887052609769689,0.009665958344614901,0.0665755491936579,0.05946606066519104,0.07052355885813098,0.0674668122330401,0.06836753589606981,21100
0.0007871198654174805,0.4645833015441895,0.14084924459457399,0.6586464047431946,0.35963053827405495,0.41970744445919983,0.782686870877105,0.5476592788236395,0.2873923936486247,0.0861976076725178,0.02183596891351044,0.010427340453647373,0.021362888900950786,0.05150262442550484,0.009473469100101328,251.56488177753795,169608,0.0790885508805514,0.16668973582805982,0.11263294922670138,0.024211877529908495,0.01404311831430656,0.7484463733434673,0.961448704252148,0.9360548890181607,0.6621039284978596,0.4613870131758463,0.010344568872824316,0.01175819505190495,0.010522214067050346,0.008902386551988968,0.010042946371538321,0.06349587813485412,0.076385575376617,0.05618930187757095,0.057782901927296626,0.06276776979932876,21200
0.0008555412292480469,0.4839922261238098,0.1518659782409668,0.6885981678962707,0.32572270916729434,0.42257298782467834,0.7756132186971948,0.5417447176341913,0.2830177717933469,0.08723610660586598,0.02458099453710019,0.010898602797843635,0.02243038009642167,0.05526840571295835,0.00854983929341707,251.57121185008236,170408,0.077871175557375,0.16647746924518936,0.11047461705611028,0.022324736162737106,0.012358005981868469,0.7597678834199902,0.9584983478342811,0.9296453177344556,0.6503552093225369,0.49574372921234505,0.009459112910553817,0.010394742369632878,0.009475746023121711,0.008822881801546925,0.009162082078938302,0.053839720907853966,0.06141295134111159,0.04843881986145044,0.0500965524423758,0.05575491980565954,21300
0.0370831561088562,0.44962501287460327,0.15016813039779664,0.6532556462287903,0.290416200623044,0.42503317698836324,0.7638940618588379,0.5497881135586918,0.29922328099383727,0.08434543520363454,0.021928849322721353,0.009748734623337025,0.02167824563530215,0.046329966147229,0.009602332764262632,251.57874274188558,171208,0.08093286154791712,0.16537288014705342,0.11375054428309345,0.03217574828374554,0.011785481396949092,0.760115410685539,0.9561968543590645,0.9310316272329486,0.6934677128815772,0.4520216069850823,0.01055716851027682,0.011980730440849675,0.009711583833428525,0.010222557238326525,0.010383159698691526,0.05712877138983456,0.06770386914603223,0.048606671283743456,0.0566831791221197,0.05615236388216848,21400
0.0007165169715881348,0.47704835653305055,0.16390008449554444,0.693489727973938,0.311737776321565,0.41661386430263503,0.7656853971086016,0.5546634900338442,0.2907930774478941,0.08649176125087447,0.020999355604872105,0.01046079378864617,0.0210047778989939,0.04694676287368189,0.009234668711108064,251.58752729745385,172008,0.07936617892235519,0.16471175617813452,0.11453092525016911,0.02843577483689735,0.013604504679254193,0.7545644992589948,0.9594096226395725,0.9364550081850255,0.677366634320946,0.46994225076726964,0.01051035792101175,0.011784952003605322,0.009882671769834978,0.010297483556472052,0.010156354319455257,0.06261426333338023,0.0712362214430703,0.052744845529674636,0.07348053104780068,0.055515165277127486,21500
0.0296272611618042,0.440851137638092,0.1709424686431885,0.6618814778327942,0.3085289010373674,0.4414398039877415,0.7625603794045585,0.5424321043294866,0.28304342855120174,0.09339255884082785,0.022590454239398223,0.01240493273382166,0.021868354144536854,0.0467599041769235,0.009742294478281927,251.5937616779795,172808,0.08289698682725427,0.16397433102382383,0.11046532568122658,0.024822154309396702,0.013120725431427777,0.7755987519025802,0.9601663542196219,0.9339413407084709,0.6703756561326746,0.4899819122420417,0.010059809153899544,0.010974480585835649,0.00993172838454964,0.009117370835083778,0.010037385113537307,0.05025867063086479,0.052947178184357374,0.04795532466352478,0.04833224754252315,0.05119891350105818,21600
0.0007339048385620117,0.46959771156311036,0.16427547216415406,0.6847485113143921,0.30680101016176614,0.41656282186508153,0.7714757944146798,0.5556225326432973,0.28155479564037195,0.08765423152576254,0.02405136904679239,0.009824384119080307,0.020629941165367125,0.05002625791347901,0.010270046272573519,251.6012309604963,173608,0.0759847045782953,0.16463667992502465,0.11521499567935542,0.02475617398624811,0.010622280619365609,0.7477890196442603,0.9629739954446749,0.939973804899441,0.6610657890121662,0.449208821925817,0.009485952705144886,0.01091385663797458,0.009500582887721005,0.008652689503868676,0.00904409422573308,0.06121768698096272,0.06751510590644708,0.05769502985421363,0.058809636745327735,0.06123009219726652,21700
0.030963737964630127,0.4552056002616882,0.17575450658798217,0.6819797277450561,0.29979369918474935,0.423522163927555,0.7702110113241732,0.5553478383355667,0.29544939985498797,0.08650370351221398,0.020805462016724063,0.010073836962095446,0.020928960836802932,0.04202340357901095,0.009020951174049835,251.60940771023263,174408,0.0792820811830461,0.1652658478571818,0.11406880127962195,0.028277080748991396,0.013726479970573935,0.7655392104387285,0.9590290769552576,0.9379326219510553,0.7105497511533595,0.4618878981575893,0.010139623782597482,0.01066580837926804,0.010380355629486722,0.009306282402786354,0.010255523807551684,0.058520875158719725,0.06053029764921236,0.05871822221693816,0.05535991051538777,0.059659410548869085,21800
0.0006995105743408203,0.45088276624679563,0.1531801176071167,0.6579012751579285,0.36494932413537373,0.4277096055448055,0.7720577146448018,0.5562744445091978,0.29487294948311776,0.0938077277163616,0.022586288694292304,0.009933005026920428,0.02098491381400743,0.05157400444714405,0.009130629910102415,251.62204212485958,175208,0.08022943513467906,0.16447328765426536,0.11509656908141602,0.025035486601274262,0.01710932205941599,0.768015588819981,0.9632408561889069,0.9384832772048742,0.6742168071896133,0.5095230573071886,0.010865976456552746,0.01178617134431831,0.010390059753144916,0.010810234308750794,0.010417711090457686,0.06397018191637473,0.07045929199507969,0.05631960503807344,0.06396331792377467,0.06426100781335171,21900
0.030958688259124754,0.4654256463050842,0.17128436088562013,0.6919848132133484,0.27765352521141096,0.4138595874607563,0.7749214935179206,0.5502319844605403,0.2875994699123577,0.09208875843976952,0.022791296560317295,0.009192710718226867,0.021093091825072057,0.0528700939594553,0.009594548095388516,251.63165729102107,176008,0.07683739153668286,0.16599343006783818,0.1125839222125046,0.026062334042329063,0.012884600013199504,0.7492677992582318,0.9606147420838709,0.9380589049524037,0.6552299814346504,0.4845090354729561,0.010150782521814117,0.011686899161226847,0.010208690061151042,0.009478763445543171,0.009352198216170754,0.06902210708241915,0.08376816600329513,0.06390689258312524,0.06464530475771955,0.06442705301433069,22000
0.000798184871673584,0.457146053314209,0.14272804737091063,0.6543325185775757,0.3181796359554112,0.41059915527701374,0.7623866098532406,0.5490163110397962,0.29046519896114525,0.09136928901249587,0.02261541373096407,0.010385289029435411,0.021210492523135376,0.04865441425896931,0.009732861923551989,251.63783514798638,176808,0.07664303213357923,0.16359613001964254,0.11278962400313976,0.02848038714658018,0.01385512527424929,0.7498897573351863,0.9618813809335539,0.9363749030474071,0.6693871798722639,0.4766334561414495,0.010571052888408301,0.011646637791970378,0.010589302512439525,0.009879244477960507,0.010255891372731259,0.06781721872277562,0.07512575944335516,0.062133770874021846,0.06512236184382059,0.06874152042924674,22100
0.029373345375061036,0.49078468561172484,0.14508267164230346,0.6873511743545532,0.27214096596499,0.41871984466910356,0.7695537753859347,0.5581388603895896,0.2869584067221967,0.09168167069317812,0.024020780799910428,0.011025181277750104,0.0201213263631375,0.04902060970734165,0.009515396579262366,251.6439948827226,177608,0.07622535638511178,0.1640903240411864,0.1155343466353687,0.025755434599023113,0.01232268672224588,0.7555260187387464,0.9639302963504989,0.9430977461690252,0.6651159896511418,0.47906112450140503,0.009429337051697078,0.010511679736403164,0.009546538799027494,0.008856459501273459,0.008922199807351547,0.054222821081057186,0.06286691771630125,0.051429868151899434,0.05179424274120495,0.050930477156446725,22200
0.0017713618278503418,0.46355596780776975,0.1467963218688965,0.6634515380859375,0.3327537834626653,0.41750779718160613,0.7675379753750281,0.5405686750390015,0.2831769414706944,0.09028172560294376,0.0225268576759845,0.010965222293600672,0.022124076206322903,0.0482957322275285,0.008914321560716946,251.65300141636973,178408,0.07785297136753795,0.1656605406878465,0.11021008090146123,0.02583635436279755,0.011762455611784779,0.7590780621767049,0.95530075822922,0.9308007038134034,0.6577644216031144,0.49025325757442134,0.009314225092530251,0.01032216769996731,0.009046271932633246,0.008659807365080433,0.009297480573877692,0.05620694243414617,0.06454789180896571,0.05018100109462188,0.055452179327253416,0.055683654217921985,22300
0.0007635951042175293,0.47645724296569825,0.16007693052291871,0.6889508295059205,0.30401839229960825,0.42238843023777,0.7788640145045611,0.5468044070821059,0.2873794918356856,0.0928553570676776,0.02241865166462958,0.01176352081970956,0.021495324216390912,0.047159244421080396,0.009286482607068726,251.6609209326217,179208,0.07777850247919559,0.16517960372848892,0.11197527094106931,0.025187565932472452,0.012783126245496918,0.762717730998993,0.9634750212602948,0.9351248421167074,0.6845559791978362,0.4848403974065504,0.009811245999298992,0.01105528955454405,0.009579978201930468,0.009077727315222538,0.00953353929912075,0.05579955354798585,0.06421659282404027,0.05141075770738287,0.052274993897227624,0.055107960947653634,22400
0.028688399791717528,0.458933367729187,0.15755354404449462,0.6707465028762818,0.2733312170656844,0.41961683258414273,0.7736339628696447,0.5464644035218292,0.29273731215166887,0.0887885152788781,0.021839320603758105,0.009024465209804473,0.02244397297434006,0.04710763649908835,0.010481788335089517,251.66919593961399,180008,0.07747240811586376,0.16550663530826573,0.1105710237523434,0.027641717589416904,0.010287574662121945,0.7531073278188702,0.9615092781186109,0.933415715249709,0.6762341251645064,0.46505414186237026,0.009516991940326985,0.01092336427187546,0.008876209000096573,0.009188615060725045,0.009076680626859459,0.05385365849360823,0.06415793176274741,0.046534072130030586,0.05444477360521884,0.05029169726838295,22500
0.0008089280128479004,0.45913215398788454,0.16247831106185914,0.670737509727478,0.2798124152006017,0.4215238936245441,0.7663613387516572,0.5488006254338249,0.2950911827385424,0.08094696119498974,0.021514659980311993,0.009093577622578215,0.0211053328668567,0.04981991915326369,0.008234886125033132,251.67734047130926,180808,0.07952282167971132,0.1651783470302966,0.11326110652751392,0.027072491515182744,0.012045840537799389,0.7545550507307054,0.9603848903637217,0.9363798438900646,0.680471322410984,0.44972797957333654,0.009798047062940882,0.010791611765956352,0.009696464051934656,0.009102293589201416,0.009561745443216495,0.05339651025831701,0.05794087509289748,0.04968024071569392,0.05292833394518025,0.052928896897147144,22600
0.03322287321090698,0.4367734575271606,0.17240461111068725,0.6597791004180908,0.24299056856650472,0.43455151006579384,0.7654823734255256,0.5449584399544924,0.2870180401321197,0.08953990841550491,0.022976265801116825,0.010288185342513212,0.021546553151118898,0.048478671565543904,0.009285240384217878,251.6841384955821,181608,0.08073973372578612,0.1645428585301479,0.11140045644932013,0.026402162137139893,0.010132805293958103,0.7704322153329851,0.9589440206001548,0.9344603069992952,0.667132786218671,0.47242679153169903,0.009196109934709963,0.010530658472292677,0.009174048783647467,0.008370722356085894,0.008651452923991847,0.05761963464450671,0.06844104983704227,0.05614913367398282,0.0518999060793473,0.053639030287740745,22700
0.0008227849006652833,0.4774570798873901,0.1577552652359009,0.6880444550514221,0.3234774757078441,0.4188789570331574,0.7704351892838109,0.555345456606598,0.29038058355521296,0.09761415906429578,0.023723899349570268,0.012722644798505373,0.020394547163979503,0.05011396424324023,0.0102440942416881,251.69196723217433,182408,0.077345421705395,0.1646642433527188,0.11530131077574142,0.026011610898008266,0.013616904324198218,0.761557568609715,0.9611788703845094,0.9407040114684778,0.6684703677186463,0.5086441472745861,0.009680973952636123,0.01083669518956389,0.009826887151106235,0.008797091493709677,0.00936363598493001,0.05304101389832795,0.06057572005173331,0.05208854634635228,0.04926293296960151,0.05066152515176395,22800
0.0323672890663147,0.467383508682251,0.1560519790649414,0.6758229613304139,0.3449272213670995,0.4427581292390823,0.7689841343609564,0.5453384991954361,0.2921735781507615,0.08692461846245308,0.022864420246332888,0.010412736149312918,0.022159461245777452,0.05096167705188958,0.009643364480595927,251.7005465618081,183208,0.08410592440515764,0.1645463172969899,0.1111279643753314,0.026841352794032824,0.015840295104410602,0.7704202505946168,0.9607607914142849,0.9329069043225786,0.6696632394423851,0.47265412936339535,0.011196248899213963,0.012648646841665076,0.010084630789504168,0.011654631155901232,0.010007488498514561,0.06718937700614329,0.07265488469629457,0.05592237930884337,0.07654563894447608,0.06183258889595398,22900
0.000654299259185791,0.4311263370513916,0.16450520515441894,0.6456736183166504,0.3052517962088635,0.4232658721506596,0.7698487651230086,0.5495254303598163,0.29367566739722195,0.08432342564550838,0.022846113638952364,0.010826796318040137,0.02172536013865382,0.050757810563723374,0.009080250355664914,251.70639456885985,184008,0.0788439592067153,0.165002026475302,0.11325182574730235,0.02638585953284246,0.011036684376573777,0.7565567740797996,0.9617198307325342,0.9315485179726849,0.6767655337343406,0.4625215196027991,0.00969730516429991,0.010982361619849454,0.00976478372733605,0.009031713940203193,0.009002579305684433,0.058162878183647994,0.06456896677465725,0.05889798621387044,0.05350710689660388,0.05559548791497945,23000
0.031206717491149904,0.44785337686538695,0.18781837463378906,0.6847055530548096,0.27475617571005173,0.42523063704371455,0.7636978343129157,0.5518235211348652,0.2936152470449507,0.08634958444733387,0.022854596236720686,0.011379904786008404,0.020546821824075717,0.050220308508815696,0.008587052261014942,251.71318289931693,184808,0.0794097430258989,0.16424764834344383,0.11390624380675117,0.026237930753841784,0.012534742997911743,0.7623768728971482,0.9606123292446135,0.9398001645927995,0.6680915487810899,0.47579906120592214,0.009539281097240742,0.010522396448068327,0.009461587227751221,0.008688122552493826,0.009497335087983136,0.051727600353769956,0.059313146458007386,0.04873110778138632,0.04393068019052961,0.05513556249325673,23100
0.0009113240242004394,0.45618627071380613,0.15187738895416258,0.6591427421569824,0.339172250709039,0.4300527456402781,0.770382110521479,0.5485868367253157,0.28521909737500584,0.09373918262038695,0.023462916817516086,0.010133524361079692,0.021518755548944096,0.051513530552423206,0.009852503084402994,251.72707510374175,185608,0.08075046891346573,0.16453435419584223,0.11283855353082924,0.025473518292577102,0.01624785051778114,0.7648980391025539,0.9609854578409565,0.9364027254795898,0.6605168082863816,0.4920959354688721,0.010828136391937736,0.012088823920766004,0.010435156026490476,0.009170346978853867,0.011610271503741387,0.06801149401813743,0.08090504073265517,0.0613708249786031,0.05593864580814313,0.07332781758304913,23200
0.0008062744140625,0.4768405556678772,0.15717598915100098,0.6875219249725342,0.33832507212425117,0.4236677867174148,0.7691583332124645,0.5524436249485553,0.29978584605594005,0.09097071194835986,0.0242542223725468,0.010465798112768477,0.021613584739103343,0.05083034920051344,0.010408364411892055,251.73412799368458,186408,0.0787401259317995,0.16395435842511422,0.11463254611095734,0.027243565035940612,0.015669850667899554,0.7629634642601012,0.9623531083484274,0.9316134008596522,0.6890539368917773,0.4689731239024256,0.009925891519524157,0.01083943844711469,0.010177612256364162,0.009058505296707152,0.009752371628812626,0.054842896759510026,0.06282482240451391,0.054491691937107845,0.04948165102233718,0.053661811882288704,23300
0.030054609775543212,0.4571427631378174,0.15630961656570436,0.6643353915214538,0.29447357040948,0.436093577593565,0.776877272300995,0.5558948095940867,0.2784640365792191,0.08844186146008338,0.023099674973636873,0.010965337843607328,0.021153580648956987,0.05155100547147827,0.0099436956163692,251.74386960482414,187208,0.08163450572639706,0.16525409069771949,0.11465730532226968,0.024380527886547407,0.01097569201435697,0.7605831566452981,0.9630679817726978,0.9341439940918115,0.6409689106866333,0.4664154636232477,0.009606118388473988,0.010739115378013444,0.009599401235968863,0.008776806626488408,0.009206920977387761,0.05894519121851773,0.06660450313491036,0.05539982935404893,0.05805311675783223,0.05539424751738183,23400
0.0008172202110290528,0.4528492426872253,0.18009305953979493,0.6850920605659485,0.364530028476777,0.41616516120731833,0.7666612201266814,0.5519488864573673,0.28983682144394846,0.09658838392890721,0.022430539820343265,0.010603248861140368,0.02128464313437099,0.04867662132247207,0.01027287066002221,251.7499391193965,188008,0.07745101369917393,0.16462554636771085,0.11275300394688076,0.02705123800707538,0.013589299884322965,0.7577293342351914,0.960523118733098,0.9362965051214491,0.674439025908401,0.48892512834734375,0.010001903276424855,0.011514312417675114,0.009568031602747629,0.008836631724351687,0.01012887346075365,0.06135121907573186,0.06042215119672831,0.06071405289741009,0.053793017476432274,0.06954545676665098,23500
0.03085841178894043,0.4441463041305542,0.15231101989746093,0.6487870931625366,0.2913161001188852,0.4130393519997594,0.7601592741419916,0.5517405492478398,0.2931951780433526,0.09109224273393352,0.02320441020652652,0.01010656678328412,0.021339857142589905,0.049707305154095535,0.009390800169337753,251.75614013184907,188808,0.07599926548078657,0.1629473838824124,0.1140967852425301,0.027126425044764188,0.012400746954461713,0.7502336335182195,0.9616128996988037,0.9334176693154478,0.6731639779321678,0.4759055513602036,0.009592995322309434,0.010782640081030036,0.009292832808569072,0.00913147831794947,0.0091918472182722,0.0588189784786664,0.069622692385286,0.053044996938892995,0.05830276244932356,0.053856406511980676,23600
0.000722818374633789,0.46905376672744753,0.16446345806121826,0.6861623978614807,0.3084262712217254,0.41727899745106684,0.7630897998809811,0.542670199995513,0.29004982675331215,0.09021116204523637,0.023040511403232822,0.009354445919190053,0.022215684589285134,0.05133720464410557,0.008954814049184733,251.76168013817284,189608,0.07702299455180767,0.16502055758383208,0.11051530640695126,0.024705449511760437,0.012433823866055358,0.755155404806137,0.9581333599439482,0.9295769995385473,0.6643898104124023,0.4902683531196374,0.009376103852409867,0.010472106697355816,0.009418783053131466,0.00865369724168258,0.008973627981901593,0.05388753018341961,0.058619619383499376,0.047743812223875935,0.04997557302451004,0.058537304525724816,23700
0.03084807634353638,0.4457219386100769,0.15105350255966188,0.6485821843147278,0.3227723600308128,0.4178899365663527,0.7666126833390934,0.5533251878943781,0.28953086595604394,0.0877107531108921,0.023366631912067545,0.01010873011946579,0.020837009008420577,0.05184484888678015,0.009117801317548626,251.76818737360517,190408,0.07853467172011731,0.16425108365596278,0.11427670451674128,0.02771886906829542,0.014666249179096869,0.7556943702697757,0.961469771054686,0.9374111622276873,0.6613407788645244,0.4781342092717046,0.010509306215681127,0.011678467088295185,0.00962104857899249,0.010601131936112307,0.010209547371907842,0.062747917882516,0.07143337571735998,0.05130458621269019,0.07085163544009754,0.05776045219984256,23800
0.0007454538345336914,0.46397359132766725,0.16278204679489136,0.6794921231269836,0.26244549287936725,0.40075601086020474,0.7690977048873902,0.5443567389651278,0.29700528114026276,0.08654118441873127,0.022240412933751955,0.009408826545945239,0.021701813390758364,0.04808241792095165,0.008907889624436695,251.7749815240418,191208,0.0726114047877491,0.16480193904467988,0.11082923088049022,0.0264867554522223,0.01055993058408301,0.7437728363275528,0.9619474741390777,0.934855583109386,0.6882591953024201,0.46124745978249443,0.008736563981510698,0.010194291028061082,0.008866641561891585,0.007748939789795646,0.00839981287717819,0.049979923628270626,0.055715630943221704,0.04626580703656136,0.047656202306386064,0.05084252823144196,23900
0.028802974224090575,0.46932464122772216,0.15838167905807496,0.6789630460739136,0.3120435018378241,0.4269844022393228,0.7776887228923481,0.5530694685309067,0.28600985916265914,0.08878638384057518,0.023529474698007098,0.00992519315102785,0.02182969999343613,0.05361289300969871,0.009150989719119791,251.78055467749684,192008,0.07981766566634178,0.16569343965335445,0.11409740420389299,0.02467918530780466,0.014079692518102264,0.7521559125185013,0.9611878412697712,0.9299111511501564,0.651096399705015,0.4668801898386943,0.010574801317416142,0.011070459129132806,0.010686681452230914,0.009588464970545996,0.01094107997756618,0.06793565795756876,0.0728084561713224,0.0626872404417033,0.0632939674615411,0.07275385010653916,24000
0.000844423770904541,0.45573002576828003,0.1607966184616089,0.6692016887664795,0.32394643089676756,0.4286765794456004,0.7738028997724707,0.5512044410148778,0.28748844424475267,0.0912036901704737,0.02327098658308389,0.009600220995807002,0.020438550528094266,0.05130281113088129,0.00956797465854853,251.78888618897426,192808,0.07920040400698783,0.16531660279089747,0.11359791792259955,0.024901328468057413,0.013229004815508866,0.7601611155271529,0.9617092081091622,0.9408111754291786,0.6663519865301647,0.4819912978054323,0.009963803128339355,0.011082574242556643,0.009526555306517966,0.009437190819548684,0.009665962080615246,0.05873736740089953,0.06767401816323393,0.05524049058534248,0.05487179011106489,0.055976937952230556,24100
0.029082374572753908,0.47135197162628173,0.1630406165122986,0.6850587511062622,0.2718565431422169,0.4087093764543532,0.7653080710296414,0.5444946990208925,0.2829742081272294,0.08849186526481492,0.023792816083878274,0.009368430609341524,0.022263491985158618,0.05501685745249958,0.009223255786914825,251.7955399689727,193608,0.07603073712438349,0.16532921774791245,0.11197076086404818,0.024257185812800765,0.012377880080494758,0.7427195158600807,0.9577996235727606,0.9285853447545558,0.6416150035002295,0.47240087570146055,0.009525943542830645,0.010624168906360868,0.00945291964220251,0.009307954214417775,0.008859192961177159,0.05255592028610408,0.0629162947530222,0.04665131822390403,0.05461501352584514,0.047554901298568646,24200
0.0006013870239257813,0.4450318717956543,0.15283678770065307,0.6471261596679687,0.2893842246545913,0.4177222789824008,0.7773702269072065,0.5510592357414523,0.2911590270178266,0.08651569343614159,0.023128819148987522,0.010665103627476268,0.02070927346897564,0.04803431314351253,0.010046606761111751,251.8018337240773,194408,0.07663113530725245,0.16483580935132372,0.11324733721046916,0.02739982254759866,0.011101640952572297,0.7532602107524872,0.9643740467317806,0.9384520760396632,0.6768678321394813,0.4504183277939305,0.00948109589051456,0.010851172259548212,0.009575589212429977,0.008527187318649408,0.009159708581394475,0.06331619502045212,0.07606062005468453,0.06233702476885991,0.05517208494765812,0.061458761742658456,24300
0.0006839323043823242,0.47477702379226683,0.1569117283821106,0.6815843629837036,0.2839142226804837,0.4219229197502137,0.7723272470540772,0.5553994733275793,0.2953024279073026,0.08885403114118583,0.022309253783896563,0.010246818232198437,0.020779033067325748,0.04920826460126318,0.009714458712755288,251.80770964820897,195208,0.07795001074671751,0.16453100435955595,0.11418763751333401,0.02687831326993634,0.01218668103466141,0.7520998272299776,0.9627507503642599,0.9376562642328674,0.6833656725374229,0.4635599971374621,0.009723038934171188,0.010887684831179158,0.009543140136608567,0.00894424539665212,0.00944133754384434,0.058216782037634404,0.0708524167461884,0.053001395786519766,0.05035355418595003,0.057112586741100674,24400
0.03298349618911743,0.4451112127304077,0.1689411520957947,0.666726930141449,0.28138352750483925,0.41518054455518694,0.7670193572839102,0.5436998694711384,0.28910659369573277,0.09172426690796609,0.02304634346626699,0.010028156525610636,0.021690019276169654,0.04818469797313776,0.00934140357663998,251.8178487041538,196008,0.0763708345219493,0.16414056867361076,0.11171388770872948,0.027105892767892478,0.011336476748884874,0.7585519877076148,0.9620404491821913,0.9316882818796057,0.6693578851672841,0.4831685720361428,0.008998563792556528,0.0104639109586262,0.009095356958560754,0.008272815959194223,0.008337003857294478,0.05615419086068867,0.06154715722012855,0.05047943730843013,0.05544692725997487,0.05806575907479387,24500
0.001172652244567871,0.49092228651046754,0.14675268650054932,0.6907920575141907,0.2622983543923754,0.41110813513398153,0.7685582038410549,0.5511183612403417,0.2908817758038636,0.08248047111335242,0.023334607239812614,0.009613024959907812,0.020841449969226412,0.05452349474653603,0.007893606513888705,251.8299383377605,196808,0.0763221259042621,0.1653365988971135,0.11335442761580153,0.025097537417896103,0.012504797000702807,0.7461931228637695,0.9601492965021612,0.9393058271635144,0.6535766747593883,0.46027590849953254,0.009434498054906724,0.010470552778381381,0.00942963210289323,0.008714210081379854,0.009243150420433954,0.054367236853577174,0.059301607750418636,0.048469953307704566,0.053682066011242514,0.0566999919368263,24600
0.03188814401626587,0.4652492690086365,0.1484328317642212,0.6679581356048584,0.3412094201269952,0.4312195178866387,0.7636077750415701,0.546818494140314,0.3078716075880095,0.08824159522761695,0.021802883530035604,0.009707944220205038,0.021621037348448443,0.04836667147762285,0.008181339030192462,251.83672377113146,197608,0.0817953019216657,0.16464899808012365,0.11201004995779842,0.03119630162465447,0.013902559465987934,0.7753852689266203,0.9598373433682307,0.9335396434241982,0.6964815278002555,0.4851920352768654,0.0100966563122347,0.011280699523351114,0.009922891789595989,0.009422777096760714,0.009787283043290695,0.06061581302317791,0.07424386889802984,0.05126554401291919,0.05658191576057626,0.06204841652112175,24700
0.0006713652610778808,0.4708977580070496,0.158534152507782,0.6833496952056884,0.29293612723908863,0.43399116247892394,0.774209879973545,0.5494439807486402,0.28339679267567885,0.08780767039555797,0.02188760433346033,0.010635753405476685,0.02109251389489138,0.04838940078237403,0.009612350768734223,251.84609888484528,198408,0.08097037293016907,0.1648276080732389,0.11216655198265521,0.024994503713969607,0.01134167789396914,0.7617662721872328,0.9627663837954603,0.9416141608819606,0.665437131499251,0.45894109389998705,0.009816104932688174,0.010816262446076612,0.009627269092887481,0.009379630212303406,0.009291258078501225,0.05888897156342863,0.06655964075332939,0.053971019508765344,0.058535094329272376,0.05523766971409624,24800
0.03309777975082397,0.428458092212677,0.14098739385604858,0.6199091982841491,0.29315389117918356,0.43001706719398497,0.7776389147554119,0.551774875803308,0.296505359263675,0.09508094185096502,0.02307932363823056,0.010351332223841115,0.021547626315073655,0.05129898745042174,0.008912968947805718,251.8524704864703,199208,0.07919435519725081,0.16503846311853057,0.11467604027999634,0.02675467362916729,0.011459924025912898,0.7621568441390987,0.961990484169551,0.9302681510920048,0.6730225300325925,0.49384174990181867,0.009439741596579555,0.010894325089507877,0.009456307911262892,0.008762772950045402,0.008602998717365288,0.06299454622436321,0.079520597175828,0.05641211616642936,0.05783215283135909,0.05700932151988365,24900
0.0007425427436828613,0.46645110607147217,0.1593643283843994,0.6827103686332703,0.28829907426162854,0.42065622299909605,0.7668667983769163,0.5421354111266028,0.28517889323142853,0.08083704126128298,0.023211490772664534,0.010335280838417803,0.022306511983959273,0.051434499885027206,0.00937334828408688,251.85910970678924,200008,0.07856661692261696,0.16460886080959958,0.11113194250254245,0.026224329729731634,0.009940066946969937,0.7449526065588002,0.9601026932198801,0.9288866456580049,0.6623733997344967,0.419393475031733,0.009708093921653931,0.011335592805852541,0.009751321727652898,0.008608175596843164,0.009113438843969432,0.057132254149764784,0.0688344330957449,0.0530186080270343,0.053343500512150636,0.053421691820568364,25000
0.03789824962615967,0.43323005199432374,0.16821141242980958,0.6595615124702454,0.3030268357276161,0.4190255537629128,0.7653563319076419,0.5459178608714363,0.2839909842418089,0.08534094848808774,0.02292682322673499,0.009847832349962803,0.021669338210759795,0.0480776603981715,0.008548538883568393,251.86521862854752,200808,0.07688557710498575,0.1641131626997944,0.11125962797771485,0.02523515123470518,0.010584337815166784,0.7595786637067801,0.9624365577522994,0.9362245917904609,0.6672463911469633,0.46837905810234404,0.009246516968123609,0.010779752108361075,0.00897145754310723,0.008376824375551008,0.008991131348475971,0.053243839060887706,0.05841724053317808,0.04713450276347646,0.050033389921149876,0.05832284111826818,25100
0.012643821239471435,0.4579023361206055,0.1437730884552002,0.6573551535606384,0.38557440538138954,0.39816690415143974,0.7696167305111877,0.5558187534354321,0.2956655159797691,0.09643455862583256,0.024269834421575053,0.009728415406160908,0.021176704727759253,0.05425300305589621,0.009497604088042363,251.87762380959313,201608,0.07234742583706982,0.16463264526629998,0.11512581170725004,0.02633790859798773,0.01392345720114659,0.7385143047571182,0.9623395204544065,0.9328409912269242,0.6617804240742953,0.49695305634977527,0.009710320269223307,0.011370328061854123,0.00984183880177494,0.008454973238024768,0.009533288402986503,0.06554877137721632,0.08423519287903627,0.06808958764060478,0.05067755323751945,0.06346102097621809,25200
0.0007343435287475586,0.4640276050567627,0.16785377979278565,0.6823382043838501,0.3079317015231729,0.4458927592635154,0.7665221799251648,0.5559780120563047,0.29716834064462433,0.092802895850369,0.02430201048031449,0.009695267010761722,0.021249287669958827,0.05563528646281599,0.0097082654785897,251.8886104036392,202408,0.08377431396394969,0.16522025445172941,0.1146563252863976,0.024501860910556297,0.015424030100527631,0.7776567083597186,0.9580463994381042,0.9371566563271565,0.6735761903300147,0.48659667934690237,0.010697110118344426,0.011661772323815631,0.010478272340081347,0.010346448272558867,0.010176821984350683,0.062191338504781056,0.06545110279477609,0.06037873849233548,0.06307546474704617,0.059320355529364745,25300
0.05054438352584839,0.4653214955329895,0.1499788546562195,0.665660605430603,0.35757842073695656,0.41595475509762786,0.7745424985271142,0.5512138220171134,0.2878061418407526,0.09021433243571332,0.02268267076462509,0.010481615511210851,0.021251749116345323,0.05070463631152361,0.009033230746836336,251.89282183203906,203208,0.07816735381260521,0.16522192962698093,0.11366538470610965,0.025627217874464446,0.016545388745793782,0.7528888672590257,0.9604349766195438,0.9360901511584719,0.658191206766733,0.48966207892395724,0.010503428187221293,0.012256817296915452,0.009348746243631469,0.009971946365569704,0.010444387854185208,0.07020876470953226,0.07672594696014504,0.0609417680389015,0.07111242187476187,0.07176737972470228,25400
0.0006038904190063477,0.4753312397003174,0.15608133792877196,0.6836250495910644,0.2347073335938288,0.4383280453085901,0.7706407740782794,0.546921112908507,0.2925368385813221,0.0894707129336893,0.021782590057700894,0.009762631976972583,0.021854848135262745,0.04732963328481353,0.009508659674270835,251.8984206397838,204008,0.08205747473984956,0.16452825909824723,0.11188144201658815,0.02707443284807066,0.011141400276485105,0.772594065666199,0.961873546595822,0.9330766816746512,0.681532692972315,0.470734008449189,0.009410646604374052,0.010659133028945222,0.009096908738906933,0.008797264448490253,0.008979854154142925,0.05652723017614339,0.06735549419147292,0.05327312436552256,0.050013420755960165,0.05459221264971615,25500
0.027634735107421874,0.4416209101676941,0.16359156131744385,0.6556942892074585,0.2810495687559613,0.41980122908949846,0.7714625773381216,0.5507529811561114,0.2821624688258985,0.08362017062740713,0.0225099175563082,0.00990670830918933,0.021353972251527027,0.04969709372920234,0.008077993670749909,251.90518323899863,204808,0.07767471615225077,0.1650454542618626,0.11427020210772756,0.024214657100780673,0.00991366054727017,0.7554495185613636,0.9616415354670312,0.9318538591265677,0.665289323795132,0.46795371908638367,0.009243193287402392,0.010475685268792567,0.009274733948986973,0.008427975004220876,0.008837380158672822,0.05488783389329908,0.062065787233260256,0.05052005201578141,0.05373838693812129,0.05339192508265899,25600
0.0006970739364624023,0.48902340173721315,0.14364730358123778,0.6867401027679443,0.3278409409990346,0.4200884027779101,0.776463342340369,0.5526092682272338,0.2928264051907419,0.09274537758640594,0.023114906223490845,0.009452694607898592,0.021018723936595485,0.05361536559479919,0.009725918270926046,251.91121599115172,205608,0.07755078256130223,0.16432946340033877,0.11437702149593189,0.025205373417808066,0.012779700317393944,0.7530281186103825,0.9664165647406332,0.9344118566348638,0.6658995429468901,0.47008939073464573,0.009698559814132748,0.010766534151901548,0.010023386018084625,0.008898278247140396,0.009163978033063699,0.05945970483589919,0.06437351804618772,0.06034098699083324,0.05594378898711635,0.05743188694528542,25700
0.05432280540466308,0.45766874313354494,0.14078500032424926,0.6523996448516846,0.26996868560897597,0.42391396999359143,0.7604551335860944,0.5432113036513332,0.2905186161241201,0.08431406629271813,0.02212685852311551,0.009642712359564381,0.02134222492280132,0.050610811067695854,0.008696950092562484,251.91877310752926,206408,0.07968628676608204,0.16467153086450884,0.1108357774881791,0.026552390057110697,0.011242326892679564,0.7545877087116238,0.9588132626904652,0.9353662677682358,0.6614751140907325,0.44728046268224725,0.009469029493629932,0.010752659437838437,0.009237979249939174,0.008549635012747438,0.00927526513813063,0.04983253747690469,0.053904448287203685,0.046433480366921145,0.049519183801575786,0.049530686622019836,25800
0.0008046627044677734,0.4636758852005005,0.16610316276550294,0.686459572315216,0.27934090341908285,0.42382328212261183,0.7734608596021478,0.5447748662838379,0.2921646281930747,0.0899577507533919,0.02389686417765915,0.009789265240683699,0.02205078079875314,0.05457270595098971,0.008333062552425765,251.9241350528606,207208,0.07868126926943661,0.16485918298213184,0.11132339893573485,0.025824139245064444,0.014479477672215243,0.7636865103244781,0.9641738449684297,0.9313939980526068,0.6627241431498061,0.49999827056673873,0.009804733116179699,0.011146505198657812,0.009467565800863595,0.008705911584947192,0.009933301034715764,0.05034450435545296,0.059428510670032804,0.0468551813503119,0.04813696044570245,0.04705847915608304,25900
0.028970670700073243,0.4601519274711609,0.1481017804145813,0.6608217716217041,0.27145824528329016,0.4506465587019919,0.7708575360409842,0.5433965457661803,0.3036334156058732,0.08251375975555543,0.023034077109768993,0.0106526482462262,0.0218564723346867,0.05401097460840405,0.009399156499778918,251.9304483309851,208008,0.08467147879302507,0.16486510050457875,0.11042082448377205,0.025674218883399262,0.01114315247649649,0.7766431224346163,0.9613749980926511,0.9343417677109555,0.6840948045931077,0.4420689873855206,0.009605048806406561,0.010748802705223243,0.009308546403581645,0.008805361938853331,0.009342208353792158,0.05812091431580487,0.0681592735025597,0.052449592222112984,0.05255843164526266,0.05820575251384488,26000
0.0006684494018554687,0.47227797508239744,0.15282172203063965,0.6742291307449341,0.2833128541850639,0.43625741198658957,0.7701550433412201,0.5462282310783594,0.301729399676078,0.09161633892641594,0.02428716824389994,0.010816408067815557,0.021919007944069563,0.05033717600837624,0.010038888561027937,251.93462072047492,208808,0.08018039021641016,0.1644832890791198,0.11134269882448665,0.02834999322712805,0.01092419571665821,0.7737593179941179,0.9609981893251338,0.9339427972271437,0.6829653061996004,0.4736408801437114,0.009258855760563168,0.01027166072890395,0.009159817375091004,0.008650156281992932,0.0090142928569906,0.05520391092635692,0.062105882078564406,0.05321413153630778,0.05116245311589161,0.05508503668021,26100
0.030128335952758788,0.47851157426834107,0.16017189502716064,0.6913170003890992,0.2906569230558947,0.4136480325460434,0.7702552314768448,0.5516941139826902,0.28007170246236,0.0910100700690391,0.02616624245420099,0.009751294659663673,0.021400825107923224,0.05539241283313682,0.010116017201885657,251.93949580818315,209608,0.07511801665648818,0.16497036814689642,0.11434478002625545,0.02479840690371382,0.0106350053857239,0.7391434216499329,0.9621291826380062,0.9328676230198624,0.629021961070504,0.4655196375035229,0.009354641300160435,0.010421477268113101,0.009082940721733344,0.009177466628441752,0.008780408276621495,0.0555364023055881,0.06054922822426923,0.04702461069399441,0.055518706781189614,0.0589220374426309,26200
0.0009204745292663574,0.4401629686355591,0.16089528799057007,0.6516447567939758,0.4209905646054507,0.41247022852301607,0.7719516606707333,0.5528455969567098,0.2846754513680932,0.09277029106513081,0.024126185206696387,0.009493933265146462,0.0214127663639374,0.05565484513062987,0.010343489094013603,251.95002021606052,210408,0.07638379553332929,0.16449549511859296,0.1134104970260524,0.024473237002966917,0.01460288729040174,0.7382976379990578,0.9635098501255641,0.9345964441696798,0.6331700894236566,0.46557203454708873,0.010010159825906154,0.0112831389874612,0.009800529648297626,0.00910059270914644,0.009919776233049854,0.07385264026001095,0.09407545628614328,0.06522579181182664,0.06984698601067071,0.06750012056714072,26300
0.000696260929107666,0.48182694673538207,0.1468434190750122,0.6791612577438354,0.27147130402293884,0.42198161214590096,0.7668264164974553,0.5446308429851087,0.289750443475369,0.0880626856475769,0.023334404285997166,0.009255295323149457,0.021445400493089573,0.05414750473812607,0.00869465965997596,251.96313560222927,211208,0.07839277910068626,0.1646162997833723,0.11067744760319252,0.0254632760782559,0.01262070338391517,0.764988350868225,0.9617117315686805,0.9378438680670981,0.660965905434046,0.491351555340254,0.009517357440199704,0.010722061216889718,0.009596141224163914,0.008592093312062139,0.009182631661741048,0.050134228374809,0.05478177256687149,0.04749784931367216,0.04805049099123631,0.05056372258213144,26400
0.03240412712097168,0.46251975297927855,0.15094103813171386,0.6636176323890686,0.27835936095149205,0.4216173827648163,0.7734789631019031,0.5445019605627472,0.28387261119675744,0.0885657863311318,0.02242232186254114,0.01035705465134621,0.021492522379214122,0.048551724017070114,0.008170233477543745,251.97130115138762,212008,0.07814859922975306,0.16514630817497783,0.11114455467205869,0.024797232730974773,0.012998662204766767,0.7651967191696163,0.9634436890482898,0.9346134055174137,0.6685230000852945,0.4904684311881357,0.009551155222579837,0.010703077901174154,0.009167120876637375,0.008911359114710036,0.0094948931506892,0.04992530499584972,0.05687305129928668,0.04432753585368106,0.0476434946385914,0.05145170276613943,26500
0.0006447720527648926,0.4760236978530884,0.14963374376296998,0.6763873291015625,0.36435603639112357,0.4284602412581444,0.7619179487228392,0.5448586606799649,0.29246680558009,0.08033704459871886,0.02491634579375387,0.010860103949598503,0.02197070084933434,0.053949585491967086,0.010305239840738143,251.97703988335192,212808,0.07935307689011098,0.16436422871794693,0.11138198777434215,0.025266076334892706,0.010646385589747552,0.7529714113473892,0.9591332242108773,0.9319074890721386,0.6636447324505397,0.42689163999243124,0.00946097512263805,0.010260568819220222,0.009516316323293054,0.008795776615305905,0.009265883306327917,0.06168042720761147,0.06114765623098485,0.05611749675274644,0.06235752115245767,0.0675802230118559,26600
0.0311019229888916,0.4278733444213867,0.17424129009246825,0.6519625902175903,0.3421053590838304,0.42228155136108386,0.7728586418544824,0.5463487963173901,0.2820061914421414,0.09622674832507112,0.023585665198042973,0.010669110271490029,0.02183758848638951,0.055368115199176025,0.009657593838264282,251.98372845875625,213608,0.07799102401360866,0.16484213436967754,0.11114270322243949,0.023265539861057664,0.012320746086155642,0.7551196306943894,0.9602864666200764,0.9349944328560548,0.6325991321254425,0.4963631688986183,0.009598195934668178,0.011000079804816135,0.009542337616485558,0.008350006840821047,0.009425248713496155,0.0648457776987925,0.07953400878778577,0.05858878364476064,0.053284917804538465,0.06716760732497103,26700
0.0006651401519775391,0.4659509897232056,0.1606498146057129,0.6753736424446106,0.2750441020541606,0.4306843452155588,0.7653232630131372,0.544780270308257,0.2865513178082757,0.08947307241032841,0.02312298319302499,0.008943407679358847,0.02193470675731077,0.05387964709756938,0.008619958460864541,251.99105242497882,214408,0.08078686137683692,0.1650159115780072,0.1121036940068006,0.023915717339057632,0.013218211216250601,0.7585597050189973,0.9602319395767063,0.9286851334571842,0.6511385811834924,0.46832501391569775,0.009984262052457775,0.010879948357436452,0.009675399709958586,0.009111208317335693,0.010208249052084273,0.051939647346734966,0.053089703679225365,0.04522493805270643,0.04954209737954855,0.06011178125239296,26800
0.029739892482757567,0.44823636770248415,0.14884278297424317,0.6486094546318054,0.3357718377394776,0.41168066620826693,0.7656981622850573,0.5508432678878307,0.2871814779568427,0.09160121218104603,0.022618109853938223,0.010086945726888612,0.021528422406408947,0.04851360408828989,0.009966997397482002,252.00148935444344,215208,0.07680801320821042,0.16430612818614856,0.11401270907372234,0.02790860629451489,0.012252096538191459,0.7531264209747307,0.9607415041408026,0.9306026199460037,0.6776531400656939,0.4777347406311213,0.010214374368079005,0.011126459880757169,0.010452930780593301,0.009592813561845685,0.009787652210852756,0.05889014883432539,0.06315931283390606,0.05999438755912709,0.05817225785455713,0.054826162416627876,26900
0.0007286000251770019,0.46274629592895505,0.16560745239257812,0.6794732308387756,0.30958794214353735,0.424548135101795,0.7676831498816978,0.5492313065258744,0.28677336943959714,0.0848973509855569,0.0238549741730094,0.01004071883276928,0.021563881008055435,0.053344538037493415,0.00895538252249632,252.00668997043618,216008,0.07852273831143974,0.164656307754205,0.11285620817703566,0.024589430870831888,0.01081433359286167,0.7590015161037447,0.9610612509238663,0.9340109927900908,0.6617616565482141,0.4688692394023135,0.009491743608377883,0.010421537244271249,0.0095462706146459,0.008675979378009303,0.009345647335673378,0.0547680747276172,0.05949959289235761,0.05278729637763626,0.04845227055857413,0.058734645295771784,27000
0.030625882148742675,0.44030999422073364,0.16465521097183228,0.6560938310623169,0.264339830924413,0.4196899569034574,0.7672407011653102,0.5526818641742993,0.27753373706397005,0.08406359764436873,0.023462816420942546,0.009268373165951036,0.020925203633364742,0.05284237943782981,0.009830016959620753,252.01415973400978,216808,0.07802426632493738,0.16465366503526982,0.1140919803793347,0.023838026317293353,0.011648721102189593,0.7399984654784201,0.9615039359691532,0.9371312437362448,0.6365202907121414,0.44351516701095733,0.009726419248618183,0.010902278757719111,0.009348889999633089,0.009195346835526232,0.00935185500953476,0.061150675644166784,0.0739472361389807,0.04624290299482733,0.056857140761149935,0.06474821686058936,27100
0.0007238245010375977,0.4706102323532104,0.16272409439086913,0.6855658435821533,0.29161958102560537,0.42745624154806167,0.769245609198466,0.5465653261438537,0.29326565556338285,0.08858154308934185,0.02337264732923358,0.009412736905678775,0.021485381762019872,0.05278908936627977,0.009082464593073806,252.02061147482567,217608,0.07898739665746694,0.16491759575829648,0.11225283651876809,0.02556159737602501,0.010952258178335379,0.7662682235240936,0.9603913939825375,0.933378994464874,0.6723281341820513,0.4892975423753876,0.00929798303171992,0.0102987625142836,0.00928196969177963,0.008654426200673209,0.008945937993331363,0.053866757364012315,0.06404288496250411,0.04697972982519522,0.05084057098364667,0.0535731006404097,27200
0.0008267498016357422,0.46645623683929444,0.1657117247581482,0.6819157934188843,0.3455728166299605,0.4192761527001858,0.7755719193297881,0.5570218544542503,0.2952540254731871,0.09025277963308533,0.022680403729900704,0.010044344484492252,0.0204411407522679,0.05138315555731246,0.00984587037835757,252.02757913466814,218408,0.07865159397944803,0.16496985413781984,0.11479210215464739,0.026931490389620557,0.015782686907832882,0.7524460101127629,0.9619867043650665,0.9406876529803114,0.6660857435335149,0.4663223638155749,0.010892813582904637,0.011249451675330816,0.01110802181778057,0.010260833921924315,0.010945954444931344,0.07202489133924243,0.07981419067262958,0.06801754880571768,0.06963725381776922,0.071394599534606,27300
0.030176298618316652,0.46078177928924563,0.1474438214302063,0.659218122959137,0.32632496359853247,0.421757144629955,0.7733090052040673,0.5562315247275605,0.2846223635045262,0.0887280713107313,0.021589320404455072,0.010997831258141704,0.02036242876201869,0.047448602676190235,0.009416908201200079,252.04085909679856,219208,0.07928266640752553,0.16594759863550948,0.11527565145357092,0.026180074908896466,0.011272355390525464,0.7608270293474197,0.9597365022987449,0.9406706585125486,0.6779488267125305,0.467859123312115,0.009768117507919668,0.011190318232101776,0.009499382638287817,0.009266943645638395,0.009228928518174086,0.05040018016006798,0.06186782620266406,0.04512654685372998,0.048577682369363474,0.047358932575148546,27400
0.0007033228874206543,0.4739303922653198,0.1657327103614807,0.6913728284835815,0.28520960847339877,0.43238290414214126,0.7733903143873165,0.5536126799560629,0.2879523713300578,0.08584890142083153,0.022949257520958766,0.009086116095981443,0.021337710534841823,0.049269270809517395,0.0093694541780844,252.0525286908974,220008,0.08011484829708933,0.1652722100366899,0.1146288417885748,0.02546771578556941,0.010340292608746193,0.7677107340097429,0.9629236106297476,0.9328710656417043,0.6728136991437573,0.47300026759258273,0.00960048896726221,0.010507195123270087,0.009724866496354487,0.009047813243475426,0.009104274321368056,0.055891230027191346,0.061043992973208915,0.05529238514236783,0.05192456338157376,0.05554164669512468,27500
0.02982358694076538,0.46301274061203,0.14746181011199952,0.6633750128746033,0.28511825475333463,0.4198343700170518,0.7628960147882123,0.5510464801776165,0.2934424065016398,0.09671028595095355,0.022527019111439596,0.008884606275779125,0.020602139950805936,0.05160537298157142,0.009030853786568448,252.06285321136798,220808,0.07826746046543127,0.1635385844952022,0.11383689499023009,0.02756688342573334,0.013802737061408915,0.7610960280895233,0.9651122343845854,0.9381379272256584,0.6633077335001818,0.49750023249250186,0.010067322957329448,0.010785270231561025,0.0098939572237622,0.009347041431740304,0.010253652533999862,0.05143552073277537,0.054967791066528895,0.04677828397050649,0.04712263330706019,0.05668030949667672,27600
0.0008407115936279296,0.46085644483566285,0.17412619829177856,0.688684594631195,0.2871132327719592,0.42526331722736355,0.7739565174814331,0.5469250227880039,0.2868667229440046,0.0927707761598443,0.023715333323925725,0.009792835975833084,0.022157015120866902,0.05617835467345404,0.009569810991609492,252.070105586194,221608,0.07920501425862315,0.16515615119217597,0.11201415304948976,0.024890272219059744,0.012208100891495753,0.755135561823845,0.9614811762009263,0.9303307566074055,0.6436884308773314,0.47541501539424774,0.009704917818307877,0.010706180694556453,0.009838828626900501,0.008698176348307086,0.009519468292196106,0.06533541126176717,0.07341252692487724,0.06117617414512356,0.0635833803798413,0.06372595504740057,27700
0.03388237953186035,0.4620729160308838,0.14715588092803955,0.6634708523750306,0.30850149334739685,0.4194769036769864,0.7677869936999153,0.5435103074969532,0.2872531222598401,0.08241181857883928,0.0242935391329229,0.010452522161630857,0.022294624889199848,0.052434619489397705,0.009212233839360514,252.07947119850039,222408,0.07764562793076041,0.16469183460595133,0.11097548896812395,0.02621099854703617,0.011011977976580196,0.7496182158589366,0.9610137458153594,0.9300561068213989,0.6544407127006205,0.44302570506146044,0.009273352562449877,0.010564781175079665,0.00934053485708259,0.008454849555838913,0.008826999755968403,0.0560613217530772,0.06802503584839291,0.049704679072547324,0.054233193194769956,0.053457036839896103,27800
0.0006339836120605468,0.4744042778015137,0.15101081371307373,0.6774988698959351,0.32041604272244717,0.41981875844299793,0.7762462525413586,0.5550863549197463,0.2863957683621631,0.08958128630290937,0.023019044445827596,0.009638383803226482,0.020762345232700877,0.05492664002484146,0.008571620973166123,252.08933803030988,223208,0.07796329196542501,0.164205830759154,0.11441991848629081,0.024095018396643235,0.01471281531996477,0.7502555263042451,0.9654095124166753,0.9380241938903506,0.6435377375044006,0.4882418903337645,0.010523765226826066,0.011555959721310781,0.009869803187810939,0.009857559129783897,0.010675671370914592,0.06731294315308327,0.077715271362999,0.05595577136208281,0.06548591667899127,0.06827278822780619,27900
0.05408051252365112,0.4294900465011597,0.1702554702758789,0.6502276706695557,0.2694236944283575,0.4269766455888748,0.7706362462500062,0.5506816598445337,0.2874816747868589,0.08618967096099091,0.022679970674216756,0.008912431706705595,0.02103839466026472,0.05012452208294804,0.010597293995566618,252.09712297530322,224008,0.07973938224837182,0.16616676890393756,0.11350938755804331,0.025965448045699394,0.010717625158299998,0.7491436773538596,0.9590813429161695,0.9372634288528207,0.6631561009754696,0.4326342117362823,0.00962295440025627,0.010613247776698118,0.00950551421396162,0.009313144803671113,0.009005447334331004,0.05722233878914267,0.058684643562972226,0.052921420068075355,0.06248825999765933,0.054414581289978156,28000
0.0007088923454284668,0.4746756911277771,0.16159991264343262,0.6941569423675538,0.28854415566382174,0.42004163891077045,0.7660986896298361,0.5493480672707424,0.29286363071356053,0.087854841584121,0.02317855378612877,0.009392309037446625,0.021158559021313462,0.05494047170266131,0.00925309682306462,252.10080416536795,224808,0.0777634444087744,0.1652399714730213,0.1126311854132124,0.024153770265193313,0.011546133216164392,0.7490957343578333,0.9589332929555917,0.9362366428246365,0.6636557306998813,0.4608486028904088,0.009508195440284915,0.01116166429837113,0.009274012394048079,0.008413321937983621,0.009107050571170916,0.06100031485082582,0.06880543976324799,0.05160721364129028,0.05635526411426373,0.06582589119130598,28100
0.03249090909957886,0.4686597394943237,0.15692420721054076,0.681047887802124,0.28254445751845114,0.43809288904070853,0.7694806809878458,0.5430656316245133,0.28429563441558875,0.08688487383907523,0.0225902755651623,0.009375014356063568,0.021997486615067185,0.0515871080716974,0.009318828204726808,252.10679080315842,225608,0.08276328565552835,0.16520170510084942,0.11076798860736076,0.02674923417477036,0.011466642338482123,0.7644391214847562,0.9587776636645812,0.9325064479423858,0.6517403737494815,0.46522555235893515,0.010356551185250284,0.01143253978122683,0.010350002620479304,0.00968043913721646,0.009775890798498221,0.06592576819006353,0.07170405522477713,0.06030219237508221,0.06588113098650379,0.06524332477310572,28200
0.0006962823867797852,0.4647035074234009,0.15799522876739502,0.6740534996986389,0.30379217330046493,0.4285652594268322,0.7728146862983701,0.5465305210023681,0.28768638931214835,0.09129623086264109,0.023689797269180413,0.009358456262270923,0.02150058649831275,0.05414777810219674,0.00932626732458587,252.11322420226054,226408,0.0800987730175257,0.16462506614625472,0.111966223568444,0.02494158003246412,0.015485393613277719,0.7614886367321015,0.9621025830507279,0.9352639864608281,0.6503425055742257,0.4823950510568567,0.010423095216974612,0.012243731294292959,0.009934246668295146,0.009482687914278365,0.01003525011154577,0.05945696022827174,0.07037327762460334,0.05208458649759419,0.05573085650801655,0.05991311891757221,28300
0.0006431269645690917,0.4768181681632996,0.15808884620666505,0.6828515195846557,0.29486840777793716,0.4217303581535818,0.7751955085992805,0.5495047964611827,0.293454913637746,0.07924252336890238,0.022108425647020338,0.008803777985740455,0.02202344049785135,0.048903959199561545,0.009158549662793003,252.12039324204997,227208,0.07911051087081433,0.1654134600609542,0.11393163887289713,0.028580605358952405,0.010671095472828638,0.7440045851469038,0.9623890456557277,0.9252855643934137,0.6842013774205675,0.4156771444692842,0.010277030528523027,0.011353771588765072,0.010424700214014367,0.009724868519989835,0.009621365988490786,0.06485687760636213,0.07584265885408974,0.06005076802696804,0.06257340095787492,0.06095079507497025,28400
0.04271797180175781,0.4741030669212341,0.15152518033981324,0.6749804735183715,0.2794340995554524,0.4158679784834385,0.7725519492309922,0.5417767430142487,0.2819694532911375,0.08800062718032631,0.023245766963809728,0.009648670527338032,0.022102118020744205,0.052031333175589244,0.009044318466144393,252.12705610216133,228008,0.07758493233472104,0.16599259913271794,0.11022101253347133,0.024337723690988782,0.014630378850111826,0.7460619479417804,0.9585825384271388,0.9310754963329854,0.643573113007121,0.46832434182028176,0.010314526939764628,0.011401058200803801,0.01015703781146785,0.00896575060986572,0.010753170437929989,0.06834566629957407,0.07659581902779032,0.06479427060920137,0.05644317557528099,0.07554637866311717,28500
0.0007201433181762695,0.4773740291595459,0.15756018161773683,0.6871019864082336,0.2536228269078412,0.41955149754881876,0.772193696728364,0.5445817305147642,0.30850074627405216,0.08963580811124978,0.02369880143553018,0.009226091504893843,0.021946900361217554,0.05286350543498271,0.00923124438737185,252.13389892876754,228808,0.07656462645158178,0.16603877184225282,0.11093635456636548,0.027624731468360718,0.011149805904935719,0.7576173812150953,0.9587487699513767,0.9328841763734809,0.6897700728425655,0.4730516657667254,0.008941920758225025,0.010638799956616226,0.008861183209810407,0.008002457510374017,0.008423959553802339,0.05396365995053199,0.07025870371530235,0.0493573958729394,0.04870469365628873,0.04892815341856511,28600
0.031978471279144285,0.47303223848342896,0.1526561975479126,0.6773910450935364,0.30239443520173453,0.4242651849985121,0.7635688981384909,0.5447432193720689,0.2801713727866155,0.08559223835730981,0.02251505902037024,0.009198739567491251,0.021563878868439107,0.05043474156315424,0.009150126387878833,252.141730956367,229608,0.07870795553550124,0.16417171350381907,0.11154823375884258,0.0228626056776542,0.010760062928647575,0.7559524780511852,0.9621164983916047,0.934668122541786,0.647661813581833,0.46147414243098395,0.009296487630344928,0.010207827451629837,0.009395013346641074,0.00863233857524742,0.008904030491338732,0.052528842473402636,0.05763301377532803,0.048203294257642595,0.05255561443915917,0.05158554660828458,28700
0.0007201695442199707,0.44475488901138305,0.1786760902404785,0.6770940256118775,0.31832398855780325,0.4367415417730809,0.7710321984315287,0.5507960271622453,0.28621844039990135,0.09212121469531688,0.024059792663902034,0.011093696795030484,0.02106535616413953,0.052932733109700376,0.009329514693084717,252.1487623103462,230408,0.08214571049436932,0.16508991668369552,0.11316448034319496,0.024683220231315448,0.016152545111253865,0.7687306383252148,0.9617897374980945,0.9377817466322864,0.6508756861238196,0.4744177066673669,0.010309845153242346,0.011256291583029149,0.010067834635265172,0.009677274860349484,0.010284645201396294,0.05737458395771679,0.06427518605505152,0.053912539658735416,0.05359077508017275,0.05839384216710001,28800
0.06129069805145264,0.47067023277282716,0.1488182234764099,0.670365035533905,0.2886015856137198,0.42357702851295465,0.764939825299759,0.5406138078586472,0.2839356214538509,0.09087383757448853,0.023235624050721528,0.010346479898104392,0.02245354614396756,0.050765592538678635,0.009467737819773692,252.15525582884686,231208,0.07862729069776835,0.16419489583778826,0.11042757306147266,0.02698646942450318,0.01007060072445922,0.7581473928689957,0.9620850525551559,0.9280493211101843,0.6554589493601932,0.4858133594195049,0.00967039517825469,0.010858885535069605,0.009575600310455295,0.009110930835709498,0.00905685644300485,0.05134870170499201,0.05153892104330306,0.04863974834049777,0.052932284409454196,0.052043594541663116,28900
0.0007173061370849609,0.47743868112564086,0.15598926544189454,0.6844765734672547,0.24890633489261113,0.42142699033021924,0.772563218756726,0.5431548070504466,0.2887362827147758,0.0895695057576956,0.025076743504032505,0.012385011090602915,0.02203368813312356,0.0546398994645902,0.008667825298369358,252.16540711688864,232008,0.0767688328772783,0.16451905997175925,0.10991646241450657,0.02525216419959353,0.010884884299729697,0.7567302465438841,0.9604453874261762,0.9331764509712439,0.6478446926389414,0.48541275886674023,0.008988030515611176,0.010213136003891886,0.0085547964250588,0.008538425951043054,0.008735835554628316,0.05559643049258735,0.06643978977624906,0.047387286042119725,0.05576199739062716,0.053546096755606676,29000
0.03137226104736328,0.4741960573196411,0.1485152530670166,0.6761678314208984,0.34112854100085777,0.4200355720520018,0.7670238453608299,0.5403461351018882,0.28106940054977464,0.08818473999316875,0.022940162261947998,0.010018561953284716,0.021874850215997707,0.04890018098598499,0.00937209221629952,252.17374253079035,232808,0.07838398823514585,0.16392432941267154,0.11015275801005567,0.024773047891546017,0.015723917362256343,0.7509561958909031,0.9624344907127904,0.9312623531922052,0.6516400265022065,0.46372812833541505,0.010177641559857875,0.011595227601131991,0.009761568277811064,0.008812549455143823,0.010549252870707572,0.06233479716349391,0.07164996403914231,0.047304389854063024,0.06015247375236501,0.068964925991037,29100
0.0008082699775695801,0.4865775656700134,0.15579651832580566,0.6944296193122864,0.28811671938661054,0.42515485391020763,0.7681338983680562,0.5537512615459772,0.2814168840569933,0.09186627646804167,0.023215640233829608,0.009878255064838144,0.020874379249716857,0.053765074397946123,0.008653432927992631,252.1793394943946,233608,0.07977812968194489,0.1648942973289189,0.11426807085581867,0.02410584998427478,0.013912275874382122,0.7616323465108873,0.9607580647418639,0.9378840696374209,0.6446471033022569,0.4887351245444439,0.009858776256442072,0.011059273329334263,0.0097681196457749,0.008720995635082277,0.009915617072415834,0.05452934363158419,0.06444356180922522,0.0528396569168913,0.04714709246223892,0.05405671804136388,29200
0.0007293367385864258,0.4639484143257141,0.16223424434661865,0.6767567014694214,0.3188402771222289,0.41819409623742115,0.7733905547543573,0.5407911936910647,0.29597846187531635,0.08348514879413689,0.022357112201862036,0.00933909997417543,0.022345995809443582,0.05045426363015879,0.009189394547083198,252.18586321772418,234408,0.07755241580307481,0.1655828932398244,0.11009241867248178,0.02611537167757629,0.011175432006863798,0.7541738009452815,0.9606944604923852,0.9303867749448087,0.6785418773717429,0.4581884730483686,0.009084798065014192,0.010527524869202777,0.008736018502188607,0.008413006031118773,0.008731472400851292,0.052835465203970665,0.06143608901796762,0.045513232504369026,0.05390243808225915,0.051502151836274795,29300
0.03707536935806274,0.46690017700195313,0.15609431505203247,0.6736767363548278,0.30023934352327847,0.4162950150668621,0.7740100155575109,0.540061947688385,0.2784934067353607,0.08182768998071195,0.02259103120304645,0.01100886405229268,0.02259708571495796,0.04784649137407537,0.008999761226678756,252.1915528489457,235208,0.07686413748189806,0.16449933363632716,0.10935091055068544,0.025300559907918803,0.010342358367223971,0.7423532658815383,0.9636358654860295,0.9291286408601697,0.6513630500435826,0.433071439782974,0.009294621483422813,0.010341720620283126,0.009117651332974725,0.008764710215618837,0.008968876086386472,0.06527126551023685,0.06518095076987239,0.05978084952060376,0.062095015764352876,0.07387089629696557,29400
0.0007361197471618653,0.47116908311843875,0.16357171058654785,0.6887188076972961,0.27444605979052084,0.4237636108696461,0.7680288882397893,0.5462216322238631,0.28079865673646526,0.09075310777909319,0.021654772125184525,0.00952694331590012,0.021330417223417993,0.04975778580130263,0.008173869765254069,252.19973379464838,236008,0.08001084083691243,0.16516443330850167,0.11153132926959256,0.02547366262468344,0.013963383679533856,0.7635758370161055,0.9608648724816917,0.9357932430620384,0.6569761917552845,0.49131021546382514,0.010251599182374773,0.011443921612733181,0.009769696457974179,0.009626664545008526,0.010141019453751114,0.062095886652823555,0.06880061047740135,0.054989084836471656,0.06629555696686287,0.05888621479172409,29500
0.03517522096633911,0.46621660232543943,0.14850085020065307,0.6634287714958191,0.2570185788030484,0.42535054922103893,0.7674900348940049,0.5560933772171514,0.2865808582392293,0.08695868782074978,0.023956055315211416,0.009601518251798044,0.02081138876146463,0.05321474035454976,0.010192249766282765,252.2076764590428,236808,0.07897147972136738,0.16418740547073943,0.11606483054503297,0.026091985064806138,0.009583371578037965,0.7532894289493556,0.9619270973872643,0.9340743311284264,0.6525148703280279,0.45386122752234603,0.009436906268820168,0.010192437874336633,0.00956559625262635,0.009043343596898267,0.008959176774619453,0.05231629002839329,0.05585172853958578,0.05098395081655832,0.05056310095486871,0.052101784273591974,29600
0.0007011961936950684,0.4673028516769409,0.15744302272796631,0.6748740553855896,0.30586044965637116,0.41385831907391557,0.7633727883681275,0.5448502938157506,0.28914504993725304,0.08572864832464026,0.025261056316085162,0.009831220916926094,0.022074924381065755,0.0613610622991482,0.007465990283190667,252.21412806630957,237608,0.07602464582771061,0.16454416719766757,0.1111059468815622,0.022797106483061165,0.012265565580142159,0.7466052421927445,0.9592744503265772,0.9304953629208592,0.633946368846987,0.48566567439299363,0.00928207639139146,0.010457752255770645,0.009248693934497754,0.008453336032795628,0.009019834544652931,0.06294625552371147,0.06253503955518584,0.05723297240731027,0.055879583366655626,0.07555730593874335,29700
0.0313555908203125,0.41182621479034426,0.16252030611038207,0.6241517663002014,0.3645849322338995,0.41226834371685983,0.7764146242352481,0.5552822726337531,0.29063841782248845,0.08713650536626125,0.02646487013436853,0.010816679370862262,0.020726151232558658,0.05870967528684749,0.009404489180925714,252.21956051080377,238408,0.07485208217054606,0.16498952634756087,0.11438748732601345,0.02584200404715118,0.011905281949297181,0.738892071545124,0.9640081725726467,0.9388983676308074,0.6402810874738193,0.4589721539720371,0.009652519882656632,0.011317196574823631,0.009655106160789734,0.008661806908142026,0.009274831743660698,0.0688255123654381,0.08419803844363481,0.06069858404317575,0.06434842162528645,0.06774325291185983,29800
0.0008362102508544922,0.4606161379814148,0.16398250579833984,0.67656902551651,0.3152755482711081,0.41199037671089156,0.7610612959458074,0.5562262904644016,0.28384508457034807,0.08406371160706069,0.021807417478412396,0.009363548729135087,0.020993226706050326,0.04850502459332347,0.008419777183921487,252.22453313444106,239208,0.0773709368146956,0.1635263545645607,0.11550849732011555,0.025404115326236952,0.013306853279771545,0.7454265323281287,0.9619664745356037,0.9365902411937715,0.6581236359477043,0.45301792971895777,0.009899435753468425,0.011657506996203989,0.009947019695537167,0.008829680245835343,0.009293553517619369,0.05620673579076535,0.0658390267895936,0.051457005949050665,0.051263711701903976,0.05676620397719522,29900
0.05443038463592529,0.4427652859687805,0.17231716871261596,0.667389988899231,0.2481048240572398,0.42131817117333425,0.7662206780664705,0.5517146462617915,0.2753580419124713,0.08406552320553191,0.02394506708718836,0.010042792631399618,0.021422430424582806,0.05655323114207522,0.008520989128473136,252.22954112591225,240008,0.0785740391723812,0.16399856695194814,0.11468142198268763,0.022572930840717494,0.010254686490181046,0.7488709726929664,0.9624018776662574,0.93232184094052,0.6170415804176137,0.46895248751447643,0.00907593401847407,0.010436894117672114,0.008840726724241027,0.008499251338387867,0.008559989908738335,0.04825415184255688,0.053882770110689794,0.0437026155051277,0.04839046200052136,0.04754869986297277,30000
0.0008103466033935547,0.47979092359542846,0.16072268009185792,0.6950047731399536,0.2784524894794888,0.42207784309983276,0.7657156458311676,0.5413173959427272,0.2836711441035043,0.08947058158555957,0.02203450141940265,0.010574887616951982,0.02213298127093571,0.04929002442187511,0.008297362207159292,252.2364355912539,240808,0.07879553090780969,0.16417879864359589,0.110014618038363,0.026250165681164526,0.011487563286492046,0.758442287445068,0.9600461176707981,0.9296917841606541,0.6536114259540101,0.48982624145387405,0.009502971307374533,0.010933293018525731,0.009521244425019348,0.00858362397198511,0.00888701557245069,0.05953519732516723,0.06616475817142503,0.05983113664467624,0.056793915034705746,0.05507206369713587,30100
0.04050119400024414,0.4448158025741577,0.15206095933914185,0.6460578489303589,0.2791609095096518,0.42345577806234364,0.773753836824389,0.5470262543168124,0.2966918481360889,0.09083577020860766,0.023077544206753373,0.009197387960165952,0.021425619040445626,0.05136803673706264,0.009689298599921908,252.24394047486712,241608,0.0779259430058301,0.16587801343701733,0.11193968163382628,0.026195142000850612,0.011884033957304554,0.7587764424085622,0.9618260173374795,0.9344396338027011,0.688312229039013,0.46805916405191617,0.009811046773102143,0.010847190245894233,0.009668770650531885,0.00920338652227165,0.009526301213019703,0.05632193455938249,0.061672214425531356,0.052505948287885545,0.055611689682995964,0.05519785280978565,30200
0.000738077163696289,0.48239410877227784,0.15984444379806517,0.6957887768745422,0.2777409007359417,0.4338452517986297,0.7661796825688055,0.550201804008124,0.2875574412090438,0.0832912415886919,0.02341587529517709,0.009720525351103128,0.021089475496478823,0.05299460252040418,0.008395107832944226,252.25159379184188,242408,0.08120334906503565,0.16428954695783007,0.11335442770483357,0.025826292032183226,0.011163588181241519,0.7640236553549768,0.9606316133243286,0.9361252742555911,0.6506506310307917,0.46527114378081447,0.009461765929590913,0.011180845652593342,0.009050372188453969,0.008733709854316972,0.008809541002847249,0.054077748712734325,0.06164904358575309,0.05126313099726584,0.05255191058512275,0.050490685638376595,30300
0.0007837200164794922,0.47432119846343995,0.15685431241989137,0.6864906334877015,0.29701107468619947,0.4229179406166077,0.7627810615624113,0.5446602042232249,0.30387957842678437,0.08378536811143884,0.023762718485668282,0.009431332707051833,0.021805428638484094,0.055412616062795315,0.009565256317941149,252.25768793590282,243208,0.07758295115083462,0.16367391405140838,0.11013075127741516,0.025879698008422432,0.010646382230901858,0.7551842534542081,0.9633642402775764,0.9356385834363046,0.6834792689401274,0.445060316527762,0.009090687991119928,0.010179560200260772,0.008995672428923447,0.008502572370997207,0.008665578982724657,0.05052512140013278,0.059587850432677766,0.048257180437331584,0.04636293295200691,0.04769864028274286,30400
0.03454565525054932,0.46788587093353273,0.1428351616859436,0.668344898223877,0.288889272074886,0.42987185120582583,0.7711318553051104,0.5464001882841243,0.2875074367083253,0.08635907953299544,0.024071552455425256,0.010539476010648132,0.021691524787223276,0.052637679888201616,0.010008287295162007,252.2631732890816,244008,0.07918074877932663,0.16472072906304736,0.11163070626596727,0.02531324253040587,0.010072172419833294,0.7544011631608012,0.9606190939372939,0.9333859707582441,0.6593009733018423,0.4494818244030865,0.009417692827992147,0.010755074628254516,0.009256928775678668,0.008704577399683845,0.008854821994506499,0.055886215306818476,0.0639783423916202,0.052585954503978065,0.05239559411337336,0.05386750644230576,30500
0.0007363963127136231,0.4856861591339111,0.15238025665283203,0.6930085682868957,0.2665613741241786,0.4274730144441127,0.768051864214279,0.5606959548162597,0.29309062316718654,0.08702978751424591,0.023906112052500258,0.008940082193754766,0.01979645582110579,0.05686862491034335,0.00949122965502825,252.27248159299444,244808,0.0796659507416188,0.16478851826945723,0.11700331964599554,0.02583935647041047,0.011124383866307189,0.7536305287480359,0.9627342110303179,0.9418244204710964,0.6486343782727078,0.459542740475048,0.009624261171557015,0.010517395873689763,0.00967635813664959,0.009025751661490835,0.00928432998633145,0.056088930913247174,0.061075244493192786,0.05398820988041587,0.050478283177581754,0.05893397822533968,30600
0.030847036838531496,0.4399532651901245,0.1503438663482666,0.6465821361541748,0.2586330244757034,0.4325097119808197,0.7757102417822328,0.5513639524932151,0.29604315433964523,0.09123441304724954,0.024171271827071905,0.010739028222202643,0.020806772210657333,0.05279248004135124,0.008662446213957776,252.28481038518535,245608,0.07927620880305762,0.16562008525732264,0.11316682641963828,0.02620943743522305,0.010820167707176982,0.7695387250185007,0.9605254280752471,0.9403521960945485,0.6711373618830028,0.48468059039377903,0.009444837539922446,0.010585374013072005,0.009461962957800281,0.008647700740137603,0.009152806071042604,0.0540851727547124,0.059846474210022316,0.05283530168809107,0.05195968701051565,0.051923884641747554,30700
0.0006747126579284668,0.48443235874176027,0.14772469997406007,0.6886889147758484,0.25211696995498784,0.4314307609200476,0.7721576932466255,0.5444687995069846,0.2797142665793182,0.08571940866800452,0.022140314839780333,0.010005944012005294,0.021612353782632966,0.0513793407658976,0.008003471578614646,252.29053182188403,246408,0.08104353167116639,0.165106408930612,0.1109563607164627,0.02399205000475251,0.012316810707442276,0.758230810165405,0.9603313294784078,0.9327127875913173,0.6433799500747397,0.4628419845532147,0.009986321488395332,0.010886019866755402,0.009692997894371324,0.009507369162434687,0.009776408977520011,0.06964680071454495,0.07286367353429703,0.06624700366586882,0.06904801392116613,0.07032964838047821,30800
0.04250547170639038,0.4466202759742737,0.1454787564277649,0.6495497250556945,0.2878301898492424,0.4223061008751393,0.7622601693695029,0.5469204518698184,0.2904824192968671,0.08339632957187641,0.022803148096427327,0.00881287476637862,0.022197379683366582,0.05360498441470104,0.008374609906276621,252.2961323556735,247208,0.07873224133625625,0.1641310663911903,0.11242277258392513,0.024472403582523273,0.011295751899631468,0.7508538162708279,0.9623547688271238,0.9283974070839468,0.6608537698039115,0.4509750040722827,0.009506001891568298,0.01038103965020658,0.009741954633086764,0.00883009615523132,0.009033988846246824,0.047185517477337256,0.0543776300218119,0.044687057411544016,0.046283392739902,0.04318910337500641,30900
0.0007777571678161621,0.457980637550354,0.16375546932220458,0.6755484747886658,0.28609846978010783,0.4141322438418866,0.7658698909061463,0.5370017350019516,0.28996329410142047,0.08731249272106927,0.02505960162729026,0.010746956216027363,0.022260082277221285,0.05765287527561786,0.00990429412922823,252.30324702100833,248008,0.07553560243919494,0.16435266693228298,0.10857506961229459,0.023959915332692726,0.010430778973946309,0.7406301271915434,0.9601740812517936,0.9303174797614013,0.646533252605841,0.44440881449442654,0.008941008108668033,0.010155083484390807,0.008703416597154276,0.008263274928994811,0.008684368640667971,0.05331954704015513,0.05931309031829066,0.052911215635536045,0.046921192774848686,0.05424158094571726,31000
0.035103147029876706,0.4465311574935913,0.15908247232437134,0.6587500047683715,0.2947714112415492,0.4168310594558715,0.7705991733136606,0.5476158357674811,0.29151080722118344,0.08409923400946903,0.022727702739648525,0.009386563039121474,0.021471741423937523,0.05036986743717801,0.00921745317337075,252.3162040319416,248808,0.07717767065390949,0.16440287755109884,0.11292511877135851,0.026930902940497766,0.010695123930859553,0.7469344657659529,0.9630879357223112,0.933551774689214,0.6669144671742276,0.4428987748993249,0.009295169734396045,0.010259958396114764,0.009031164455250713,0.00878545573894119,0.009158046694599024,0.05840744892600925,0.073794833489289,0.04972395379402077,0.05331643518881111,0.057605394774830836,31100
0.0006474161148071289,0.45497151851654055,0.17548400402069092,0.6802755784988403,0.2702720992819965,0.4203699785470962,0.7657139562454419,0.550573315081142,0.28076026410923377,0.08450908928959808,0.023524242872372276,0.009548253657598742,0.021513521970648857,0.05430542837904042,0.008799116151178041,252.32653572981505,249608,0.07866464693099265,0.16610318499127605,0.11416252439930333,0.024203988210520284,0.009876303730448276,0.7459735614061354,0.9556796006935159,0.9302429704439072,0.6353820641028693,0.45656139646942284,0.009257236809935416,0.01066751824211828,0.009244114049665979,0.008308459425505807,0.008835479656898938,0.04819969046395273,0.058244777224074624,0.044435747575369625,0.04409032110313925,0.04644706201781732,31200
0.0006679010391235352,0.4335465669631958,0.15043868064880372,0.6364901137351989,0.3464238987104833,0.4283177047967911,0.7629988494428609,0.5500971202296435,0.2908597696554719,0.08431807590678413,0.02348075931891799,0.009924144381250338,0.02109454932970682,0.052229835402274015,0.008810038561310206,252.33634515393726,250408,0.07930542348884045,0.16355538143984316,0.11260948806173272,0.02659664560626284,0.010141992426034117,0.7616422241926196,0.9614362482307025,0.9383183982637191,0.6655487081650912,0.46187802336432726,0.00929467539768666,0.010305062815709753,0.009202263082819748,0.008707689237223861,0.008935519984679272,0.05981107783503829,0.0651494472341847,0.05872828995037562,0.05444208395769866,0.061077428772487716,31300
0.03301526784896851,0.4753976249694824,0.15112306356430052,0.6809959411621094,0.3211133279759233,0.4260902231931688,0.7673633052752565,0.5477183493370182,0.2927587708543403,0.08666076070796211,0.022528577032499032,0.0102346933584135,0.021243902828387,0.04958992208907294,0.008886822412769583,252.35131352906032,251208,0.07965272027999167,0.16525538342121313,0.11215573133017538,0.025754217135242466,0.012998078488864181,0.7643455165624619,0.9589326751537808,0.9377547793545066,0.6739309021664154,0.47168405117132733,0.009745137314312162,0.010812558429554494,0.009618292169146978,0.008877632506002637,0.009692672420388602,0.06543858475924935,0.0766174776906458,0.059958820777536406,0.056813743510898095,0.06895858133569932,31400
0.0006951141357421875,0.4823952221870422,0.1426062512397766,0.6788983011245727,0.3018378793015692,0.42182882457971566,0.7645307477011063,0.5498952115836901,0.2903932759072633,0.08344752417262381,0.022640428785234677,0.00971462246549704,0.021708583780319285,0.053335488211208364,0.00821503457160995,252.3583042191993,252008,0.07889862980693584,0.16510931619901992,0.11329548560867184,0.02518742320777773,0.010760425369402301,0.7518105047941208,0.9591424276954255,0.931525138804787,0.6584247105444472,0.4668914476079804,0.009375604107044643,0.01061203010585248,0.009102252135543453,0.008626419745269225,0.00907592582137605,0.05296692844480278,0.05826005048194279,0.04598412997040312,0.051839121040150794,0.05505787689488324,31500
0.031501784324645996,0.4569103765487671,0.152688250541687,0.6603426265716553,0.2838234985340092,0.4212796314060687,0.762954413294792,0.5529040464988121,0.298314555742157,0.09079876988076825,0.023556923819705842,0.009923957630526274,0.02098044555347699,0.05672794144872267,0.008815944080018031,252.36342671598393,252808,0.07827244954183704,0.16426676869392415,0.11442250953270844,0.02562109438319264,0.011891858043376476,0.7540768986940386,0.960505517423153,0.93811759979297,0.660186421126128,0.4763929200284359,0.009546086515765643,0.01089653483359143,0.009013478849560793,0.009197808090296645,0.009079599609825881,0.0499512897711247,0.057104430363979164,0.04357774952092232,0.05105075922620017,0.04807858599105,31600
0.0006909322738647461,0.47624075412750244,0.15453266143798827,0.6817793369293212,0.23519149664672706,0.4030552449822425,0.7707635422547666,0.5453939136689299,0.29137604029525627,0.0851569441446197,0.02297432194463908,0.009063354446293992,0.02117303600189862,0.051299258493796435,0.008346824878463603,252.36907273111404,253608,0.07331412672996519,0.1645589031279087,0.11187511059657608,0.026884303467584327,0.009908012198839642,0.7404245281219484,0.9638862189319396,0.9348507022100788,0.6625713672436456,0.46342025519511043,0.008702026517130436,0.010011144111760779,0.008741435560363307,0.007979713598957102,0.00829268328486643,0.051774948071688406,0.06217721094273858,0.04646956292104238,0.04831296826839585,0.05116812318537833,31700
0.03233848810195923,0.45290244340896607,0.15348092555999757,0.6578499174118042,0.29367967591814564,0.40518412202596643,0.7590172267492923,0.5583793558940596,0.29112797773000126,0.08615752278091428,0.022494042171165362,0.009105960337715692,0.020641235634684563,0.05079351203489002,0.008475439372093994,252.3732678387853,254408,0.07517847361043097,0.16401318148527733,0.11722077539532762,0.025842695701550882,0.011349552699054286,0.7427379870414732,0.9606392070567815,0.9333240782119784,0.6680450358437098,0.46432501594769915,0.008969737093430012,0.010182095512060984,0.008931954953182794,0.008069306527246325,0.008859608505244398,0.04453721621306615,0.05399694574955205,0.04134973678832912,0.03891574770768255,0.044945786497662,31800
0.0006463217735290527,0.47273456811904907,0.15920913219451904,0.6843631267547607,0.2588570601801527,0.42224985241889956,0.7629511573375806,0.5449020414851438,0.2930019902897644,0.08309947366429736,0.021995576685294522,0.009067747826711861,0.02213767562711307,0.04901768782106727,0.00917487624585445,252.37996362958464,255208,0.07899694390594952,0.16425032432262726,0.11160933455062463,0.02628085196038035,0.011049181369299272,0.75666249781847,0.9596669484407476,0.9285978020623674,0.6776765559582001,0.45120406327861357,0.009409251455217607,0.010462422609233708,0.009276780180719696,0.008932882607815431,0.008976926169551846,0.056624525333754686,0.06631526801353078,0.05242375107048906,0.05544530628298586,0.052838212589152424,31900
0.030434343814849853,0.44507091283798217,0.15925793409347533,0.6554313182830811,0.2474691759276952,0.4243267501890656,0.774697943137643,0.5452093466051984,0.2884691290949518,0.08301486531474989,0.02346682418603451,0.008785766692542031,0.021619273328854292,0.05166871110021921,0.008283620582559423,252.38378489775,256008,0.07827879026532168,0.1662492107986753,0.11165674720957353,0.025522142683231587,0.01007710477721919,0.757482416331768,0.9612626990333931,0.9332264526081929,0.6588546180268787,0.45288868928733084,0.008970218580216176,0.00994307658497671,0.009103009724640287,0.008198664294172557,0.00871737409413428,0.0488921421999112,0.0540589644049442,0.047544206769089166,0.04328981832195628,0.051757874610104955,32000
0.0007207083702087402,0.48225797653198244,0.15630349397659302,0.688572289943695,0.3207768415558508,0.4327908828854563,0.770421703748925,0.5460569032646243,0.28945757234781005,0.09274846874177452,0.023370053982362155,0.008794402294294089,0.021659438364564416,0.05287158509279693,0.008952718210144057,252.39058318378983,256808,0.08084450941532846,0.1646081795526106,0.1123007013204883,0.025208262948354966,0.01544569180089424,0.7659904026985167,0.9628255065097362,0.930850075597459,0.6642470915922136,0.48913499712944025,0.010537171694450079,0.011453809933520328,0.010788406852256278,0.010045130037519927,0.009784657200996544,0.06090992013690994,0.06579398555074666,0.061189819394828884,0.05922719928921693,0.05691520488533652,32100
0.033917076587677,0.46495205879211426,0.14607746839523317,0.6616182684898376,0.2221586800298752,0.44247122719883936,0.7657772838546517,0.5540902069722761,0.2841418665003132,0.09049552231632838,0.021641356712207186,0.009181678933377391,0.02164904749011526,0.0505781691521406,0.008339628199652503,252.39843486064734,257608,0.08390279242768882,0.1647771490378336,0.11461627103313042,0.024865954623532437,0.011951432876269187,0.7682943195104601,0.9601196461079413,0.9320220947265625,0.6544457142417498,0.47680074954159046,0.010103470778558402,0.011846705123357348,0.00988637927844368,0.008477749734663868,0.009819264850140643,0.059010455990210195,0.07381746051792185,0.053018897600152125,0.04865246124666283,0.05756368644772065,32200
0.00087296724319458,0.49985963106155396,0.14782751083374024,0.6969827485084533,0.3209971952669122,0.444915278404951,0.7653621962640138,0.5444747939776475,0.29044759666754155,0.08631484060868869,0.02271037633530796,0.009003394039191173,0.022016793718976448,0.05512437731441523,0.008555205779969493,252.4049690749974,258408,0.08418876087293027,0.16454074314210287,0.11185756731796034,0.024675766396750173,0.011591345428036201,0.7736394745111471,0.9611920347783417,0.9298623489542598,0.6481019960509402,0.4853708402055213,0.009663730126339946,0.010586556292394493,0.009602993032652257,0.009250217764120956,0.009000828697045887,0.061069924905896134,0.06163043776873207,0.058179108717289006,0.057371685089957374,0.06734844663083708,32300
0.0006974387168884277,0.4511942744255066,0.15135197162628175,0.6541802954673767,0.3050222139102291,0.4184968224167823,0.7739794617113857,0.5383156079936915,0.28676826382082593,0.08468324289271965,0.02428090518340472,0.011108215085898907,0.02234001606012936,0.052260305204442095,0.00854955654449917,252.4123977704191,259208,0.07665524769574397,0.1651610930490755,0.10882808678542022,0.025463647708189836,0.011025067110404513,0.7533310204744341,0.9637687131762503,0.9312361525716603,0.6512516032565723,0.46111402586492556,0.008861444937065246,0.010004912746017378,0.008700574698633765,0.008291566962795116,0.008565394629612175,0.05129016657359898,0.05690061387039072,0.04888576436874081,0.050788036574337746,0.049153903450485315,32400
0.032046389579772946,0.48553469896316526,0.15274319887161256,0.6883524084091186,0.28889801328497955,0.4085837909579279,0.758323128453366,0.5542998542797938,0.2687630326554335,0.08280546222488551,0.02116520523093641,0.009143682719718872,0.02045197998048719,0.04779037648629514,0.008799263314062432,252.42538277589549,260008,0.07725749682635068,0.16456463857350623,0.11453605886817593,0.022886541930084915,0.012682696091834195,0.7401247262954712,0.9577262283581764,0.9383929503947193,0.6419014506733294,0.4504679078279541,0.009612198523245753,0.01095084531402905,0.009395477417184377,0.008799035738212698,0.009314915067841142,0.050183659973554326,0.05429125185299494,0.04729050073830277,0.04571099230328327,0.05306633355225931,32500
0.0007242155075073242,0.4807640337944031,0.15536877870559693,0.6870741963386535,0.29295622010702,0.4198398348689081,0.7718835019353616,0.549086515636494,0.2987688339103468,0.08638239375084912,0.02155989436898379,0.00910701372241371,0.02101329443394204,0.05070918466816979,0.008251455571361452,252.4355444893815,260808,0.07822776867076756,0.16491781449436524,0.11296826042234899,0.026979562682321392,0.012131608551081885,0.7553291457891461,0.961699308447577,0.9364241249859333,0.6791269384994707,0.4716207841667557,0.009352203744929283,0.010885842997043286,0.008976547105703498,0.008525149597387238,0.008986046951084707,0.056046748524531696,0.06884685075327529,0.05357937894101877,0.04809054203587708,0.053315727599819625,32600
0.0314981484413147,0.4638378691673279,0.1461329984664917,0.6646563267707825,0.22480782107789132,0.428262922614813,0.7715493944975043,0.5474801050324746,0.28401406882582514,0.09042647736621834,0.022267979020252827,0.008668728052445932,0.021651688160310545,0.05411450952492862,0.007866718708172297,252.44009984440117,261608,0.07994389347732068,0.16517752380325232,0.11208310800379717,0.024339382132716667,0.011483004805175409,0.7595264399051668,0.9625345706366575,0.9324327131797532,0.6428905957453964,0.4862517626846538,0.009448466070462022,0.010773548254152193,0.009072224107190156,0.009042938808734337,0.008839557088874997,0.050292570986785,0.058899007289885334,0.04858507879372004,0.04686954490639071,0.046320717991786275,32700
0.0007076692581176757,0.48442964553833007,0.15509000301361084,0.6951546406745911,0.2861274921135024,0.42933688610792153,0.771243622325396,0.5537031762143402,0.2978854952189996,0.08232937310019452,0.02183420743327588,0.00893632491434019,0.02104283369919086,0.050972616238215404,0.007966714716755006,252.44742821581968,262408,0.08026259886100884,0.16446186532157125,0.11456132262073297,0.026971298009774883,0.011604918925128334,0.7579656827449798,0.964024456733829,0.9357339476651337,0.6760254319833244,0.4562382844868551,0.009510556994937362,0.010855117454215404,0.009335955305203317,0.008681584546361493,0.00906184930904892,0.0534628816926852,0.060117817169029135,0.051183976877005176,0.04508668682015293,0.05667799028333991,32800
0.030066747665405274,0.4621235275268555,0.1540610361099243,0.6685249543190003,0.2541316363667357,0.42638289541006097,0.77379390710109,0.5429714722752084,0.28270633315128013,0.08043486649336307,0.022968874312937253,0.008784173990322941,0.0220885420782314,0.0527076236292964,0.009325620020417905,252.453484180974,263208,0.0792011556960642,0.16555135113161967,0.11051477256899561,0.023537196960717526,0.009385115648644218,0.7546566036343572,0.9613046562349474,0.9324173415350222,0.6460260384069764,0.4342857349605461,0.008850919008255008,0.009985188404853277,0.008795842485834711,0.008275076973409776,0.008373498567989504,0.05455775674199687,0.06488223538759189,0.04871602688966266,0.05294373071411509,0.053475008616760314,32900
0.0007237458229064942,0.4618678092956543,0.17188794374465943,0.6848982596397399,0.2298761560749873,0.4116963665187359,0.7555073332563744,0.5404113932297779,0.27301235396627305,0.07882590479795684,0.023172339000739152,0.008886155954705738,0.022028116790761994,0.05596455735265437,0.008653824132099152,252.4584017212377,264008,0.07655060285702348,0.16426575845368538,0.10992490561617599,0.02168431307353233,0.008986749763543153,0.7309237089753153,0.9577665724486948,0.9316945252837711,0.6193280541217392,0.42975450014051114,0.008988658995367584,0.010335970254371236,0.008517242655935849,0.008158451057198427,0.008788200684545024,0.049431515317410225,0.05859789659626018,0.04343325333352522,0.04592540424191659,0.04851567420349304,33000
0.030415215492248536,0.4531970477104187,0.15550906896591188,0.6594476222991943,0.3355757046832835,0.4187585803866385,0.7696528598136703,0.5525866749867876,0.2852640235550191,0.0863869890675578,0.02177602933719753,0.009790854196437652,0.020297163154522155,0.05040565395737612,0.008852708099864675,252.46653668147763,264808,0.07831635618582371,0.1651169504913582,0.11449625506181627,0.02501537805920831,0.011189634649371605,0.751286786198616,0.9595977875786995,0.9383573641824481,0.6590785639626642,0.4639107265942532,0.009629218210466204,0.010918955578643658,0.009342688842403215,0.00892375964700939,0.00933271966559786,0.06254509056452663,0.06932645867848149,0.0555879552941306,0.06134474568719431,0.06390339973220865,33100
0.000828695297241211,0.47450517654418944,0.14482497453689575,0.6757535672187805,0.2610038464872004,0.41372256562113763,0.7656640776743487,0.5429011591049057,0.28048413846872594,0.08360428943559915,0.024337828671559696,0.00936382033978589,0.022409144511513927,0.052142988568979594,0.00827052410095734,252.47396612675126,265608,0.0756043668277562,0.16448809586775798,0.11167281922049473,0.023715221658925967,0.010525316224192024,0.7469337534904477,0.9602322693293295,0.9263683081908543,0.649239548803431,0.4638369575379384,0.009089091513305902,0.010119173974089797,0.008896791624687038,0.00856682837660531,0.008863533391227947,0.0502412929572165,0.058017316060916806,0.04526521196502014,0.04835168805500836,0.04968276334601262,33200
0.030827853679656982,0.4741523337364197,0.14555949926376344,0.6760481119155883,0.2459307414153657,0.4219789139926433,0.7675322156234331,0.539231922097352,0.2825541305873129,0.08136724968617023,0.023423606092110277,0.008907218980419417,0.022181100596920876,0.05071019016301119,0.008809852185407393,252.48267570918574,266408,0.07727134205400941,0.1638460580644937,0.10903883453610595,0.02496734524201774,0.00968521847893055,0.7508632600307465,0.9651776534583181,0.9314708399529364,0.6531592814458745,0.43842624909168976,0.009077777918428188,0.010263643291746748,0.009000455062570318,0.008634127191423124,0.008376443680577187,0.053771406810265036,0.06012302685157385,0.05277096666989625,0.051236024288098425,0.05082194748007365,33300
0.0007974648475646973,0.4777236008644104,0.157851665019989,0.6879183220863342,0.3034452520139464,0.4254617516696451,0.768258737726799,0.5506557559454314,0.2893048549819851,0.0943526081455666,0.023392052273266014,0.009386384275397596,0.02110166857720064,0.0559607205153971,0.009338873855181444,252.48922537669438,267208,0.07929873529821636,0.16425898233296188,0.11347639684875806,0.024616955058197946,0.013866237843738942,0.7550035709142687,0.9626369908522657,0.9352139391565832,0.6478751618223094,0.48444438750664004,0.010715254549868406,0.011611554275103514,0.009725798654960855,0.01009426095772574,0.011267370871896516,0.06742233594413845,0.07013535566221905,0.058797711153484644,0.06620945887323278,0.07348468619438879,33400
0.0006620407104492188,0.4608976984024048,0.1495389723777771,0.6574411273002625,0.2445358802975014,0.4253090141713619,0.7630848974397744,0.5517426269395008,0.2765701571134507,0.08861844211228587,0.02418531486764551,0.009041292846976834,0.021550072612506976,0.05537810961336449,0.008606707781406228,252.49603648609667,268008,0.0786467563919723,0.16348442836711402,0.11438912246908452,0.02234936611838983,0.011940819584445931,0.7484077405929567,0.9634770753721127,0.9304561356135782,0.627895835649084,0.4698388843159926,0.009599992025177926,0.010547664645872151,0.009460297924067277,0.008937855952859144,0.009389084421931516,0.05191561653642565,0.06189563300652741,0.047480671902802536,0.04851408599979882,0.04836415495665279,33500
0.03013535976409912,0.47206553936004636,0.16064480781555177,0.6830380392074585,0.289805334432446,0.43011978954076757,0.7678617604943206,0.5483016098784931,0.27932975731871934,0.08661996406405728,0.0225959650799632,0.009356202229554219,0.021450919408056105,0.05450146179646257,0.00901908876168175,252.5055687610673,268808,0.08147113725543016,0.1651201117870422,0.11260024517184439,0.024389214679383868,0.012398005920735684,0.7523132413625717,0.9598677105681841,0.9325936593041562,0.6337959000042509,0.45643911640442425,0.0103849174384959,0.011515640348282667,0.010183185718188261,0.0096045541116497,0.010084770709063067,0.05967818787554279,0.06785412018598855,0.05227239196889545,0.05768226660598726,0.06018268040019964,33600
0.0008494114875793457,0.46688189506530764,0.1587854242324829,0.6759988951683045,0.2776955948489166,0.4222552216053008,0.7636553446451826,0.5508413372687919,0.28720956756779453,0.08833367679135747,0.023498968323692696,0.009251067060260822,0.020714328264889927,0.054666483329867226,0.008555509306036584,252.51483857151712,269608,0.07840567732229822,0.16385714128995563,0.11379270168762762,0.025226363770451638,0.011347093544947694,0.7548565310239793,0.962563272011586,0.9368556165000769,0.6474541906673127,0.46907301027762716,0.009248539337422703,0.010540101132713822,0.009392067539116849,0.008472236478470709,0.008616010494161445,0.05369392429944129,0.0588209171755574,0.05078574692043791,0.054423058504644455,0.050912380237415907,33700
0.02847674608230591,0.450675938129425,0.16060904979705812,0.661840307712555,0.2624267168593619,0.42988111421465874,0.7671504770089123,0.5483721867563646,0.2914245919157297,0.08089091115592359,0.02261700692586601,0.009025605476814002,0.021110579337708758,0.05298777533551821,0.007978253770488657,252.51914393008963,270408,0.08027605943381788,0.1653889997057544,0.11179156590631041,0.025561321132744758,0.010548966515974225,0.7562949126958849,0.9580654724709038,0.9383008710428135,0.657771644225487,0.4436494441082076,0.009363155057653784,0.010260309628436997,0.009269160117306139,0.008876357418604387,0.00899632511330614,0.06255687539000063,0.06200571334468724,0.06290975369171102,0.0644384279059103,0.060856827641449264,33800
0.0008344602584838867,0.46626973390579224,0.1720927381515503,0.6912207555770874,0.30104557008387894,0.4225103044509888,0.7684295988745162,0.5454366913487237,0.2804688868959944,0.08573579475027965,0.022223274866119035,0.009778388619047803,0.022225968817567953,0.04894533831083297,0.009330711990033337,252.52487835151126,271208,0.07881670309230684,0.16458755007220643,0.1112278430666054,0.024217135174639866,0.012504912895725712,0.7503083407878873,0.9614923530154755,0.9302592093114693,0.6530139371378341,0.4619491839525744,0.010056203133426606,0.011161020114000338,0.010112602317716053,0.009255438876904585,0.009617494147581365,0.06081761667970566,0.06664484872103285,0.059517440504461304,0.05297164964821921,0.06345485788587399,33900
0.033660473823547366,0.4590582299232483,0.1434977865219116,0.6540876770019531,0.22425528239384318,0.41750848710536953,0.7687326381181157,0.5496590381564057,0.2806111858876723,0.08387266146019105,0.021695027370005854,0.00874251457602478,0.021235306599763182,0.05197257380776482,0.008095922371381367,252.5294667347267,272008,0.0780230478011072,0.16418952867388717,0.11324724329138239,0.02391042274958844,0.010581134660345208,0.7495542252063752,0.9642836936610799,0.9338404449941882,0.6387890394173518,0.4605474840357617,0.009068319294601685,0.010228331094270845,0.008988502155146582,0.008439238081743428,0.008653993382259214,0.05321024858625604,0.06228483757227072,0.04957276099041207,0.04998051457616954,0.05168187319529507,34000
0.0006338262557983399,0.4600315356254578,0.16249460220336914,0.6725209331512452,0.2683604509219551,0.4320600202679634,0.7769935906226992,0.5528334484461254,0.27562552238585514,0.08653649341847215,0.023616863498464223,0.012625919934820953,0.020538711166351083,0.054496527405180926,0.009592477048685467,252.5370122208267,272808,0.08056182183325296,0.16551046146841478,0.11379077124896401,0.02208612114318283,0.010217782539999757,0.753792976140976,0.9597003785847439,0.9384016137604322,0.63273098331983,0.44823408096420514,0.009427609685808412,0.01059149154530738,0.009269611444324257,0.008909636892154408,0.008881510810318356,0.06413823744282127,0.07200435686654647,0.05638305744617629,0.06365251304490156,0.06507035255033003,34100
0.03277648448944092,0.45664697885513306,0.14320687294006348,0.6543907976150513,0.3064435408544901,0.40318434983491896,0.772351469824223,0.5386981684714559,0.2910588194828222,0.08512659192152097,0.024500485025346283,0.009753373498605972,0.022940729691375353,0.05622448143779789,0.009208768121731116,252.5465062300096,273608,0.07341050188988447,0.16472356338969998,0.1103636814514175,0.024606008233622398,0.010868827665157853,0.7317440915107726,0.9636139921803291,0.9250288816789787,0.6467885236338816,0.452004874233708,0.008802566453814515,0.010689406149353976,0.008342227071504267,0.008127810163792258,0.008261733573564897,0.04803275530459358,0.05963529539778016,0.04284057951250968,0.04426004740151367,0.04639921230660759,34200
0.0006986689567565918,0.47324419498443604,0.16609915494918823,0.6877490663528443,0.26928104249362317,0.4170705364644529,0.7681759533286096,0.5504533983193909,0.27900765855245463,0.08611160055979304,0.02278125250712037,0.009107638120185585,0.021068142946713983,0.05392090828462069,0.008261667292689871,252.5526129492503,274408,0.07772848378866912,0.16547063499689113,0.11341298799484203,0.02284199698015632,0.011943040191726182,0.7456164008378976,0.9596899062395094,0.9347592845941202,0.6369385062431809,0.46620636237295066,0.009683461345266547,0.010825513089075688,0.009867909162615741,0.008870874605217597,0.009180539469212375,0.05866919626481833,0.06531381212174892,0.061796118046801796,0.050594152996734705,0.05696601713405985,34300
0.0005829238891601563,0.44931664228439333,0.1592039918899536,0.6572449922561645,0.23883694296966257,0.434657607525587,0.7690650156888913,0.5464760913637474,0.28252998115628497,0.08740086519911794,0.023125372459180654,0.008856665983606328,0.02154345611303019,0.05067573126369829,0.009418033769138499,252.55793311013701,275208,0.08073204891756172,0.16438047390131028,0.11240806951751844,0.02537554295724658,0.010051030349933503,0.7595600211620326,0.9638760539027754,0.9329911332412314,0.6405881720296501,0.4575708713908653,0.009378863261081281,0.010528592854049668,0.00940934865703357,0.008471799967587708,0.009044370316705628,0.05603940226137637,0.061555898090674424,0.05510162697930642,0.051150426099246235,0.05631162700806299,34400
0.031220359802246092,0.4795254349708557,0.14774655818939209,0.6806429076194763,0.2555777784498378,0.4198520016670227,0.7689137652516362,0.5500918140778172,0.2742831495390633,0.07937062327419557,0.024093411779031158,0.011472311665420412,0.021478525202912394,0.05196760702435969,0.007586283198375039,252.56492530569116,276008,0.07736515179276468,0.16450714886188506,0.11289509349526504,0.02288985821699137,0.01055521145150046,0.7436683583259581,0.9602699640393255,0.9339886274093239,0.6273038409071968,0.4482439282119916,0.009195714415982364,0.010194314753171048,0.00920726010002769,0.008576190836948763,0.008839285319110239,0.05336962354602293,0.05971750248223538,0.04970035549277105,0.05397729292303564,0.04967527886632308,34500
0.0005953764915466309,0.4479455232620239,0.1604691505432129,0.6582043313980103,0.3198299354219309,0.43261572897434236,0.7745261134732752,0.5496362996502561,0.2817344363257679,0.08888844362809323,0.022628659429028614,0.00985855679702607,0.021201541459259513,0.051071714346871334,0.009351274914782453,252.57254613460645,276808,0.08143560577183963,0.1649201798122286,0.11363562028138688,0.026137915308408713,0.012131149615015605,0.7620276600122449,0.9630292343056724,0.9340361462762722,0.6501831789090841,0.47140730234483885,0.010114162978716193,0.010809643164834968,0.01003596515063411,0.00922596436042164,0.010341887369577302,0.06010118364123628,0.06641667204625581,0.05413134265892528,0.05662428006925505,0.06325463788016349,34600
0.031864137649536134,0.4680704975128174,0.16361298084259032,0.6857940483093262,0.24717069183454338,0.4273122145235538,0.7685188999030794,0.5474488522126297,0.28492438181852686,0.09142906568253154,0.022362442314624795,0.009263813546456879,0.02173382185712873,0.05015688905349142,0.008419336542275911,252.58282652773553,277608,0.07923823006451129,0.16508599639241467,0.11166291715246497,0.0240994272323755,0.011718505442612952,0.7649510806798941,0.9604244610379791,0.9340556347481561,0.662859904154753,0.48253432837958204,0.00938396932324395,0.010956050596450493,0.008938386604390062,0.00877498098505804,0.00889122404983823,0.054365224544890185,0.06708893593552001,0.047346312365555615,0.05183628141784511,0.05172924502013423,34700
0.0007246446609497071,0.4571719694137573,0.1488018798828125,0.658934679031372,0.25441505723838875,0.41316236346960067,0.7578789091589462,0.5438663050532337,0.29456076122993663,0.0897353970834497,0.02500530243851245,0.01050386403631138,0.021920582608112874,0.05615024519001333,0.009203715180385923,252.5913196038672,278408,0.07549908207729461,0.16527651295290513,0.1104732561028666,0.025178773095831275,0.010731151918609383,0.7421522206068039,0.9546913549528652,0.9312623292207715,0.6527238058489423,0.46492893458570106,0.009037285430822526,0.010030485385439198,0.009056136327692185,0.008465793560973782,0.008657823293017744,0.053298822378274074,0.05600010596646285,0.05065308517854038,0.05093312621939665,0.05547019099993002,34800
0.0368558406829834,0.44741718530654906,0.15021002054214477,0.6523045635223389,0.3059984154533249,0.41274776712059985,0.7683491017481283,0.5429226953201199,0.28388272440343204,0.08950661824539642,0.022314393445849418,0.009411726622592955,0.021525754642589053,0.05043092396844068,0.008996755159784889,252.60130815334537,279208,0.07553028874099256,0.16427410484263394,0.11082099228308943,0.023537179680936264,0.010662461339149531,0.7508298435807225,0.9626135488953247,0.9343425007093517,0.6576033966107796,0.4803264562473742,0.009020050207618627,0.010452460836280479,0.008868646173535898,0.008232450517214307,0.008559319029323926,0.053806244246661694,0.06444926449859685,0.0473125089383709,0.048592808350657254,0.054514422250348485,34900
0.0006472229957580567,0.4676500105857849,0.16502926349639893,0.6880007863044739,0.2604974146648629,0.40163533970713605,0.773032063915885,0.545155881367294,0.2830841612036619,0.0870803010250841,0.02520988307893275,0.009023810783676662,0.021556960187136667,0.05692494305388983,0.008843723995544544,252.61085363699746,280008,0.07254336841404439,0.16519432766197725,0.1122908709671697,0.023670441489196767,0.010293572495270166,0.7336956381797787,0.9627304098309848,0.932049816465143,0.6298702342794573,0.46541546356110336,0.008494948802981525,0.009796428417004425,0.008484898890905422,0.007735666740950572,0.00824548959776405,0.047030745227821184,0.05787626187421778,0.042448571497767124,0.04361081006295911,0.046282339608296794,35000
0.029765801429748537,0.45253228425979614,0.153762629032135,0.6586621999740601,0.2847417714641388,0.43621427625417686,0.7762103771939526,0.547694285759831,0.28394934035837655,0.0876459253398148,0.022675487976521254,0.010717301343637638,0.02142378979934249,0.050078946165740525,0.008184921687368198,252.6207093977554,280808,0.08156165711581706,0.16609420448961407,0.11203822663219844,0.025867848652414992,0.01116739907113181,0.7659715831279754,0.9600117920150217,0.9330020538060976,0.6527543762326242,0.4825808753838409,0.009930336258839823,0.011581622363623461,0.00930169935909902,0.009217388299293819,0.009486283855261032,0.05738713934319094,0.06885741904439155,0.05087646477772756,0.05341413187794386,0.055584913283284486,35100
0.000809941291809082,0.4879367113113403,0.1530766534805298,0.6973182511329651,0.235235074800361,0.41984760999679543,0.7674406223437366,0.545227647897525,0.2921730209895173,0.08960159737275011,0.02098188665229826,0.009574751160221684,0.02171285145271282,0.04749207860215115,0.008748640483053004,252.6293470901223,281608,0.07820361491292711,0.16477123932803386,0.11070462499673553,0.0269104573109742,0.011181393755736558,0.7621010929346086,0.9603504769357977,0.934738029272128,0.6820168609176184,0.48938703482304147,0.00938960978994147,0.01026695770640658,0.009889054823762325,0.008477658580459357,0.008887391050406009,0.06064142931718379,0.06862524876316235,0.06428826061340097,0.04414259541596545,0.06375819690516978,35200
0.03028165340423584,0.46045842647552493,0.15249048709869384,0.6649236631393433,0.24721295863030068,0.4368601109087467,0.772362763589284,0.5541202968890122,0.2862496831227295,0.08799295276403424,0.02302487743087114,0.008821682794731259,0.020950047769537666,0.052930447421226684,0.009074462010097255,252.63634761106,282408,0.08206922257319087,0.16492726485121947,0.11532932999405521,0.024548393047521284,0.013297547345880326,0.7588938844203947,0.9627018146357447,0.9318989695298793,0.6463656882148481,0.4586985243333352,0.01014822103548795,0.010805080196697181,0.009930120188613785,0.00947591553289277,0.010364089332319588,0.05754678814206273,0.0658685875186732,0.05086890034064064,0.05344762315334224,0.05975567479492043,35300
0.0006678462028503418,0.4848753237724304,0.1493094253540039,0.6849697303771972,0.2748770202258933,0.4144772489368917,0.7659960922140334,0.5501244149111605,0.28622009936306203,0.08412985853358833,0.022063437276519854,0.009211115450643084,0.021097503147610178,0.05000579014312529,0.00817816634827188,252.6412654232648,283208,0.07669067548587916,0.16394676440037192,0.1127373863636069,0.026217797476402356,0.010947931662228233,0.7462723457813264,0.9630886052663508,0.9360653647797644,0.6588834288039643,0.46399655179032756,0.009508125486318027,0.010778784261604482,0.009128246595006374,0.008968225934493212,0.009098602987096622,0.057536024032160626,0.0611237691258654,0.05002843116469294,0.06283012180980556,0.05497321434635317,35400
0.0006984329223632813,0.46284592628479004,0.15197481870651244,0.6660344314575195,0.23234150349003313,0.42036465227603914,0.7713693796980137,0.5560383380357938,0.2888811743965274,0.0909966100440468,0.02206021962687373,0.008778174464799924,0.020504869132223127,0.05227373005871315,0.00890779421762239,252.6490238727093,284008,0.07748443851247432,0.16461333009053242,0.11500563038204183,0.0248534382994924,0.009837509302942225,0.7545409169793126,0.9635372450765299,0.9383480707604681,0.661921836200513,0.4757349801617998,0.009042959632352002,0.010052327864936414,0.009003035745223119,0.008563576658305367,0.008583384958030875,0.050995921441353856,0.05780060241017868,0.04338001513423103,0.053303573295277976,0.04980240531568954,35500
0.031073505878448485,0.46000043392181394,0.17054222345352174,0.6835882997512818,0.2427380883286567,0.4262043677270414,0.7613912250684666,0.5405022026044538,0.2876926052184512,0.08806992686364087,0.02539494789205492,0.009113547495669783,0.02177266686111298,0.056511382647191306,0.00905800514705374,252.6545686002147,284808,0.0779091321490705,0.16366951469925864,0.1097710119531105,0.024033230963271174,0.011786569083852472,0.7514543354511264,0.9613345222196713,0.9333011685865711,0.6472396680286955,0.44339895616756414,0.009409164378885186,0.010704109690417553,0.00909947971959661,0.008799001872830557,0.009003391860869155,0.05251750746276227,0.058361154772872126,0.04520115631764158,0.054188870407025615,0.0514692084515844,35600
0.0005906820297241211,0.4501544976234436,0.16862525701522826,0.6686779260635376,0.30434822733849926,0.42844474613666533,0.7684839516878134,0.54748226371892,0.2959797189912606,0.08219693785475717,0.022927638697437927,0.00899366380340949,0.021688350728653348,0.052365726094000274,0.008679839331757512,252.66669315607234,285608,0.08030888600274913,0.16456428462383801,0.11243473209917842,0.02546227701247002,0.014354388205545781,0.7584109348058703,0.9612958001739832,0.930937013896228,0.6747537285239257,0.4503515464128909,0.010157413426786667,0.01110085136914517,0.010172398540700591,0.009436105209491666,0.00988956299831265,0.0614130500843748,0.06760138573179786,0.05895451713454323,0.05806385371459637,0.060913832529361576,35700
0.02924169063568115,0.4423263645172119,0.16079352140426637,0.6550190687179566,0.2715714275995399,0.40088633581995964,0.7575853292060938,0.5411587383771809,0.28121699542503475,0.07985308561384956,0.023646818352863197,0.00930865946524453,0.021656837888602468,0.05229747206164163,0.008771448283073049,252.67318941874728,286408,0.07349088536575438,0.16476362587317187,0.10950217969290961,0.024343411746069285,0.010204737385485375,0.7302397620677947,0.9552364592318949,0.9338452080988516,0.6427832844658432,0.4336868393364138,0.008756944416090845,0.01031293584863939,0.008328676428838874,0.007955400005557403,0.008603278396018373,0.04714989939471708,0.05439617947179258,0.03906963794694857,0.0483015132839487,0.047052911609749885,35800
0.0006366372108459473,0.4638876748085022,0.1665416193008423,0.6810634326934815,0.28416922114635657,0.430838604569435,0.769249132893106,0.5434959647734522,0.28983121075360035,0.0860261444059997,0.022435829946771256,0.008627099897985156,0.02245258278012771,0.05091576629176076,0.008420772101614885,252.67948120494148,287208,0.08022180180996656,0.16563542643645848,0.11122397248998529,0.02599129730633692,0.010302087873551679,0.7564281970262524,0.959359879697765,0.9268921307437327,0.6595959892413887,0.46649074032134613,0.009498716765083376,0.010448211229297222,0.00946363068355546,0.00885547869815836,0.009117995823263045,0.058227598150260726,0.06534120035231905,0.055322094671222385,0.052039703409293016,0.05927305729080415,35900
0.034157989025115965,0.4409035706520081,0.16140894174575807,0.654236102104187,0.26301844163388916,0.43305681943893426,0.7703790104666428,0.5451185374047741,0.2894989767844239,0.09074221959615009,0.02424591211602091,0.008722813717132917,0.022149801037288953,0.0564850441889964,0.00880209355431787,252.68514649147318,288008,0.07952395984902978,0.16390231362608973,0.11236288146900884,0.023306905480725608,0.011264028776922522,0.7603910112380982,0.9652006215827413,0.927525902605806,0.6466698169129577,0.4809747119533253,0.009249153528362515,0.01079339277605678,0.008499538933087863,0.008659115058903403,0.00889124328448892,0.05267523378599436,0.06333056919839837,0.04419681604425006,0.050248446996387065,0.05176246119910815,36000
0.000569920539855957,0.47450062036514284,0.15450818777084352,0.6791479468345643,0.3058266349808545,0.40472614690661446,0.7658308168363306,0.5424662328774654,0.27635878034763867,0.08807839701573057,0.024431990282610054,0.008482773831847784,0.021678930908367422,0.05501114450291625,0.008761290884827822,252.69279576199085,288808,0.07345087645575402,0.16470552831055751,0.11088954957563485,0.02284404256001665,0.010074991766504905,0.739939121007919,0.9631735725775774,0.9333106765699621,0.627492867134235,0.4725947193070951,0.008669227967038753,0.009757446694869411,0.008740400879259268,0.008142889089261498,0.008201543113910692,0.0496181938238442,0.0522210755926562,0.04691970289050051,0.04797593776257363,0.051731959266095036,36100
0.03602354526519776,0.4242268633842468,0.17312100172042846,0.6476018524169922,0.32244785379110696,0.43013272598385804,0.7598628597716756,0.5457145311133399,0.2903677707864452,0.08741527571513948,0.02277130443602801,0.010186196204921302,0.0218754577845413,0.05242589845072441,0.008354234065485128,252.70808130103978,289608,0.08077795680612324,0.16407953896751123,0.11191556292600652,0.026171828879369915,0.011406832381759817,0.7625847387313844,0.9594537210246749,0.9324766840610201,0.6582870357429864,0.4802892828474241,0.00965661429334432,0.010799295413541752,0.0093195099988221,0.009054314736372882,0.009304501379992123,0.05200824139639735,0.060497896839358446,0.04973834831540654,0.046818336860766405,0.04987128484728081,36200
0.0006482195854187012,0.4837735986709595,0.16199057817459106,0.6952770638465882,0.2655411255121758,0.41573222592473014,0.7737922735303369,0.55380071690802,0.2650674295047636,0.08305172089889064,0.024018971556797625,0.010116388902142122,0.020801969850711387,0.055074908595724545,0.008842066646549017,252.71970264206212,290408,0.0765915131755173,0.16537223860760725,0.11454256304357885,0.021533235366469325,0.009506271074653846,0.7317860877513882,0.9592727929632239,0.9371384389301727,0.6054250161412738,0.4549635815269805,0.009368062005378305,0.010649488864588406,0.009182713573148257,0.008599387363753694,0.008979955318329094,0.06370607182383536,0.07467636738895116,0.0550238003502407,0.057786907755852844,0.06557098640512443,36300
0.0007029008865356445,0.44290182828903196,0.1598448610305786,0.6555903244018555,0.30084756970550514,0.4119471058249473,0.76346477975396,0.5552130181764819,0.2863065553147616,0.08253210602949058,0.02312261310406028,0.009101972029012926,0.020855774908547408,0.05241119350056822,0.009377613989081943,252.72593988433664,291208,0.0760978425480426,0.16476041351625426,0.11523452971476263,0.024856612664397506,0.009323479170866657,0.7410964047908781,0.9579354743058773,0.9349321262123658,0.6611529960864926,0.4428488194942474,0.009201994366012508,0.010223374182738703,0.009327572866429372,0.008585608700608344,0.008758724305690042,0.054250431023538104,0.06266145858211512,0.04632265546080686,0.055321409971248826,0.05287867631497127,36400
0.04102730512619018,0.47609437942504884,0.15985867023468017,0.6925661873817444,0.2701159017917581,0.4297918252646925,0.764030731641329,0.545158221458013,0.2818016317214458,0.08560018564131174,0.02498262461274863,0.009455261794545766,0.022191865537584263,0.05908558599953421,0.009431213247564865,252.73502288551606,292008,0.0799448585137725,0.16312395566358026,0.11202311526554141,0.023821278393675115,0.010869005299048773,0.7499567013978962,0.9646173334465574,0.9277014769613745,0.6193379448150008,0.4510880890377064,0.009401510064490146,0.01042844968749425,0.009442502934969245,0.008434152152616213,0.009232737604568499,0.053947766429628244,0.05579963643322121,0.054078502287246456,0.04261395125177117,0.06368241654142476,36500
0.0006239128112792969,0.4667466497421265,0.14372194766998292,0.6652625846862793,0.2810098608863543,0.4047659416496753,0.7661852158235578,0.548495313346061,0.2942075429748056,0.07984349188472828,0.02442116790451109,0.009733826637226906,0.02124263431693688,0.052794866024040876,0.007815300515655588,252.7420798909558,292808,0.07276643021963533,0.16400150279643116,0.11190758954957536,0.026798336189080355,0.00889542190188294,0.7381764921545978,0.9608172645884986,0.9381013623352263,0.665710464055958,0.44261172575316393,0.008395412527024748,0.00970506314085333,0.008451306342549333,0.0078024579264031725,0.007857890815698897,0.047991780471056705,0.05792077871307072,0.043219796537111166,0.045769093416295495,0.04599183200734661,36600
0.05333204746246338,0.4582163166999817,0.1681530737876892,0.6811465549468995,0.2655073600697118,0.43090023398399346,0.7634900114753034,0.5407248880099335,0.279308197626046,0.0828347900348842,0.022184164868667724,0.009319806424371744,0.02192480337932633,0.05394335665873116,0.00874561587893803,252.7477643993264,293608,0.08141373587772252,0.16432967172427626,0.11005792604054067,0.02333028614121889,0.0111745153191083,0.7527915191650393,0.9599158338525073,0.932157916640772,0.6274153266634254,0.4483895397665513,0.009623161479830744,0.010437795026651153,0.00975717221459066,0.008999685086309911,0.009132120159253394,0.05746309627429584,0.06557873778299181,0.052831988592939534,0.057011787450340204,0.053681920870469316,36700
0.0007227563858032227,0.47024658441543576,0.14273916482925414,0.6638239216804505,0.24467593139574959,0.437332796305418,0.7703777128290911,0.5480014761994941,0.2899966621947178,0.08796510418171939,0.024862597044557327,0.008944538236425967,0.02149536593717895,0.057788017992246546,0.00841977108746116,252.7586461105615,294408,0.08093066085129975,0.16455494612455368,0.11251899711598601,0.024480265712383098,0.01228085477931141,0.7647286108136178,0.9630891179369993,0.9331060705451196,0.6411792087667396,0.48547980677610064,0.009492079634219407,0.010499882694577495,0.009230883416204426,0.008855015485336607,0.009327353078261602,0.05400706499582158,0.060836639703538635,0.05017025849006615,0.05079579353003038,0.05386645169034177,36800
0.031024625301361086,0.47902536153793335,0.15578191995620727,0.6902664542198181,0.2731208400059193,0.42524224609136585,0.7691507397853223,0.5567105735100586,0.29024861448357253,0.08820156065680956,0.022761497078463432,0.008428696196732715,0.02066918888617559,0.05193809972699784,0.008998698235234134,252.76750061663438,295208,0.08007106241770087,0.16467393942407726,0.11575233910992314,0.026669560405173407,0.014473112352041123,0.7534668099880221,0.9622254795634873,0.9357404263274188,0.6608120032719211,0.4527631628936927,0.010167731700930754,0.011573342788849295,0.009591453561776325,0.00913536737631695,0.01044993831771355,0.05964948380365968,0.07315305665317802,0.049416775500980566,0.051644446525557546,0.06530058707777164,36900
0.0008290886878967285,0.47528250217437745,0.1568346667289734,0.6847238397598266,0.2895526200108843,0.4296177640557286,0.7643278308954283,0.5510913556967029,0.295112111980153,0.08853237175382678,0.021761074736714375,0.008652733770194694,0.02083600768580653,0.05020416535427508,0.00890251609031111,252.7781310514995,296008,0.08102131092920897,0.16539156549914777,0.11357625314058403,0.02649897781978411,0.01315628518757876,0.7603320023417474,0.9583718542239106,0.9375215475375838,0.684219808308119,0.4524689966440203,0.009984016390517346,0.01111607191978261,0.009791515001024197,0.009203975700974932,0.009734026130754494,0.04935799899976702,0.055461407967918104,0.0457881864208059,0.044164819933339636,0.05143685349728913,37000
0.031868865489959715,0.46213594198226926,0.14667010307312012,0.656971025466919,0.2929150779581962,0.40219942331314107,0.7650755924147521,0.545478795560039,0.2843802021816375,0.08240402066497544,0.021531070321798306,0.00868191944523337,0.022301962663305523,0.04872620454989375,0.008335177105592997,252.78743452490576,296808,0.07448599981144075,0.1644631169937754,0.11182326920406555,0.024617957408433228,0.011097421883482337,0.7390203529596329,0.9619022108413084,0.928269443463306,0.6660133833065629,0.45572243965669923,0.009061910100281245,0.010643974387061753,0.008973324329269174,0.008150355999532618,0.008620056820138958,0.055226545701734735,0.0632411613405959,0.05381702134214642,0.0491295773827005,0.055068751862723905,37100
0.0006418347358703614,0.461990020275116,0.1638237476348877,0.6787101292610168,0.24596583850918574,0.42694277003407477,0.7741648385691092,0.5517696491492694,0.2793799645112985,0.08441502940841013,0.024129802286624914,0.008826019189342161,0.02122290766928145,0.058077853425738214,0.009506470002233985,252.79443682101035,297608,0.07880891077220437,0.1652084837126178,0.11369632843441226,0.022392890981197292,0.00961801263387315,0.7374887147545814,0.9631460611210313,0.9349253728825562,0.6149603005629684,0.4332067456841471,0.009235623590648175,0.010359311487179168,0.009161076746300192,0.008614692946980203,0.008714813657570632,0.06191738765686749,0.06863268962086631,0.05209242432848898,0.060206059820425865,0.06553842513822018,37200
0.03477929830551148,0.45577817916870117,0.14362441062927245,0.6530021262168885,0.26856381362046544,0.4136840684711933,0.768090972227928,0.5478513407079797,0.28928328767055395,0.08464137457665942,0.022839072295464582,0.009221426873969348,0.021853468346556562,0.05110858373071361,0.008779337286527848,252.8022188696424,298408,0.0768333640694618,0.1654494925187183,0.11284699332165096,0.02620223601712143,0.011388825481047953,0.7436204287409782,0.9589890724573374,0.9322037122751539,0.6618993014824098,0.45278768681344544,0.009638003474101417,0.011029364450428729,0.00921105979941786,0.008382399600544353,0.009958016340221674,0.056217688205651935,0.06272089551322355,0.050400848064179514,0.046599821962143614,0.06483072050004493,37300
0.0007994341850280762,0.46341965675354,0.16874077320098876,0.6875278997421265,0.2749715647115824,0.42538849890232094,0.7657554302170373,0.5429741749212369,0.2887093052268027,0.09193894775155843,0.023186318874359117,0.009422084532338264,0.021962003971932074,0.057278926260664144,0.009634677917005691,252.80874018634162,299208,0.07907048907130956,0.1643645749272893,0.11111882153018637,0.02426730289181832,0.010176094425973338,0.7529395121335989,0.9595509787306405,0.9293030311713872,0.6405022635971765,0.4769302729709607,0.009198328526690608,0.01049157443248901,0.008966760639681584,0.008422881570029059,0.008777958736645643,0.06150090056122285,0.06901776463276667,0.05825724340940181,0.059239246768056086,0.058964478849988684,37400
0.0008332395553588867,0.4390319490432739,0.1613334321975708,0.6509754872322082,0.26285968359042416,0.41487791895866394,0.7702806325414072,0.5552713828873265,0.2809888923779516,0.08263636951356432,0.022032680157572034,0.009448090468149595,0.021208814701250706,0.0502186458557844,0.00884862548595857,252.81324044948033,300008,0.07701399900019168,0.16432824476280417,0.11471423832455857,0.024570314273333723,0.010270917863411779,0.7410136079788207,0.9612373119622616,0.9337018313208171,0.6462003762905403,0.45199322284654087,0.009145237593911592,0.010295243924436868,0.00903163865910775,0.00857992700707071,0.008694454808827749,0.05566980671137571,0.06651685547888578,0.04926230714056659,0.05352502289490822,0.05326749302533475,37500
0.0417780065536499,0.48366284370422363,0.14285480260848998,0.6827362632751465,0.2786711184815503,0.4408869783580304,0.7671750032848306,0.550739864804852,0.28188387026595363,0.09031287632638309,0.02282544422894717,0.010578363204078383,0.02124953588507886,0.051232627559202305,0.00952090995508383,252.8186049893295,300808,0.08262245168909434,0.1648585848476854,0.11353343521332854,0.024388095151652314,0.009876362737039197,0.7653907167911533,0.9591584959372275,0.9347193935024206,0.652664621259265,0.4621713532776129,0.009556283885613089,0.010752030408151876,0.009452560986044696,0.00869520781368712,0.009121226564131148,0.05115183014655487,0.0568257500887368,0.048217835885922045,0.04776670912961075,0.051030393291641364,37600
0.0006994247436523437,0.4575213098526001,0.156595458984375,0.6679843068122864,0.2702380986574133,0.4063987918198112,0.7658006716026828,0.5515971797260832,0.2903476101484631,0.08159376020075504,0.024890007488429518,0.010466757121436769,0.020735224406730306,0.06051213632678925,0.008199616572377172,252.82412987041621,301608,0.07488918723538524,0.16475357690816197,0.11402244681611336,0.024161910354666943,0.011113111757803969,0.7278981107473375,0.9590601653018322,0.9360994290798267,0.6313347665980311,0.4413565850365754,0.00912652438972145,0.010372725441046655,0.00900076950176996,0.008465142853760927,0.00877226642817595,0.05087626957800238,0.05949595967485083,0.04289406457014302,0.05157961733270399,0.04965209250435303,37700
0.03267242908477783,0.479506094455719,0.1494949460029602,0.6793467473983764,0.2850139309194348,0.41817529782652846,0.7692852035468946,0.5577135324162783,0.28981763174136443,0.0853208611651165,0.022937609963119037,0.008876258901163605,0.020310397254963433,0.05192153990002617,0.009112939958051765,252.83206279502608,302408,0.07725851953029622,0.16550288303774235,0.1160914029078509,0.02564296734608001,0.00996074288254378,0.7473827934265138,0.9610377857271506,0.9393375654699944,0.6704872542903544,0.44490588990653446,0.009047649004496635,0.0101820999561638,0.009131842965467098,0.008267932292073966,0.008684114684782375,0.05081286923261359,0.05998688372094375,0.045498631229358086,0.047093981382481435,0.05075067699568848,37800
0.0008727049827575683,0.4639869475364685,0.15541436433792113,0.6691798615455627,0.2827720685890014,0.42056450903415665,0.7712990071588343,0.5602688791080452,0.2922633198174563,0.07889646504074335,0.02424497596919537,0.009115921297264332,0.020394723337871595,0.05597653923640866,0.008272902333992534,252.8442490674484,303208,0.07768249750137321,0.16524903107325997,0.11707734025415334,0.02465753058310258,0.011542917743790893,0.7418093627691271,0.9604785688293788,0.9361964077099992,0.6493168763139029,0.44920507699251194,0.009344832478091118,0.01056384840003639,0.009418581930877662,0.008414806584319607,0.009048112537711863,0.05771695444476788,0.06696510365406885,0.05539806715972807,0.053939132861242724,0.054364396439050285,37900
0.032921688556671144,0.4615059494972229,0.17523446321487426,0.6888750672340394,0.24838771225688855,0.4268916444480418,0.770778351023718,0.5510289554629847,0.29906449019908904,0.08732338954249161,0.02215625955723227,0.00862797139848342,0.021352917979961323,0.05255488840661743,0.008682016131990026,252.85767019955782,304008,0.08077704951167108,0.16552302006840092,0.1136729919232464,0.026844346704515257,0.014794199414785207,0.7618008923530581,0.9608543385103872,0.9333952221825221,0.6767493663607418,0.47346563126153957,0.010446343645453462,0.011450261910573637,0.01058424725660709,0.009763745961056362,0.00996040650260981,0.06050580398645255,0.06557538086397172,0.05615025820316507,0.06166174289946629,0.05908775962169333,38000
0.0007864618301391601,0.4603627300262451,0.17262792587280273,0.6843164587020873,0.24669832912068043,0.404909804016352,0.7602935678250081,0.540868789107356,0.2757242354929176,0.07943961599925953,0.023887842837721118,0.00911554988423313,0.02187715332496478,0.05245126076128493,0.008484524947324368,252.86217149155053,304808,0.07378366332501175,0.16407429745068425,0.10958104281119954,0.02358828344991783,0.008783420395157554,0.729661675989628,0.9601489827439595,0.9329426899627222,0.6329093122262558,0.4176123774231381,0.008561674952507021,0.009680777730269194,0.008738679259116916,0.008099421957499145,0.007848363540523772,0.04622671905905006,0.05057715128704503,0.0434383295672997,0.04483258186448962,0.046490976937938876,38100
0.03661010980606079,0.45350123405456544,0.14871934175491333,0.6572589421272278,0.3231747657613513,0.41547195076942467,0.7600389652445836,0.5429888810430262,0.2740790792792054,0.08881435218439282,0.023502739369869234,0.009734714809724786,0.021901335713586635,0.05630393955692811,0.009658081064186112,252.8698538146184,305608,0.07733300562947987,0.16297384824244507,0.11001252129319174,0.022343431370445425,0.012281622035843782,0.7430946061015129,0.9623163348527123,0.9320453680696943,0.6176208578623259,0.4585916801086535,0.009339814095292238,0.010276576161365675,0.009158058747250055,0.00878239630793149,0.009126906670515227,0.059348798668943346,0.06605088086515126,0.05138163663491254,0.06509496156346294,0.05606440145420838,38200
0.0006666207313537598,0.4761750888824463,0.14738476753234864,0.675639672279358,0.2816275198667595,0.4330984659492969,0.7644907614631113,0.5495321599427117,0.2835349121417562,0.08225242452423893,0.02498808090575039,0.01024526731393596,0.020932890396803773,0.05790932887108425,0.008619079382022781,252.87802969854636,306408,0.07977138692513107,0.16407846338093562,0.11234834639750087,0.023398330588511623,0.008556104861618423,0.7520072951912878,0.9605405579246054,0.9377993142663552,0.6251421745579983,0.4411738504854481,0.008906999870669095,0.01032926188119781,0.009094592379956632,0.007807402202161025,0.008292043418100284,0.05354584240820257,0.058710194155309044,0.051261267519276114,0.05314980300206045,0.05049228443230472,38300
0.0008524942398071289,0.4345810651779175,0.1640963363647461,0.650002212524414,0.2550221136439638,0.41439990699291235,0.7703567896828507,0.5463065425145257,0.28625974035199325,0.08812326487002067,0.02243119354825467,0.00915365146868155,0.021338386333922,0.052575751411962655,0.009779272722164622,252.88403518274853,307208,0.07658178776502605,0.16622214207444524,0.11143850692615064,0.02392936014585238,0.010224367569862326,0.7409606838226321,0.9579677012833681,0.9350388031644925,0.6556347774311827,0.44836973146076137,0.009132751852739597,0.010355172135556737,0.00924999270583358,0.008440275533363852,0.008520575971405837,0.05194103117100895,0.0599531670138616,0.05042267293122007,0.05061217833728713,0.04722000891553461,38400
0.02960337162017822,0.47107295274734495,0.15990996599197388,0.6890205621719361,0.28358957990251615,0.41863868683576577,0.7686373250825059,0.5415365775978116,0.29426317751122427,0.08573082806494262,0.02337626377120613,0.009597919056202261,0.021642366486722246,0.05042890932981335,0.009014489544179148,252.89018291626914,308008,0.07653400465846068,0.16475903955134705,0.11020634992531049,0.026426162541750373,0.00991408818478604,0.7567324662208558,0.9616785124763022,0.9349068323219261,0.6736458919265048,0.45403430993075183,0.008681155848316842,0.009945584223145149,0.008509366337589367,0.008116079993439058,0.008292976696854894,0.0506551935337484,0.05829815130557991,0.04681440794633494,0.046122412464657175,0.05265489620653613,38500
0.0006081914901733399,0.46461598873138427,0.14077811002731322,0.6599769639968872,0.21852940085648742,0.4202463670074939,0.7591618826756119,0.5538977558548391,0.2846093907881011,0.08250999313337028,0.022213855097070332,0.009338737881290183,0.02026676064659212,0.049450501042048345,0.0088086923451464,252.90036790189023,308808,0.07782325141131873,0.16444632432495154,0.11414421865263509,0.024560333308696978,0.009110986515573884,0.7486874341964721,0.9575472797911899,0.9414738706640297,0.6610912683477808,0.44161300285898036,0.009156841130461552,0.010468711772073907,0.009016626961277554,0.008571328464940034,0.008527763731156789,0.04819068919634446,0.057086851979525274,0.04355576113243965,0.04562123171967324,0.045888044981925634,38600
0.07517033576965332,0.4158208179473877,0.17553467988967897,0.6470095634460449,0.26820899653685165,0.431390221118927,0.7640321814398249,0.5495331454099996,0.29610667731715845,0.08711921799854899,0.02240481147542596,0.008827304106835332,0.02116794427764592,0.05506428216393644,0.00882879188786461,252.90802699138527,309608,0.08088989777490498,0.1637523506588778,0.11257104664155755,0.026053001871332526,0.011655503200303174,0.7630629807710647,0.9640170134289168,0.9380316967421238,0.6571235745651292,0.47398526703610155,0.009559759418480099,0.011033208511699819,0.009511260163629125,0.008435155311342106,0.009067139496990282,0.0503476570919156,0.05392853022408738,0.047605854256244536,0.04898337434298099,0.05053419323510249,38700
0.0006472873687744141,0.43597365856170656,0.1591790175437927,0.6526899719238282,0.25167136798129575,0.41847180709242815,0.7634095391448658,0.5470498540032075,0.2764042627383419,0.08208648453975836,0.02297275768592955,0.008835242501084632,0.02140283101443812,0.05446520526497132,0.009104615781603058,252.91534996806018,310408,0.07829371264204384,0.16499231983812496,0.11204328468427978,0.02303623536012155,0.010347011703263794,0.7393115174770359,0.95720034564028,0.9359248364475407,0.6219450977254426,0.43133142663927543,0.009084846812766051,0.010510321514091779,0.008980244423258399,0.00840465980210401,0.008448208514784495,0.047991466186940696,0.05511523587201553,0.04400822677225434,0.04532484506365858,0.04776238199103204,38800
0.04205257892608642,0.46083296298980714,0.15994279146194457,0.6799174618721008,0.2041243273544155,0.4400450891256334,0.759217591550615,0.5534213355394321,0.289954650703181,0.08518174334186247,0.022834889846853914,0.009340386140781146,0.02062066795417304,0.05400607480614449,0.009023152715678372,252.91909289980575,311208,0.0824688422307372,0.16390515201621597,0.11434837481514976,0.025364236254727595,0.008479013232990048,0.761453098654747,0.9598697021272452,0.9374090643844216,0.6532638588717563,0.4429612862675084,0.009240894587710496,0.010162657956696212,0.009038519568158073,0.008827697123772441,0.008764919622436806,0.04996977962087844,0.05444220770564341,0.04468124906645354,0.050164702592099125,0.04998723938858707,38900
0.0008375215530395508,0.4490073871612549,0.1514895176887512,0.654326343536377,0.32076721499626637,0.42343597307801245,0.7643074374742456,0.544519313138808,0.2901879309439194,0.08929962241866944,0.024501821314916017,0.00875760172433438,0.0215116052080599,0.05745891524551839,0.00859725232900626,252.92538969022706,312008,0.07880781264975667,0.1643917438588612,0.11124501010111724,0.02448366952297624,0.014850405259494449,0.7562314730882639,0.961600223662322,0.9342858025812985,0.643483586755453,0.47391344234347355,0.01002023591659963,0.011735281277293525,0.009037265768142243,0.009080210924331169,0.010375277818335837,0.052991200646501965,0.06507197119822791,0.04003846005015782,0.050812320964063934,0.05739709129526698,39000
0.04630971193313599,0.44894048929214475,0.1724474024772644,0.6755493640899658,0.2832359239545289,0.4263484266400337,0.7675728219928176,0.5497611002756825,0.28737620239920736,0.08897350726508958,0.023364655673503865,0.009050797722819776,0.0209980746638952,0.05078906005805484,0.009619337194899635,252.93068415833386,312808,0.07913665136322377,0.16545702065482285,0.11296457105712729,0.02594816008752436,0.011704736188935338,0.7564863234758379,0.9585687632512567,0.9353913071722084,0.6577703493220791,0.4606480999018554,0.009325150069780649,0.010445391799257405,0.00908803578816575,0.008613019565851476,0.009209478834784155,0.05307571111246945,0.05614632150779168,0.04966594966239119,0.05177143304043005,0.05501069209127818,39100
0.0008953237533569336,0.48488261938095095,0.14958147525787355,0.6867140460014344,0.25180624784869743,0.42162948548793816,0.769376366195224,0.543982112037085,0.28524194136669057,0.08666695641336312,0.021639106716029328,0.008607597191197176,0.021723817872279227,0.05186717461825146,0.008501402544136217,252.93964703910652,313608,0.07847040297463535,0.16490393607389356,0.11056879002581604,0.023930334307945483,0.011343309433834844,0.7538586062192918,0.9614095645291465,0.9325604537608096,0.6572890897266199,0.47160189396867114,0.00932855444960297,0.010398146323859688,0.009090023158706832,0.008771567926055098,0.008970380521370704,0.05986577667295933,0.06742090189031193,0.05042881373354652,0.058908687828139204,0.06178121971157943,39200
0.031251184940338135,0.45748052835464476,0.15152280569076537,0.6623812460899353,0.25307390156065585,0.3971255975961685,0.7624579697199495,0.5446357249887918,0.2804267844009512,0.08275745399464847,0.024613257604651155,0.009585301228545855,0.021200468987633645,0.05700151964073189,0.008881912713162438,252.9468131479861,314408,0.07209814704954622,0.16493228693371229,0.11160782952614813,0.02297795687380406,0.009210032268166036,0.7240269029140475,0.9579907833881998,0.9359381446421471,0.6304499490081141,0.4435255702804115,0.008535942803137015,0.00987709903046893,0.00828934926794119,0.008078210829001554,0.008062608186071274,0.05089368852321059,0.059957221016267534,0.047955085803332194,0.048381450104984035,0.048190832702754885,39300
0.000690767765045166,0.4856996750831604,0.15402642250061035,0.6912537217140198,0.25471995554499244,0.4270449765026571,0.7687525230425373,0.5558695427833062,0.2741678698910672,0.08184958896405684,0.024169125249609347,0.00884668477455205,0.021526734569981228,0.05664054590991687,0.009127558518230222,252.95358715995323,315208,0.07906077343970541,0.16469391704433492,0.11526683059030321,0.021734678418176633,0.009154991267375097,0.7372757247090337,0.9619257643266963,0.9312365820971872,0.6127841154348496,0.430213958956301,0.009236752609722313,0.010460181041034276,0.009192285919061259,0.00843264846565221,0.008766209468982804,0.05451382423285396,0.06304779101628805,0.05165544865522736,0.051385133420976226,0.05103898745922679,39400
0.0007566428184509278,0.4564267420768738,0.14505403995513916,0.6534282803535462,0.2987965439499628,0.4103523994982243,0.768118095138799,0.5523214689931091,0.2851113440215305,0.08678484905133219,0.023861775314435358,0.008428547913512292,0.020700758513139208,0.05424522725699092,0.009309107955693643,252.95853897696654,316008,0.07500725705176592,0.16530700084631872,0.1134797572443376,0.02368442757282528,0.011123199078843795,0.7407250529527662,0.9603099356526917,0.9404022374323432,0.6479939642086828,0.4518911104271376,0.009164106531534348,0.010379614925983808,0.009147346568559964,0.008824186922081615,0.008449296314035343,0.04941994790220631,0.05580805780102865,0.050199336065834724,0.048784007856123926,0.04365802968172856,39500
0.0332380199432373,0.47415990352630616,0.1601412057876587,0.6873979830741882,0.24769640500775883,0.4364848253130912,0.7640687700743989,0.5512301005753392,0.2984800201578017,0.08283950343846952,0.021138913156464698,0.008892303252174886,0.020651009236577113,0.047343591371407874,0.008425651478241793,252.96221193554635,316808,0.08239236604422331,0.16373525316191606,0.11341929439400222,0.029143685891698932,0.011528793087060707,0.7684835356473925,0.9643439739664019,0.9365446740770571,0.6881468629225711,0.4473936697270003,0.00992175484774634,0.010730910352126595,0.010943203947731643,0.008277975351143725,0.009602731212656559,0.05259079133131309,0.059057703206754096,0.05888794412508982,0.0420112671948468,0.04940337669370606,39600
0.0006951665878295898,0.4395733666419983,0.14840283155441283,0.6417749285697937,0.2526512491491875,0.4290270584821704,0.7675546198804807,0.5411485567472988,0.27836681523772516,0.08166367101616093,0.022854287289083,0.00863358084978449,0.021948327076427885,0.0554126193288897,0.00893893140327774,252.9653780700807,317608,0.08017364026978613,0.16467382487292595,0.1092191924687457,0.022992047876923712,0.010626509678740135,0.7487655049562453,0.961279337929788,0.9339647321885336,0.6254535864611144,0.4362750999173341,0.009390812171623112,0.010807230132936592,0.009427481165587686,0.00821712250755133,0.008901430962711798,0.05315439918078485,0.06158378544790129,0.048835430847669864,0.04875755108144809,0.0526174654357363,39700
0.03858977556228638,0.43730200052261353,0.16778340339660644,0.658722014427185,0.3715790402640706,0.4274681049585345,0.7684434555434239,0.5397142148404209,0.2803112806151153,0.08553833994665187,0.0243938844790682,0.01103399259960417,0.021952868365958614,0.05638784291863281,0.009771276996010181,252.97327606255345,318408,0.08020074501633649,0.16571307931040294,0.11045449706553308,0.023584542980801957,0.011485371376087038,0.7504645511507988,0.9577908395546408,0.9301277755035293,0.6281744244868175,0.4495183993130921,0.009549221536144624,0.01075886427814811,0.008919453269940016,0.008898014599388396,0.009619797473230085,0.05165479655610398,0.05727608756533838,0.04605259857015446,0.05019256227684242,0.05345331201897349,39800
0.0006997179985046387,0.4409720230102539,0.15036900520324706,0.6423930501937867,0.22144111421323615,0.4315143911540509,0.7767652197948937,0.5545279765971981,0.2920139517747995,0.08880088914825454,0.023731718277558683,0.009821237597808927,0.021039739956684195,0.05605385914407292,0.008574075799910444,252.98128161060504,319208,0.07950086010620001,0.1651227567525743,0.11482032783555263,0.024725417416034765,0.00987546627746066,0.7560202634334564,0.9631796814862972,0.9326609577795475,0.6488742599583636,0.47099606798152716,0.009149427548982205,0.010029024094144263,0.009054865791565838,0.008645597525467782,0.008832683530400955,0.0564372979523614,0.0635994984813541,0.054712303356747344,0.05124937098548569,0.05589863714630326,39900
0.04551042318344116,0.47257615327835084,0.1463758397102356,0.6728129434585571,0.24800103733057993,0.42291413620114343,0.7663447432739786,0.5405831479109248,0.2866365746412863,0.07983662187170368,0.02196553074754774,0.009682378637994269,0.02152274809538937,0.053429867494747305,0.00819825174361997,252.98982022318262,320008,0.07865316905081277,0.16387972263402723,0.10917220534040378,0.025136151183240488,0.009006843144091725,0.7473508936166755,0.9631579424059665,0.9360235654390774,0.6505918692610116,0.43517164709443723,0.00907517260871827,0.009997684486903425,0.009153641922733739,0.008501613928868789,0.008549226796634104,0.05530485467053947,0.06302431148671822,0.05231504682929094,0.049670074977938024,0.05498236594324426,40000
0.0007307028770446777,0.45297110080718994,0.15508065462112428,0.660614652633667,0.2782406907545838,0.4175042763352397,0.7564692151480614,0.5478806273761765,0.2824732675457123,0.08104253829140028,0.024203332755714662,0.009238494450782142,0.02148911573428224,0.05706970918846808,0.008530873483042082,252.9936190502413,320808,0.0773620128259063,0.16331232754894376,0.11264380064361543,0.022950450118064687,0.009572029510421739,0.7479547399282451,0.9618733383673989,0.9324688766941884,0.6307251161521242,0.4458955406528156,0.008690964933484788,0.01005186790404892,0.008643475865130826,0.007785458081718727,0.008383309605444983,0.045419152639806275,0.05237682398861451,0.04207625178402509,0.04193977760055011,0.04638755646025394,40100
0.03226941108703613,0.45440431833267214,0.18009052991867067,0.685586531162262,0.25088733291338006,0.41992766976356544,0.7603160338658914,0.5475460000606391,0.28378920720926704,0.08677532357262005,0.023574308580718944,0.008708755371010145,0.02142793089006616,0.054664417927829105,0.009023763413129191,253.00003866357667,321608,0.07753019433468583,0.16367868655452542,0.11169840603912433,0.02502500707644276,0.009903564197994092,0.7479072266817094,0.9627475569061202,0.9357019128577075,0.6364214391100645,0.45982329899342195,0.009021189999766645,0.01055637150363741,0.008433445670444116,0.00830499317917023,0.008751651206657518,0.048110197330825055,0.054222158382318045,0.044327215680012896,0.04706795106404555,0.04658202468019785,40200
0.0007962179183959961,0.47718860864639284,0.1639200258255005,0.693928062915802,0.21994771012044542,0.4316337969899177,0.7669022718877028,0.546748097368221,0.28492569067831824,0.08363711768092376,0.023121292283758508,0.00856561812360316,0.021192860688976734,0.05251191996269677,0.00827247366239703,253.01055421555267,322408,0.07984546776860954,0.16537360981177393,0.1118250208059748,0.02402303111293848,0.009439500976220103,0.7580423915386203,0.9594606658293733,0.9374960181701127,0.6510468396273532,0.44948736442386755,0.009071483206935228,0.010226211665083435,0.008429958620787267,0.008893994462974902,0.00863563146915554,0.049354851911775764,0.05712985137910073,0.04352771469284246,0.04901623048119996,0.047088814883889094,40300
0.0007503223419189453,0.47151750326156616,0.1433072566986084,0.669059362411499,0.23714312232507234,0.4101573081314567,0.7638742446291203,0.5504422762680576,0.2821936502073295,0.08446302858646966,0.023548297239467497,0.0105160158198821,0.02111609949338469,0.05243878432072945,0.008383613132956763,253.01590782124848,323208,0.07484693732112642,0.16342868655920026,0.11358701966987937,0.02384640551893644,0.009518358605139214,0.7410593354702,0.9616759252183282,0.9336590389084943,0.6467322933841758,0.46031444834975116,0.008712304751388728,0.009675852334297894,0.008706866142650435,0.008360669285741067,0.008169219623176531,0.054924964245874425,0.060567849877585025,0.05207027260168287,0.052874063170064656,0.054219410958467024,40400
0.031193325519561766,0.4751002502441406,0.1548370099067688,0.6827400994300842,0.30839073976526765,0.41670081257820135,0.770683913353162,0.547413268771309,0.2827934541449109,0.07874760964788255,0.024163819784298546,0.009846496116966965,0.021660784187798283,0.05902012654890615,0.00913650361198702,253.0229235894685,324008,0.07717774257063868,0.165130613018305,0.11204637780499002,0.023371570289225114,0.0089524443596778,0.73375083565712,0.9596325859045373,0.9329367016370474,0.6166574672986104,0.4318634675577354,0.008796582908835273,0.010303215436541889,0.00855613531558237,0.008221039552271592,0.008148577320279104,0.054610878564417355,0.06887622764095284,0.047522456035949276,0.052040332707987066,0.050680880200877035,40500
0.0007722663879394531,0.4597929501533508,0.15396109104156494,0.666369445323944,0.2888904975697779,0.4122291751205923,0.7662972983766774,0.5476474061165707,0.28587346961465465,0.08429311661210455,0.025197095312178126,0.008942477789941589,0.020934571242328767,0.0577998329082145,0.008589116233604291,253.03288109683024,324808,0.07542849406599993,0.16494170303553182,0.11223633498838637,0.023865298840106235,0.011594359095203613,0.7390641975402829,0.960923793211661,0.9368341556279971,0.627288723484092,0.4538723938356194,0.009288957542739808,0.010228510528721445,0.009572779198435351,0.008635235936466368,0.008848557234529004,0.054410519264638434,0.05739199254112168,0.05135179837557058,0.05552227055619749,0.05354701788613792,40600
0.0335780668258667,0.47255717277526854,0.16249823808670044,0.6884848308563233,0.25138468824319754,0.42571362331509593,0.7714262061441932,0.5555102580951314,0.2890338412066197,0.08383577514495975,0.02451671945862471,0.008885358368691703,0.020806362186299835,0.06083270935389969,0.008404520800075109,253.04452510403618,325608,0.07879880063235757,0.16515313694253564,0.11503493418503134,0.02286787060393416,0.010394942492185796,0.7514817443490032,0.9618629748001694,0.9351277229962521,0.6354789740063361,0.4616717270870304,0.009222115732263777,0.010353277869095717,0.009167367331597401,0.008519069641500402,0.008872017339246367,0.05276532074436544,0.0608059372849918,0.04834083089587733,0.04623236439137721,0.05614598409913896,40700
0.0007129836082458496,0.44523412227630615,0.15216392278671265,0.6482853245735168,0.2677675685337354,0.4380874744057657,0.7678537643233005,0.5491700436846881,0.2855063529255301,0.08072490015772375,0.02327236765995621,0.008569335888226544,0.02162664563751177,0.052065134932770665,0.008867647476639665,253.05557725391154,326408,0.08217810224741695,0.16432036771330724,0.11363308891361838,0.025050770740982903,0.011687237984700019,0.7593098020553588,0.963886707882549,0.9291839707715835,0.6561924184744172,0.4287320537374196,0.009718353273347021,0.010423800639461637,0.00975788537157224,0.009056792281066563,0.009590428155669241,0.05959248121827845,0.06829356646468464,0.05100351634124914,0.06032166941664543,0.0580303098984881,40800
0.02959455728530884,0.46655120849609377,0.16140286207199098,0.6809886598587036,0.2623416666880557,0.4113881231844427,0.7624548428381484,0.5567196573441229,0.2821984688683257,0.08520524763453623,0.023185496795922512,0.009994575770785268,0.021144131613255006,0.0523633073152202,0.008698045666179485,253.06269195350555,327208,0.07560288956388832,0.16337824543006732,0.1154632618611989,0.02420994256872957,0.009391962874998544,0.7367400211095813,0.9625776226942736,0.9324438078328969,0.641389462715242,0.4457965162693043,0.008738530974369494,0.010139023082350226,0.00868850185967555,0.007845432739477697,0.008377375730017641,0.04803729357256088,0.05713261640175917,0.04475927985004089,0.04458024143837618,0.04610256532149752,40900
0.0007514572143554688,0.46382195711135865,0.14715405225753783,0.6660914421081543,0.2096538239043179,0.42946504801511787,0.7694730705498527,0.5419669285416591,0.28633361664923984,0.08256959270916338,0.02351209662854673,0.008545194686928265,0.022281238194555058,0.05666897048295473,0.008227793400814363,253.06669112367229,328008,0.07938348708674313,0.16568351120736113,0.10979124229401342,0.023214213770857663,0.00916293903959666,0.750538892745972,0.9601616562811975,0.9301307186484337,0.6330505059790735,0.452122625001927,0.009116712857503439,0.010966009040638587,0.008820046187611284,0.008024345398180834,0.008478878664822545,0.04961021625524153,0.0586609854069134,0.04610794069056283,0.04552355214245882,0.04734922376759565,41000
0.030292017459869383,0.4683185601234436,0.16458147525787353,0.6861881947517395,0.28334241479837324,0.4073590934276579,0.7691090428966224,0.5456629998764942,0.2798664212752018,0.08355463981396805,0.025205588052049286,0.008612195043235838,0.021543799632780452,0.054981619488891,0.009052322868021318,253.07446499345315,328808,0.07343655990436679,0.16455449112530418,0.11126372903513107,0.023472836889359396,0.009679297026285387,0.7367186856269837,0.9634509223631066,0.9350429680740948,0.632518293836568,0.4431812565561401,0.008596704045776272,0.0101025387184459,0.008539323992258646,0.007774714801033821,0.00826715283612166,0.054147890498861685,0.0633478608282133,0.052040087470549695,0.0508656308900089,0.05196387763738322,41100
0.0025338268280029295,0.45353993892669675,0.1516705870628357,0.6571492099761963,0.2626022064876484,0.4226294791698455,0.7602046168767487,0.5519062329843204,0.28704856279886004,0.08190749631447583,0.024559174650348726,0.009273713663554726,0.02096795201193072,0.05649127063938892,0.008253572212985382,253.0867038659091,329608,0.07783245123922829,0.16366085150303009,0.11441708782922873,0.02411689852882741,0.008927231665730558,0.748249192237854,0.9604625322879891,0.9342839159433124,0.6364910872477413,0.44871958245568083,0.008790848283097154,0.010003564516321214,0.008683427894777324,0.008260926508502863,0.008245352832451078,0.053253529858775406,0.06288678095174523,0.04599374804636739,0.05418193810136179,0.050153040782832385,41200
0.15059281826019288,0.37841770887374876,0.15597314834594728,0.5846731352806092,0.22920020100218044,0.4415279227495193,0.7722779372843306,0.5521982345024395,0.2884678097614823,0.09063109458499662,0.023670234829187394,0.009158255262641107,0.021377007747766498,0.0577541741445823,0.008849464583437185,253.0929099667637,330408,0.0834170196950436,0.16528572236619338,0.11453086679333632,0.02441403300175701,0.012885229261843729,0.7638086611032483,0.9610030150995024,0.9340387968764957,0.6296929720320984,0.46908482570905946,0.010037199736107142,0.011627193565321398,0.009517027860064272,0.008801136856715469,0.010136279670169224,0.0616730723017827,0.07784600117947996,0.05058843321638747,0.05483734187074618,0.06411470106576347,41300
0.0007462787628173828,0.4843809175491333,0.1503604245185852,0.6885934233665466,0.20467211511163402,0.42426860928535465,0.7625991864369651,0.5498333784503552,0.2842090642958317,0.08396090366902516,0.02371178233064712,0.008995482067595978,0.020564405502629775,0.05432423086230695,0.008252860603475553,253.0985725952773,331208,0.07820756141096351,0.1642958847160388,0.11345087192091509,0.023267048267199567,0.009994345304386866,0.7525830775499344,0.9612054618278351,0.9359951501515639,0.6407023344962098,0.4588825183118729,0.009000442791730163,0.010292760105711386,0.00866466189907798,0.008281579581616492,0.008776759908081381,0.05168961857445536,0.062023682897855155,0.0468241207479457,0.04805508944785819,0.04982476963855844,41400
0.0008030366897583007,0.4494801139831543,0.15657193183898926,0.6563616752624511,0.2756537707945706,0.3990106673538682,0.7554926762114395,0.556690040184426,0.2826708183868938,0.08175643435939181,0.02212933098897337,0.009314165978930379,0.02082453786342409,0.05372951601778991,0.0075618637427927494,253.10409314982132,332008,0.07361330457031727,0.16324072954771324,0.11534892763807364,0.023269421396482918,0.009316807905064162,0.7354867315292365,0.9611489387310068,0.9356213079215332,0.6486087030486059,0.46234942633706627,0.008644218458794057,0.009935841533740088,0.008764694312133788,0.007972626559632386,0.00807208101397036,0.04806983101880177,0.05721734908444849,0.04352793374841971,0.045607436885812154,0.04661617322641028,41500
0.039381465911865234,0.48770593404769896,0.1526363754272461,0.6895453357696533,0.2895223662202624,0.42758577898144723,0.7733986970782281,0.5467694423654502,0.29183909076775266,0.08603409394969286,0.02301276829559354,0.009862242070958017,0.021603846365549382,0.050923490174243156,0.008772606370907878,253.1106517454078,332808,0.07846374047920113,0.164640182852745,0.11181197351976932,0.024901452543113014,0.010250354548216517,0.7629655486345291,0.9624469205737113,0.9331072925352586,0.6786966758408574,0.46504529028976527,0.009023101299535485,0.010459809341700751,0.008855455149850788,0.008477368230330452,0.008285495181148142,0.05518510298337787,0.06519027956761425,0.05088027584476069,0.05192805398851996,0.052793032337713576,41600
0.0006348085403442383,0.4526956486701965,0.15653737783432006,0.6582463026046753,0.27019265715532265,0.4059598188102245,0.7739127916697216,0.5481746536354679,0.2783711770322262,0.0902983521716007,0.024342378154397,0.008750697627481761,0.021288640166871056,0.05614461655296929,0.00904422067160944,253.12396946504956,333608,0.07463465400040148,0.16503705860242363,0.11295859262693765,0.023195282550437762,0.013153220185904067,0.7378649574518202,0.9637917763382728,0.9330875457719316,0.6232062078103799,0.46938417449381686,0.009241887209936971,0.010509315112153805,0.009150897126731491,0.008673315899582899,0.00887186195418874,0.05028979182709012,0.056377042773780396,0.04563525454032907,0.04893010604172586,0.051478017858666576,41700
0.03495080947875977,0.4526050543785095,0.1802009606361389,0.6846735382080078,0.23193423882701547,0.4165905338525773,0.7716942473461752,0.5476676209976794,0.28127299237996345,0.0792705924690363,0.022866339450702086,0.00857116838328933,0.021834433990036064,0.05243690059753132,0.008028720151656184,253.12869753348568,334408,0.07672577489167447,0.1648949238814805,0.11259227262087979,0.023153937681345257,0.00939309388973671,0.7444860163331026,0.96346510052681,0.9292672028381856,0.6494333696365361,0.4399349369219877,0.00887138560181483,0.010116530756319042,0.008999288495425063,0.007935695864725844,0.008492423727672864,0.04978190952213482,0.05669733480011167,0.048196829709505104,0.044940809131367145,0.04971012323446095,41800
0.0006612873077392578,0.4403086733818054,0.1667560887336731,0.6581771755218506,0.25352666115684785,0.42504411980509743,0.7711752245620813,0.55187753940103,0.28896423723076414,0.08635884966505203,0.024645377770066264,0.00849566952033177,0.021106318888064506,0.05625028880706555,0.009618259939414115,253.13460125123973,335208,0.0783348566666245,0.1657468618787064,0.11344792571530417,0.02588359037733378,0.009817171147044163,0.7477788025140766,0.9605280458927163,0.9355590740839651,0.643956896284937,0.44604923505532107,0.009503882247954612,0.010331916432751678,0.009341270785630497,0.009188585011769487,0.009175190221714357,0.057010725904256127,0.06401868284993566,0.05414584330954955,0.056297189940833964,0.053612120643160066,41900
0.03156777620315552,0.46895083904266355,0.15336443662643431,0.6737992143630982,0.27203978462262934,0.4101773759722711,0.764464246040864,0.5506954505605602,0.2800330746075065,0.08108098477729278,0.021849148869514463,0.009021582955943118,0.021254259864664057,0.05163647609284325,0.009151427919540118,253.14011157580975,336008,0.07713095027953382,0.16428260411579573,0.11308602663209141,0.02471125841099585,0.011523981180633545,0.7354938426613806,0.9602902257005583,0.9358087526363078,0.6469351715145847,0.4284133811791743,0.009663663823157552,0.011470065188852603,0.008765024155631516,0.00959642125211286,0.008998204435867907,0.05608227013377472,0.06516948283567095,0.04660176980598531,0.05745932658187511,0.05593847835159585,42000
0.0007551765441894531,0.4710309314727783,0.1483989644050598,0.669206805229187,0.28266087089871283,0.4298140019178391,0.7750989845820827,0.5562400356719367,0.28048100297649686,0.08680945615235124,0.023343350309878597,0.008315849860498142,0.020414412693169556,0.053566153799848866,0.009477478509009084,253.14648621013114,336808,0.07998657356947657,0.16536180455060243,0.11478284164086774,0.024147408992229485,0.0125451809199723,0.750159002542496,0.9636356850465135,0.9385331113087505,0.6325740379946577,0.4557993368098614,0.009762276127003136,0.010381828117672182,0.010014065151642033,0.008942271928702093,0.009732039542378567,0.05831724125426264,0.061582919039453086,0.06031942184230213,0.05183527189351262,0.059869909249736286,42100
0.030539302825927733,0.4728444743156433,0.1552669644355774,0.6812360787391663,0.26235611864344455,0.43023926198482537,0.7639310080468928,0.5505689169473696,0.2850399808664074,0.0845590948376843,0.023754514530301103,0.010714370870414632,0.021199257794659643,0.056147086737971585,0.008804717904662458,253.15093268127617,337608,0.08032704703509808,0.16406588177931924,0.11329159509516575,0.023514571618043684,0.010581130064668659,0.7547849237918847,0.9598852746794669,0.9345266484983877,0.6364586143117205,0.4579266180697176,0.009298693439923223,0.010592752746774257,0.00909081808682801,0.008558455839949223,0.008851358114943364,0.04882944935001432,0.05838507182815931,0.04434817526174557,0.044876275466460946,0.0471882208768931,42200
0.0008007025718688965,0.4613342308998108,0.14954673767089843,0.6629893112182618,0.2184704318134785,0.41200182035565364,0.7654961276862584,0.5530830585846191,0.2847792001728391,0.08447613115919733,0.024209008179604998,0.009474805472708063,0.020930890330216955,0.056568070963506974,0.008732579721395569,253.15962154100487,338408,0.0756421789713204,0.1640601286106862,0.11418150665445459,0.024191702097487534,0.009462925961503341,0.7417058086395264,0.9629524141381688,0.9367619827389717,0.6304117725856264,0.4556733879070836,0.008592363819479948,0.009616432477335976,0.008697682441884859,0.008023516552995389,0.008157069283962542,0.044612087635323414,0.0503960862482166,0.04113900294760242,0.04286779544376467,0.04498597728857063,42300
0.000939633846282959,0.48530447006225585,0.1479974627494812,0.6862415719032288,0.3311033597613328,0.4243650364875793,0.7675549568199531,0.5458572388937071,0.2950605450980904,0.08296501189850432,0.024570235600695014,0.011506386543056224,0.021487219821816932,0.05546243080941303,0.008628111289296187,253.16466359562287,339208,0.07858040217310189,0.165528325772867,0.11130426901703072,0.025418613920357224,0.01172929640255907,0.7480863898992541,0.9589131433789326,0.9352152586604163,0.6581043560723743,0.4393009570788365,0.00948749965056776,0.010308757165401446,0.008770692448403377,0.009973671073588914,0.00881725326132942,0.052230407907627535,0.05687058116422918,0.042530942480273934,0.05759852763562309,0.05120929087065541,42400
0.033589539527893064,0.4644991064071655,0.16572007417678833,0.6829170227050781,0.28706137725432473,0.41302469074726106,0.7669706629794184,0.5420642990117879,0.28545426725635026,0.0822920376639902,0.022930654091760518,0.010840899665265124,0.02149735806150393,0.049799107553622754,0.009067537357170651,253.1699716583001,340008,0.07550017036497592,0.16479292077025726,0.10988047222296389,0.025747659885417204,0.008306691838588795,0.7393045997619625,0.9600791269512272,0.9368399967227062,0.6473911172970774,0.44970323993828887,0.008657320914790037,0.009795339657751279,0.008459261161062806,0.008143752257194006,0.00819983425144659,0.05025143566541373,0.05441699934561857,0.04404016982284722,0.048870707416280225,0.052561757725142086,42500
0.0007267093658447266,0.43883694648742677,0.1574657917022705,0.6507833480834961,0.3332861260058389,0.4054571057856086,0.7662997715016623,0.5477935599653345,0.2768729100218759,0.08706067653947337,0.02423189490102231,0.009085710328245691,0.020815306286768698,0.0561844332707831,0.009514635865071725,253.17713614517598,340808,0.07357218189164999,0.16454194327618238,0.11213515896938347,0.022281252729813936,0.009269530609115152,0.7325781241059305,0.9602748098525589,0.9385693484231046,0.6281569840816351,0.45114955250347905,0.008524978933855886,0.009499290205062717,0.008557033465292883,0.008093258847321306,0.008060198083572159,0.050724363550543765,0.05699784795882456,0.047933986934980265,0.052667533087794885,0.04580182721620757,42600
0.03637802839279175,0.476342568397522,0.15850677013397216,0.6901247906684875,0.22948632431367585,0.42582394525408757,0.7657234929109885,0.5524746019507087,0.29093745664766696,0.08309428642499332,0.022168867401778706,0.00909344271364572,0.020901625862092973,0.05261530934864384,0.009139617570111613,253.18489849841964,341608,0.08034495897591112,0.16521195494814908,0.11336025250790946,0.025805884531406115,0.011491380972567529,0.7537995052337647,0.9590399851924498,0.9369966117055135,0.6540141323309265,0.4425382678731908,0.009599609104916456,0.01095067699390806,0.009161373033029671,0.008900878451283225,0.009442107715263144,0.05144388266839091,0.0586037149015618,0.04767642214520136,0.048682877223603836,0.051413534415583,42700
0.0007135987281799317,0.4467421507835388,0.1593843960762024,0.6588564133644104,0.2595852109043771,0.4153414779901505,0.7678426341037841,0.547618765949579,0.2860699131635568,0.07853452552056488,0.022510348279029136,0.008721749865871606,0.021573525804694706,0.05265973374509628,0.007920461629392604,253.19063800466165,342408,0.07792747264727953,0.1659135702830643,0.11257395864079142,0.02422648248375021,0.012778250824740276,0.7378273400664329,0.9592831802012325,0.931732801866781,0.6488809501705455,0.4323333778449795,0.00990769452415406,0.010832714111502491,0.010077536318217107,0.00860105744848524,0.010106986669297706,0.05566735005006193,0.05951229656180045,0.05523753698174089,0.04910395041707169,0.058611735572334414,42800
0.03726791381835937,0.47037633895874026,0.14993515491485596,0.6752354431152344,0.23749285055668803,0.41873093709349646,0.7738711704912872,0.5471934705972673,0.2682998266071084,0.08307729689974565,0.024392269025556752,0.009004267010016888,0.02181814379014427,0.05791911741252989,0.008170171640813352,253.19578447558604,343208,0.07703084707260131,0.16634499143386622,0.11111755830546217,0.02102327535510995,0.009257176941455518,0.7383007848262789,0.959288269895868,0.9342771728833515,0.5972112038731578,0.45356253367297494,0.008927301981020722,0.010145338384204144,0.008974305760958017,0.008237376476172351,0.008375338945129164,0.05103976258542392,0.06056377849752832,0.04578719138433896,0.050731787106487874,0.04755494606025442,42900
0.0007128143310546876,0.44803192138671877,0.1483149290084839,0.6499740815162659,0.23119222860586336,0.4083888624608518,0.761887392325279,0.5510847337210358,0.26730350429273136,0.08268714480271397,0.02280580744147301,0.009460613973295463,0.021317707977039906,0.055399519578634704,0.008733887525952663,253.20330001361256,344008,0.07671387661248448,0.1641947452074442,0.11375971599968514,0.020870485035550737,0.01203297247464599,0.7288247182965278,0.9594601927659451,0.9315897754175739,0.6059961581359743,0.44187363304875127,0.009554402790963649,0.0111006693675732,0.009451653544248933,0.008636655222685289,0.009045294466936448,0.05650758983392735,0.06826320518620115,0.0524238031102687,0.05249584693956422,0.05317421178994911,43000
0.029770030975341796,0.468199155330658,0.16926045894622802,0.6887475943565369,0.24424437367733948,0.4240341626107692,0.7755277653030931,0.5469950565925005,0.28949545827452766,0.08986095722260257,0.02340685041621329,0.009235109462577686,0.021703305673331782,0.05090122214406386,0.008746640788255416,253.2086775072035,344808,0.07712385321035979,0.16548444020566605,0.11256724464205602,0.02532504992969161,0.008738670063394242,0.7585506719350813,0.9621150006497566,0.9302246515567483,0.6638087365362381,0.4819134638334314,0.008685671384446321,0.00984665517208312,0.008578014013190298,0.008196879240804951,0.00815368432328493,0.047911065558437264,0.05509109525151814,0.04175059912630759,0.046304249140020064,0.0486084481162834,43100
0.0006562113761901855,0.4397838258743286,0.1743444848060608,0.6655341982841492,0.2310634867986463,0.42215963780879967,0.7646278076365516,0.5507079202276434,0.296727033220403,0.085075847592224,0.024015525532886398,0.009467334296852164,0.020679250050702865,0.05354500096720483,0.008999974477717682,253.2143176424921,345608,0.07736605908721683,0.1645645648241043,0.11365772951683847,0.026488697155237138,0.009272740189941522,0.7496339929103848,0.9606769814103995,0.936925363973015,0.6639531070735595,0.44326120584122286,0.008855979153886435,0.00981808016265784,0.008634504447136213,0.008328947116307524,0.008687982634868033,0.04796816469635816,0.05436476470836377,0.04459477503122906,0.045244861922059454,0.04787433415245975,43200
0.030717165470123292,0.4833796262741089,0.15016438245773314,0.6841742086410523,0.2633368117731563,0.43103170216083525,0.7688554020589619,0.5554244272592589,0.2879246095402371,0.08954442100762161,0.023644200023263694,0.00849970300686346,0.02158391769157678,0.05989314436188171,0.009385693864105728,253.2195921956647,346408,0.08083417121320959,0.1657101372925289,0.11550741715402135,0.022171835521132586,0.011475572193005268,0.7541962563991552,0.9584537305329973,0.9280879890046466,0.6356381399763952,0.4775110405046961,0.009861962702125304,0.01189874927624703,0.009569581477652961,0.008914077344040075,0.008914725427759939,0.05912712183489926,0.07347704999708084,0.056553393463240724,0.05216034156166847,0.05321692658963536,43300
0.0007730579376220703,0.45874091625213625,0.1450664758682251,0.6543596458435058,0.2741743297166544,0.413381325006485,0.7687248769402505,0.5533408038318157,0.28004327775004106,0.08303420406627172,0.022898420877754695,0.008789272713474938,0.021168601839841955,0.05561145229693405,0.009489452672861016,253.2248121366055,347208,0.07652459280565381,0.16546080768108354,0.11471215751953422,0.022847067051751418,0.008282248013994195,0.7283159416913986,0.9598282849788663,0.9327868797505897,0.624354639792825,0.4291298610592318,0.00877722444012761,0.0096666805446148,0.008797991268996466,0.008203320262485492,0.008439856246366615,0.05294795033667468,0.058696453561860804,0.05120057261380377,0.0480252381284686,0.05342914065653226,43400
0.0008697175979614258,0.4781443762779236,0.16420211791992187,0.6935093951225281,0.19791028417721976,0.4241912533342841,0.7661865663410419,0.5509869738085434,0.2904164645588029,0.08590190286985505,0.022267176937311894,0.008770361110466626,0.020619768557129516,0.05291233614843804,0.008420425410697468,253.23036140541143,348008,0.07846596801653506,0.1642623256043634,0.11372197913651419,0.02445907563863631,0.009430402450436979,0.7549517792463304,0.9621912243932782,0.9367978330886009,0.6641457866256432,0.4551453163810807,0.009034074270166455,0.01022960532613394,0.00919453312854956,0.008197103086179897,0.008479115959512546,0.04886044462793507,0.053854632382696034,0.0464605006128826,0.04809867118759332,0.047008597888349185,43500
0.03447310209274292,0.47766788721084597,0.15774929523468018,0.6891420984268188,0.2243648203592488,0.4135686695575715,0.7643541567066173,0.5504803108051418,0.2828033723110375,0.08419819026254118,0.024068435020744783,0.00945538389399995,0.021784668278996812,0.05360035648526142,0.008615629644482403,253.23817242605995,348808,0.07488826822489503,0.1635085006143143,0.11239893101931867,0.02370655814532277,0.008379846773459584,0.7363402265310286,0.9652240770468439,0.9329797634854916,0.6374181026636168,0.433034632205963,0.008421180690638718,0.009361699508223197,0.008260849283639493,0.007978220117213417,0.008143680798821157,0.04538869939278808,0.050798321058346335,0.04245003057197512,0.04276107140102014,0.04581423664465549,43600
0.0006888818740844727,0.4436235618591309,0.15471901893615722,0.6522039914131165,0.2609514131889768,0.4230323226749899,0.7643331518076877,0.5565453381503669,0.2829756227378944,0.08488166866824032,0.022214348670095207,0.009296789557809448,0.020165845894173362,0.050946527253361205,0.008955154226277953,253.24620496382636,349608,0.07902027577161783,0.16490143462262974,0.11559286699133009,0.024156294746457467,0.010094861554098323,0.7531381058692931,0.9595421504492712,0.9387139189011846,0.6531871523784135,0.45560694694519027,0.00913842183072121,0.010567790146616069,0.009177147765707196,0.008080791102304146,0.008719937598798421,0.04872187025379391,0.05736998237923464,0.046624896295133576,0.045680621349043646,0.045300546353682844,43700
0.031741316318511965,0.483048415184021,0.15945733785629274,0.6940153980255127,0.22325065347205847,0.4216885508596896,0.7640109073768545,0.5443533703024167,0.27509427642223067,0.08647545510073107,0.023540910817682743,0.00859234596035236,0.022056462463413553,0.056307742845207925,0.00961920882789604,253.25564616654592,350408,0.07857510130852459,0.16415688648675256,0.11207766785043206,0.023171898163608717,0.00946785649054195,0.7418964183330538,0.96230033560864,0.9286812338335764,0.611788682205967,0.45115302753920594,0.009036683565936983,0.010187493390810572,0.008881126457063732,0.008339755771750662,0.008671488626721763,0.04938985552988015,0.054378450588770735,0.04520095709431452,0.046631856278205916,0.051092616217280055,43800
0.0007943773269653321,0.433096718788147,0.17040612459182738,0.6592201733589172,0.22706821605826297,0.42800140678882614,0.766669774401015,0.5501835301293798,0.28353693668602725,0.08617064846973668,0.024133656397461876,0.008756959715808614,0.020844495981632186,0.057133920887923406,0.008899263171846744,253.26587852489948,351208,0.07948486626148224,0.16412906118349163,0.11354414686261108,0.024163348911850534,0.01099246603583819,0.75060068666935,0.9628438270034424,0.9360373454477318,0.6268259126181694,0.4580418941221737,0.009210004922933881,0.010530790521038908,0.008834808571123738,0.008549355080022534,0.00887334188691487,0.05132146520540117,0.05717113245602534,0.04819214469917007,0.047405773531828115,0.052430174475241634,43900
0.030903897285461425,0.4789755439758301,0.15237425804138183,0.6838058471679688,0.2788430866210975,0.4312435919046403,0.7666381510425371,0.5470848040921351,0.2770122914722089,0.08841108581385546,0.022305200072005392,0.008855616197002775,0.020844825795300437,0.05367827877451323,0.008309339575517258,253.27303287509028,352008,0.08041796047240492,0.16464786483272562,0.11200022572005278,0.022823659855088118,0.010194595587941318,0.7614704126119614,0.9603082042306528,0.9385137904663475,0.6356326002823687,0.4828201926671539,0.009242911841720344,0.010522047810460605,0.009074993414937386,0.008313465657594967,0.00888073753135709,0.04947962234262377,0.056449684937437766,0.043151454864620985,0.048181136006391366,0.04927751732369264,44000
0.0006275749206542968,0.46050095558166504,0.15012176036834718,0.662402069568634,0.2819995932987338,0.4267572766542434,0.7688794366149021,0.552917161776174,0.28964509069919614,0.08222234535816254,0.02234721803106367,0.008891070225319354,0.021168859710576377,0.05282064510795934,0.008474316708766406,253.28147098205295,352808,0.07962721507996322,0.16564984370109634,0.11461390703115408,0.023889874118881754,0.010344820105648763,0.7511217963695523,0.9576572384945183,0.9331640239043903,0.6563278989914134,0.4580817599506937,0.009328915094956756,0.010386366689534387,0.00938769354064378,0.008492430817717927,0.008960432498533205,0.05064706528559326,0.05727983465591488,0.046096231680744046,0.05053300626146104,0.04791496305808642,44100
0.03170000314712525,0.4702717232704163,0.16043490886688233,0.6819166040420532,0.2529659098967767,0.4195201513171194,0.7708054122825466,0.5478380420314737,0.2879660535306441,0.08334674049629684,0.024604481961578134,0.009451408675280017,0.021392466257145602,0.05576561871662454,0.00871624905416818,253.2890619532328,353608,0.076476818472147,0.16452991116481538,0.1120841949436795,0.023764903707421025,0.010313735324313351,0.7482523483037948,0.962892899600168,0.934769953957837,0.6460541486740109,0.4547842756374595,0.008773956010118137,0.009872792962899736,0.008542108307801072,0.008253638827167616,0.008497936696716658,0.05807252898463046,0.05826672060660105,0.05446911344608174,0.061163061449824564,0.05822056154516458,44200
0.00097503662109375,0.46543546199798586,0.15225542545318604,0.6689849209785461,0.24030930101060985,0.42151122719049455,0.77501424755713,0.5449817934126224,0.2874048533122662,0.08524876088762337,0.022654180917888872,0.009450736059336884,0.021789580774669262,0.05704031164375691,0.00813241435583973,253.29520421704788,354408,0.07854791659861804,0.16597959053034728,0.11107309088813812,0.02514760362151256,0.009568403757172996,0.7459410884976388,0.9604800481988927,0.93303113079296,0.635456105877209,0.45548994337908155,0.008946793121285742,0.01010612159205432,0.009170830405738961,0.008090334960577115,0.008352895979748065,0.05122751669492573,0.06139348225075414,0.04501163089024078,0.04825928950187013,0.05039069602643632,44300
0.028677616119384765,0.47438449382781983,0.1676803469657898,0.6947297382354737,0.24128771201207352,0.4162019628286362,0.768769485866604,0.5544079026660409,0.27666631684591775,0.08538606052811679,0.02507630043663083,0.00894178273144585,0.021214408022225687,0.058546375194096674,0.0077934210084681255,253.30110688675813,355208,0.07591393128037455,0.16425266315290082,0.11498236478985965,0.022515524866603735,0.009351410585701443,0.7358968031406403,0.9629549959197118,0.9319467512336939,0.6036228194628674,0.4694713057600298,0.00874795799143612,0.009866573304948799,0.00889465889918644,0.008045069005799621,0.00826160556773848,0.05137463202700019,0.0586381642400619,0.04710282250433355,0.04833797138762668,0.05142473624688266,44400
0.0007522153854370117,0.44216907501220704,0.16384004354476928,0.6587883949279785,0.24859796514086,0.41929250210523605,0.7635576134663447,0.5511708476621174,0.2888151175318619,0.08545319204447129,0.02413559592794628,0.00934137108136396,0.02052830633930052,0.0602134230857094,0.008666530107631222,253.30715503125393,356008,0.07726936394348738,0.1631399813736454,0.11338760683555968,0.024154409989475826,0.010121722260867846,0.7383075347542771,0.964424226557809,0.9389651485759275,0.6291617448513331,0.4416284620199562,0.00898341885302216,0.010013833693250943,0.009036788160143349,0.008526243756596863,0.00834177965342225,0.049711392894387245,0.0556473201809175,0.045411943943928106,0.05107020267213769,0.04634121316485107,44500
0.0008011627197265625,0.4592847275733948,0.17603541851043703,0.6903690028190613,0.2684302162445843,0.4187323431670666,0.7670113113555282,0.5494995300278006,0.290541259305818,0.08708312300947096,0.022687272261828196,0.008408337070320092,0.021141204590420536,0.05338886547735125,0.00880833122669041,253.32188122584296,356808,0.07837607769295576,0.16463736272775203,0.11315191029299533,0.026803382274463137,0.01183566750587841,0.7480624756217005,0.9623039977236111,0.9342689832229785,0.6490602770810403,0.4480401838867411,0.009733031343203033,0.010935344590017422,0.009529354402611677,0.009240225796395581,0.009343415785815977,0.05449885291978716,0.05978925624391534,0.04829226709451244,0.0538391847725189,0.05714881657939222,44600
0.029797203540802,0.440663800239563,0.1534631896018982,0.646285982131958,0.26780098979590367,0.42365267828106895,0.760299204026951,0.5438115486119046,0.28855963445761595,0.07950003966689116,0.02525443056598306,0.00943236157592549,0.021729956819021158,0.06064584161447108,0.00799020907020589,253.3288249167993,357608,0.07820238551124935,0.16419520440931398,0.11105430282947457,0.023265623162254025,0.009931211204170004,0.7466075721383094,0.9596765868219673,0.9318746174916178,0.6293509599624902,0.4467671886870739,0.008898324922192849,0.010450011931871082,0.008720568775448316,0.007726772486314399,0.008679163283178295,0.045982637731358425,0.05256447059047573,0.04492057217192825,0.041431663562452335,0.044931280206104644,44700
0.0008690500259399414,0.43648547172546387,0.16036110162734984,0.6510745501518249,0.2183461197140986,0.4249878823757173,0.7597590621673701,0.5495473196353824,0.29489461605747525,0.08503722374835013,0.023453659089282156,0.008920523340959628,0.021326275379511647,0.05251906099950979,0.008668925056342409,253.33702850171048,358408,0.07819876022636887,0.1641142560225545,0.11283058779580253,0.025200857941637796,0.009881462197179213,0.7553226768970486,0.9593109717272752,0.9345165743616412,0.6668793354715618,0.44742349310526763,0.008843147351872176,0.009941803053905717,0.008785032749799965,0.008227596223531735,0.008438539797213507,0.04448689207900318,0.05330633864070126,0.04349580542941399,0.04003794703721293,0.041255244615650354,44800
0.0289874005317688,0.46837759733200074,0.16160160541534424,0.681476845741272,0.26580020400344123,0.4356885483860967,0.7664621312853322,0.5518883358209553,0.295961627349405,0.09416804861669476,0.023887934610247612,0.010690899562536613,0.021066801937726812,0.05518300786595977,0.008306274441757097,253.34455629934698,359208,0.08134926287457343,0.1654895273312717,0.11363429071811533,0.027234689995305282,0.011421298901673016,0.7677562195062637,0.9569723796396747,0.9348905700903665,0.6615656292674573,0.49699968319190163,0.009735467052087193,0.01109553822600436,0.009455382783347972,0.008866578527255961,0.00942197628564349,0.05140071468660605,0.056391408794861236,0.04507507728173945,0.05147969868555114,0.052214013008204704,44900
0.0010119342803955077,0.4474274492263794,0.16184956789016725,0.6602551317214966,0.23474596404203082,0.41027936503291107,0.7731260214701741,0.5462106434074607,0.2685111552623694,0.07854906061575516,0.02310156736522913,0.008841626212406573,0.021339544729405156,0.05433296395254695,0.008180180637143743,253.35131761182467,360008,0.07525963308289649,0.16532890594536698,0.11179763990882274,0.02203418264335271,0.007884592683209738,0.7250640505552296,0.9623341374468094,0.9337133987529854,0.6072750849089598,0.42688535253206866,0.008783437758684162,0.010301372474336084,0.008665852623714788,0.007876341088945648,0.00830377614613444,0.05651859238743781,0.06741610467710558,0.050138932129217176,0.05224898361183448,0.05578368880032078,45000
0.030351762771606446,0.4745790076255798,0.15137715816497802,0.6797892069816589,0.2520206786996456,0.43152457520365717,0.7688771450873649,0.5552080685941916,0.2875514712308256,0.082100856020141,0.02417326995171606,0.008228046635147366,0.021096630749808068,0.055892953958132846,0.008492990532627556,253.3568768120176,360808,0.07961197709664702,0.16478874143397465,0.11436278260882628,0.024096366043436516,0.00971927629199744,0.7544234886765475,0.9621700476301781,0.9355367329514145,0.6488946842921289,0.43946462408613785,0.009121729629114282,0.010348180548684445,0.009141928796629296,0.008284335474867672,0.008706182956654394,0.04878672484774143,0.05435255146585403,0.046963541797877636,0.04640209646145176,0.0474300139135995,45100
0.0007166290283203126,0.4582133531570435,0.14988483905792235,0.6579358434677124,0.27517530173813165,0.4307241867482664,0.7707184015590448,0.548526204595662,0.28389422361451294,0.08534833935425068,0.022513672434724886,0.010949357431251383,0.02133651909352552,0.05159603725601938,0.008062444449411834,253.363616915953,361608,0.08006790380924939,0.16489804926041127,0.11298160911584744,0.023622804071451894,0.009562567044238598,0.756600683927536,0.9588695647560548,0.9322848542772161,0.6488589469674995,0.4647614154113732,0.009179599997587495,0.010389047957713074,0.009079735453306424,0.008499015527362916,0.00862601091187012,0.058471385175362246,0.07102947287418167,0.051193933298980636,0.056833079816159156,0.053732405619951046,45200
0.030709993839263917,0.47351703405380247,0.15785285234451293,0.6840763568878174,0.2568535624319306,0.43880859255790716,0.7689539442695148,0.5512425537006211,0.2903554194528069,0.08765388675447969,0.022941424511373047,0.009557368393250299,0.0217248341337276,0.051239315246635,0.008437039110059335,253.36954448537955,362408,0.08250799257308251,0.1657669925576704,0.11383620131975757,0.025838344295356256,0.011989565705880518,0.7710131645202637,0.9582029140391058,0.9301313680525007,0.6738295222989361,0.47623700532648283,0.009876230228692292,0.010559359327029286,0.010024322093858444,0.00862740416923045,0.010298845174515407,0.05244464131857967,0.05912365810738732,0.04847692898469041,0.04183557887175884,0.061047047845366034,45300
0.0007418036460876465,0.4504434275627136,0.1488134431838989,0.6535275673866272,0.21683739956481438,0.4229816810786724,0.7662461320376065,0.5514070724641807,0.2831681199633894,0.0832078615703234,0.023001694488339147,0.00860107654983539,0.02091993147496904,0.055975502469207156,0.008054289928205862,253.3748810890387,363208,0.07817470457404854,0.16480808784060777,0.11315721760415501,0.023292354379438957,0.009200429673329362,0.7406777939200394,0.960372644086038,0.9369784387130313,0.6308158561212925,0.443365260740606,0.008955928920768201,0.010145390410542767,0.00897431148569926,0.008012283867196969,0.008596815473241044,0.057130566830746854,0.05951357790599429,0.05399750810449514,0.0543202473899003,0.060071823793667864,45400
0.0009346508979797363,0.4760328888893127,0.16081843376159669,0.6896670532226562,0.23744890870171717,0.4212476480007172,0.7814334630966184,0.5487435057995811,0.2878474087488868,0.08670790067337675,0.02301664025057109,0.007961647807819026,0.021333906967094342,0.0515510159204024,0.008473433180232387,253.3809750451425,364008,0.0773412102460861,0.1671647082276757,0.11350369346993304,0.02595842178022766,0.009506584396773973,0.7460424748063089,0.959822067754523,0.9306420403182822,0.6596352562860198,0.4513963274281433,0.009003260377794501,0.010342722753923263,0.009090200386862592,0.00811767135962361,0.008553671883419163,0.0577532603169675,0.06744229855715549,0.054659122088523665,0.055710274003407285,0.053295364537108154,45500
0.03191807746887207,0.44218236446380615,0.1618722891807556,0.6548488688468933,0.2797754489365011,0.4178024450689556,0.7606894485841543,0.5461982054014999,0.29399884116148267,0.0842656241304378,0.024610083014704298,0.008613083380402124,0.021954426641362566,0.05593558465278596,0.009166618737600133,253.3886894571762,364808,0.07794549791142344,0.16449770248178278,0.11163690948160365,0.025512458851221484,0.015514710305854289,0.74806666970253,0.959778102218802,0.9322991752997041,0.6582315316267101,0.4543861008537603,0.010159958102740334,0.011176100166202506,0.009857494347670581,0.008835681111369044,0.010877157750582022,0.05147319368086753,0.05921803641033734,0.04519237767332624,0.044216133166696446,0.057733059700030044,45600
0.000769495964050293,0.4579152202606201,0.17937081336975097,0.6899252963066101,0.24804537371189045,0.4062135408818723,0.7529228794705739,0.5395898590155682,0.27846081901853,0.08512019477050586,0.024986509857699287,0.009136199237328486,0.021981408417895795,0.05905665190178245,0.008082685919290438,253.39589111210893,365608,0.07548454314470293,0.16365620960573582,0.1096985964060395,0.02387783432940897,0.012732623880178538,0.7343878513574603,0.957441813670672,0.9301569187810635,0.6087906459967296,0.4571402351844487,0.00953029251657426,0.010560167607963898,0.009716584724572742,0.00886920597815119,0.009077665577252658,0.050737180082360285,0.053761634053304246,0.053274569682053054,0.045275261436187306,0.05087704006054905,45700
0.03051063299179077,0.4627829098701477,0.16165320158004762,0.6778724551200866,0.2651293074021015,0.4334410789608955,0.7598530623582332,0.5531815099823589,0.28107428245055344,0.0864462165769128,0.02310696962289511,0.00927381611217072,0.021016776045733997,0.053640817912916326,0.008213155634073507,253.40773753069084,366408,0.08116692250594497,0.1637410595275386,0.1140628166429632,0.02334673589286514,0.010957379155864332,0.762766898870468,0.9603521679297532,0.9353534775274294,0.6420399855344727,0.4606415158477279,0.00928071869071573,0.01019231816016064,0.009289505996380563,0.008745004496990859,0.008829726387350426,0.04833455344196406,0.055046544682308324,0.045121670782415024,0.046079155301245386,0.04721433442158017,45800
0.0008228754997253418,0.4581293058395386,0.14204413414001466,0.6504108786582947,0.27456779536393083,0.4272023878991604,0.7716214361816944,0.5547372038261243,0.2815596295647249,0.08294810869909351,0.025043764859437934,0.009058396989300927,0.020754043297179444,0.05955669227580644,0.008808136744266183,253.4169113542944,367208,0.07861424297094344,0.16458112377711012,0.11439755200766598,0.02268840817766247,0.009765047932965091,0.7461029344797134,0.963042674040553,0.9375871534530927,0.6236736464847634,0.4399202003123915,0.009002738462295382,0.010275578530825143,0.008630353366382983,0.008421848936105886,0.008710701274933258,0.05009496707469227,0.05645682997154917,0.04541756749117322,0.049801694703948414,0.04889105413941307,45900
0.02989766836166382,0.48033159017562865,0.15171124935150146,0.6839561867713928,0.24607759175951266,0.4241663390398027,0.7670715241575962,0.5487100265633604,0.2864827473633852,0.08012414251732602,0.02326851905323564,0.00903081123532269,0.021477433302117377,0.054111155330311085,0.008155967676580035,253.42494990161074,368008,0.07802171241492037,0.1636457963654743,0.11219533865984813,0.02418429795395229,0.008776034098286572,0.7477925300598145,0.9641814992655464,0.9341177063492633,0.641280058340811,0.435312838898492,0.008686145264655347,0.009665753257147327,0.008482609441181512,0.008286090279887231,0.00830987929942605,0.052530953185632806,0.05832667046474606,0.049401922160401325,0.050201407512041475,0.052330284648258056,46000
0.0007734227180480957,0.45811273336410524,0.15546210050582887,0.6660951018333435,0.22735769363377026,0.41487213611602763,0.7683618034898619,0.5504681044349484,0.27808659641366285,0.08350741036482298,0.022847306593321272,0.008539208416831819,0.021302227850766027,0.055513997424982094,0.00815058958316925,253.43097085794682,368808,0.07686424452811479,0.16452670489082644,0.11329967369708936,0.023332197046348556,0.009561148709903102,0.745012602806091,0.9632217684357438,0.9344600973760385,0.6346132115313879,0.4619749241842418,0.009284557602368295,0.009954871823435128,0.009204243264142792,0.008866891404613855,0.009122763940502172,0.0540032704267651,0.0644893630974226,0.04782174678300234,0.04983064522476573,0.054095381906010084,46100
0.03125835418701172,0.4694056940078735,0.16095886945724489,0.6809952545166016,0.2968971449754655,0.4401821634173391,0.768083687888252,0.5481718324341822,0.28188487163020487,0.08287950682025107,0.023769699390977627,0.011195143899983846,0.02165477949158443,0.05734616268115738,0.009066975008445003,253.4394186679834,369608,0.08387852439656847,0.16639233781231777,0.11250410588837946,0.02377254670201284,0.011691209732027596,0.7511817222833633,0.9566249736150109,0.9311558083423142,0.6237157232231562,0.4318403762484351,0.01017827273579314,0.011042195043216152,0.010400510095828446,0.009139427370650497,0.009896943372767914,0.05184007259085774,0.05936053935438393,0.05014689107543052,0.04821311360639008,0.048186860884978346,46200
0.0007853102684020996,0.44624071836471557,0.16992267847061157,0.6662794947624207,0.29803909240313053,0.4195778173208235,0.7680200989149057,0.5517331451904482,0.29165379289557164,0.07845742229479719,0.02096257436554878,0.009246850219360383,0.021180275514176696,0.046784483188890065,0.008076365484717267,253.44462277287403,370408,0.0793907159939408,0.16637205659430834,0.11360407675184857,0.0266093720330891,0.012175113497785496,0.7542147678136821,0.9567445699049499,0.9349374791470965,0.6840399176038374,0.44969265506817757,0.009594164602458476,0.011212444068312788,0.009566274412521494,0.008368140934961627,0.009222555151119683,0.042794113447889706,0.05041871947350403,0.04060720080373495,0.03697073321389664,0.043112190061947366,46300
0.03074667453765869,0.4719888257980347,0.1638643789291382,0.6887197136878968,0.23564297061310158,0.42115049183368686,0.7728113274478441,0.5516921940760393,0.283353892671321,0.0892674231803731,0.02246639594435691,0.008896395101928004,0.02101720707612721,0.05332423326525585,0.008271449470544976,253.4593808154959,371208,0.07792328484356403,0.16566908254695314,0.11321889764474863,0.02383932224812632,0.010712586051971612,0.7545548829436304,0.9618949165296312,0.9365383132019238,0.6487290127289729,0.481583701081253,0.00915620652027428,0.01022385649532829,0.008939276156881499,0.008467231278785459,0.008982421921646342,0.05192903331015258,0.06032711846388911,0.04500699407612926,0.05227117795362067,0.05020765984502206,46400
0.0008093452453613281,0.4620108938217163,0.14152508974075317,0.6589097332954407,0.28445846353441584,0.41364933937788,0.7623271796761495,0.5507323530880184,0.27311617024422813,0.07991066853070773,0.02362944202497601,0.009362721276219661,0.020888799738541665,0.055142694953739066,0.008400147131029427,253.46774312488847,372008,0.0761546759493649,0.1641846042580722,0.11318712927199703,0.021647374075949907,0.009090007359065623,0.7347848740220071,0.9599827141296575,0.9360561003556132,0.6185459281511357,0.4424731919330917,0.008824902344495065,0.009984285216324213,0.008800859006776202,0.008236309990358815,0.008276198630501044,0.05432255037128926,0.05757231942218976,0.05013855937364935,0.052700721721754315,0.05650754647760702,46500
0.0008382701873779297,0.48163273334503176,0.15471938848495484,0.6928814649581909,0.2555371394166152,0.41726496562361703,0.7684961691259696,0.5570819282416009,0.30008328402626155,0.08041386197850182,0.021759079960174846,0.008489934428729468,0.021337535752218615,0.05028302490125533,0.007836652656759133,253.47471438785576,372808,0.07776339296251535,0.16484047592004977,0.11491151286054002,0.02719767183814315,0.01144331189729449,0.7528973734378818,0.961583945202955,0.9339045838823601,0.6821177140953623,0.45909164852939277,0.00942420548759401,0.011043990755523437,0.00924982310914734,0.008159692276787672,0.009322508247000793,0.05378978613298387,0.06517100527902492,0.048132948957166646,0.04525227939767624,0.05704470061447839,46600
0.03163354635238647,0.4443920469284058,0.1502184557914734,0.650494487285614,0.22952883803885665,0.4270826326310634,0.7733884273573405,0.546504230067438,0.27563557841925196,0.0837662520868878,0.023353351373225462,0.008324890971443679,0.021540696713693307,0.05847941662475305,0.008835869820059038,253.4848078539673,373608,0.07940244715660813,0.1649902302165366,0.11162389229450896,0.022511922251132736,0.009771220170401884,0.7407810497283935,0.963512466674627,0.9330595713488908,0.6056132159566368,0.44308337583917684,0.009321392341516915,0.010446843032746803,0.009120468631130174,0.008576925065348375,0.00900553057791456,0.05321196207776663,0.05886505630387123,0.05074266139988084,0.05279806219241628,0.04998808549120658,46700
0.0006664514541625977,0.4653202700614929,0.1535865545272827,0.675612678527832,0.2774093978441691,0.4176740799844264,0.776198406219482,0.547556278380481,0.28946688381870783,0.08833013023206301,0.023050858033820988,0.009174024440580988,0.021574570588209736,0.054269652289511555,0.008279327779168386,253.49213459283462,374408,0.07776928963139655,0.1657091902196406,0.11230893331495193,0.02665638515781891,0.012930852105344927,0.7412173926830296,0.9599881446361545,0.9307371457630302,0.6479583742031506,0.4578725319599439,0.010249444155488167,0.011583755398169162,0.01037296076942692,0.008979367360182513,0.010075544281296919,0.05717436970211564,0.07230441803578286,0.049349456821334216,0.0534201338863814,0.05336288357736699,46800
0.03622899055480957,0.46982712268829346,0.15752143144607544,0.683588194847107,0.22491575824654647,0.4252449250221254,0.7660365748405462,0.5437228705953147,0.28436661985787465,0.08896543253910404,0.023594841118901966,0.008594911441323341,0.02099652894471279,0.05406701858890684,0.008414929082124118,253.50600677408892,375208,0.07884340591728688,0.16444248981773849,0.11092735631574016,0.026621374036475097,0.01065871028608099,0.754571239054203,0.9626766857504842,0.9378600734121656,0.6328377050646182,0.46810221193945967,0.009260631995275617,0.010370941150467843,0.00901430012092141,0.008847306337670984,0.008803813459281934,0.054589633601717646,0.06117776432307438,0.04815186834985424,0.05351524564557883,0.05576730766557752,46900
0.020967042446136473,0.43783374071121217,0.13840580940246583,0.6333960175514222,0.20760500979050184,0.43165587350726115,0.7596174484127564,0.5388581910883309,0.28497498667723437,0.08480961034419363,0.023798459088429817,0.009005231513890993,0.02175234845607702,0.05967762828678698,0.007656304227316348,253.5171482464423,376008,0.0798525624722242,0.16337845638884071,0.1087386167560106,0.022768220901992667,0.0090422907668023,0.7618168973922728,0.9626064711893104,0.9353019477615899,0.6270542090003557,0.47192591460293565,0.008935038433410227,0.010246229611617027,0.008721892378717105,0.008138818251019394,0.008476927970097484,0.04687475042883306,0.05605482669905739,0.04019517254329201,0.04626432943686438,0.04465423046892125,47000
0.043381152153015134,0.4783066749572754,0.1543916153907776,0.6913658165931702,0.25064346290880607,0.4241347569227219,0.7746704893234445,0.5442536885704474,0.2825302639317631,0.0891252003172983,0.023448826000094417,0.008714655885257966,0.021935389242554292,0.05299502883971939,0.009889388359531908,253.52318507844547,376808,0.07866047713905563,0.16568434987312688,0.11129624142324752,0.025728411187013293,0.010419395930437851,0.7521096932888033,0.9611397963303783,0.9306455528566625,0.6449413471149679,0.4602086595734771,0.009494342072866854,0.010634690714188117,0.009027508842224764,0.008752983275123614,0.009611295483892366,0.054742461824789646,0.0633015466424135,0.04669402900341697,0.05472035738968789,0.05491376011062187,47100
0.000629112720489502,0.44683863401412965,0.15391549587249756,0.6540521240234375,0.27973231047750796,0.41444117099046696,0.7790238844451081,0.5488621962697872,0.2853769602262095,0.08522590976497989,0.02459729206748306,0.00827805858708777,0.02201413167150397,0.05315960099864187,0.008681667461349523,253.5329263617822,377608,0.07507744554430247,0.1666234943975684,0.11318287802369974,0.024060318367434795,0.010400549470027188,0.7377355837821962,0.960149968824079,0.9283047390611552,0.6477969175293344,0.4434279252828091,0.00885724806692451,0.010023428177240713,0.008674018689137154,0.008401270986038765,0.008459500849025012,0.05172172437887639,0.06106145248838492,0.04712508386246077,0.051024921149725,0.048079930677759036,47200
0.029179937839508056,0.4823453712463379,0.15187307357788085,0.6857120370864869,0.2385301152772955,0.41385415032506,0.7615593204793235,0.5410219039191909,0.2928437104722336,0.08254995053420912,0.024051932836882776,0.009475818142707749,0.021388226457554647,0.05458495158137162,0.00863928774624267,253.54103937935292,378408,0.07554796406999235,0.16399878601437992,0.11002066357003648,0.02607957146602783,0.008834869725935498,0.745692734122276,0.9598021691607449,0.9361845027540152,0.6567764262452505,0.44852213272407876,0.008675496391952038,0.010079302587402396,0.00850143950413338,0.008065028587285592,0.008129413511872817,0.052116984534077336,0.0625278488372827,0.048674797620048234,0.04875591977706873,0.048919279311334204,47300
0.0008050251007080078,0.4560675024986267,0.15043375730514527,0.6590366578102111,0.2091276923614881,0.4152706634998321,0.7723908287318633,0.5447076076758659,0.29042354349008576,0.08812643895980034,0.02305063887499273,0.007975422050729188,0.021477527387782136,0.05578135661588807,0.007932433514210028,253.54513176259425,379208,0.07603644721210004,0.16612645617143348,0.11102880562705117,0.02426015127080579,0.009783389664558204,0.7480365014076232,0.960451808524005,0.9335147176963695,0.6457810598550386,0.4731398165788292,0.008737816167995334,0.010392663029226708,0.008520403148039526,0.00813269305052524,0.008044146436249029,0.04700494342949242,0.05420055639815523,0.042656791128740004,0.04591878374424024,0.0458974098448448,47400
0.000869593620300293,0.48360381603240965,0.15217074394226074,0.6873232960700989,0.27758763864860697,0.41183649912476566,0.7650021289391492,0.545707495297704,0.27931930057027105,0.0843575327857353,0.0220748271420598,0.00943068700544437,0.020958020169997496,0.052024254580352085,0.008167018283759118,253.5495198655297,380008,0.07574834449216725,0.1645765764215005,0.11114241839164779,0.022810125725971336,0.008823839956829258,0.7500245493650439,0.9602046889602829,0.9400448336487723,0.6489000543553562,0.46629545816751305,0.008580698403529824,0.010211873599993329,0.008387302361162642,0.007782432796025189,0.008027412073477819,0.054112691711634395,0.06516246279336944,0.049495475854547256,0.04943313555204294,0.05297383936296141,47500
0.031035864353179933,0.4539619398117065,0.15307653665542603,0.6569170045852661,0.2734882269049655,0.39478103242814516,0.7650536770765491,0.5513530729632623,0.2832900836709,0.08468078869489312,0.023484469521790726,0.009393441048719928,0.020793534004080443,0.05336070129470459,0.008836967106457264,253.5544742702806,380808,0.07225213857833299,0.16394196709111927,0.11355600739388086,0.024664240398089465,0.011826512446864995,0.7231538006663322,0.9620149821215284,0.9345716925043805,0.636316462074007,0.4444906183801557,0.009160071713849896,0.011509726542678012,0.009453631910544468,0.008072963045422158,0.008129349676892161,0.053571914199274054,0.06730358074338444,0.05340948745510296,0.04826468562019902,0.04815253433525264,47600
0.0006585192680358887,0.4667759156227112,0.15900104999542236,0.6784162545204162,0.24469464929659984,0.41456383004784586,0.7653761168214727,0.5484925816552002,0.275805378613888,0.08273851232593542,0.023363380935043098,0.009115528606032737,0.021337630061540172,0.05108545656878288,0.00890029640325437,253.56004620244184,381608,0.07578513279557228,0.1643504305956836,0.11202866310038824,0.022619637275193706,0.009312181216013172,0.7445797932147977,0.963486417092104,0.9361228888424533,0.6385094672441484,0.44256118171573305,0.0085956863546744,0.00979754288387012,0.00862957650903039,0.007766010468157961,0.008306022960248696,0.04050325943622735,0.045603772851932324,0.03916291487089791,0.038827953282480086,0.03884606029346119,47700
0.03064546823501587,0.4661004710197449,0.15020835876464844,0.6660439944267273,0.25810933114407875,0.41204155281186106,0.7749072024899145,0.5508571995794775,0.294552518111287,0.07873918043656483,0.022263113595545298,0.00825154988135221,0.021313423903193317,0.05103598691222038,0.008832835130979896,253.56713883520567,382408,0.07571680357679728,0.16481452571448454,0.11453269913792612,0.025865604603578403,0.008750052339531042,0.7407971468567849,0.9647905477272569,0.9312991252541541,0.6766967957067964,0.4302818744822789,0.008645808252040295,0.009975853906844242,0.008479010384762665,0.008265653903821878,0.008003408449305284,0.0555006751790643,0.06984402371510388,0.05079161763656887,0.05076064161410688,0.05185472761729251,47800
0.0008161616325378418,0.46291260957717895,0.15303929328918456,0.668238661289215,0.2272662702246541,0.42667048960924153,0.7728306716709051,0.545973183578281,0.281735205387368,0.08401603856176695,0.02225221265107392,0.008493756074692299,0.021328571871921186,0.057062519985415484,0.008812618411677667,253.57345099169441,383208,0.08026356184855109,0.16591790689235664,0.11197403126783911,0.02460708648158129,0.009189763015250344,0.7466850602626799,0.9593360392670887,0.9342280147178316,0.6236948444562803,0.45077848743717625,0.009248730791732667,0.010454523107527113,0.009116423380913207,0.008705937229644724,0.008625695699351425,0.05607357972068713,0.0687900795389644,0.04665157333591233,0.06088455360629322,0.04896785005957841,47900
0.03150525331497192,0.45939127206802366,0.17856873989105224,0.6886426019668579,0.25227440623600617,0.4175056059658525,0.7628468674391954,0.5462659058418674,0.2882637852097602,0.08407015523189695,0.023183477092534314,0.009157776135809047,0.022213163765821053,0.05313522215634222,0.007713411766072286,253.58048428067397,384008,0.0776089992746711,0.16373028543782345,0.11252794069971178,0.024654524111487327,0.012886043678707639,0.7492805209755902,0.9632882023679799,0.9274408620722753,0.6555157766758818,0.46542749410779616,0.009438564875163142,0.010619391350011378,0.009245696695561094,0.00874844129260593,0.009136677689831974,0.04860624119639395,0.05811369571412726,0.04324648091866771,0.046095726894015844,0.046610121055519906,48000
0.0008289194107055664,0.4629146409034729,0.1429908299446106,0.6548426151275635,0.22758474397564973,0.4355470964312554,0.7731986443201695,0.5434469540306573,0.2890438816261172,0.0852168105628298,0.022838970785960554,0.007601232758054559,0.0219615834915612,0.05063416142164188,0.008802487787886944,253.58610292003033,384808,0.08082736071199176,0.1657091826964647,0.11120497801353321,0.02561736898842535,0.00981580511126239,0.7651493877172473,0.9625945192116959,0.930114265352357,0.660679474915609,0.44804691480494074,0.008983340114355087,0.010348623370130863,0.008813365413420966,0.008179382462570868,0.008610313776987557,0.04411634967545983,0.05244902941601301,0.04195272601738274,0.03956848316385627,0.04290523647796361,48100
0.030369467735290527,0.471772153377533,0.16004083633422853,0.6827185463905334,0.20037268322875912,0.4434016618132593,0.7663111222837754,0.5447658601543662,0.27642764205423476,0.08117181477084587,0.02323955255560578,0.00871735565251356,0.021414153141345028,0.0570203712923103,0.008259434778154356,253.5906560181584,385608,0.08299013039097193,0.1651201799948344,0.11100650953216712,0.02206126783736788,0.008372894541904586,0.7551092404127122,0.9588352880717328,0.9352296865423317,0.6188931281988818,0.4352213867594685,0.009340413222089413,0.010406272398175419,0.009109566212480607,0.008690218424211107,0.008858328036377932,0.05658667003270241,0.06331351900543376,0.051036105854485536,0.05510062401056829,0.055113421099030245,48200
0.000917201042175293,0.4473075723648071,0.17565832138061524,0.6779414772987366,0.321910196502219,0.4088000062108039,0.776791296575381,0.5491683897700647,0.2812396521858599,0.08551645631231873,0.022733602765947578,0.009265846744275899,0.02145935338921847,0.05216361382985821,0.009409952157059028,253.59766352082752,386408,0.07560244061052805,0.16567960575870855,0.11271445670782936,0.024229605280470898,0.011548737006059672,0.7372237297892569,0.960517338760521,0.9318430175875676,0.642287547415402,0.4563348652011132,0.00969014367554337,0.010368687247493019,0.009882900672549808,0.009313353805421538,0.009278069079613383,0.05996158909518269,0.06302173696610182,0.0602032953140206,0.05806729299079027,0.05884714241506219,48300
0.02925856351852417,0.46672998666763305,0.17665762662887574,0.6956309700012206,0.22816151395788564,0.43355222612619426,0.7716518591528073,0.5470966412060299,0.2890441197582655,0.08439452789905581,0.021692335838451978,0.008781594428399648,0.02165554917014357,0.053291916650320785,0.008545603350418186,253.60916236830235,387208,0.08123063415288918,0.1641045046043179,0.11200111051697036,0.024625063688893403,0.01084883656216467,0.7578424322605128,0.9643021313022803,0.9319246948061891,0.6547977590560906,0.4545624948129418,0.009424596063327047,0.010327152941869274,0.009321423976065881,0.009078970865479537,0.008856606028020015,0.05192522706231104,0.06073268822003071,0.04692245073806473,0.05184111324937215,0.047493246403272925,48400
0.0006692862510681152,0.46200098752975466,0.1522471523284912,0.6686370587348938,0.21801364594205097,0.4113177037239073,0.7609205389252072,0.5460982443364851,0.2899093391048,0.08310142305941833,0.024248391594737764,0.009047512447488353,0.02189265838909919,0.05596817556910647,0.007123418274398858,253.61571211940958,388008,0.07482011957094067,0.16505441499444143,0.11201917825758091,0.023534892620769386,0.009793059638751113,0.7387304109334941,0.9581365794516528,0.9323004268429762,0.6480340834690314,0.4622104410986299,0.008721986091695725,0.010216998874406833,0.008479485179703296,0.008167618662202445,0.008004456609306697,0.04729573274031283,0.05335832240794285,0.04226356813329858,0.045667808653260554,0.046918311631035714,48500
0.0007231068611145019,0.46685739755630495,0.16544548988342286,0.6851096153259277,0.2640893308091916,0.42383414342999476,0.7739957977032309,0.5572329179154641,0.2817360410580828,0.08348754350349148,0.023060590056702485,0.010506688184127361,0.020809479974483326,0.05388509194195571,0.008434460954446782,253.62150586828088,388808,0.07933613656088709,0.16479217782976532,0.11636697649175583,0.024108226335018274,0.011677785404704651,0.7406493997573852,0.963776379391767,0.9335533867331699,0.6293885355093037,0.443441547236396,0.009717048513703048,0.010701533562193308,0.009749836958847288,0.008737030819210467,0.009629827494579317,0.05318490958306939,0.062003840944293294,0.047551475033768636,0.051566660525372274,0.05108609415807769,48600
0.05243475914001465,0.42276596307754516,0.18878010749816895,0.6633573698997498,0.22752604993348166,0.4182621783018112,0.7610970970356112,0.5531640112699573,0.28090436804560126,0.0850258552705619,0.02265129338949918,0.009341729348619472,0.020631000394909563,0.05087735017964452,0.009395912844474557,253.62822274498987,389608,0.07736362798139453,0.16377412858936524,0.11390589445305227,0.025502314796846462,0.008183506544475534,0.7430251896381381,0.9618772966693141,0.9394324212218056,0.6383406667426084,0.4381919209636857,0.008633629246614873,0.009920487951750708,0.008461971324985502,0.00818664764542834,0.007985132660679708,0.047644474566914154,0.05554036563732712,0.04363886670597909,0.0470343603185461,0.044445333325892525,48700
0.0006169366836547851,0.4695554614067078,0.17518376111984252,0.6954927110671997,0.24499972876672235,0.4190130805969238,0.7635149779368418,0.5469717329595142,0.2781995392302004,0.08046641314500261,0.023712717965245236,0.00880048786496685,0.021145600405317252,0.05379243168543191,0.008777960468279689,253.63577975427518,390408,0.07771771499887105,0.16395240847249434,0.11281302807534621,0.023172212114031795,0.010893879406840388,0.7392395311594012,0.9619122378680173,0.9334642291069026,0.6331709072920692,0.4166523051889318,0.009178164808545252,0.010679874861403852,0.008762384380963521,0.008470583063189345,0.00885597745103663,0.05234438336919995,0.06656832627866568,0.04743991577543501,0.05025073295708696,0.04526594117234804,48800
0.02985229015350342,0.45409449815750125,0.15309825897216797,0.6591950464248657,0.270253304025048,0.43187552064657225,0.7644575666542629,0.5402306382145204,0.28671136611575243,0.0946227128126769,0.022659428608603788,0.008574215014905075,0.022316799370206093,0.05120756844770534,0.008826159417093487,253.65177922295337,391208,0.08135307375341652,0.1647707885833242,0.11080686465304873,0.025791315670266577,0.013689212621219703,0.7692920964956278,0.9603034877896912,0.9273869895509308,0.6516878898231141,0.49530221826286713,0.009725358039140692,0.011196007114371761,0.009244827410189569,0.008686676772594142,0.009797228022067938,0.05150530395563692,0.06195204212662564,0.043071951860578626,0.045847338938802766,0.056294773264677925,48900
0.0008368039131164551,0.4839760231971741,0.14592234134674073,0.6806278705596924,0.24808798133122062,0.4224013730883597,0.76705414943206,0.5520403010722917,0.28781044951318663,0.08506803513180633,0.024269774127751612,0.008762927113984435,0.02173885007699331,0.052640048776695564,0.008539791904774538,253.65584454005256,392008,0.07752270534634596,0.1656276073975441,0.11437512844418872,0.024902815077519777,0.009726056522871979,0.7492689973115922,0.9576492065038439,0.9287229522680623,0.6546101717822317,0.4545148248257845,0.008767176761757587,0.009798427174488703,0.008819820900232743,0.008108656807077341,0.00842731845889079,0.04938239309354686,0.05119833282839794,0.044786610551632175,0.047497596566470596,0.05464344397668075,49000
0.03207255601882934,0.4583203387260437,0.15271912813186644,0.6617614698410034,0.2163375959258453,0.43232675939798343,0.7701562729434691,0.5499060515543863,0.2787230889204193,0.08378613424059508,0.02321596732363104,0.008185742787931329,0.02187742418234383,0.05426820703701774,0.008493792896184162,253.66346298060637,392808,0.0801860941573977,0.16465405435953762,0.11275421598511287,0.022482157388210355,0.00997492830847969,0.755660292506218,0.9628445771005417,0.9315566623945374,0.6308938155924608,0.45608037065815304,0.009097440615296364,0.010315965924070067,0.00901812504562085,0.008566203668978306,0.008390167775891117,0.058318845708854455,0.06919615754884656,0.054843103276980575,0.05428351355518029,0.05440932428464299,49100
0.0006737446784973144,0.4821559262275696,0.15747032642364503,0.6915591859817505,0.23811786060719436,0.4157211971282959,0.7611240223424517,0.5435546364146049,0.27888493641626594,0.08340167580874426,0.024147726511582743,0.009016180778362207,0.021052825718534875,0.05753511535095088,0.008132353716941744,253.66979038254857,393608,0.07656822565943003,0.1644784473444349,0.11097720600288323,0.022513633803920997,0.009834681257919108,0.7437855708599095,0.9588029070116174,0.9353979013182905,0.6229824976009483,0.4619571255080062,0.008771626083180304,0.010010249045766402,0.008643545827715449,0.00793023049539211,0.00852297593713107,0.04892495009058621,0.056288311575614286,0.04463310326117967,0.047318056506543034,0.04747913616016776,49200
0.03046950340270996,0.4717384743690491,0.15630277633666992,0.6809382343292236,0.29356563389854884,0.39789957791566843,0.7564459241042696,0.5450665567180902,0.26758992693153044,0.08506577927619215,0.024931865893304362,0.009484732974423253,0.021776434250802973,0.05581696832031718,0.009954642330385042,253.67621973903195,394408,0.07243338886648416,0.16437109505052616,0.11173633286858545,0.020851360517554002,0.008965005118045075,0.7234811085462569,0.9580592907081216,0.9309272134658138,0.603126398477509,0.44714965110733357,0.00837100964738056,0.009782874514743427,0.008168203734313269,0.007689210686664947,0.008061134855129881,0.04416017624083906,0.05133748490173937,0.038486078858725986,0.04401516622391424,0.04371437220168962,49300
0.0007128238677978516,0.46240699768066407,0.1486761140823364,0.6646743941307068,0.2869848950786419,0.40618007719516735,0.7677492791165913,0.545345994703313,0.27848287064854665,0.08335890400894856,0.02247313411906362,0.009335297821356428,0.021385861526025424,0.04998966697376317,0.008919564640517673,253.68750021393873,395208,0.07537107286974791,0.16473268073362615,0.11083305294209334,0.02390931395177797,0.013628650456666941,0.7366750931739803,0.9615732201685508,0.9358624815940852,0.6438002903287013,0.45021772689597517,0.009611720426473767,0.010647676062944809,0.009626760749403943,0.008880452478940534,0.009370691897780751,0.049433353368658534,0.054889575865672634,0.04619272281861608,0.047571854416008356,0.049169405039703074,49400
0.0006562542915344239,0.4613671278953552,0.16913586854934692,0.6802551674842835,0.31830800342652654,0.4027342763543131,0.7794352787078466,0.5480811468818605,0.294220356691268,0.0878125560560307,0.02171617418061943,0.009104109685491187,0.021563437429494143,0.05034879036998797,0.008582751769651084,253.70333614236733,396008,0.07457277975976472,0.16504855014685266,0.11218333090929425,0.02674077955445133,0.01369468514161098,0.7403473937511441,0.9652467359697198,0.9319802215870691,0.6647552700452914,0.4705560506647649,0.009576996942050749,0.010982772381168742,0.009557812764565002,0.009026676659241952,0.008999250080625094,0.052833777796477084,0.06489644877914058,0.04634364053387854,0.05320173737803293,0.04932620581082279,49500
0.03155653476715088,0.4281805753707886,0.13539084196090698,0.6134016132354736,0.21577643394901425,0.4024108603596687,0.7614659433082869,0.5502916119600602,0.2732768937383058,0.08399015736221416,0.023524727532640094,0.008521862175335643,0.021178341382428207,0.05347230980383622,0.008842929660667723,253.71526112020402,396808,0.07422060541808602,0.16465437900955968,0.11360287705534383,0.02392540429938444,0.00987753630582822,0.7259835568070409,0.9599930845922044,0.9329416896167557,0.6177292412744383,0.4434462698563092,0.00870406684698537,0.010033123157618012,0.008846098327960229,0.007962039855247323,0.008152742635124844,0.043814957290887815,0.0520824507399592,0.04362856332751874,0.040176849067650434,0.040366561134468834,49600
0.000880587100982666,0.4549915075302124,0.17656454801559449,0.6836744332313538,0.29900128851890034,0.4193267664313315,0.768434925541204,0.5636081379084358,0.28116346350625937,0.08091662997050152,0.022736380859278142,0.010233212230697813,0.020064665944803335,0.05418849527149606,0.008254388174594663,253.7209620141096,397608,0.07827631670981644,0.1651015547713684,0.11720876365545256,0.02414921747986227,0.009016578671696222,0.7430405056476591,0.9615559253393041,0.9414290831202551,0.6342576688841766,0.44290027378848873,0.008896348061971373,0.010055952422632906,0.008914972919349876,0.008293261842213958,0.00836616016157933,0.0457540056109428,0.05010295062964655,0.040070437848390525,0.046730951048237684,0.04660224053188802,49700
0.031244082450866698,0.4561736583709717,0.14642347097396852,0.6537915468215942,0.23141065990009757,0.4252740040421489,0.7634398675694755,0.545999281571813,0.29424051231727355,0.08500966200310929,0.02496416916139423,0.009667609087714198,0.021366175631747426,0.057230437106293885,0.00988796618215641,253.72797285192937,398408,0.07855172339826826,0.16422257534399315,0.11211189852234278,0.02618935144415534,0.009755529123848609,0.7471480894088739,0.9606213739940093,0.9330256421600234,0.6431942782750947,0.43462889696422413,0.008772485230583693,0.009888583682572507,0.008727954594757076,0.008287208380813645,0.008193713443745906,0.046052933922037485,0.054569152818175454,0.04299881102285532,0.04493753101858426,0.04183077801411084,49800
0.0006751537322998047,0.45869442224502566,0.17242269039154054,0.6833368563652038,0.2568696639037107,0.43623346194624885,0.7678062602809573,0.5535894601295391,0.2956618233607505,0.08490959850799602,0.021151066115126002,0.008397173771707,0.020571385735820527,0.04828696874287073,0.008435587687927175,253.7348506066154,399208,0.0815596800297498,0.16359820111429316,0.11424744891701269,0.027554405551772507,0.010708385207180988,0.7628857731819153,0.9648712663890018,0.9380803921570376,0.6752794085420328,0.4471892230212686,0.009393640721682465,0.010741649912117422,0.009269498681533156,0.008214349558264921,0.009190211649790102,0.0626421810127795,0.07831135736650799,0.05829979808671244,0.04665395578719335,0.06551649491787727,49900
0.030874431133270264,0.45969019174575804,0.1500325870513916,0.6616649174690247,0.21861023283693926,0.41642813682556173,0.7688576821237805,0.5532075576122523,0.2888675852007765,0.08255419586095276,0.021927763903513562,0.008277094965706056,0.021392505283657354,0.05209613374624679,0.008593851121582301,253.74061569011062,400008,0.07786221222952006,0.16468192621444658,0.1145463851687399,0.026831368329904723,0.009646527381307729,0.7404722613096237,0.9623191626742481,0.9317140868566569,0.6513888156542212,0.43759770443042156,0.009087195806205269,0.010069131625641605,0.009239373762540304,0.008669682961177608,0.008428756236012488,0.05043916000169702,0.0577291287687937,0.04713068442708516,0.047277628601859176,0.049836922989925383,50000
0.0008342409133911133,0.46472580909729005,0.1694903230667114,0.6843829798698425,0.2890767538900768,0.4087960179150106,0.7662272939634557,0.5455563738530514,0.29406237733714696,0.08350544727661396,0.02246955337468535,0.008774970075178126,0.021775503249231783,0.05425685207872467,0.009196866949258194,253.7467784272252,400808,0.07537538478150962,0.16519793801343238,0.11158290106123983,0.025409185115925298,0.009296535146402524,0.734381193518639,0.959246982685962,0.9307623232267176,0.6559310341901319,0.4483516283365557,0.008800688018091023,0.010046986406622683,0.008707893966023112,0.008166713166962028,0.00830217305917567,0.04905970318010077,0.05686509813209855,0.04599262947262941,0.04358039788757375,0.049106828917777456,50100
0.029320044517517088,0.4371555495262146,0.16118228197097778,0.6533446216583252,0.20161260856482993,0.42714971870183954,0.7705201395435035,0.5497533284805035,0.2841558772789773,0.08253530295010898,0.02351860361173748,0.008647947738048447,0.02195102912162175,0.054354554585101585,0.007978969191057363,253.75252120693733,401608,0.07907398011535399,0.16526796556816212,0.11301929314028132,0.02387840639865353,0.009289464647039525,0.7533072090148925,0.9618265761612619,0.9302725976163698,0.6452469082932972,0.4465379439135815,0.00877344887237995,0.01008485802183882,0.00885305276394568,0.008051414108231429,0.00809828980895195,0.04804772313596914,0.0596803938960922,0.04287915838847933,0.04611756522445376,0.04419708596647744,50200
0.0007425665855407715,0.47065636396408084,0.17502400875091553,0.6961366057395935,0.2811824876753033,0.4038911305367945,0.7690340816340547,0.5522602760094276,0.2810681413859128,0.08257114760843776,0.02293936541303993,0.00821744530719328,0.02078351525570009,0.05378008156083524,0.00956828278659877,253.75800299027014,402408,0.07408347992226479,0.16556123953233365,0.11452355449821083,0.023607821983750922,0.008434278100009707,0.7259931927919384,0.9590173753652167,0.9349863275568534,0.6357690584659577,0.4355716215712683,0.008632285294588649,0.009720414121476728,0.0087996542545412,0.008053628220222894,0.008095222039888285,0.049622033797204514,0.05516435035524218,0.04386348106918185,0.04744113229680807,0.051750751208081605,50300
0.031057305335998535,0.4567003035545349,0.17005251169204713,0.6792034864425659,0.23608007088700436,0.424552892744541,0.7627846270367717,0.5406944447814823,0.29334697135310783,0.08661635321400615,0.02236598041839898,0.008294501877277375,0.021688082050255478,0.05355627224207878,0.008724543821824469,253.76237427972632,403208,0.07843818055465819,0.1649977212078904,0.10943245310520766,0.02523446827628875,0.008685368945246899,0.7554053038358691,0.959739917430325,0.9345565783505402,0.6627247349463685,0.45562807134553507,0.00872994249220938,0.009726775079011776,0.008606606223021101,0.00812995457214945,0.008390566619460046,0.05314625479280948,0.053814486134797335,0.04573801708278609,0.051425000767218565,0.06138162063799946,50400
0.0008941912651062012,0.4588403964042664,0.1607091522216797,0.6713426160812378,0.24254125112943406,0.41296420127153377,0.7619569913013693,0.5458386050263029,0.29029391382525555,0.076035517003095,0.02312437040731311,0.00849142583529945,0.021537423639695373,0.05306503706180103,0.008485071993359893,253.7680422456537,404008,0.07551348332315679,0.16388511964955282,0.11118437090727888,0.025384615780785668,0.007401500768644511,0.7370975139737129,0.9612039137132391,0.9356736298745053,0.651566361799473,0.418164907717237,0.008378938380628819,0.00983522361931728,0.008412254614954064,0.0076560976869631085,0.007688250673441766,0.048658754308708044,0.05794780299345935,0.04587504077173276,0.046861809978216165,0.04431899798367463,50500
0.0007458162307739257,0.48436880350112915,0.15809220552444458,0.6956503677368164,0.2497156320490223,0.4235068777203559,0.7669679949489928,0.5473883741813187,0.28255888013151054,0.08470692058595332,0.023004371086135515,0.010242857971416719,0.021788352342195724,0.051016997636377265,0.008214900068317857,253.77362722926603,404808,0.07797832462936641,0.16513382851217792,0.11294952339214803,0.02393217600692174,0.00785351821388572,0.7466086822748185,0.9593523070216178,0.9301119921095086,0.6408648140800813,0.45165191552577877,0.00870945621281863,0.010011847171251875,0.008485179245764505,0.008219085285639017,0.008057948481291523,0.04737559037050231,0.055941899176104905,0.039659605103091446,0.04921828812435815,0.043849258151096394,50600
0.03238174200057983,0.4546546483039856,0.15551669597625734,0.6625826358795166,0.21612667557934012,0.42609304383397134,0.7626591107784184,0.5510119358246979,0.27579132186707567,0.08629468900542102,0.024074790589511393,0.009508843438771484,0.02062629548494112,0.057108833239268755,0.008081533456025943,253.78130242803138,405608,0.07918147956952455,0.1640590855708489,0.11378064350309698,0.022510377846976452,0.00990513599132218,0.7481175348162653,0.9602668459598832,0.9363342984156174,0.6137307453994177,0.4468603794292735,0.009065799121744928,0.010038569837044459,0.008887910955077545,0.008766192198735692,0.008576911405950625,0.04738849684363231,0.05288489886846107,0.04326432661301548,0.04864227836928212,0.04516277927529786,50700
0.0008832383155822754,0.48647331714630127,0.15570661544799805,0.6941251397132874,0.23484303497279915,0.4185353611409662,0.76086627655342,0.5466656974343022,0.29951084760779706,0.08215022204007873,0.024163919501006603,0.009331039928823521,0.02121206755085925,0.05250395597805351,0.008720015638205725,253.7875750958353,406408,0.07600776482373475,0.16464654107888535,0.11186038870275294,0.02585130802736702,0.00856268998022449,0.7515775853395461,0.960226670640413,0.9354338606008503,0.6758323054422029,0.432722359895706,0.00843065823195503,0.009274448787213348,0.008515265248894123,0.00786284397631376,0.008179714604766375,0.04719254769850524,0.05296579928295127,0.04490719439292498,0.045603702780367246,0.045972758777776415,50800
0.029868385791778564,0.4512914156913757,0.1524993371963501,0.6566228437423706,0.2793236526376631,0.40935070127248735,0.7604487485938022,0.5544557205720803,0.27844745628348533,0.0891297820709505,0.022245947150513517,0.009020240876342638,0.020483906374083493,0.05040131449399878,0.008891715560787142,253.792817964077,407208,0.07525717718526719,0.16417151386593723,0.11501010219400058,0.022698542726783077,0.009445401471995593,0.7462180966138838,0.9599441679624415,0.9367804443778627,0.6449958217802956,0.47168358204499744,0.008573310375213626,0.00972202286676884,0.008676679910651004,0.00792095730146721,0.008098570254350191,0.04690430425107479,0.050457131869804384,0.045702375692049976,0.046880718227007886,0.045049956156257204,50900
0.0007008767127990723,0.47080212354660034,0.16192322254180908,0.6873314070701599,0.2393589175151338,0.42102305665612216,0.7635319669222097,0.549612154239832,0.28971821687278904,0.08014376161108701,0.02320399320218712,0.008612205257000802,0.021406088080690347,0.05643775903764254,0.008511062754277038,253.80034323865468,408008,0.07800005583092563,0.16386262035554214,0.1127817100217176,0.024449918572268022,0.008776929693447216,0.7436674511432647,0.9625155867375054,0.9343416787857242,0.6408124033780025,0.4288752794850108,0.008688569730147717,0.010272551863214246,0.00862952987338568,0.007853526213669523,0.00800991371529652,0.04648380653932691,0.05845373672596422,0.042079129984039204,0.04190261911023107,0.043942243070798144,51000
0.03041339874267578,0.44110832929611205,0.16253936767578125,0.6584822106361389,0.2621729591972416,0.42523166328668605,0.7647088561896926,0.540996985753793,0.27910966603177584,0.08009236159671033,0.02502035151235759,0.008901546402301855,0.022034436535012213,0.06077590864151716,0.008420084886550322,253.806240265641,408808,0.078285194542259,0.16413226206269527,0.1098573174113067,0.02167377346379699,0.009501240238137733,0.7399812391400338,0.9631865383298314,0.930921455016311,0.6052190139152037,0.43914377314882114,0.008903542184270929,0.010281635193947558,0.00886422495421081,0.007930646864881753,0.008413313678343888,0.04806405611336231,0.05292801223091644,0.044066383898336205,0.04806667481005042,0.04655835922826962,51100
0.0006917572021484375,0.4785177659988403,0.1625676202774048,0.7008062481880188,0.27818856198002406,0.43851517453789723,0.7624594660032359,0.5537534603770343,0.2882471829652787,0.08643245671907177,0.02467973452992736,0.009430555862075253,0.020905204010174146,0.058695856392870255,0.009157792243222313,253.81184411006728,409608,0.0817799306847155,0.16321157515048976,0.11408154510766122,0.024383417196131893,0.011223846434333011,0.7591383880376816,0.9613076950822562,0.93527670925212,0.6309877816756163,0.45312127906284966,0.00964010918512941,0.010787225647696422,0.009301094000529447,0.009071614565187357,0.009328009221922562,0.06097819329006596,0.06504206878377031,0.05371512153334563,0.057030846182275656,0.06928798264373898,51200
0.030140488147735595,0.45784108877182006,0.1539743399620056,0.6664027738571167,0.25202033393025236,0.42018820092082027,0.7696214798334486,0.5509905703024034,0.286713476375778,0.08071036761005723,0.023900319030508408,0.008471297117176695,0.021488595694098424,0.05522705450432725,0.008783006666896822,253.81673157471238,410408,0.07715161466971039,0.16484911804263655,0.1132915808622717,0.02337296963277466,0.009257949885721194,0.7456442841887481,0.961829474165633,0.9344482030890401,0.6411296253157129,0.4377388825783365,0.008695495724678037,0.009849774311422489,0.008470511361913876,0.008517925228720689,0.008035876712976757,0.04857801077421753,0.060753324182351756,0.04271921752567546,0.04609049768371526,0.046153711245801206,51300
0.0006667447090148926,0.4797566246986389,0.1621968412399292,0.6948748660087586,0.22270323649037038,0.43543097466230385,0.7680885669226954,0.5530474353581668,0.2784039485611416,0.08533621529870217,0.021768458089791245,0.0083621246389344,0.020730306519768562,0.05125923041058218,0.008372947869034723,253.82292080493212,411208,0.0812533793225884,0.16392949049439381,0.11415279230389452,0.02315511880687586,0.009460316392583195,0.7628656268119808,0.964771250419528,0.9374568685889247,0.6479805849100418,0.4559793196460032,0.009159114935901016,0.010250214030356893,0.009196149753943951,0.008585521299391986,0.008455840162338408,0.04892339278012516,0.055696425232688106,0.04408212362502062,0.04841700500661606,0.047081737016189,51400
0.0006148457527160644,0.48442295074462893,0.15623446464538573,0.6939457392692566,0.1976691343137834,0.41723578795790633,0.7593519632282146,0.5544985929200817,0.29387726056486824,0.082292002787934,0.02299094398505986,0.009237230808507196,0.020609011635357583,0.05209907893999596,0.008952684955328563,253.82745804943295,412008,0.07733884017914533,0.16418617157662488,0.11534072358247842,0.026081157752094946,0.008877782660782041,0.7437399274110795,0.9591805358402062,0.935404379977736,0.660902257582441,0.4254159624896834,0.008510726708918816,0.009928693559753616,0.00840361321908097,0.0079533458312056,0.00789169697276322,0.039427563091740024,0.04614778106289162,0.03830862515714282,0.03731194909300598,0.036621643594044496,51500
0.030370874404907225,0.44865750074386596,0.162586350440979,0.6623829078674316,0.22381919088052496,0.4105394771695136,0.767897713795686,0.5452161038678793,0.28109379825384717,0.08353716934447372,0.024650059882551426,0.008548012215835149,0.021188761117478822,0.05928246897379847,0.008502576612693637,253.83399793813692,412808,0.07461621642112733,0.16379789259189204,0.11128953316066631,0.023159525608014014,0.009208805837922475,0.7323459482192995,0.964445683895013,0.9356499834666177,0.6140637895911213,0.44909473669015604,0.008606482290197164,0.01002150078375751,0.008302351256595961,0.007932931815773463,0.008228382325183106,0.05208130171522497,0.06125821233368833,0.04631150589526565,0.048237248249621896,0.05254404289585554,51600
0.0007762265205383301,0.4803273892402649,0.15749504327774047,0.6893893647193908,0.24738172694269478,0.42550794169306755,0.7712359554492513,0.5514974643274677,0.2903065648388098,0.08867980767553445,0.023135093227028846,0.008462095005178024,0.021336686785438458,0.05784093778341369,0.00849472100888401,253.8402570956516,413608,0.07819916766136889,0.1640014677809982,0.11301072890457416,0.023995558732503003,0.009648235762487401,0.7529382547736166,0.9653673590375829,0.9337645397358334,0.6427296384133123,0.47494517005450315,0.009006511159241195,0.010272582274270602,0.009072531946003437,0.008249759913128329,0.008368414753862605,0.05223736135987564,0.06186805332701906,0.048837777964060275,0.050656239744923254,0.047270560372285414,51700
0.030400121212005617,0.4582967662811279,0.15580813646316527,0.6651266407966614,0.2578333798479422,0.4274536411464214,0.7724235404621467,0.5441318233026545,0.28271460604782306,0.08437953915293381,0.023420528704300506,0.008213470060251315,0.02164699673506149,0.05510030961326828,0.008326957505748406,253.84839786143925,414408,0.07860130589455366,0.16487749672748817,0.11080071857471142,0.02407829088378305,0.009676198193625805,0.7453545629978181,0.9635071074420755,0.9332972533917157,0.6270883341248219,0.4523237181693008,0.009027226322796188,0.01023281640796499,0.008893936183146631,0.008312812747765127,0.008548328640976363,0.05478531176690014,0.06351351361425427,0.050356997961827195,0.052422492706682554,0.05148377473293275,51800
0.0006307029724121094,0.4789608645439148,0.15378379583358764,0.6846562027931213,0.24409576457330892,0.42205362334847435,0.767006937990484,0.5528560644732073,0.28326627979191327,0.08176115658037718,0.02348106500692667,0.00894034486480019,0.021472056844056824,0.05429595002177651,0.007531437522808934,253.85848847395232,415208,0.07858106086030614,0.16492628736287068,0.11584584420331967,0.023930849373431498,0.009675590797337109,0.7469051039218902,0.9608340619765606,0.927188238558861,0.63933287393756,0.45183358970701404,0.00894401689292864,0.010063901375595123,0.00891820067101015,0.008231046845818437,0.0086034523549977,0.04609026568941771,0.05252051188072821,0.03913893160866935,0.04710549507971579,0.04603994290532607,51900
0.036204285621643066,0.4652463960647583,0.1483299994468689,0.6673061656951904,0.23667426692293075,0.4110517060756681,0.7573872384081033,0.5475217938423155,0.28112432234255363,0.0792407098696711,0.02521531489677727,0.00868322407214567,0.02103763908852595,0.05763312830822549,0.008556044749320332,253.86622402305707,416008,0.07528855144977568,0.16451896439651542,0.11301068224616947,0.023800461572786192,0.00815631970091119,0.7306890377402311,0.9591276246279027,0.9347733194763591,0.6140618837837669,0.438763729383036,0.008478643717244275,0.00977659928210571,0.008331531391957326,0.007817087863389,0.008064762506749196,0.043511142225470395,0.04848746676943473,0.03946350226430474,0.0436604529136925,0.04214532708883593,52000
0.0006771230697631836,0.47033621311187745,0.16807009220123292,0.6899718737602234,0.24157861521917917,0.4106701736152171,0.771690811866369,0.5601101913949951,0.27896024351223114,0.08415185035487935,0.023739278903231003,0.008143365072110338,0.020113428655479656,0.05800409113558443,0.00780452076876319,253.87215775766688,416808,0.07487807929515836,0.1652076139664038,0.11602535088556806,0.022044890613939928,0.009232686116186849,0.7327734059095381,0.9621688228387102,0.9410423492337318,0.6232489960697981,0.45437352130579395,0.008817145959474144,0.009945200223666725,0.008707232676077994,0.00806910140538373,0.008610759463247868,0.05765560724772516,0.06393959541351368,0.05124695013164656,0.05463129317370027,0.06030702692304935,52100
0.035321316719055175,0.4796622347831726,0.15114784002304077,0.6824555158615112,0.2508671799628124,0.42034647449851037,0.7725300433600482,0.5448556637576732,0.28446730419993393,0.08977034093034499,0.022880677329376344,0.009696429999650735,0.021567490888047575,0.05088505319319665,0.009901772124932416,253.8775465855101,417608,0.07717909526079901,0.16545511106845784,0.11197453011704987,0.025113675160100705,0.008475818537351973,0.7443570363521574,0.9605810698030023,0.932719631968992,0.6436986187100417,0.45436163521507394,0.00862268123310059,0.010059207173183623,0.008496522035508264,0.00794912254437806,0.007977988896439374,0.05505408830475062,0.06882957257835082,0.048188279487719234,0.054781867619603894,0.048109381088932805,52200
0.0006586384773254395,0.491636381149292,0.1451546883583069,0.6877054691314697,0.28667887381093055,0.42542509943246865,0.7627140239541751,0.5484144610651372,0.2807722210575265,0.08564857756480193,0.02421240378171205,0.009963018998613795,0.021101478756846554,0.05685167668696126,0.01007614102369796,253.8847166387512,418408,0.07838658783584833,0.16414609125682297,0.11288521511916909,0.022255740649612134,0.0076884389663927,0.7417774373292924,0.9595315195069521,0.9349392971924051,0.619763057157783,0.4288229095630156,0.008553930805064742,0.009513711731128503,0.008727498267861927,0.007743993986378682,0.008170375309120377,0.051080672992393356,0.059578028303373755,0.047673586319294275,0.04640223703786266,0.05051685825276833,52300
0.03375664949417114,0.4768263602256775,0.16530513525009155,0.6939935088157654,0.245172234637195,0.41579161807894716,0.7715392364791368,0.544460162283882,0.28347331163100037,0.07867960732778889,0.024417256154119972,0.0093744966970057,0.021530210424865057,0.05779930503571019,0.007959927172455111,253.891989765566,419208,0.07582095706835393,0.16484288811980194,0.11145724594671891,0.023565544137182315,0.007782551158320507,0.7341918000578878,0.962479341089429,0.9330265417931566,0.6251450578371678,0.4342268282556769,0.008560268883593389,0.009850817713979162,0.008524181673589046,0.008073356250022048,0.00781254022808865,0.051121045113541166,0.05792884041661796,0.04742306582728229,0.05014448026015204,0.04881907542800451,52400
0.0007896494865417481,0.44991125106811525,0.17790635347366332,0.680632836818695,0.22429897298285204,0.43073866531252875,0.7685431996228003,0.5487043091024338,0.2756997240046975,0.08432591306821749,0.021676337532699104,0.009167049282067118,0.021204835717351392,0.05054321166906484,0.007518487835416936,253.89608814247035,420008,0.08038799991831179,0.1646448517862656,0.11184097514846007,0.024228123317241047,0.009001554709660319,0.7603563976287839,0.9640458469142278,0.9366421774029734,0.6323448848472077,0.4715452448775374,0.008992121955379842,0.01011337131544312,0.009062548848585424,0.008153482012588652,0.008509156020105971,0.04548368346411737,0.05175015618097727,0.04236924653657924,0.04255712755201831,0.04485189286545694,52500
0.0008516097068786621,0.4680656480789185,0.15948339223861693,0.681231689453125,0.2179678033547123,0.42215668499469766,0.7596681135288184,0.5417744424736615,0.2638542454389603,0.07497310779184434,0.024762154673226178,0.008566183484314621,0.02245160762799307,0.056703328331535144,0.008222103909330055,253.90056016115,420808,0.07787387534976004,0.1641117861305456,0.11047140901311518,0.020182402272624855,0.007456611406021033,0.7354364848136896,0.9602889746859451,0.9257823052336877,0.5938642575842513,0.41791396418755716,0.008648365854751313,0.009989869299430208,0.008539289794410177,0.007962990780603762,0.008019914695813157,0.04593635077355429,0.05117814655298735,0.042796261512529736,0.04618784961824733,0.04314510307581676,52600
0.03370537996292114,0.4567694878578186,0.1584268569946289,0.6655294179916382,0.24418929813937132,0.42006429746747,0.7669599532510679,0.5439475981812727,0.2775841096058639,0.08593649852085002,0.025113703170791268,0.008815537709252617,0.021487771709890757,0.06263805639158669,0.008687209188846386,253.9076361592412,421608,0.07717206844128661,0.164685457802275,0.1110804691910744,0.021555312679882976,0.009582033362801608,0.7409181174635889,0.9601788366810554,0.9349988253493053,0.605435459300725,0.46567052074253834,0.008895941001828762,0.01028067593431573,0.008914157220064419,0.007853540484887556,0.008469953908231744,0.048084962032735365,0.054317807743067346,0.04516049626920569,0.046194007949470824,0.04624945784602406,52700
0.0007945108413696289,0.4735426068305969,0.15825138092041016,0.6859856224060059,0.17714068577735667,0.4335706992447376,0.7633620797119705,0.5514637585729364,0.2801156993759308,0.08275514284321844,0.022890405869111435,0.008138293796964447,0.020982188584249745,0.05474916118638296,0.008513115955226611,253.91377639737712,422408,0.08155578501522534,0.16458490681765703,0.1142286009853706,0.023888963984178467,0.009332144587132786,0.7557089620828628,0.9612435660338754,0.9333878473511764,0.6273422153372508,0.4435017854789568,0.009079301054589452,0.010471052831965555,0.008987074173221907,0.008277574997689378,0.008480728166228767,0.047308301753364514,0.058124568416585615,0.04175059833505658,0.045195841132418105,0.04430606651318365,52800
0.03469841718673706,0.44216815948486327,0.17129366397857665,0.669087176322937,0.22991480121141664,0.4317381484806538,0.7629007653278469,0.54596835152011,0.2835538811465299,0.0869091667441858,0.02412506037391721,0.008769954582699115,0.022381823013806455,0.055038287806887166,0.008908517998255159,253.92041354488046,423208,0.08002161346375938,0.1653699389129293,0.11169019245725371,0.023784701049669028,0.008753403148148207,0.7551323062181471,0.9574707220582406,0.9279613004666621,0.6353644660793909,0.45474711292319847,0.00883748307125644,0.009980376362435366,0.008753544096095125,0.008365396190075067,0.00817178451171558,0.054156485523562885,0.05194987599537069,0.050597592980478986,0.0545734138018221,0.060420551277800556,52900
0.0006856560707092285,0.4715070390701294,0.16272733926773073,0.6858139586448669,0.25462036834871665,0.40073578372597696,0.7710314766391292,0.5518200165002133,0.2640766321633344,0.0869857613519529,0.02368823308497668,0.008065607155683436,0.021252748224864747,0.05231166072627045,0.010658819576024702,253.92794707938407,424008,0.07333140121772884,0.1657905271583862,0.11480461277496756,0.02215140500377006,0.008622965195529584,0.72059598505497,0.9605527264731274,0.9321516736639729,0.6073924669637365,0.4403767499411221,0.0085574508132413,0.0097134372111983,0.008594871069553311,0.008137630318409531,0.007958782458173067,0.053995307749428324,0.05706986909569749,0.04320009330565512,0.052887482258590655,0.062118123746101706,53000
0.04508150815963745,0.4764766883850098,0.15722910642623902,0.6849573755264282,0.2714512820178017,0.4246568129956723,0.7714237862884418,0.5524258616596772,0.2820462689176205,0.09054135488346216,0.022519940836355095,0.008388154495952382,0.021077943789405796,0.051552677100989985,0.009187885567371263,253.9455540886705,424808,0.078335248529911,0.16516960301611697,0.11359179693490566,0.024161175420740623,0.009902641026710617,0.7514147675037383,0.9614509550651699,0.9352716559713539,0.646230965554713,0.4624436989426612,0.008999928850680582,0.0100766354929748,0.00896519828220886,0.00834927557269111,0.008597491682739935,0.05271341948071495,0.06047807652203565,0.0498731695244917,0.04999026720644909,0.05040611559990794,53100
0.0006278491020202636,0.4820157527923584,0.15173565864562988,0.6861015129089355,0.19859550961927774,0.42078154131770124,0.7700213174134986,0.5450118746608491,0.2723587980367126,0.07674465383938012,0.023537552244961252,0.008372882361143053,0.021293879152896513,0.05627613129942677,0.007740840898514632,253.9524171291072,425608,0.07780802756547925,0.16542917275955685,0.11075118252386648,0.02192640212042678,0.008167633591739942,0.7462854298949244,0.9614801601151736,0.93672335917751,0.6167233810999004,0.42762054407850214,0.008558859170880173,0.010015942547367436,0.00850215071792869,0.0079725010147445,0.007824137603784817,0.04940786227118222,0.061424914559668434,0.046463164652232054,0.04455203437417049,0.04653075638108272,53200
0.0317131519317627,0.46901765584945676,0.14923920154571532,0.6703580403327942,0.2582269857967623,0.4114523285627365,0.768229800615556,0.5445069619127217,0.2799620675305795,0.08612720925008775,0.02318262967281044,0.008374176025151815,0.021594916928458843,0.05104737261471817,0.008650274643794968,253.95990778039805,426408,0.07514511156827214,0.1649846186240515,0.1110134827728208,0.024919471742806433,0.00969766211563916,0.7355188065767284,0.9613707594382457,0.9339986130997939,0.6319387650380937,0.4465841449315275,0.008783277843613184,0.010163571351231668,0.00864188169833977,0.008011525452188016,0.008415192403872293,0.0485190839972347,0.05806693751364945,0.042739576891668726,0.04579592065366843,0.04754271658962189,53300
0.0005918645858764649,0.4761554741859436,0.1587429141998291,0.6898512315750122,0.2307618015764196,0.42130363538861265,0.7652205217452283,0.5539043256916949,0.27359116958299035,0.0801943959668278,0.02284880150575189,0.008616992523561105,0.02077892025903867,0.0559360540258543,0.008326666285831695,253.9715383129179,427208,0.07821036998182536,0.16439396994454522,0.11416021085430662,0.022493562087523362,0.007743715939189615,0.737712123990059,0.9621290507770718,0.938137606554424,0.6088368992010755,0.437388318426469,0.008828379479236896,0.010023882927461748,0.008795046806815508,0.008222203769643475,0.008199931197690179,0.04839151643216611,0.053875154061686456,0.04345789455242226,0.04625338638046135,0.04945073070862861,53400
0.0005759572982788085,0.4693967962265015,0.15498042106628418,0.6775730538368225,0.21061599142870455,0.41430530384182923,0.7632254322165068,0.5497395636430421,0.27780712282686887,0.08063782360497401,0.02488424796611071,0.009181671760275437,0.021629010169623198,0.059200058878381145,0.008467219089417348,253.97570637865476,428008,0.07636414589360356,0.16359392952980434,0.11355264158687782,0.022429766035273524,0.009723087790102431,0.7327754908800128,0.9620655301919915,0.9298178627716361,0.6132413107974859,0.4357465763590229,0.008775070323608821,0.010236736706256404,0.008832292404229669,0.007670458583115582,0.008428184147599837,0.05125651403330266,0.058974302705070085,0.0479632797905832,0.04443137125596039,0.05402774889420589,53500
0.04205802917480469,0.44773441791534424,0.1674198341369629,0.6674936604499817,0.21373081753872758,0.4092479993402958,0.7679572580224381,0.5553468731031459,0.2766491139533919,0.08099778519943361,0.025482187434099603,0.008957219206186083,0.02095595407678467,0.059020220911321794,0.008951001434470534,253.9817477721445,428808,0.07491469115018845,0.16472310223485137,0.1151802477440195,0.02239120441541147,0.00955687031673734,0.7256563642621038,0.9619738180085092,0.9341983815129298,0.6116398678761781,0.4205866602063181,0.008625667812302694,0.009435658277364936,0.008658647129499299,0.008200499244365044,0.008329293231945487,0.0489959882729454,0.05337921018570153,0.04459755809511991,0.04844122757225637,0.05030679036572107,53600
0.0006886172294616699,0.44886577367782593,0.1729176163673401,0.6766031885147095,0.30751603887158824,0.42412471428513543,0.7692728575907257,0.5495962666482043,0.2975808193745172,0.08049388352274336,0.022569285994395602,0.008799148682821287,0.02129543171811504,0.055628253670874976,0.008683071541162674,253.9895441087631,429608,0.0792888610623777,0.16541853860804923,0.11299722649387474,0.02687182522292817,0.009355569856805381,0.7464938032627105,0.9613314020006276,0.9331992754002204,0.6559145389043763,0.44388660886477976,0.00910917768022045,0.010413140595476168,0.009179113791612238,0.008221913923752365,0.00853246724027529,0.05359894102439282,0.05745358061954451,0.04857334967452993,0.05714016151867563,0.051334905698283306,53700
0.031455938816070554,0.47837899684906005,0.15290975093841552,0.6858699154853821,0.257768733330736,0.4230821894109248,0.7605286280518955,0.540628305581062,0.28955788330899324,0.08038696886173317,0.023046322409063565,0.00955994612388505,0.022400291742901545,0.05171091654432013,0.007608481383483326,253.99946054376903,430408,0.07831790607422595,0.16381940929238334,0.10953894034708471,0.02621694432919599,0.008959664055269467,0.755533217191696,0.9619648143188239,0.9283878805974848,0.6614307342755661,0.44193211686674255,0.00868230276275426,0.009863351234090843,0.008774255685185061,0.008020946539637426,0.00805631037505846,0.045043396032415355,0.0513147568575001,0.045556035607236735,0.03953674276161823,0.04378099011001052,53800
0.0006324362754821778,0.4850589752197266,0.1489691472053528,0.6867576909065246,0.18884335381638667,0.4180759921669961,0.7595567558575596,0.5434291327790336,0.2805601775721468,0.07964538138359789,0.022907453160732977,0.008343295358659386,0.0219981724263302,0.054073452439177966,0.007945291540236215,254.0080024081315,431208,0.07702761486172681,0.16333081884291567,0.11066821253649427,0.02326481645183657,0.00839269845804666,0.7438290882110596,0.9636595810501325,0.9316779660935302,0.6360379017964757,0.440025072097778,0.008507912696804844,0.009386276437457902,0.008418019697051114,0.00828654892305194,0.007910443319706233,0.04586031225509937,0.05193724325017151,0.041252505480863,0.04671541537920179,0.04327017187606544,53900
0.0341971230506897,0.43617801189422606,0.18349178552627562,0.6723611259460449,0.24118802540612147,0.41359302118420627,0.7666301027852653,0.5527146678302705,0.28010418567017364,0.07984116281144278,0.023256326760165386,0.009243052472106217,0.021068381930499813,0.05437661517695911,0.008056540967298189,254.01357588183748,432008,0.07694323930889364,0.1649493675450889,0.11504897175683183,0.024892354078976258,0.008946216315962378,0.7342393314838408,0.9597520493731202,0.931504230523847,0.6300132600544704,0.43804612367049517,0.008950029611587527,0.010465752625628853,0.0087128409986221,0.00818802022003555,0.008484429547086291,0.0505096938740462,0.06035389629553774,0.045581941387241656,0.04420640685233136,0.05198837780272183,54000
0.0006656169891357422,0.4777006864547729,0.15569533586502074,0.685230188369751,0.22551593601396286,0.4274867658317088,0.7664318045540028,0.536820165812969,0.2879404456955251,0.08755670007620313,0.025280373943969595,0.00868960762639124,0.023031078972556487,0.05793787340555237,0.00889116197170036,254.02192820967764,432808,0.07737174678593878,0.16388578621994157,0.10832118857255632,0.02320745353103902,0.008967278958801683,0.7532251477241513,0.9638096429932286,0.9258523063456761,0.6390175783188548,0.4674522551330363,0.008713194928131994,0.009687283467676295,0.008586942428782432,0.00814702868609576,0.008374893234891658,0.053046194976195685,0.06106510404672281,0.04636936395012952,0.04955367585121893,0.05463871223902383,54100
0.03148485898971558,0.47604034423828123,0.15200512170791625,0.6810507512092591,0.23332357516174254,0.4132099358737467,0.7642641650522989,0.5466563556324783,0.2970832032087731,0.08004292755903025,0.024936277512460952,0.009157374550211837,0.020868184647305065,0.057222103555452895,0.007853181557588029,254.02903118099974,433608,0.07478204390034078,0.16426935490688993,0.11159810118043607,0.02597789348689965,0.00834500708447079,0.7439809766411782,0.9603819967619058,0.9395138197277318,0.6530325301161642,0.44456077317901055,0.008261046505067489,0.009514031516988585,0.008352885672600195,0.007540355041010738,0.007804576965843129,0.045327535662800074,0.053685135355656916,0.04258012602022331,0.04015433156361042,0.04611799399827037,54200
0.0006602334976196289,0.46471079349517824,0.1728960394859314,0.6897545337677002,0.24152061925273294,0.41615075781941413,0.7643396261395234,0.5460677292179227,0.2738767798556836,0.08188975522000543,0.024056564336642643,0.008917783373344349,0.020972770711304094,0.05458215020683614,0.008361168820901134,254.0344421543108,434408,0.07614808391779664,0.1644430689665737,0.11217067896121713,0.02229784307893106,0.00827170585980639,0.7430086648464205,0.9611341962400748,0.9357674418382302,0.6224581333093853,0.4525179514759465,0.008583688766229901,0.009716449896995043,0.008722651768569362,0.00787041798927064,0.008076732965970503,0.04875657381489873,0.05435434283631647,0.04626408717290836,0.04885500839283302,0.045481198442805765,54300
0.03502308368682861,0.4691098165512085,0.14057686805725098,0.6631254577636718,0.22988205587549912,0.40221998110413526,0.76327658852161,0.5439609616994855,0.28079142594251055,0.07880615793555133,0.022641464704647663,0.008544252369519403,0.021500619796570405,0.05145436361126134,0.007620211512197412,254.04255497724498,435208,0.07361368905752895,0.1641881307021031,0.11093152120709422,0.02418364579834331,0.009342362323362951,0.7338954171538353,0.9617552707867061,0.9338845503330225,0.6418870079920477,0.44052409450962904,0.008433358811307695,0.009705925591866291,0.008491844707168633,0.007650236452925183,0.008056352027024165,0.05069757788907736,0.05623211971746538,0.04804400318535045,0.04941869072463129,0.04972442936477302,54400
0.0007400655746459961,0.46195627450942994,0.16747382879257203,0.6846416401863098,0.26151078157373525,0.4270474313199522,0.7777801963190241,0.5551876011282901,0.2959011994147052,0.08022777803835292,0.023054229756817226,0.00879895294807891,0.02118614225020243,0.0553630076077146,0.007807297149061486,254.05045521012096,436008,0.07922421332448723,0.16587373373719552,0.11516550576617555,0.024986610557486223,0.009818906533249211,0.7545194107294078,0.9622960270692902,0.9317987098250279,0.6582961706444628,0.458333859989299,0.009034729192499081,0.010037834998608263,0.008937000765920031,0.008481011461602362,0.00870999835306473,0.05451778296090196,0.06598478735577384,0.04744306971957951,0.052197293566981315,0.05334829274548765,54500
0.0007679653167724609,0.4539607787132263,0.14651093482971192,0.6560824656486511,0.30163418190807373,0.4257807293534277,0.7751576374904277,0.5414723873708808,0.2906621716079865,0.07833844091539362,0.023188605960458502,0.008909332540156925,0.021627176388135643,0.05584791542733098,0.008849005749453772,254.0595093153985,436808,0.07937384137883784,0.16624195506713643,0.11051749926434747,0.026692464936494725,0.008270189109309321,0.7441214871406553,0.9587657601375299,0.9350601326335557,0.6455611854313527,0.4204986552100869,0.009505291506648061,0.010707143457890873,0.0091628200289878,0.009365619033236398,0.008777527055188788,0.06358951129019257,0.07630330018166989,0.04957635227466029,0.07024424291529593,0.059128895744829685,54600
0.038597228527069094,0.4683016586303711,0.1602128005027771,0.6852191257476806,0.23805991680823346,0.4062242445349692,0.7671696891137699,0.5574156807735562,0.2934918893708125,0.07912242394458091,0.02369063603691757,0.008512109640316482,0.020570590172428647,0.05366687551140785,0.008760452064625163,254.06892987546823,437608,0.0743626975081861,0.1652081205916764,0.11601094109937553,0.027533576467798828,0.008596930639921804,0.7233243837952612,0.9615488294980039,0.9356939464807509,0.6525502090983922,0.4202614106513839,0.00894769894191995,0.010006821411310814,0.009102771274046966,0.00808535569140481,0.008755339158664426,0.052139232326298975,0.055166985909805524,0.05325848599895836,0.04985231294400164,0.050902905059047,54700
0.0006498670578002929,0.45194564580917357,0.16963188409805297,0.6782289981842041,0.20927506742807087,0.41446882441639926,0.7636082505667081,0.5473406543565357,0.284248426517579,0.08449151820968842,0.023667472410015752,0.00883826098131938,0.021535817213183234,0.057293777227284716,0.008253601513178391,254.07345057073866,438408,0.07622563054785124,0.16408733671070427,0.11276638871708582,0.02283171781202223,0.008916480359822846,0.7436352351307869,0.960381255675387,0.9315973622854368,0.6343307282912172,0.4558974745181894,0.008531483318656684,0.010212959508882256,0.008520769229332032,0.007388413871555583,0.008088575733171852,0.046987927851514504,0.058913252320053316,0.044581026176320995,0.03968996668201856,0.04551333214186137,54800
0.05110182523727417,0.4346527791023254,0.17115454196929933,0.662291226387024,0.28009543025868866,0.4038220341503618,0.7574366813010355,0.5466587720438829,0.2880712881611257,0.078400491003844,0.023169295620173218,0.009259143015716544,0.021457512103855464,0.05412538087123315,0.007561562935869142,254.0807244617454,439208,0.07438967494294052,0.16451586037874222,0.11188014701474454,0.02495686992587449,0.009308188315049768,0.7347423303127292,0.9573368604512924,0.9338745310281713,0.6480958444230697,0.44582902860862206,0.008613555249758069,0.009911751713940589,0.008719218424327364,0.007903236491769985,0.008060577295341155,0.04349812707514502,0.05086522212467515,0.03980314233497971,0.04314729250515538,0.04070180046902456,54900
0.0007881808280944824,0.4703772282600403,0.16510424375534058,0.6905391716957092,0.23802385451788258,0.42006401464343057,0.7703516408441151,0.5475817307045583,0.2745136302418822,0.08218484156003056,0.023689255197532476,0.009170776507524764,0.02140948032519144,0.055070762127274436,0.008564373651740493,254.08745512491302,440008,0.0769940801244229,0.16478674848010572,0.11266872137784958,0.021768969659716253,0.00815510820077657,0.7379448530077941,0.9625998012685547,0.933291740166514,0.6207839913484513,0.4369271331363258,0.008604458710178738,0.0096732829315003,0.00854093444925782,0.00801738469929594,0.008155838346503907,0.049865821888670295,0.061387868265167,0.044312552583256816,0.04476985825089418,0.04842506488785149,55000
0.032258689403533936,0.453196382522583,0.14528355360031128,0.6506717038154602,0.254205334843831,0.40447039008140584,0.7558844790016256,0.5449502425997149,0.2699568250489026,0.07691070176854041,0.02494917993433774,0.00860052588503789,0.02140978869536648,0.05602246289462763,0.007887547790468553,254.0939956176278,440808,0.07395268106833097,0.16333018734897534,0.1121062263036551,0.022064738904886506,0.009304234973357629,0.721942404210568,0.9617884435604532,0.9330950068390894,0.5998032951979665,0.42446906053958167,0.008470580002758658,0.009701264650109663,0.008623792598803486,0.007553488911865644,0.00817560549786826,0.043428935538977385,0.05057079934025395,0.03901388056313056,0.040103949061452634,0.044404430054321195,55100
0.0007259726524353027,0.47138109922409055,0.16340705394744873,0.6845032382011413,0.2074877487207033,0.42445192232728,0.7653682064084171,0.5530869470010352,0.27725613474385036,0.08511316880171925,0.021444167653098704,0.008889378146810949,0.020482421261883932,0.04992917816625121,0.007642687973449349,254.10670182325512,441608,0.0791662956215441,0.16416433713968515,0.11356159996482271,0.024396055308410648,0.009831490250767664,0.7576612746715549,0.9610185328039145,0.9399167017557143,0.6386684486546468,0.4790666528682612,0.008930338013451548,0.010183136286304417,0.00875525387462729,0.00808132672562388,0.008637994583976918,0.04913842394016685,0.05882254382143323,0.04079350412114342,0.04911965420757681,0.04756074311707787,55200
0.05233064889907837,0.4509346890449524,0.16269201755523682,0.6636084675788879,0.2286420848460334,0.44869301944971085,0.7671983127314673,0.5477207638137959,0.2890757486649923,0.0806156218353962,0.022503443378955122,0.008206204947660903,0.021702376583507682,0.05758019738431487,0.00866356423200183,254.11337440361376,442408,0.08456054175272591,0.16491322730625002,0.11146191344480615,0.024605966992676257,0.008239370714117948,0.7614549416303641,0.9608471440969655,0.9341570829870689,0.6361197420528958,0.4347835473112155,0.009441424112301325,0.010855758003500842,0.009297956253832845,0.008721001330497002,0.008451614525118802,0.05268524460494515,0.06329217787138401,0.04530677981025991,0.05003584912312886,0.049505020725868015,55300
0.0008294224739074707,0.47374888181686403,0.15993501663208007,0.6846054363250732,0.2427329739355438,0.42811583325266844,0.771673700286121,0.5446344561768924,0.2735819118331426,0.08075074852519748,0.024079371280968185,0.0081067966612442,0.021203939738943835,0.058272627636266096,0.008277402937135385,254.1206255221427,443208,0.07860812049359084,0.16424329564338774,0.11154321916577943,0.020809611581715213,0.00832372233271601,0.7473005926609038,0.9654203417824535,0.9347886313194345,0.6095380845980427,0.43995041847229016,0.008734293421730401,0.01000447045875395,0.008490285154220192,0.008240003908642726,0.008136796475564303,0.0569266242068261,0.06579949121649675,0.04678740535567019,0.059332498550489936,0.05607077797018998,55400
0.030816874504089355,0.4491985130310059,0.16390777826309205,0.6625362801551818,0.2563847473898858,0.4107158279418943,0.7737889292960369,0.5533002193527994,0.2823847160999027,0.08701406876909826,0.022279074285179404,0.007940047418742331,0.021024092140541694,0.05681748574160119,0.008717619657921939,254.1332087240885,444008,0.07627816958352922,0.16573703273509935,0.11429337619079484,0.023097766335697826,0.01060143966781745,0.7332783579826361,0.9631842660407222,0.9337269152053673,0.6296886818462539,0.45141720591947976,0.009010548111982654,0.0101004078266366,0.008943617769582851,0.008138918793979991,0.008834466910198457,0.0493724645342445,0.052667926196894185,0.04874443160393511,0.04863101389786237,0.04775005114738471,55500
0.016538500785827637,0.4892633080482483,0.15049514770507813,0.6939139294624329,0.22041817973883432,0.40855399236083034,0.759635926479131,0.550688433420399,0.26707880989486626,0.07892037342569912,0.025291368998587135,0.008426008991600573,0.020811571466291073,0.06128743529634576,0.008197596610758912,254.13972751388027,444808,0.0748559481091797,0.16348389866043664,0.11396486257486366,0.02007139600625376,0.008810655629414467,0.7268405443429947,0.9626162918052862,0.9355363560759506,0.5854992625858862,0.4511709145390163,0.008628612540196619,0.00999173831278041,0.008389720537588402,0.008133564667968612,0.008011845436113161,0.043646419132128376,0.05239828618067266,0.03973467941092249,0.04140248572007867,0.04086717481881675,55600
0.0007053589820861816,0.46407699823379517,0.1697716498374939,0.6848537063598633,0.3068509357317131,0.4149890652298928,0.7667449799180032,0.5421759465914118,0.2842563325224294,0.08042370801846874,0.022467302107252177,0.009031231962726448,0.021360093296178818,0.05070694348806341,0.00787861420862875,254.14635423330552,445608,0.07727835739031437,0.16478250786662105,0.11069223343233787,0.027295944027845624,0.010265878009803525,0.7415579891204834,0.9591789072752005,0.9347994355631123,0.6410622015091533,0.4463566621341329,0.00909063836093992,0.010481218462809926,0.008743388573419667,0.008699818129610742,0.008442660523947359,0.05401440570130945,0.0598944607330486,0.0458964623306044,0.05828990974881944,0.051487112828152305,55700
0.036117889881134034,0.45723714590072634,0.15104929447174073,0.6616972708702087,0.23945251904348158,0.4114184157550334,0.7637642779193081,0.5441440205748497,0.2954125362965797,0.0846102700288436,0.02377495985478163,0.008367551721576185,0.021990173732543868,0.05461424911745652,0.00817445772801734,254.15175974124259,446408,0.07473285585641859,0.16461950982664958,0.11052347939552333,0.02540845940888359,0.009265388089720415,0.7429116892814636,0.962255482162748,0.9311155720454887,0.6585756364651926,0.4465776974136388,0.008367240990046414,0.009618313844919521,0.00837699665642547,0.007918054394306982,0.007703583000354394,0.046270930394530285,0.05301987518976022,0.04420477108257577,0.0437320461046796,0.04491560881306389,55800
0.0006951427459716797,0.47040319204330444,0.1594236946105957,0.6828871631622314,0.2074484635350973,0.429230867922306,0.7700798316339477,0.5449811049870088,0.27825026392784646,0.07970938983620422,0.023683072039857516,0.008516595132012266,0.021833656882805808,0.058089043669478604,0.008482291344173103,254.15904146192773,447208,0.07935967797413468,0.1652242229443737,0.11175133279719197,0.02106709298511435,0.008567220608618269,0.7420838326215744,0.9603655082462111,0.9306755056093028,0.6227234632385021,0.43463124243580564,0.008990116049535578,0.010247253887025663,0.008606357840248017,0.008121901372333571,0.008765120741112962,0.049722880737390375,0.05941435880546943,0.046831931716731764,0.042934991927741445,0.0480203546407842,55900
0.028794894218444823,0.45821824312210085,0.15253530979156493,0.662907235622406,0.27673358324726033,0.4125407311320305,0.7619923987039704,0.5512677403421352,0.28995868733162605,0.08134509382493835,0.02237441407050937,0.008896056436308907,0.021150816952087027,0.055372587217895126,0.00780188882746422,254.1644940146396,448008,0.07683115215972071,0.16369125123431028,0.11317873499839687,0.02510108578477113,0.01099731690968666,0.735447443425656,0.9617316216957269,0.9334344714065715,0.6406895250239699,0.44526524019882824,0.009457173468545077,0.010082321377789102,0.009071655650343234,0.009220977949481172,0.009399036214908275,0.05271388617809865,0.05957123208563864,0.04636442793858914,0.05178076441266707,0.05241144205456095,56000
0.0006240153312683105,0.4835036063194275,0.15426405191421508,0.6901844406127929,0.2568992563901794,0.4158690884709357,0.7659732722319088,0.5472309803640522,0.28442008694519794,0.07767185795681451,0.02250882125459612,0.008968773765865568,0.021016535875261637,0.05318301182468326,0.008671196979819247,254.17484415491862,448808,0.076404006704688,0.16429934464395046,0.11160016708277373,0.023434750214266612,0.00810284250618899,0.7351617181301116,0.96230820251199,0.9385151302492295,0.6474293485587956,0.41444462848500646,0.008644268997013569,0.009955699293641379,0.008596649879237285,0.007972088369198748,0.008017631263088135,0.05370604679919779,0.0623714179987124,0.05003785706452419,0.050320977801267035,0.05152448952436376,56100
0.03575879096984863,0.4522841715812683,0.1542326521873474,0.6574887466430664,0.25375487823287396,0.41794740706682204,0.7664727480217595,0.5506124176360948,0.2825435760252653,0.07935133127269345,0.02233237911947072,0.008752913795785902,0.020972103245122727,0.05516106529815244,0.007955778182362346,254.18369417557625,449608,0.07796471308916797,0.1633968121554862,0.11365892328124828,0.022615299157629852,0.011629085734303797,0.7435331389307974,0.9643441538491317,0.9347739699025631,0.6460520447568687,0.44461923781956453,0.00957678995560856,0.010543034345125454,0.009193243865396765,0.009206210654427081,0.009297416321323988,0.05485984136350454,0.0656690694498674,0.0496045480871563,0.05525296148249601,0.04859916461962407,56200
0.000684661865234375,0.4830500793457031,0.1510525178909302,0.6883919382095337,0.28194980219822424,0.40023243650794027,0.7612168807732431,0.5458732130327771,0.2702644624858319,0.08465449764203707,0.022197733875364067,0.008931473978353954,0.021225010059500858,0.0523855995550906,0.008392961186344477,254.19184383410808,450408,0.07455812248401344,0.16466647857113886,0.11203346003568612,0.022416543366310278,0.011659661709718331,0.7284887462854386,0.9581287236590136,0.9339464235056133,0.6191921098244629,0.4551269633580096,0.009075176576152442,0.010663440899531312,0.00899564052800312,0.008286219037142743,0.008480884402627703,0.04787620645016433,0.05405170143532909,0.04583307537030797,0.044938500222648704,0.046919884728844743,56300
0.03964487791061402,0.45108645915985107,0.15473564863204955,0.6570469260215759,0.20462399834430325,0.42145728409290334,0.7612020235343524,0.5422404299532704,0.29588522660461325,0.08532265510114999,0.023336691912263632,0.008598831527536096,0.021855681808429013,0.05505452334241133,0.00850210729340958,254.1981871850071,451208,0.0776374309137463,0.16476678246347756,0.10971593924887903,0.026257967178926183,0.009154309260446834,0.7477322381734851,0.9586327328470537,0.9345610404982786,0.6532771611454496,0.4461680349737111,0.008728359376545997,0.010070876720742193,0.00878418363314027,0.00769946261337309,0.008333276008661506,0.04523466308135538,0.05188706310539338,0.04482847120055013,0.040805134767045614,0.04328728289260431,56400
0.000633082389831543,0.4619950342178345,0.17354483127593995,0.6865422844886779,0.2770821872663941,0.4120868748426434,0.7619729414582254,0.5499580234606211,0.27207184824205627,0.08290948149849577,0.0234082764480263,0.00891982273693428,0.0212119376643541,0.05354203815527614,0.008470219654482926,254.20560004343042,452008,0.07600142788141964,0.16312464497983453,0.11207897334973863,0.02240252245794095,0.011885329516198815,0.7386076802015301,0.9633014586567884,0.936897604072347,0.629144221260434,0.44539016101619977,0.009409351693466307,0.010421840185299529,0.00962547838385713,0.008710681446384469,0.008932080583204282,0.05410837494302544,0.05964266415219758,0.05353668734599697,0.05294278623713619,0.05037269699571673,56500
0.000675356388092041,0.4792931485176086,0.1568141484260559,0.6887714481353759,0.2307727359000002,0.4253218016028406,0.7778467843977459,0.5511816274272935,0.28382636868654354,0.07758334483064354,0.023790032994002112,0.008318768357457009,0.02050548222913442,0.0533974036004513,0.00977179526521396,254.2152474677743,452808,0.07836091749370099,0.16645800867719523,0.11334307672954644,0.02567445474557713,0.008119163665767738,0.7387631919980051,0.9604846002382522,0.9375906567104529,0.6489898535214601,0.405086786027939,0.009343967302702372,0.010696413581433344,0.009178730852576224,0.008708063062263406,0.008745237285635938,0.054199012044700796,0.06302670494744628,0.05011737792939711,0.05107432122971674,0.052009903657972,56600
0.02963576078414917,0.44647835969924926,0.1578183126449585,0.6574728560447692,0.20812880115272153,0.416214589625597,0.7644321198793173,0.5446275167384196,0.28373953603929103,0.08197717365646175,0.024239798076450825,0.009012904508594195,0.021552405509989225,0.05394678753435888,0.008207216714114627,254.21915146425277,453608,0.07558364015072586,0.16421209941519063,0.11062303223439214,0.02402438484518554,0.008430695188941354,0.7429263919591907,0.9614920254717478,0.9345038620013638,0.6387144423300227,0.4363586448487781,0.00835153712425381,0.010142990427606916,0.008261797799349052,0.007519102183252168,0.007623132161805951,0.04561328724958002,0.05460127124790737,0.04112829793090887,0.04493783601272148,0.04233677786523626,56700
0.0005982518196105957,0.4858035945892334,0.15271322250366212,0.6885306096076965,0.2483358184491533,0.4351715949177744,0.7710275698135777,0.5514613915712412,0.28734884634193064,0.0868410189431615,0.0217755951313302,0.008542342086410309,0.02055831160635138,0.05641828992767106,0.007417686297785399,254.2249431248129,454408,0.0812263149395585,0.1657010305489126,0.1126710505821766,0.023580807228283273,0.009195435165836494,0.7601254242658614,0.959314197970078,0.9399481810056252,0.643255056971211,0.4733035677816808,0.009319922095164647,0.010308573185361821,0.009234743324132296,0.008340739960766438,0.00917092650992479,0.054561354792676896,0.05920173042775405,0.05264458039488928,0.05236799320427038,0.05323058524191744,56800
0.033279342651367186,0.458686089515686,0.14960880279541017,0.6580923748016357,0.20412922297595462,0.4145074668526649,0.7602412762618301,0.5449397609089353,0.2860570242170428,0.08198491884781742,0.02367200843058527,0.009122193223879775,0.021681200080278396,0.060193711413386024,0.008233165433351373,254.22979230381796,455208,0.07675833819434044,0.16399176721230585,0.11157989821801279,0.02367982493657517,0.00854426527917299,0.7364595377445224,0.9607208256084135,0.9299794643214253,0.6241729448401858,0.445817685072323,0.008719822464045133,0.010192803683515526,0.00881271280531743,0.007717719020403394,0.008108994981471423,0.04986781620886178,0.05844834132931469,0.04461836438588422,0.047751283535194394,0.048455147388120796,56900
0.0007236504554748535,0.4698249125480652,0.1588658857345581,0.67972731590271,0.24111125251513324,0.4193425786495209,0.754310797862332,0.5506811769463907,0.28590329439147516,0.0823029981828049,0.023765563443303106,0.009514987799150857,0.02110511577692838,0.05337498193615484,0.008208916086311406,254.24027657244432,456008,0.07758092384785412,0.1630152001826451,0.11377349009166411,0.025555699626464784,0.008965477606551229,0.7488684830069543,0.9604700710436305,0.9334609933833987,0.6395455165088457,0.4575777982410633,0.008846976717468348,0.009806124197149813,0.008792382515218081,0.008617285161362224,0.008162120647581404,0.05011780409782659,0.05259807688928437,0.04476313757412975,0.052690419160210035,0.05025737050424425,57000
0.030036096572875978,0.42967949390411375,0.1734079384803772,0.6570982456207275,0.2340975185087195,0.42243026390671684,0.7667098878684209,0.5461102471158311,0.27750835338997304,0.08187159888998227,0.02482669886201621,0.009879145678574166,0.0210852746876913,0.05701136544433443,0.008564231769433104,254.24784324187286,456808,0.07727534860372542,0.16462171346090426,0.11182203127725705,0.02254480855041291,0.008205755664252499,0.7409689179062844,0.9596835069746772,0.936417551620586,0.6172948618267858,0.446170754218228,0.008680065455846478,0.009898780295581177,0.008568121195846308,0.00783437247669626,0.00839109639464705,0.04879981569480152,0.06011025989163334,0.04352399482316264,0.042600295218357495,0.048389339706214986,57100
0.0007340788841247558,0.48135986089706423,0.14533854246139527,0.6803146243095398,0.2176703641162084,0.41891251698136334,0.7635544799818781,0.5475925234932971,0.28683301370318354,0.07860466155537112,0.024623071444220823,0.008856159035607328,0.0214395852773957,0.058654524633524656,0.00873688089979541,254.25204854238686,457608,0.07640806550160045,0.16480408388699214,0.11149261057994522,0.023685012431815262,0.006521216284801914,0.7362533521652215,0.9590880424518301,0.9355476832142766,0.635345968095267,0.4196039342401014,0.008380696915555746,0.00986376456604363,0.00819437264662641,0.007737141142303988,0.0077114847767162115,0.04809491336345673,0.059090601658824814,0.04219157793293727,0.04241011879838455,0.048459747031649306,57200
0.03297840595245361,0.4499933576583862,0.16040523290634157,0.6634246039390564,0.20142834665037457,0.42600298300385475,0.7640461771233563,0.5445658366382119,0.28711717457011116,0.08054786687467826,0.02411776883993298,0.009218733212390681,0.02058325671125202,0.05675777387557831,0.00817992223830106,254.25691896766625,458408,0.07877471873536714,0.16450952810859232,0.11150944463908675,0.024450050544326644,0.009453277554323158,0.7501871037483216,0.9612390234053713,0.9389260068535803,0.6282506340367785,0.4508094299923293,0.008777727172709998,0.009865121493224518,0.008496542563661932,0.007946697356188356,0.008800491150269372,0.04422453897073864,0.050654562692004156,0.039761850940994894,0.04045192262490732,0.04609023043039171,57300
0.0006954312324523926,0.48157519578933716,0.15674410581588746,0.6890658116340638,0.22530265745560066,0.41460571736097335,0.7658573528231707,0.5540491696258993,0.27810024823013096,0.08497625028844492,0.023867064206860966,0.007916976604078843,0.020747013328916777,0.06052171182573627,0.008962665139805788,254.26329228361456,459208,0.0766872794181109,0.16469459394513056,0.11490648010312919,0.02255984265602341,0.008684349899331839,0.7342466765642165,0.9618415009551847,0.9353944827811888,0.6068132519721984,0.4530787975289103,0.008828702261671428,0.009925549840412775,0.008941896649011691,0.008084613582315402,0.008377006388984101,0.04422410921659318,0.05370818115865368,0.03629620272590956,0.044867311209734355,0.042266690304372904,57400
0.02977670431137085,0.4507116436958313,0.15205877780914306,0.655347843170166,0.22512061931944335,0.42635831668972957,0.7683491802106708,0.5560052320361139,0.2815991110035351,0.07843614635101255,0.021668056966736904,0.008544158490829713,0.020347499599059418,0.05552076740988665,0.008600096512590232,254.2697471656084,460008,0.08008025448769333,0.16531197570230352,0.11499208409804848,0.023761147457574096,0.007589720526849419,0.735732016861439,0.9601515972450989,0.939059186726809,0.6250495627948213,0.4141559781872223,0.008991311565041541,0.010117432527822443,0.008699565177569939,0.008515945156770082,0.008489367345382812,0.05088137772865593,0.05770805203377112,0.04707248275614495,0.047924072902117455,0.04973088476859103,57500
0.000763857364654541,0.47948360443115234,0.16076517581939698,0.6922096061706543,0.21393389588787456,0.4284358933568002,0.7690607372996868,0.5541256156610094,0.2962203397267106,0.08277498681059824,0.022847129357978706,0.007850821886112165,0.020921748633366176,0.05392728984616879,0.0075236483376242775,254.27684261284253,460808,0.07888818033039573,0.16561381468205782,0.11412657565712311,0.02534707763641712,0.008870225151899967,0.7584790474176404,0.9605429976889234,0.9350373108769948,0.6673464354685535,0.4655075543320056,0.00893303742632269,0.01029738277938325,0.008890349123569044,0.008116771032862772,0.00839773249409171,0.043882000208832345,0.05228601924812837,0.04108940127156095,0.03967084924820897,0.04222969052660251,57600
0.000773017406463623,0.4664566922187805,0.16563141107559204,0.684573028087616,0.19768695542307446,0.41111450359225254,0.7671478977328853,0.5451002337184613,0.2773792277833429,0.08178828841146947,0.023842541873455043,0.0083184573315329,0.02107067493603143,0.05830612748089914,0.007935075103047827,254.28410326969552,461608,0.07508708253502847,0.16487369866747603,0.11121078085738655,0.021957452276091305,0.008216770486727079,0.7337705838680268,0.9609533269154397,0.9362264199584135,0.6175416151080461,0.43832646167049033,0.008366907513700426,0.009305914832083026,0.008389423927748756,0.007810748034072192,0.008016498081045797,0.04898103882558644,0.05608428167914482,0.04597023258661377,0.04683728675085188,0.047486092870643065,57700
0.032088286876678467,0.4562415599822998,0.16087832927703857,0.6699648070335388,0.2166634646015922,0.414816103130579,0.7633732731612222,0.5429856414026247,0.27845218293752844,0.07882299863455282,0.023277824465185403,0.010833671285204143,0.021635675029269344,0.05535705672509814,0.007710539130052612,254.28929601123386,462408,0.07621693075634539,0.16452065250783585,0.10986428891049053,0.022973257288595984,0.0072662974183637435,0.7338093212246896,0.9586987779387889,0.9362511423116174,0.6208151041232436,0.43616695313657056,0.008549322099424895,0.009696555681930811,0.008424155333949648,0.007959409768107476,0.0080475921983173,0.05133477166295051,0.05800497185720026,0.04973890356047721,0.047856911075944794,0.04921470709162723,57800
0.0007718920707702637,0.4819516730308533,0.15936673641204835,0.6944912385940551,0.3281704820908293,0.4201555964350701,0.7676150235411242,0.5447257614725243,0.2742897439159843,0.08019926088848749,0.024695879723876706,0.010478981749311984,0.02189747940820572,0.06094810051451385,0.009073332109172157,254.2960286562082,463208,0.07794847989454863,0.1649874301805885,0.11110120895062836,0.022200138986992992,0.008555456227845723,0.72861429810524,0.9593929860689872,0.9313210415971152,0.602405234387046,0.4250093262161365,0.009083841193933042,0.010375840374647073,0.008957914386333502,0.008481779212965381,0.00838701169532345,0.05694351385813205,0.06350451965548409,0.05991771488430002,0.050207080219038996,0.05360264082006998,57900
0.031612520217895505,0.441049747467041,0.16825324773788453,0.6606998443603516,0.25562287559481345,0.4195123291015625,0.7547784636935917,0.5500985325993712,0.28260610147220355,0.08366396530863626,0.024447475401684633,0.009208530291332312,0.020851025128787448,0.059041235827636415,0.008311997192043665,254.3044896832886,464008,0.07711250979453331,0.1635583264144113,0.11298868984386726,0.022303898623440326,0.008562784159939787,0.7392217609286308,0.959027076784469,0.9371649213739344,0.618824618037155,0.4461715514935443,0.00864436126779765,0.009567075759896307,0.008630613970092016,0.008086844071427856,0.00825311261201137,0.04893078197725119,0.0528072210611396,0.04532226387512035,0.0503511819943059,0.0467120141315101,58000
0.0008018159866333008,0.47534779787063597,0.1686150288581848,0.6955974221229553,0.25493708747523797,0.4277775903046131,0.7646992220832974,0.5484023150436728,0.2934106070840475,0.07883411635162006,0.023138085585087544,0.00859110487171596,0.02145817731649672,0.053038328605265764,0.008844533139786132,254.31515158341017,464808,0.07927794823423027,0.16465505636765046,0.11299255347753667,0.025021983424712936,0.009206423754755081,0.7500340139865879,0.9602979852252028,0.9319289791948945,0.6633431116739907,0.4258892820143573,0.008934620514046402,0.010186440204426158,0.008654823624148811,0.008260881634401704,0.008571545155816445,0.04443378925323488,0.05306048925440205,0.03996645424952167,0.04299373078780873,0.041116455679574115,58100
0.033272109031677245,0.45174700021743774,0.15616467952728272,0.6580647945404052,0.24293976795149277,0.42613170951604845,0.7611004291818693,0.5441635479479268,0.28392740501009894,0.0884217378643758,0.024458316429518175,0.008481327341612003,0.022225685857312053,0.057146993087793606,0.008482177503421869,254.32835859215197,465608,0.07822757540270689,0.16475349915428808,0.1114530468614876,0.0230196824905818,0.008468128028672507,0.7539383614063268,0.9583632903030289,0.9287115374797483,0.6393170552553182,0.47083149850368494,0.008718837471678854,0.009797455550422175,0.008569878670221498,0.008210221669920111,0.008241581059298767,0.04655173451465089,0.051158638378323136,0.04345096273851214,0.04968866889375137,0.04124998249221305,58200
0.0008098626136779785,0.4879104995727539,0.14854884624481202,0.6883878087997437,0.3153601251212582,0.4228283213078974,0.7638921147645121,0.5459383405856232,0.2874539161675443,0.08429557907788511,0.02325043013319373,0.008681801670158017,0.021330540239885096,0.05099117018230192,0.00899357423292134,254.3383432610102,466408,0.07798507977277042,0.16544919513692757,0.11185848041998206,0.02487398247195357,0.009746183393483253,0.757003382146359,0.9577349836778157,0.9319311149084748,0.6682683521899107,0.45798715455009353,0.009053159037139262,0.010642185470917156,0.009076479459830112,0.008181279742759541,0.008343359733119927,0.05344765575136991,0.05858300503042309,0.05763336606509054,0.04669650588576272,0.051237062922116126,58300
0.03348420858383179,0.45079525709152224,0.1584616231918335,0.6609801030158997,0.2082444875339913,0.41635785743594184,0.7686246040508837,0.5447731456864428,0.28511092474161104,0.07651674399031931,0.021855171602219333,0.008081141396586401,0.020970808690760144,0.0496906982826555,0.008118157883160816,254.3486289907973,467208,0.07701241699978706,0.1644639945423542,0.11125683612260383,0.024965430604147132,0.009962357669855601,0.7449369603395459,0.9634882287325587,0.9379825699868513,0.6563334758645798,0.4290953477223716,0.008836868593934925,0.010059364489870637,0.008920993852480566,0.008076403689171589,0.008323444502974925,0.04752513697487301,0.05843689899151755,0.04125132323090622,0.04536767870479085,0.045220837704211814,58400
0.0008192348480224609,0.4575151801109314,0.16952764987945557,0.6788799118995666,0.2776637386116415,0.4066237019002437,0.7657688448303624,0.5436167292105846,0.291585122190771,0.08269039846429264,0.022480240007862442,0.008881419189396857,0.0216158342953676,0.05441748494745563,0.007950132301147314,254.3632206653108,468008,0.0757246454432607,0.1643616642606886,0.11082299791085408,0.025859817079017074,0.012623937811859075,0.7371079468727111,0.9612671936813151,0.9326620936393739,0.6535679086175543,0.44978826183133414,0.009482555286958814,0.011129650877984733,0.009195875054082037,0.00836290321041825,0.009281531948827016,0.05439212190452966,0.06405599804987253,0.04929493343791907,0.04746544531117831,0.0564583040262877,58500
0.0007625412940979004,0.45515904903411863,0.15472076654434205,0.6605260729789734,0.20252398156984394,0.4232342912256719,0.7702720334770481,0.5509531204791168,0.27512026105135207,0.082751332038042,0.02172482453286647,0.007772287145340299,0.02136289657589617,0.05280459753518536,0.008491192138074278,254.37172423655264,468808,0.07906439835205675,0.16507341405120443,0.11381148984250825,0.023652225040470955,0.008870477517442906,0.7391716337203976,0.9636626683790753,0.9314678706552671,0.6213708882609372,0.4422471700102514,0.009033617032691833,0.010241631664113572,0.009038415076919711,0.008376609102857337,0.008363494874561951,0.05252548499265687,0.057802372978393544,0.04920330215827564,0.051025266548441285,0.05130281200984483,58600
0.032174787521362304,0.4786019134521484,0.1517837119102478,0.6839213705062867,0.20028902050441313,0.42054887905716876,0.7612795540346549,0.5545563407803097,0.2907029544852047,0.07848657530002995,0.02219269975088537,0.008652555684070994,0.02081332139931218,0.05192529063745233,0.007597618100343484,254.3759560206449,469608,0.07793085310608142,0.16422334155784207,0.11475114944961763,0.024880150520573078,0.008826813461566387,0.7444816529750824,0.9598379865861854,0.936273331924151,0.6607547143997223,0.4318176026414768,0.008756425871979443,0.009916481982844958,0.00886646858216213,0.007840971830599194,0.00838242368107395,0.047642253772355606,0.05653635172236068,0.04024009357246583,0.04570612349900703,0.0472474945066818,58700
0.0007295489311218261,0.4522988820075989,0.1653485655784607,0.6665871739387512,0.20970421649161713,0.43780968040227886,0.7632991495636596,0.5519642635677635,0.30449457600423446,0.08467363308937775,0.02129409609362484,0.008595213203768895,0.02138800212454175,0.04765987249308274,0.007720451857451177,254.3802966194735,470408,0.08137205228209496,0.16453683146558679,0.11319621062178291,0.02852870535797178,0.009110807898212921,0.7736214238405222,0.960705623752745,0.9347294391541002,0.6997827823879653,0.4776712854703267,0.009096085322089494,0.010231738222869621,0.008974570045875527,0.008585994990849955,0.008402514522747378,0.048219303870573625,0.05561681341232186,0.041634477193603324,0.04724143589259062,0.0466018715213058,58800
0.030736770629882813,0.4611053943634033,0.15068109273910524,0.6635637187957764,0.27663174024227355,0.4165113154053687,0.7652706390772108,0.5497685669362541,0.29143177605036524,0.07886025312262167,0.022011446431279193,0.008595336099656733,0.020321599442977456,0.051382689322862364,0.008188281650317528,254.38509181614353,471208,0.07730131331831219,0.1656333046081738,0.1125698936730623,0.02632351372405095,0.00877546809235777,0.7462136459350586,0.9572750806808465,0.9425788414478296,0.6650308849233568,0.4353159098809471,0.008706808248534804,0.010005540352983358,0.008494977159425631,0.007930571483824441,0.008430520020839253,0.046543688378296776,0.054837903005476946,0.0444728357787244,0.04451782542581888,0.04266890350972179,58900
0.0006959009170532227,0.4743286967277527,0.1542954444885254,0.6807823562622071,0.23654564852071971,0.4144200192391871,0.7711705330557421,0.5474478892289873,0.26544528220864827,0.08457459040831049,0.024839151529595264,0.00833268045892783,0.02132242016972659,0.057010827372273885,0.008945371562581435,254.38964652314144,472008,0.07512160602957013,0.16632175335449548,0.11183341419517674,0.019774971065238473,0.007824538101576576,0.7282006892561916,0.9592179949647688,0.9356802591209207,0.600661472027952,0.4353829201349278,0.008487343068700293,0.009793888243016205,0.00849456532191627,0.007711215579712932,0.007993516805053683,0.049566101259551944,0.055963134968864375,0.04627673744727841,0.048198519613255164,0.04752601722264952,59000
0.03489204406738281,0.4526927757263184,0.14697790622711182,0.6492092370986938,0.2714562436542669,0.41069688871502874,0.766193851326289,0.5508569875344418,0.2936381207347954,0.08374004425214872,0.02619116326794026,0.010156652690016062,0.021379422656435346,0.057726542971719155,0.008744498927440812,254.39440662083936,472808,0.07323819100856781,0.16394713286603435,0.11318090157157872,0.023184638478545117,0.009194096967302343,0.7402233621478079,0.9608989133593737,0.9339027489502424,0.6534452485205307,0.4465350897944705,0.008289352878928187,0.009632490755822716,0.008112788916598562,0.007727710971421684,0.007903233263166432,0.04732978743501006,0.05693247266050973,0.041656568566063014,0.045215674277443774,0.04678120610912389,59100
0.0007916307449340821,0.4825731635093689,0.15720115900039672,0.6926845240592957,0.257541737797013,0.42710169285535826,0.7669186496406523,0.5577080782209886,0.2869067145734313,0.07824382688372565,0.023672173875384027,0.009405482259745617,0.020412031665779228,0.055748102145991366,0.00821871183729038,254.39970312116603,473608,0.07864849602803584,0.16458632038273938,0.11588261012783217,0.02269164733499573,0.008560615537377704,0.7431122338771817,0.9612724789238847,0.9372625414575078,0.6475972573152571,0.4243683497111003,0.008885551949497313,0.009848858909083342,0.009127384894056612,0.00814542129332796,0.008381142338307982,0.05192953274119644,0.05981878748744587,0.04887067641686191,0.05008460112299286,0.04787932555788219,59200
0.030332539081573486,0.4259927272796631,0.18602137565612792,0.6645644497871399,0.2325285725138994,0.4180663153529167,0.7672952810923261,0.5530680275023588,0.27148092317360395,0.0818538368015625,0.02218916565179824,0.009042753087009726,0.020466212853507096,0.05354611599256121,0.00829705701857965,254.40293154241263,474408,0.07763898558914661,0.16397185492164956,0.11480369018108556,0.0222918502382796,0.00821358466166647,0.7391997900605201,0.9646545835569791,0.9373314802092731,0.6179514609316679,0.44108058419524215,0.008826418397948142,0.010190652662833383,0.008736198245914588,0.00816919700681138,0.008174622431397438,0.04805103937396776,0.05683427483103623,0.04551003614412338,0.04455762185038082,0.0450443145807869,59300
0.0007184338569641113,0.46015438318252566,0.17265629291534423,0.6860865902900696,0.24484638365149305,0.4118055035173893,0.7694457682532879,0.551881252245589,0.2713965176187491,0.08032160354872249,0.024418767304159695,0.009573770638428921,0.02035515338878382,0.05612240580639621,0.0076875949070925355,254.40837535144001,475208,0.0757238799147308,0.16577876130839705,0.11312779907014342,0.023259535402362967,0.009391482583731608,0.7298011741042133,0.9574293188713301,0.9412107575725726,0.6100421283579519,0.44036785309964965,0.00897661568131298,0.010115358547948714,0.008390806367170524,0.008519666912076292,0.008880621452599468,0.05006133538670837,0.055946428946514214,0.045651724413651354,0.04702947189298149,0.05158384756250962,59400
0.030101454257965087,0.45332362174987795,0.14793856859207152,0.6545835542678833,0.22486560507425232,0.41956345051527,0.7668632673707231,0.5364317446260413,0.29647676968107084,0.08000198121105019,0.024352356046438206,0.008611620419389782,0.022514874622019756,0.055626614124276746,0.00853101428947412,254.41692794948253,476008,0.0767016294598579,0.16547860133456643,0.10888370432062631,0.024924130738238084,0.008877700906547645,0.7511174154281615,0.9613740644990442,0.9271156713709857,0.6637925978969131,0.4402041267603637,0.008401855262927716,0.00993097974684708,0.008140418354490522,0.007734830902122395,0.007916743285022676,0.039936304781585955,0.047536983896783985,0.035556911673259466,0.03620496330161892,0.04144773692678426,59500
0.0006474137306213378,0.4357602620124817,0.15680234670639037,0.6452078223228455,0.2375577739591529,0.41743891701102265,0.7635667956055112,0.5445433208091782,0.28491287184270775,0.08344609995964417,0.02210609962232411,0.009270877715424836,0.0209566940408406,0.050143991283435954,0.008329746477406825,254.42470020327025,476808,0.07720485605299474,0.164054478233184,0.11114733329220634,0.02532458797228249,0.00965089190710023,0.7516517579555514,0.9612392261998742,0.9360911447798191,0.650602186744537,0.46444742785298787,0.008709910898469387,0.010148983827824858,0.008299585567534554,0.007989226772576262,0.00840791764214929,0.045957989428425224,0.05858332828452443,0.04093381614850168,0.0457054283276865,0.03875418504117411,59600
0.0008070850372314453,0.45495502710342406,0.15338463068008423,0.661593279838562,0.19552628502466896,0.4028040698170662,0.7661818552538343,0.5501695654894173,0.28047922721833307,0.07825496587813184,0.02453407106921077,0.008326053644512667,0.021044531119007025,0.056413119616106566,0.008646259347253151,254.43052247628998,477608,0.07311300786212085,0.16524886881393147,0.11288423167639654,0.02383127754314914,0.007687278979783205,0.7208025768399242,0.9601874191904324,0.9347810447216026,0.6220850345738439,0.4196403097878232,0.008178843352943655,0.009635697319961148,0.007994082013733295,0.007588581951044568,0.0076868690184928035,0.04448659889400005,0.051049698078037935,0.04305714323234398,0.0428381940614808,0.04175885572904747,59700
0.02936981201171875,0.46920123100280764,0.15595370292663574,0.6783445835113525,0.2448975076099811,0.4269581298530104,0.772602073958355,0.5542974340610013,0.3006864188978423,0.0827767631874002,0.023289397577755146,0.008418283236311663,0.0210030033157613,0.05630381128296778,0.007992918407280699,254.439036494991,478408,0.07894924551248546,0.16512885631011626,0.11474474045710684,0.02605875034058402,0.010233116799534241,0.7500140208005902,0.9624298561382765,0.9348005948922576,0.6621121770173467,0.446263625704009,0.009023990011774003,0.010013372596041329,0.00887112096668437,0.008254848263839534,0.008935438322242846,0.0475126238260418,0.05498449477766242,0.0418624020372637,0.04533519206016361,0.04760283253068478,59800
0.0007549571990966797,0.4528519654273987,0.17588921070098876,0.6808422064781189,0.21133716920825882,0.4170749515295029,0.7591185036301609,0.5433527464245234,0.2908560312842124,0.08284182529993003,0.024558164738118653,0.00863347024249378,0.021536124159304525,0.05643133409789094,0.007837224439561002,254.44712563650577,479208,0.07633058691397315,0.16419735409319394,0.1111477901762787,0.025339922713558078,0.00922161185332221,0.7433601140975951,0.9601525205373762,0.9297721633251688,0.6454862157503759,0.4481810318991309,0.00864509711042047,0.010262746689841163,0.008586834506825248,0.007714463144829961,0.008081533856825049,0.04615590710891412,0.056743685802211986,0.04407019367406861,0.042663943108605,0.04117817914600781,59900
0.034996929168701174,0.45089226007461547,0.1598156499862671,0.6618444633483886,0.19604161922106422,0.42034203186631214,0.7580753826513524,0.5413785682274742,0.28173783319598095,0.08282409977920838,0.025550578562542784,0.008244790914809183,0.021761272890636535,0.06028561757982903,0.009182348579881676,254.4547353185091,480008,0.07693505205214017,0.164042574603383,0.11051107136866985,0.022362384928680343,0.008663986730290216,0.7360579371452332,0.9607070669895263,0.9326261495932553,0.6147106804375377,0.4240459340049861,0.008560786633752291,0.009419457469044658,0.008803033026365138,0.007950871864351323,0.008060980055659514,0.04577763989102095,0.04805300239837024,0.04047626710186403,0.04564080188349591,0.04894959753716092,60000
0.0006618809700012207,0.48159051179885864,0.153128981590271,0.6900324058532715,0.2139038810461766,0.41865857169032095,0.7615340835110276,0.548509134859829,0.2797075716157756,0.07957317052777808,0.024346227822825316,0.008426493230183121,0.02157680411659347,0.0581957031351824,0.007872671033090297,254.4598589278312,480808,0.07732840947806836,0.16491711344481655,0.11361626294124261,0.02329357765182587,0.007590891255614195,0.7329527756571766,0.9584584620326614,0.9296324767254215,0.6218697840259192,0.4281305516431779,0.008685336892958733,0.010075807425754037,0.008476486595879714,0.008021181739778034,0.008096981836189766,0.04321219029952773,0.052077538961151804,0.0375036474740757,0.04133276402218531,0.04099414839532206,60100
0.030652210712432862,0.4728630709648132,0.14314945220947264,0.6697370338439942,0.21935572707495493,0.39630821436643604,0.761796179820191,0.5459031960835641,0.2751885598563415,0.07888051435916818,0.02294920046813786,0.009033426506820522,0.02173118040595643,0.05274918049155754,0.008917308389105276,254.46568963100617,481608,0.07257825635373594,0.16463112255389042,0.11208005236717415,0.02277658677336817,0.007852616050513466,0.715977030098438,0.9589630646461788,0.9296709760731343,0.6232955166879973,0.41154161840677267,0.008119578992482274,0.009480746029029511,0.008374630263550028,0.0074455254575788825,0.007407608613513209,0.04887960381427545,0.055873472112249425,0.04755694970121043,0.0467319145575356,0.046468209675627536,60200
0.0007041668891906738,0.48330909967422486,0.1547325849533081,0.6876066541671753,0.2442868003719128,0.42318458586931235,0.7686439287502137,0.5443561542452436,0.28687003188168847,0.07997216568669173,0.024063492217101166,0.008542971810818792,0.0211915644811608,0.0612305622265225,0.0069005391841595294,254.47138041744023,482408,0.07782735210843385,0.16501168779728118,0.1109593915834762,0.023373537875285674,0.008742137120400619,0.7403319466114048,0.9613666021235856,0.9353058156911392,0.6244465299506692,0.4508768732954816,0.008915002893190834,0.009991090870023839,0.00894186502780046,0.008464017119582983,0.008164208242669713,0.04984450221061707,0.05768383817221017,0.0458979830799396,0.049393961155110654,0.045050558815823843,60300
0.031201512813568116,0.4748530983924866,0.1492747926712036,0.6757165169715882,0.2213328435979522,0.4068080163002014,0.7565570367115161,0.5538981264545804,0.2834589008850103,0.08440070513116063,0.023505354383960377,0.00912006307060327,0.021052799216427262,0.056058392532131816,0.008201207091685307,254.47655106814818,483208,0.07518787639215585,0.1635791568616249,0.11546182103809863,0.02415786903204246,0.008780035954293643,0.7348939010500909,0.9616486746505654,0.9322284996509556,0.6294061200959341,0.4495275536248854,0.008405613398645083,0.009685197041250319,0.008220564406586896,0.007913057718483005,0.00797005865268064,0.04148234583204615,0.04731313440839465,0.03905567652434996,0.04091144303971788,0.03951856139830727,60400
0.0007310652732849121,0.46797282695770265,0.16394881010055543,0.6847285079956055,0.24608990486070598,0.41617817297577875,0.7628500191176811,0.5387373081364555,0.2804793872083853,0.08020557704936673,0.02338311556261033,0.008331277075780142,0.022207978827615518,0.05395593872357126,0.008292592453977286,254.48444807969497,484008,0.07657086023129525,0.16423520351328505,0.10801463597576025,0.023966458728378708,0.010204978784630923,0.7450863739848134,0.9627441731894886,0.9338113478341027,0.6347623626583987,0.4524622905736018,0.008929498419165611,0.010132264116460964,0.00879595877422283,0.008353940042829846,0.008411842508881235,0.04723665994592012,0.05331649616724104,0.04290095485590829,0.04539971715020178,0.04703546531329097,60500
0.0007046031951904297,0.4513127899169922,0.15521793365478515,0.6596973752975464,0.23327297735280209,0.41828256502747535,0.7675447329398121,0.5426513062459282,0.28478741787236045,0.0772895128263727,0.02516415093094111,0.009846222154127674,0.02219325409784358,0.055974161832300195,0.007935587355978374,254.49515731424205,484808,0.0764368880912661,0.16476871521883132,0.11068694039343673,0.02394311643136596,0.008933757428641687,0.7401043123006825,0.9595312101225704,0.9277535178393961,0.637479807491656,0.4205203914771908,0.00852653685957193,0.009822757892130355,0.008623344514727878,0.0077419951256295595,0.008024618730617125,0.051941213991958626,0.05796636677327098,0.0487095660641006,0.049411090768882386,0.0525792621192522,60600
0.03635712623596191,0.4817785692214966,0.15527427673339844,0.6911524629592896,0.20979019225342363,0.426868389546871,0.7734400102396329,0.5471521659195429,0.297840646740811,0.07860075522746358,0.022387618650682267,0.008628799164507307,0.020989148137159658,0.05661792465027691,0.007909532199292217,254.50195160067102,485608,0.07860398244112726,0.16532963557106456,0.11173383690416813,0.02404768554138749,0.007761398262144729,0.7453740805387494,0.9620340204124816,0.9363938409090046,0.6647811999637127,0.4172856583481743,0.008691764329560104,0.010022505358057578,0.008495199400931594,0.00791042915015425,0.008228001368808613,0.05565407578833401,0.06417559228980085,0.05061926270835103,0.05205667141866125,0.05506881796976639,60700
0.0009430074691772461,0.4547516226768494,0.15380489349365234,0.6604831433296203,0.23140404384653748,0.4043975983560085,0.7613819322070561,0.5396691951258424,0.2877752277149159,0.07636211824625028,0.02371510181576014,0.008230932107245598,0.022257317527394575,0.05679306316515666,0.008106466136916075,254.5090316896751,486408,0.07401290120556948,0.16421255251845798,0.10983695614660896,0.02454465407485775,0.007901394960936153,0.7292742910981178,0.9613565860567868,0.9291834408426527,0.6387019632431458,0.4238136463387066,0.008211076846346251,0.009520717171599738,0.008018831899068485,0.0075539059837722265,0.007867843934962915,0.039139926345087596,0.04764028846009355,0.0344704275129574,0.03644597188092128,0.03870295100130666,60800
0.02936563014984131,0.4679907393455505,0.16901140451431274,0.6871856021881103,0.24889449227950072,0.413939493894577,0.7664910842210824,0.5438836006726613,0.27764448102074446,0.07064160957466808,0.024975521001033483,0.009936427930369963,0.021801090790273772,0.060789095950453995,0.007468732139095665,254.51459054524122,487208,0.07615685600787407,0.16468784281840673,0.11168360076664724,0.021458725655460833,0.007220111756469124,0.7245508366823195,0.9601257718526397,0.9289414980561261,0.605504535063349,0.4011767718195916,0.00838582573691383,0.009387594917550292,0.00831922190601304,0.008034242006639635,0.007826103643747048,0.049920480868313466,0.05570572694071022,0.045204920386040695,0.04879324410270635,0.05027643544482997,60900
0.0007013988494873047,0.4477815628051758,0.17003202199935913,0.6683639073371888,0.2512636439740627,0.4218574433028698,0.7691122912443603,0.5457918803828461,0.27865022388952104,0.07474743975816599,0.024144580475986006,0.00936995992826549,0.02095092580808946,0.05640351742151236,0.007891559868585318,254.52059694155585,488008,0.07776405997574334,0.16473646225550997,0.11139683644675336,0.02355813133264225,0.008477180270404608,0.7370569270849232,0.9624056818966679,0.9378768975536027,0.614457257872536,0.4229303752121171,0.008741345829330383,0.009959838547869226,0.00879550701938569,0.007990655640051478,0.008182395859866553,0.05027597310952841,0.055667918641120195,0.046996745062642765,0.04760492414546512,0.050639169935235075,61000
0.03123548984527588,0.4713325238227844,0.15803565740585326,0.6803879022598267,0.25238848328382635,0.41276927664875973,0.773613888811279,0.5528651387989518,0.2884987159870391,0.0828445519829912,0.024168554767966262,0.008590572065568864,0.020952946748584507,0.05492804599709292,0.008725322260558055,254.52968153987163,488808,0.07512447258457546,0.1658272183203434,0.11393340114504102,0.025485714617033688,0.008142440174385146,0.7370638948678976,0.9607161542216499,0.9341299101710321,0.6417116173478062,0.44338323388780887,0.00835345915518701,0.009652695605776961,0.00850022027269005,0.007565168009767699,0.007878923878128746,0.04621079831849782,0.05086151665015208,0.042341194450855255,0.0447957501660079,0.04735230270250161,61100
0.0007126593589782715,0.4561187505722046,0.17077534675598144,0.6778208541870118,0.18031118696475099,0.4156155271828172,0.7598751635778517,0.544847877410354,0.28015771737167,0.07728280408673312,0.023789026155136537,0.008379389384173824,0.022077629076583036,0.05977723529698168,0.0077590818283522385,254.53438234823486,489608,0.07691413307562478,0.16388109148967833,0.11145176501974219,0.021877816815200866,0.008858146648920866,0.728664428591728,0.9613361077649248,0.9277608517616515,0.6154408433164162,0.41884934702558374,0.008749205470085139,0.009511023393965184,0.008843288298637154,0.00834166528754092,0.008273053778397826,0.046154094361700135,0.05078658348703312,0.04413188091681282,0.045805763334404496,0.043648138294736155,61200
0.03292253017425537,0.4617624258995056,0.14255431413650513,0.656365921497345,0.22152952297287426,0.426306067854166,0.7608817145599058,0.542452806624297,0.29605265565820615,0.08626493581570696,0.02241902322508395,0.0089818710711465,0.021769757863464897,0.05237384260808295,0.008909866756875997,254.54023546020412,490408,0.07929738454520709,0.16475956067813577,0.10955799118589578,0.02768286805272706,0.008772476008743984,0.7563503283262254,0.9573185168095489,0.934098513326912,0.6611336682293869,0.4522621473670005,0.008648713212460277,0.010012588340937342,0.008380838545805238,0.007915709283504935,0.0082426732359454,0.048559912387281634,0.05450980839741168,0.04591362467079172,0.04495589900761843,0.04874550712993372,61300
0.0006912732124328613,0.47137913703918455,0.1587967371940613,0.6782694315910339,0.19598397837512474,0.41053640857338936,0.7642657897235205,0.5550258025987862,0.27387583108854935,0.08140498046569605,0.025418314272537813,0.008581801999058012,0.0210642126033601,0.060642028192469215,0.008377811768885227,254.54772280003678,491208,0.07506951646879319,0.16472010142828145,0.11542128114817071,0.021573831236532122,0.007956034498114013,0.7253822937607767,0.9598072726689088,0.9319217960859079,0.5983515191525921,0.4393115760666306,0.008424010265152904,0.009712440412764619,0.008612992495211979,0.007618504757839887,0.007873614038580497,0.04794654131401329,0.05756799891561814,0.04644802922488562,0.04418718731774125,0.044252260841687444,61400
0.030102558135986328,0.4563830614089966,0.14741504192352295,0.6554147911071777,0.23122908997066138,0.4249142599105835,0.7594616093704006,0.5545070556182307,0.27716994076161783,0.07849519690498713,0.023032164340838792,0.008186638878288561,0.02061783241614412,0.05851093568411227,0.008214637031778693,254.55379260534252,492008,0.07925528910011055,0.16412543152507986,0.11395232723031232,0.022121843542098178,0.0076764794596238025,0.7442985847592356,0.9605508398211176,0.938353615767747,0.6111626219105079,0.441589057743549,0.008802366121672092,0.00995929381680902,0.008801180082689784,0.008201311052953075,0.008150574238970885,0.047540800571441645,0.05388869527887787,0.04261057767384116,0.04444534044108685,0.048848680807277584,61500
0.0006808185577392578,0.47828409671783445,0.15207326650619507,0.6816142535209656,0.2750150098792801,0.4121557953953742,0.7611277605357922,0.5492309690940951,0.26680580622966016,0.08112507826419324,0.02279999957419932,0.008411691863530961,0.02078974292657915,0.05314491689205168,0.008009064948448358,254.5634193403597,492808,0.07748301504179843,0.16381363570690163,0.11187813264273466,0.02232776991142638,0.014470007489365165,0.7379996055364609,0.9616144519103199,0.9395042830989475,0.607205554917084,0.44396343722415327,0.010182708222419028,0.011654610157405078,0.009707667314935296,0.009866350696454591,0.009598211165349087,0.054385926704853774,0.0635565921933831,0.05218050675244913,0.05615484665161862,0.04617064448316868,61600
0.0007515525817871093,0.46632660627365113,0.14702813386917113,0.6644397640228271,0.23641469960998698,0.3978077669441702,0.7647577471203275,0.544789414241831,0.2764836410843882,0.08505587273788065,0.025078593092039227,0.007812013538205071,0.021809668511783,0.05912139381186292,0.008676066094191854,254.57695904015299,493608,0.07174720361828811,0.1644319893585313,0.11228952420845874,0.021370997012671165,0.009234524169434643,0.724163897037506,0.9629286958111652,0.9293194709631498,0.6138792363839728,0.45618626461600364,0.008402643003500996,0.00999695709130416,0.008051553598196096,0.007579334006235701,0.008197884880057819,0.044508309694938374,0.05193496243769511,0.03989416860517056,0.0409559314944303,0.04586998760820395,61700
0.03126812696456909,0.4783356857299805,0.15349706172943114,0.6829098701477051,0.30272118985165053,0.424177298694849,0.7729436841148599,0.5555022261678217,0.2889547237370274,0.08040288388912613,0.023010849496349683,0.008412398484394483,0.020823420506010572,0.055452466935454185,0.00770208251368933,254.58668584247684,494408,0.07864250373095276,0.16544899330116225,0.11523441241227368,0.024076854270689268,0.01028695927182754,0.7463573402166367,0.9604719467461115,0.9357282111351504,0.6502034383835172,0.4482041292002634,0.009218418849632147,0.010318410170909299,0.009241259049245706,0.008545388933271156,0.008740008657275151,0.04902201246673943,0.05799444880568237,0.04714514029864098,0.048460311531394754,0.04211645545133987,61800
0.0007931160926818848,0.45601998567581176,0.15334442615509034,0.6615911936759948,0.21834873377842906,0.4174947306513787,0.7635758531854511,0.5524597783978474,0.2788816955629115,0.0840385144983884,0.025112325707450513,0.008037923268002886,0.020637651491001177,0.06017438671441295,0.008170136753809253,254.59704073849727,495208,0.07666494259610769,0.16451264307536986,0.11374672373943928,0.022687107486809233,0.009601729153170402,0.7405814462900168,0.9618989327486529,0.9397795397128781,0.6128775183623434,0.4473806060850622,0.00879679583013058,0.009818132513480144,0.008796296329749983,0.008588840465515992,0.008025815002232177,0.04566008469555526,0.05301915888149445,0.042114817775768074,0.04536152588671418,0.042641599007765756,61900
0.03110579252243042,0.4814168882369995,0.16270132541656493,0.6966803026199341,0.21405510919646584,0.40892353177070634,0.7639402361113794,0.545922438505337,0.27736780912147313,0.08580484630085077,0.022066782638430607,0.00847774138251908,0.021581896930592624,0.05189458336295087,0.008064210334951532,254.60809912886097,496008,0.07531253992579873,0.16404946055745842,0.11174898787500899,0.023448219495087155,0.009439763882892704,0.7416534864902496,0.9619960466814779,0.9308127034739192,0.6355276166466235,0.46834386878299267,0.008648613630793986,0.009837153782691666,0.00851441141416503,0.008051771957697485,0.008244189807140876,0.045741403256542995,0.05464576029850875,0.04431181967844666,0.04081245786341519,0.04350349319506495,62000
0.0007940745353698731,0.4791817474365234,0.16034125328063964,0.6910492563247681,0.19615334487914346,0.4274202790856361,0.7595678275433665,0.5499368719945705,0.2839600597367143,0.07762856244143708,0.023157582627609374,0.008904700306196325,0.021794356230816554,0.05359130208333483,0.008983739955882234,254.6165823599904,496808,0.0795058527216315,0.1638069860985347,0.11288645657412896,0.024728024196152533,0.007409458157742956,0.7432557988166807,0.9619478232392642,0.9320653670935466,0.6373005521417866,0.41332680267813304,0.008739566849544654,0.00980232811149941,0.008886218912483472,0.008153758780805003,0.008004847640922555,0.04783687399234624,0.051883445543489434,0.04568914050794191,0.043452227123627334,0.05006356124098154,62100
0.02936049461364746,0.4505201816558838,0.15464047193527222,0.6586219882965088,0.287796846801896,0.4097143208980562,0.7655228341698017,0.5432496012425888,0.2801947624572201,0.0849866112345987,0.025034843022003764,0.008432349671176072,0.021522735222699308,0.06232836171791657,0.009411908422594564,254.62035657044328,497608,0.07466956537216904,0.1655885899666125,0.10984520099180577,0.022060461057629932,0.008286535607707446,0.7314880597591401,0.9575567094106523,0.9374690517490987,0.6069133084055056,0.4478237091380858,0.00842662248294801,0.01003756493615804,0.008334024515979956,0.007703883564968269,0.007743961140774542,0.04594614017289133,0.05619944043447651,0.04296094895221804,0.04244914866858426,0.04289018045283995,62200
0.0006365180015563965,0.4793380212783813,0.15908483505249024,0.6952087545394897,0.20093889698834486,0.4131085219979285,0.7599700353472357,0.5489158081771132,0.2745917421594569,0.08068281219530746,0.022680421313270926,0.008425181013588714,0.020725322201551502,0.0542925959928151,0.008142902011173837,254.62914528242166,498408,0.07642923148348929,0.16442696901444862,0.11333700388076887,0.02215386953855847,0.007904738452267447,0.7297949421405787,0.9586509974474832,0.9338876409317133,0.6195796323674068,0.4166635046306168,0.008545693045016373,0.00964429700950417,0.008363417780666202,0.007995867500632853,0.008196072432538053,0.05660150862298904,0.06905014685303133,0.05069149727585604,0.05168047178137517,0.05514545896479373,62300
0.034154047966003416,0.4486428475379944,0.14736865997314452,0.6533885455131531,0.2972780974250687,0.41331075176596643,0.7600932553106423,0.5501115203496835,0.2718491039869156,0.08425261280158677,0.023673193780705343,0.009735246125385344,0.021886426953144793,0.0552069192300692,0.00829417077830152,254.64081706605234,499208,0.07629758646711708,0.16310401709408173,0.11311218186990538,0.022649737975720067,0.009021878372537108,0.736153834164143,0.9622979945674234,0.9301366545074614,0.6126112946958253,0.44906417742008137,0.00887191950343549,0.010308039830807516,0.008660201594900739,0.008514760332558336,0.008051398680431818,0.05015326456632465,0.059771579702156685,0.047546442239012415,0.04817241002015315,0.04542639003612285,62400
0.0007311773300170899,0.48260719776153566,0.15454792737960815,0.693195776939392,0.255545284600825,0.4127486790716646,0.7652073812622554,0.5478255958276027,0.29348391144657904,0.08581759156572209,0.022934280885383473,0.010317209258815548,0.021483143850526548,0.05309721965686941,0.008752425783857803,254.65518692211612,500008,0.07612644890323278,0.16414149243363077,0.1117480154511189,0.026309092106479828,0.009689311067699937,0.747085327506065,0.961098358121221,0.9347011977928698,0.661685599581056,0.44673607839602186,0.00876299615949393,0.010722350224185025,0.008602204754964881,0.00771892824432934,0.008248797443773694,0.04435296111740172,0.05454109290431692,0.039235760880772484,0.041696279208459266,0.04387689348327635,62500
0.0007469582557678222,0.45616166830062865,0.1546789264678955,0.6671377825736999,0.18746129430791644,0.4267857667803762,0.7689543615447151,0.542232763002263,0.27663340281104826,0.07996313035851564,0.022134154178202147,0.008217358471722246,0.022236582902783047,0.055412337682693415,0.007608384685590867,254.66873322458102,500808,0.07961757039651278,0.16520907395415857,0.11028146373237518,0.022737584687525136,0.008480013156786743,0.7407472437620163,0.9621817109319905,0.927587751717491,0.6178859289878049,0.4369505992749842,0.009058444828260698,0.010207861287312372,0.008984951226459065,0.00849281500801037,0.008368858766583043,0.05117395989131181,0.05864954197572333,0.045838626121534394,0.050456630279783345,0.04847626606138737,62600
0.03668336868286133,0.46769925832748416,0.1575321364402771,0.6810489988327026,0.25225505551454913,0.4118263387680057,0.7590568771729104,0.5468597529293258,0.26480042792145364,0.08048292303457866,0.02397012660279868,0.010623506318109155,0.021273252590405724,0.05499004734792378,0.008896040914114568,254.6779603588348,501608,0.07612438393756742,0.1645137419303257,0.11158735632390075,0.020854351561207674,0.008411581878317512,0.7264903518557556,0.9571739643048017,0.9356143587422598,0.5984513421154504,0.41357490330934527,0.008613316221162688,0.009771942769965299,0.008562219855872907,0.00783172210481898,0.008313970738090573,0.0464029152318835,0.05212017747645199,0.04303083777228753,0.04328981741570198,0.04739935665391385,62700
0.0006873941421508789,0.4626417994499207,0.1455270504951477,0.6595817255973816,0.1741353224691297,0.4385893623530865,0.7618554144583894,0.546626023399202,0.2828927172728233,0.08678919728347331,0.022457132842391727,0.008255973508720014,0.021307472965532995,0.05409950432635804,0.008924573246217803,254.68480789838023,502408,0.08155350023880606,0.16419931347000186,0.11154239805121166,0.023068201880541216,0.008285975178335118,0.7636983045935631,0.96134172945187,0.9353582827668437,0.6450734310125178,0.46524207604760165,0.009046466443687678,0.010197772758868353,0.008768893719503753,0.008583027847520814,0.00837348529043044,0.05015687476377934,0.05467505030663168,0.046026553914539116,0.05043946954797156,0.04845938081529371,62800
0.029416983127593995,0.4514962792396545,0.18303873777389526,0.685513277053833,0.27449752038682557,0.43212399303913107,0.7672627208419658,0.5585776106731315,0.28893159347546615,0.07968855035655646,0.02349605684168637,0.008169880515063177,0.020434385140401287,0.055770629394569934,0.00789314120034264,254.68872923777434,503208,0.08013382006436585,0.16501254166051535,0.11643067485577349,0.024882812496557185,0.008071585270117978,0.7464768233895304,0.9606687684762311,0.9378826151023038,0.6337955469768758,0.4357069227147229,0.008900217486079788,0.010268893022055864,0.009127308111134422,0.008129457690448495,0.007956987325311268,0.05226371000055223,0.054173595061705986,0.048444722270643406,0.04845300617393866,0.05812534732236108,62900
0.000744173526763916,0.45452133893966673,0.15293424129486083,0.6600408363342285,0.25791473106690715,0.4207792577147484,0.7663894810174643,0.5497718013401305,0.28403105184223987,0.07768574126941308,0.02417642675340177,0.008718983065582038,0.02070878145179517,0.05572721845872029,0.008212993868980261,254.6960665799095,504008,0.07713620992377399,0.16386760645791093,0.11347712655463876,0.024043951338042296,0.007720313209263399,0.7441589778661725,0.964645755290985,0.936033418999528,0.6355959290011803,0.42510513220241364,0.008442574639338995,0.00962130598674872,0.00853762616192535,0.007814768538479277,0.007845554363859048,0.048104686234146384,0.05703454329877308,0.04329235493293353,0.04644416986359944,0.04636089130240009,63000
0.031691200733184814,0.48235893964767457,0.14750198125839234,0.6812039160728455,0.20137228724763104,0.4232383321225643,0.7640088387985816,0.5428264990851687,0.2865939637675334,0.07837316980633716,0.022993091642856598,0.00873655031108749,0.021590502513153066,0.053569133900574044,0.008677649825637656,254.7039790372206,504808,0.07837244125083086,0.16414134987850754,0.11031107955217896,0.02482715324030615,0.00841184064668695,0.7471575662493705,0.9617666245735801,0.934006644798829,0.6414561848989957,0.42111771928214053,0.008553678407333785,0.009721916764206489,0.008472372763077017,0.007658164906778727,0.008359143124420407,0.048800776584539594,0.06055906043776797,0.04189044196024395,0.045874312382279216,0.04782638218919771,63100
0.0006829595565795898,0.46540915966033936,0.1641266918182373,0.6805467653274536,0.2539051559631935,0.4076921105384826,0.7713334507705094,0.5437253539155167,0.2747310108600931,0.0814309996180236,0.024128506705164893,0.00829033379395394,0.02197146855022124,0.0548699634741539,0.007779658218496486,254.71087289116795,505608,0.07468283362686631,0.1663566569267716,0.11054894895088378,0.023150987673994743,0.010094329188577833,0.7326602640748023,0.9595112629358281,0.9325187342922855,0.6168321042417358,0.4464413139224049,0.008785821250639864,0.010766947701141151,0.008559969344698796,0.0075752532248881356,0.008519707804080102,0.04679700886830687,0.056244371265934484,0.040284149755337645,0.04219173880241739,0.04985046545974909,63200
0.03007704973220825,0.4373993468284607,0.17871645212173462,0.6677348685264587,0.2383481812825546,0.42587932989001287,0.7657206972984413,0.5439673348957182,0.27705077460622285,0.07964138818137782,0.02240135347470642,0.008428412325335788,0.021451726738762642,0.055815986697227545,0.008666806065650918,254.71840503530362,506408,0.07922696151770646,0.16391226322683575,0.10995787747052252,0.02261663057316527,0.00901681172556482,0.7404010039567951,0.9620138521063816,0.935326650434611,0.6177616096333244,0.42402399725773726,0.00898815215565265,0.010644875413665903,0.00868499532760102,0.00810308651792823,0.00828615816163958,0.058457210483029515,0.0745586586104,0.047173008911919855,0.04679570099061032,0.062360247670143226,63300
0.000735466480255127,0.47680872440338135,0.15683465719223022,0.6853914856910706,0.18840085518702593,0.4189619533717634,0.7651068456281868,0.5460547205906554,0.278298082339823,0.07934498786926257,0.024270043424330635,0.00872410073767648,0.021034540284586976,0.05941460468338343,0.007184109101609254,254.72299632394203,507208,0.07747567187994715,0.16513570394310242,0.11200565585623627,0.022717712509019553,0.008704476505637352,0.7393966194987297,0.9591395730899673,0.9351180763060343,0.6125765217477407,0.44035629553672617,0.00867701006121934,0.009908816432060314,0.008582269406207087,0.008051726742374206,0.008177663433628208,0.043108956248033785,0.05218266696328777,0.041349481460570894,0.03893502982824451,0.04011228691714889,63400
0.03138950824737549,0.4313097143173218,0.1655989408493042,0.6484596467018128,0.2854128773692741,0.42557079344987847,0.7687854115285127,0.5538965528877222,0.29781382570558407,0.07875461901587569,0.021838760315440593,0.008429895661880871,0.020732719247317385,0.05384625499433978,0.007057666482745808,254.72901637811933,508008,0.07917538834735746,0.16541675244476278,0.11378863318568436,0.025677852813114813,0.009161069805864328,0.7536795485019685,0.9604543438729126,0.9379064704648299,0.6711704965601569,0.4459502354336248,0.0089159654546529,0.010033135777156732,0.008955566942302587,0.008199742034156904,0.008427015494483258,0.0523531148675829,0.0610591657254297,0.04707675128109498,0.050769111748408285,0.05033527569989289,63500
0.0008313274383544922,0.4734868359565735,0.16230619430541993,0.6891037392616272,0.21355988878673318,0.40551978692412405,0.7734191744341015,0.5491265376599936,0.2809794649698783,0.0737825226323884,0.02293409186415374,0.007937003077681333,0.02077533203499536,0.053457035915926085,0.007698590802886569,254.7374629066615,508808,0.07413389051333069,0.16521092466378612,0.11261168505566624,0.023482573439041612,0.008632239011120776,0.7289205414056773,0.9623372285379532,0.9368122492272126,0.6394944196765864,0.41248776068527737,0.008431116396095608,0.00996753228775694,0.00836444646455886,0.007944158956553168,0.007676259771604363,0.050306514105759585,0.06369300053249724,0.04533134143163737,0.050537045113742365,0.043693779326048454,63600
0.000696115493774414,0.4554931855201721,0.15072520971298217,0.6576646995544434,0.20809325736272127,0.4288936367630959,0.7676967336344969,0.5458253839841246,0.2764431578484739,0.08190704593285526,0.023749148976057767,0.008557785674749584,0.022441451636771876,0.05706865810411606,0.008182392397741062,254.74469049359956,509608,0.07948875430971389,0.16456561996457506,0.1117280937221825,0.021400191307671984,0.008352212345147901,0.7496731549501421,0.9615079149142983,0.9261080161628559,0.620042570217236,0.437373447864451,0.00872294443659484,0.009960556861262793,0.008563232884750272,0.00808839270643688,0.008266622312665787,0.045503919199109066,0.05499142177700607,0.040118324787268414,0.043529284642254126,0.04435397794390506,63700
0.031068904399871825,0.4868860411643982,0.1519140148162842,0.6895536303520202,0.23210366423737072,0.41934295967221263,0.7636939229698954,0.5524608364057296,0.2831832898948431,0.07945743558320362,0.023148894933983685,0.008874743259133684,0.020729191844637073,0.052584527724674146,0.008032885317960899,254.74894856315692,510408,0.0768273523729294,0.16395154149096614,0.11385461689913687,0.0236586041029066,0.007846601084815675,0.7473891344666487,0.960993799763887,0.9375163202908768,0.6459192907640715,0.4442529020531805,0.00837548033101484,0.009569811563806482,0.00841413902577445,0.007653252455578038,0.007906121515471076,0.05002018331026192,0.058560029111582756,0.04297744510572489,0.050717075605836985,0.04780314188785948,63800
0.000848388671875,0.4590374732017517,0.15097692251205444,0.6610361862182618,0.24074870294134623,0.41963893115520473,0.7649976893011576,0.5518235640609682,0.28030230362100667,0.07653815890036861,0.023278592219576243,0.00920054031102437,0.02115577451613305,0.05582020691298136,0.00770439928460088,254.75730278246928,511208,0.07800995377823712,0.16453637446969605,0.11385432394904711,0.023849082014495097,0.008217908605349362,0.7364356544613839,0.9598236380539499,0.9331491832158074,0.6221645008488956,0.4280658141890568,0.008633057125844057,0.009998254925287855,0.008989204781307802,0.007499894945111675,0.008012283060569956,0.04864654072385747,0.05828254678162745,0.04755012068023496,0.04148772015941903,0.047016520873847376,63900
0.03067080020904541,0.4628004455566406,0.1606376910209656,0.678344132900238,0.195774217503348,0.4186643540859221,0.7665803862399738,0.5521126278924723,0.29210713824506956,0.0790178036630743,0.023564267130568625,0.008182319183961126,0.021193483170138767,0.05697806896737865,0.008002693107868034,254.76965928578147,512008,0.07755998495966195,0.16453775983364868,0.11378348601889283,0.02554983285630181,0.00908296826032755,0.7460613614320755,0.9614271661622932,0.9350863244738514,0.6528922254891744,0.43362743990256075,0.008748960082884881,0.00968108345790069,0.008956548023539089,0.00805664938255261,0.008342290594528358,0.04462861678097397,0.052711856454773685,0.04144883171415034,0.04165741857429292,0.04363808258076996,64000
0.0006340384483337402,0.4684049963951111,0.14435085773468018,0.6647063326835633,0.21126222900363478,0.4136053749918939,0.7650781666288283,0.5491117009002231,0.27902428565714615,0.08092529099122646,0.023506010584533204,0.008759865603561864,0.020520718737869814,0.054820351417383874,0.008336991798579965,254.78153209038808,512808,0.07596318077296019,0.1639124240615581,0.11346519019697675,0.02390904757370778,0.00856074557600662,0.7327445769309995,0.9636341675673377,0.9351882183033491,0.6236954088459646,0.4328433184200907,0.00865492644254119,0.009763734890055836,0.008497223288387711,0.008052090908978916,0.008321115464944703,0.04755074766464532,0.05634554217357448,0.04320142794724393,0.04573082537235805,0.044633161166471806,64100
0.029804697036743166,0.46870112895965577,0.16260072469711304,0.6841293096542358,0.21148419812105199,0.42889213263988496,0.762317780672648,0.5485170713815645,0.27846040177283854,0.07543478403440729,0.024271640679799013,0.008539828060486731,0.02207121827255633,0.05886502789583094,0.008363688129916672,254.79013502196378,513608,0.08038696354255079,0.16563824346761383,0.1126794395041409,0.022665242032632833,0.008165372044263625,0.7416930064558983,0.9558291920064166,0.9285990460224061,0.6185482841791574,0.4174910892722427,0.009015074907802048,0.010573181201164659,0.00893721828828632,0.00815280846838562,0.008251973943564524,0.044722463581711086,0.053372569382190746,0.039791286230016674,0.042507460225642314,0.04290696336657452,64200
0.0006321358680725097,0.47488375902175906,0.1531354808807373,0.677635805606842,0.2903689422278535,0.42422881469130497,0.767688895316468,0.5462141817724205,0.2885962614700906,0.07378454206134774,0.024151761420071114,0.008588254317634061,0.02109165897181897,0.055235649237320564,0.008542503246813608,254.79840579831375,514408,0.07786429775878786,0.16364740580320353,0.11209729761584822,0.02486832635144567,0.007894910385328364,0.7386371988058095,0.9638399530931849,0.933877976847367,0.6322490805671326,0.3947349252596581,0.008426915798336269,0.009583630066211388,0.008400777910132077,0.0077593374886505626,0.007997168515569683,0.05482676526065916,0.05549017483963796,0.048310082589446704,0.0498250722752086,0.06744811759722207,64300
0.0304019832611084,0.4601423621177673,0.14940731048583986,0.6605829524993897,0.22881872145305437,0.42904204398393636,0.7637820167279034,0.5447062725171995,0.280135054343146,0.08416405033835384,0.024832525057718154,0.00812701227831219,0.02152512095751564,0.06074738027206782,0.008783590374266768,254.80301054062167,515208,0.0790363651141524,0.1649619219226573,0.11026511791878972,0.022801160336394097,0.008394257406372223,0.7413889044523236,0.9590564985340887,0.9349733144825042,0.6019856195731702,0.4428394776075446,0.008886598763056095,0.010037407283286698,0.008795805565564259,0.008114732487650189,0.008477843961024545,0.05076951412251221,0.057901201111802775,0.05062155202591879,0.04533167224918756,0.0485218274047935,64400
0.0008721828460693359,0.459488263130188,0.14204499244689942,0.6534093832969665,0.24935593755928545,0.41787551417946805,0.771197812123732,0.5557952170881129,0.2795341641132559,0.07893596299820475,0.02320225812494756,0.007415883584098534,0.020446284147813756,0.05443482999777738,0.008220156944577933,254.8091332720369,516008,0.07690099231898788,0.1652771768094313,0.11459050486640392,0.02331779001144481,0.00934931545193788,0.738203438520431,0.9631718996197288,0.9388577298571664,0.6330662310685758,0.4312322928447915,0.008894730152096597,0.00992977254167951,0.009111581709779182,0.008192973881344894,0.008400782865161688,0.05155970160150901,0.05771460880600667,0.04871294523521405,0.0526547088915974,0.04699285337089959,64500
0.0006096839904785156,0.43811892986297607,0.16721930980682373,0.6554645752906799,0.23815263571672926,0.3993805634975435,0.766708790245702,0.5523300872647698,0.27616316895735865,0.08349124236113352,0.022716693757101898,0.008118918322758097,0.02079137220400674,0.055341198104188624,0.008699261885055376,254.817261775278,516808,0.07336331374943258,0.16475034627200552,0.11474331875740015,0.02248172124749736,0.008545299650311632,0.727099349796772,0.9625335359303965,0.9340886855360319,0.6197030202338567,0.4519455197064775,0.008438536119647322,0.009526776139345555,0.008588846288896694,0.007754724411489931,0.008033287322715573,0.041323295505717395,0.04608779212217882,0.039311867455029716,0.040822110555477846,0.03984603086972367,64600
0.03173725366592407,0.456596999168396,0.16571239948272706,0.67364501953125,0.19391169365989366,0.4265205027163026,0.761096793413162,0.5484414369287618,0.2932158259209248,0.08144399556211943,0.02218391980044544,0.00883510676037986,0.021210767510194038,0.05115556533322282,0.008412063731334334,254.82106444540403,517608,0.07912671843543644,0.16427009277045737,0.11256323013227307,0.025732668874600996,0.007849823170675866,0.7547767478227614,0.9597676089406012,0.9341063986361869,0.6633671016121897,0.4386498897503588,0.008598108822479843,0.009887823222670697,0.008538909569085353,0.008004115666456826,0.007924843421922288,0.04717548848129808,0.05317826783750201,0.044257886349245414,0.04519672899914443,0.04615402798622083,64700
0.0007985687255859375,0.45223120927810667,0.1534433364868164,0.6549040770530701,0.19818839092191629,0.41948719412088425,0.7613335668142116,0.5446289596916413,0.28357354128480566,0.07887589707210357,0.02311329631134868,0.00873144960730575,0.021426483543445046,0.05508168118692294,0.007030451117019285,254.8250190421632,518408,0.07771499991416934,0.16412246347072734,0.11156708307708936,0.024022148648305007,0.008920424007834401,0.7447486692667006,0.9602252343791213,0.9333315954625022,0.6341592340014092,0.4400516219285067,0.008552489732392131,0.009825789989744451,0.008614343970797007,0.0076918280917458465,0.008068525151596681,0.0455063989851624,0.049821363570140546,0.04192582491188517,0.04658537522782034,0.04379315426269049,64800
0.029021434783935547,0.47305586099624636,0.16042922019958497,0.6854755640029907,0.17335852963216383,0.43500215530395503,0.7709351746202678,0.557923206848464,0.2848002070604368,0.08351490736558019,0.023595943637192262,0.00776525229488011,0.02063844501146396,0.053220325972624966,0.009347377821210435,254.82839858042541,519208,0.080415370054543,0.16537631201801947,0.1165803617297722,0.02484160804103107,0.0071478187667459924,0.7534339722990988,0.9620927682200682,0.9329618171518069,0.6490740121797073,0.4296244697814639,0.008802090997342018,0.010143243913421217,0.00890976212703133,0.008090039842956986,0.007977978827759887,0.04871187360957265,0.05440358526878134,0.04399256788542846,0.047877739040657535,0.048512245157987556,64900
0.0007298707962036133,0.40801563501358035,0.1625364375114441,0.6210297513008117,0.2044018761906564,0.4102037906646727,0.7627785030127946,0.5436610304601663,0.282894303732448,0.07371238814514192,0.026889496883377446,0.008902540988278038,0.021478992652947507,0.061194179236061054,0.008190536787580764,254.8315116035779,520008,0.0735844417009503,0.16402729131238317,0.11084129072759792,0.022418553273503977,0.006406640508619283,0.7296540114283568,0.9594098660298167,0.9337668715546663,0.6198593608538305,0.4031803125892179,0.0078030588803812825,0.009456322790861043,0.007774404011938937,0.0071457618340435925,0.007082581257987056,0.046750531572615724,0.05787393720107248,0.039481400876820595,0.04779877824553592,0.043645258060315544,65000
