avg_data_time,avg_fb_time,avg_opt_time,avg_step_time,grad_norm,loss,loss_q0,loss_q1,loss_q2,loss_q3,mse,mse_q0,mse_q1,mse_q2,mse_q3,param_norm,samples,seg_ce,seg_ce_q0,seg_ce_q1,seg_ce_q2,seg_ce_q3,seg_dice,seg_dice_q0,seg_dice_q1,seg_dice_q2,seg_dice_q3,seg_focal,seg_focal_q0,seg_focal_q1,seg_focal_q2,seg_focal_q3,seg_presence,seg_presence_q0,seg_presence_q1,seg_presence_q2,seg_presence_q3,step
4.132317543029785,1.1602044105529785,0.1789407730102539,1.4553873538970947,0.9999994510873106,1.6750237941741943,1.9872110486030579,1.8062230348587036,1.713988264401754,1.2387901544570923,1.0002408027648926,0.9987244009971619,1.0002176761627197,1.000414510567983,1.0015082359313965,249.7650574548392,8,0.6836991906166077,0.18094122409820557,0.5036999583244324,0.8145402272542317,1.0801951885223389,0.9857810735702515,0.9693838655948639,0.9770606756210327,0.9957261681556702,0.9916209578514099,0.3977896273136139,0.3977896273136139,0.3977896273136139,0.3977896273136139,0.3977896273136139,0.7091267108917236,0.7091267108917236,0.7091267108917236,0.7091267108917236,0.7091267108917236,0
0.0006238079071044922,0.40751259088516234,0.14750285148620607,0.6105958676338196,0.9999995043262659,1.5522245109081267,1.8004063713935108,1.6520132894563202,1.5530830588605669,1.2129152909833536,0.8777169477939605,0.8904146904586465,0.8800534759417615,0.876547815071212,0.86454743298949,249.7715841923044,808,0.5935715305805206,0.18851566514981696,0.3767134810585785,0.7737894306580225,1.0028503442905379,0.9788156861066812,0.9692116709806583,0.976919092754326,0.9821258446684588,0.9862364150431688,0.33969319298863415,0.2919565665946214,0.31491727234408434,0.36920304003137144,0.3780075884899316,0.60670025408268,0.5677192409833274,0.6179929725309407,0.6209912951345793,0.6163047155251307,100
0.0006306099891662597,0.45867507219314574,0.18651235103607178,0.6950886249542236,0.9999994340599642,1.2469464993476869,1.5040762016218012,1.3115560563834936,1.191810176901098,0.9394722477249479,0.6357773625850679,0.6532531807956095,0.6296813665209595,0.6272142501372212,0.6309726588104079,249.80049819479996,1608,0.45380876868963244,0.171713463111555,0.26156504806634573,0.5941027102043042,0.821209012490252,0.9756545698642731,0.9687519000001148,0.969636916147696,0.9806441650638037,0.9841717245138211,0.24163285605609416,0.22184520908822755,0.22963067852967498,0.2520932956545986,0.26519961873798303,0.29286602556705504,0.30629569924857525,0.27770194511961266,0.2748294731004618,0.312909533553149,200
0.03171337842941284,0.4332218503952026,0.17527225494384766,0.6580451393127441,0.9999993392647311,0.9834563392400745,1.2634692875114626,1.050035981205402,0.9255130208280102,0.707863775277749,0.44438725739717466,0.45819491147995023,0.43866030299833053,0.443666173225385,0.438257405238274,249.83140025584152,2408,0.3413913734257223,0.1618080128689071,0.18904795967289623,0.4063942739695454,0.6069389463999336,0.9686314976215366,0.9616968077582281,0.9615607555443639,0.9717249850337016,0.97954588669997,0.16426126431673777,0.14428141763484176,0.15156619861651374,0.17557126018062733,0.18483122002619948,0.16489310156553985,0.16662266326917172,0.15983719986055728,0.16154920564670322,0.17230695075331576,300
0.0006185436248779297,0.4636589741706848,0.1803383207321167,0.6934356021881104,0.9999992565611939,0.7996146202087405,1.116030414805028,0.8641484824277584,0.7010590979708958,0.5229484297652949,0.3002140246331692,0.323525649252661,0.29001257362338756,0.2946072825003621,0.2908010359200255,249.8594507285259,3208,0.2481037738919258,0.15779897549423558,0.13953141754461534,0.25645149139622564,0.42153376510357926,0.9625993418693549,0.9631536190543695,0.9550062963518043,0.9563723624642215,0.9743464462000045,0.09884511467069387,0.09299706469921147,0.09199886082929404,0.09953523844258107,0.10977881417667139,0.12980567882768806,0.1349866682690041,0.1266615835602504,0.12617351120310036,0.13072218016778694,400
0.03045083999633789,0.44493196964263915,0.16676483869552614,0.6626471328735352,0.9329247827223314,0.6664108312129978,0.9679214832259387,0.7325094714760781,0.5460050022367186,0.3886074777692557,0.18399220034480093,0.19920679926872242,0.17524084076285382,0.17983387395959782,0.1815217136526885,249.89124709301933,4008,0.17759501308202735,0.15569455013042544,0.12328192401820662,0.15214288550351057,0.29147272346460296,0.9533455449342729,0.9634400539281894,0.9467124039163953,0.9413563741251751,0.9628244599570401,0.052009937111288304,0.04866288373383085,0.0458634414333994,0.05143982092184683,0.06331619053431178,0.09679873188491914,0.10738210276723281,0.09331599030142224,0.09436797524063745,0.09162624719623552,500
0.0005833530426025391,0.4534787082672119,0.18870502948760987,0.6920696091651917,0.7589847174451884,0.5685480663180353,0.90292622424938,0.6416466569616678,0.44647597980040776,0.293122261376579,0.11127173855900767,0.13592181938192824,0.10346738731577289,0.10359763325406952,0.10389486047888058,249.91176360875917,4808,0.14626095868647096,0.15769190077113093,0.11631762051866162,0.10502313937132177,0.21209059339113176,0.9441791278123856,0.9625497460365295,0.9400509431248624,0.9259269274771211,0.9503518392384982,0.0358535319380462,0.033457095788978986,0.03313586427164932,0.033710449781770284,0.04346699168220395,0.08554451786912977,0.0898735335973835,0.07959067935035335,0.08262426329131885,0.09093070993383313,600
0.03180333852767944,0.4853434157371521,0.17328591108322144,0.7095311141014099,0.6294353457788441,0.5325542056560516,0.8434964028889665,0.6079417133069301,0.39519332934424506,0.23919028238435483,0.07008036524057387,0.08554858095094306,0.06529506115795496,0.0632745481598439,0.0632667168226074,249.93159702494432,5608,0.13413662090897555,0.15689447411058235,0.11884058442908325,0.08390338420477832,0.17026544878980032,0.9393880492448813,0.9623929680439467,0.9397380063821983,0.9159582385217958,0.9351985176004955,0.030065920958295456,0.028648587356305173,0.025329177707924956,0.029512107182118597,0.03655344741091361,0.08970670938026161,0.09533791447246219,0.07982372785253174,0.09499362022347785,0.08721921142031576,700
0.0006868910789489747,0.45521102905273436,0.16841054916381837,0.6741399693489075,0.5406993340855374,0.4986347565054894,0.8325319492758201,0.5834708808308442,0.36021560173856026,0.215430141450503,0.05102610591799023,0.06705976677645605,0.047021261054462735,0.044919620807233614,0.04484332308937346,249.94963465221662,6408,0.11464055694639683,0.15896464216298084,0.11643124367906639,0.06723386721248831,0.1175359740280188,0.9268499737977985,0.9630682289306747,0.9426234438629345,0.8937962922182952,0.9089609335630371,0.02277103018015623,0.022634262131903272,0.02090224943611133,0.0217806499308804,0.02582450745961604,0.07638824773253873,0.0856930317581985,0.07642095852305465,0.07487599113309962,0.06829018255050942,800
0.03092236042022705,0.46661736726760866,0.17400240659713745,0.6950706958770752,0.4188256781691326,0.47698027178645136,0.8053619840423469,0.5727687948706132,0.343022341164304,0.18909670404976386,0.0408246096596122,0.05348042523497858,0.03934338995910227,0.03572478714198163,0.034968641544054,249.96269857686426,7208,0.10258877582848072,0.15742553596569192,0.1157005931259972,0.05625126186721759,0.08229143649037111,0.9134479022026062,0.9611723876846621,0.9372812837067219,0.8788801180381398,0.8770812129611288,0.017896270640194428,0.01756500901871827,0.017457182127244685,0.016463559262417993,0.020161385057011833,0.05995427225847385,0.07454568933640003,0.05330042284978192,0.05462481469436953,0.057704413168532365,900
0.0006943798065185547,0.43108761072158813,0.1809988474845886,0.662080488204956,0.46590204726784623,0.47104601174592986,0.8112814672550749,0.569228314569122,0.33935924713472726,0.17590073411687845,0.036717315167188645,0.0505346137548412,0.0346566672681978,0.031199473010611205,0.030564218887995036,249.97684060395625,8008,0.09877031836658719,0.1585454897797524,0.1147225909327206,0.053632693808272645,0.07045804883532342,0.9096126568317415,0.9617635681854544,0.9413451392399637,0.8829353723711176,0.8553467160962479,0.0179952312912792,0.017864987393146126,0.017945223806523948,0.017114544535978046,0.019064698863792872,0.07319395306520166,0.08646827877096051,0.0698865660490763,0.06949792134132493,0.06689664568256568,1000
0.0008704280853271485,0.47977484703063966,0.1767982506752014,0.7107892274856568,0.39417781807061225,0.4783684861660004,0.8074919029627694,0.5605467117968056,0.3473243476414099,0.16756898571884693,0.03348506726324556,0.04874346403423511,0.03063653342071035,0.027687710578121784,0.026405581095016707,249.99365950637454,8808,0.09917098022997374,0.15866551732662876,0.11551559581643056,0.05735699618916684,0.061584102000043696,0.9100589776039122,0.9635673265645995,0.9409364867778055,0.8834451448626637,0.8453752206322929,0.01605733391828835,0.01644171910858392,0.015691351730908663,0.014750256984517344,0.017517231308086634,0.060495565005112446,0.07605619363412995,0.056769357470884206,0.05444032528278668,0.054378519880539586,1100
0.02867809295654297,0.43924450159072875,0.18224714517593385,0.6732106971740722,0.42063402302274006,0.4593374639749527,0.8078845000929301,0.5602155308745227,0.3414082318220451,0.16840758044186818,0.031550633385777446,0.04565555810307461,0.030290991306032765,0.02647346460624882,0.025427012734355454,250.0046911519338,9608,0.0935367539897561,0.1589166111416288,0.11553546674039258,0.05392024605332509,0.05069502685133216,0.8998776310682299,0.9623844928211636,0.9359033984136366,0.8775892507122904,0.8305697213120183,0.015815031183883554,0.01624410647588471,0.014971589240071165,0.015242721060412412,0.01679560858412959,0.06757803358428642,0.08648169138792175,0.05989912205288543,0.060771291396320044,0.06541888051197432,1200
0.0006584739685058594,0.46392208337783813,0.1808211350440979,0.6960834336280822,0.39210702197427394,0.44668582677841173,0.7924517086946243,0.5569939091801641,0.32630816989324346,0.16389935645388407,0.030171410217881202,0.03906733910120573,0.029919043551975246,0.027056224483319305,0.025809655692882648,250.01604100257745,10408,0.08692738842219118,0.15728180802584973,0.1123608330187077,0.04519287346946918,0.045090867156480904,0.8840855461359026,0.9610607565426436,0.9394554023941352,0.8610554700548,0.7882276837418719,0.015431992905214431,0.017824007844542213,0.012842614087276156,0.013794127297164368,0.01747956574871774,0.05935081917326897,0.08036798762941297,0.04620165027396675,0.049526208416897435,0.06344795560055391,1300
0.030047492980957033,0.46548325300216675,0.1697705578804016,0.689875864982605,0.3954565481919829,0.45982308506965636,0.7899254324472493,0.5662895693228797,0.33079453102640227,0.15837112601314296,0.02878398621454835,0.03609227640601582,0.028808736958755903,0.02580955704120367,0.024523929054183623,250.02858817095006,11208,0.08925264727324253,0.15671231820801182,0.11536426358641332,0.04691508999849491,0.037403487587081514,0.885696333050728,0.9654726685606289,0.9397753904072137,0.8640222530107238,0.7763883539608538,0.014155760924331835,0.014372341909214171,0.014266100215116666,0.013004317051554845,0.014857666114611279,0.05720832869410517,0.0612712494773686,0.06132350543227338,0.05020733339762366,0.05548848095128224,1400
0.0007102465629577636,0.4596098923683167,0.18476393699645996,0.6944393062591553,0.39242765446258854,0.4576063977181912,0.7870014082677304,0.5600188604810022,0.33261794845263215,0.15300779775148485,0.028067700359970332,0.03761148587385614,0.027348603648745043,0.024365967559890876,0.02287928219430328,250.04099962328846,12008,0.08976855777204035,0.15819518341876482,0.11539531292186843,0.04977123867242766,0.035637831615238626,0.8857361459732059,0.9588980485897252,0.940493468383346,0.870420138958173,0.7753262325030998,0.01455366658978164,0.014813424558332653,0.013261441616435542,0.014580285262603021,0.015520489974537985,0.06062803427805193,0.06216921151378238,0.057075252754712535,0.05771258333160613,0.0653141117149328,1500
0.029226009845733644,0.4726821684837341,0.17597149848937987,0.6998221850395203,0.426027052361645,0.4684933939576148,0.8006798906541952,0.5587474401607072,0.335385327063613,0.15287185882661428,0.0288746291026473,0.0393860144961869,0.02745659134762235,0.024944098020468528,0.023501838213779047,250.05120557769393,12808,0.0892283580824733,0.15951297817817303,0.11270294005787643,0.04632641489725164,0.03309901057179761,0.8838249528408051,0.959970483228789,0.9439433613488838,0.8632647817458349,0.7555525200889714,0.013221145039424302,0.01446178063151226,0.012106263275843016,0.011953212400364828,0.01453200969994467,0.07717564261984074,0.0921203339163532,0.05726791557011218,0.06436897117653907,0.09778898681718164,1600
0.0006965494155883789,0.43188206911087035,0.18408695697784425,0.6645925426483155,0.4622070442405691,0.46395510137081125,0.7904647021066578,0.5655063512091785,0.34155045931387457,0.14056197798462838,0.028710138984024528,0.03711621944925613,0.028774779798827834,0.025005900235188134,0.023435502821071583,250.05965456662508,13608,0.08951012253761291,0.15791649151416054,0.11453356340373916,0.049945986500442616,0.03200413050445153,0.8696889001131054,0.9598538214252104,0.9363826881978932,0.8694418605529902,0.7089600499832269,0.01420275964774191,0.014482943261308326,0.013407415748794671,0.01398105972982717,0.014906571472458763,0.07313163356389854,0.07858323280123018,0.0678633450789704,0.08087057719533938,0.0647725491558738,1700
0.030488662719726563,0.4763243389129639,0.17487081050872802,0.7024897050857544,0.4542423140503726,0.44626361757516864,0.7866017108011731,0.5542858930364736,0.3303604971330903,0.1415942209916047,0.028485636990517385,0.03593542879315637,0.02913109591651347,0.025116559547873642,0.024185896340685978,250.07172955951071,14408,0.08448677398264409,0.15737310194908957,0.11041318713336862,0.04312440787012184,0.03328276572014703,0.8591624730825423,0.9609655620473802,0.9335845772938067,0.8648833878911462,0.6899823202536655,0.013920940877869721,0.014290080991376066,0.013217902091401884,0.013290407677861651,0.01482876000003531,0.06713964930444492,0.07159069224085543,0.07042187305451476,0.06838084507063083,0.05872633758190206,1800
0.0007497811317443848,0.4508555507659912,0.1778542423248291,0.6787248826026917,0.4671647176036865,0.45674281165003777,0.7865539701212017,0.5568680015235846,0.3231384307146075,0.1447159986925352,0.02717959674075246,0.032888593205383836,0.027781846472016054,0.024344646650771642,0.023299228770755496,250.09214016724894,15208,0.08884407792240386,0.15779902544759555,0.11148544814031901,0.042119617931713205,0.037735707133178635,0.8638284093141553,0.9622018269130163,0.9374414405020164,0.8571405333314238,0.7010582945358134,0.01552911480888724,0.015542841010860039,0.015547814377869415,0.01300505878624775,0.01761488779779011,0.09271189500577748,0.09222341436848391,0.09260301882087589,0.06262263142645866,0.11854304939782105,1900
0.029684467315673826,0.46088351726531984,0.178264844417572,0.6925144290924072,0.4856715411971252,0.45381047844886774,0.7899001455549051,0.5536550170913037,0.3337470463246378,0.13843815933380807,0.028194029536098238,0.036982623094380815,0.027934481522866664,0.02482245331032012,0.023191501233707033,250.10725769516762,16008,0.08472292762249706,0.15832943019225515,0.11083106981704427,0.045195845605104874,0.026517779539245633,0.8575917011499402,0.9587164923624343,0.9349633765463926,0.8627905938603457,0.6659525897767818,0.012250336059369142,0.012975766311688017,0.01187862939087255,0.01146890826677101,0.012781002758336924,0.07102879096753899,0.08775508379194945,0.06510656818329376,0.06487176824711403,0.06683782235566516,2000
0.0006818842887878418,0.4598644614219666,0.1694394516944885,0.6815622568130493,0.4584091591030327,0.4574751746654511,0.7858645989085147,0.5550906242468416,0.32303525138683964,0.13934971124697956,0.02738178139552474,0.034049306723798814,0.02718199825821779,0.024486366668810145,0.023272727382106662,250.12079927094805,16808,0.08659005932509897,0.15799255064635903,0.11122725170392254,0.04282404787161133,0.02876487866593284,0.8567211306095127,0.9599806702924223,0.938682224505987,0.85457650970931,0.6646759892121337,0.013812742410227655,0.014251253290875062,0.012367830179536186,0.013898517480214133,0.01469381992012645,0.07734132482670242,0.08737518241022753,0.06327549005643675,0.08087072895388256,0.07691485280266556,2100
0.0006547665596008301,0.435305495262146,0.20277214288711548,0.6882222771644593,0.496437306190843,0.45445469200611105,0.7907884588652251,0.559160545788785,0.3297871768328491,0.13437075114146402,0.0275242499820888,0.0351087903987135,0.027140178277047098,0.02446666026634036,0.023096472126853434,250.13115369192232,17608,0.08516443505883221,0.15828045354220313,0.11223092358759647,0.04343028673354319,0.026448770734337875,0.8488878846168518,0.9620607398343431,0.9395672175832971,0.8549716516452684,0.6411238425406656,0.012662103702314196,0.012945873841072942,0.01216569136808156,0.012290838137999456,0.013203212708716662,0.09461974934209137,0.09659698810740314,0.07191005329318571,0.09332100243716246,0.11489688830603084,2200
0.030088620185852052,0.4420509076118469,0.17654151916503907,0.6726902508735657,0.4693520171439805,0.43451752543449396,0.7881009522722573,0.5594780422968432,0.31740450266064457,0.1345787405192314,0.026825886573642488,0.03188111048541675,0.027372193605740485,0.025170184063668145,0.02365470154219354,250.14202110798877,18408,0.08149307686835523,0.15823545500389125,0.11059002589323731,0.03912821731872246,0.029617776086014545,0.8322470688819884,0.9610914347580132,0.9431237911823961,0.8396240709995736,0.618836101363687,0.013697209968231625,0.013956489831270923,0.013026599209792536,0.011873969085970692,0.015714806940709987,0.07402188620762898,0.07365351394642118,0.07175106640172073,0.06493083157752434,0.08446183049528784,2300
0.0007553315162658692,0.46086204051971436,0.1956195378303528,0.7112999558448792,0.4320383272152794,0.4395289871096611,0.7891006168428358,0.55280980012483,0.3118036465673909,0.12528027482519896,0.026187449786812058,0.030230278640494244,0.027441396886758795,0.0245591634657325,0.022771973578911732,250.1504043438379,19208,0.08148487564176322,0.15902635766254686,0.10983877829103561,0.038534090795168056,0.023454002634182475,0.833729761838913,0.9617095615837603,0.9341402787853169,0.832961559586409,0.6061992251933526,0.01182089243549854,0.012852752312588015,0.011124756601121685,0.011037812245691711,0.012445756808622983,0.07281133941141889,0.08226720053717931,0.06285886578391199,0.059754836250369134,0.0885745410696334,2400
0.02890701770782471,0.4736224770545959,0.17808286905288695,0.7031474542617798,0.48228843247916175,0.4488824251294137,0.7862465584946574,0.5571324141685567,0.32205238237100486,0.12945391951901145,0.027493900060653685,0.03497557530057766,0.026832692882856394,0.02481466270617993,0.022920825023476664,250.16057153652727,20008,0.08446580570191145,0.15849098472673204,0.11092831825805927,0.04081812860243315,0.027777380821090658,0.833019238114357,0.9580643305154605,0.9401488731809927,0.8352494549517534,0.6077677479604396,0.013118426227010786,0.013881615950578014,0.01262455230242031,0.012555226642528878,0.01330860085649098,0.08114172358065841,0.08746791340271441,0.07800088936231483,0.081141916802153,0.07724944854427768,2500
0.0007062220573425293,0.4627598595619202,0.16588870763778688,0.6803039264678955,0.4506227870420704,0.4523249733448029,0.7828932817856872,0.5539046763530316,0.31926676548189614,0.1330974040387189,0.02566716244444251,0.029363644950503677,0.026790622419695247,0.0237021938323824,0.022605854540049094,250.16989639820795,20808,0.08454702541232108,0.15807786224475454,0.1104551990920643,0.03999499793192656,0.025364468761607625,0.8460044413805007,0.9623735178655115,0.9374842326033787,0.8506820265090831,0.618374485307963,0.012765723601914943,0.01286976227780158,0.012830912122362351,0.012314305687793575,0.013052933466625623,0.07425376792438328,0.07872531982138749,0.08279921430523313,0.06756523888407627,0.06704358619525645,2600
0.028931281566619872,0.4482343602180481,0.19593722105026246,0.6963125014305115,0.42796853777250193,0.4333797225356104,0.7721277348538667,0.5537793506490122,0.3235236840436651,0.12275557413209819,0.024890540894120926,0.027591874089805367,0.02667590500879111,0.02368227555891688,0.021938791898923483,250.17747020602513,21608,0.08188692264258864,0.1597153972438041,0.1119537124096757,0.04080284932362179,0.022761848826988416,0.8283344411849975,0.9551895920266498,0.9322425395545392,0.8497295927028272,0.599214561074694,0.011762404087930925,0.012545263637451735,0.010979016601928685,0.011531040678275933,0.012026020467159464,0.0590275418641977,0.06650114795960925,0.05916339194858543,0.054553043692401236,0.05643185017582589,2700
0.0006888151168823242,0.43033408403396606,0.18109055757522582,0.6666748738288879,0.4302253889423213,0.43709223866462704,0.7844124494280132,0.558957831451186,0.32752400279045135,0.1251766557078897,0.024523554407060135,0.03031258980078354,0.024841822778668116,0.022858565095812057,0.020940639604435585,250.1859417348789,22408,0.08297564156353479,0.15935548143727438,0.11344961428807834,0.042993990201503046,0.025786550833652028,0.8336359304189684,0.9608957471166338,0.9397787164758753,0.8493700847029689,0.6023242473602293,0.012270608646795153,0.012635553896959341,0.012135658669716642,0.011729807069059461,0.01262201578467729,0.07533461928949683,0.07532204761635519,0.06489227430278399,0.08252750447543813,0.07925409069017425,2800
0.03500546932220459,0.4582160449028015,0.1749046540260315,0.6901296854019165,0.378747578530311,0.44902246147394176,0.7773786805817293,0.5550250294347289,0.3315532114921195,0.12199901979379726,0.023839334677904837,0.026832239455168272,0.02462194640209118,0.022705228453633746,0.021092486217396664,250.19539630573956,23208,0.08531368818134076,0.15891170021481982,0.11277135560121487,0.04345581279314983,0.02377497446135445,0.837198687195778,0.9606360295937526,0.9399555978320894,0.8535566916971493,0.5960837369508081,0.011927245347760618,0.012319199604057309,0.011865527507055692,0.010832640041380825,0.012648503637254832,0.056531470919144344,0.06348305027540199,0.05565378496025458,0.052332259735475874,0.05420742743610553,2900
0.0006515002250671387,0.45511301279067995,0.1662439513206482,0.6791358399391174,0.4305922900074317,0.4457637563347819,0.7915496244384911,0.5522672037283579,0.32277743377183615,0.12014584505122233,0.0252458269894123,0.0320864147439813,0.024902004206543222,0.02284198081807087,0.020962951370989365,250.20110109438767,24008,0.08450574792921542,0.16094385978707845,0.11121906178495876,0.044102118242728125,0.021544935295955744,0.8239762920141217,0.9578955281864506,0.9403829161452234,0.8455701564487663,0.568821525236346,0.012643821998499338,0.012749192521029526,0.012016835676693417,0.012445281222952825,0.013276844276642469,0.07027581193484365,0.070597457265009,0.06474561628604697,0.07028915935294015,0.07487697747342706,3000
0.0006427979469299317,0.4812801384925842,0.17618272542953492,0.714028091430664,0.38928264631719406,0.4624478083848952,0.7779620065959783,0.5545934407255758,0.3193020008504392,0.12482548402234278,0.024345259387046084,0.02564885527481158,0.025917845960687753,0.02339252354577183,0.022053719294490282,250.20800373261656,24808,0.08647626347839828,0.15825706713845136,0.11097885874198302,0.03779930072422658,0.021101432751796274,0.839060997366905,0.9616158310502897,0.9375620283673157,0.848910243974792,0.5815629363059996,0.011731373309157788,0.012742829586350759,0.011395413611065495,0.011093241361797682,0.011471457907949428,0.07088564612902706,0.083684376020017,0.06710525868629028,0.06816033880588497,0.06209368401565976,3100
0.03358613729476929,0.43332963228225707,0.1850556778907776,0.6679656887054444,0.43414764004757933,0.45192218542099,0.7855848138624769,0.5464139347065223,0.3114915763049626,0.12330565509831377,0.025099189225584254,0.02958408984759786,0.025610367255941274,0.0232330996348241,0.021460211638526367,250.21463059836174,25608,0.08470671031624079,0.15990538543687674,0.10973991002415268,0.03822137169041779,0.019294333462993366,0.8269506627321246,0.9609644323025108,0.9347493486225326,0.8236372131247851,0.576693878972472,0.011216335776261984,0.012260119399969589,0.010926588899740165,0.010149044748179101,0.011334601851648144,0.06132469030562786,0.07014765500372179,0.059046077854634074,0.057186288277207044,0.05800784835958939,3200
0.0006598949432373047,0.4291068434715271,0.20098550796508788,0.6852171039581298,0.39350627862554893,0.43538622915744785,0.777166571411385,0.548898805749608,0.3282803597917966,0.11571255432450835,0.023183096088469038,0.026462776784969454,0.024063077192494568,0.022051903396916175,0.020409017153408215,250.2236091367785,26408,0.08186638854444031,0.15922606846100182,0.11160728490766993,0.04257193279706615,0.021050622835496635,0.8256933772563936,0.9613082548083388,0.9370693379544957,0.8551489742178664,0.5662747647451318,0.011401670812629163,0.012467118138494673,0.011250674430739105,0.010305511756269837,0.011630851696672788,0.06429002217948439,0.07007580960576,0.05677281629373843,0.06193683362837749,0.06795057186469929,3300
0.028919384479522706,0.4741901254653931,0.17382229566574098,0.7019384407997131,0.4424845397721405,0.4497765664756298,0.7851386417695618,0.553396486175748,0.3222508914952205,0.12134348938339637,0.024112273454666145,0.028681492788632912,0.024316167637992363,0.02250266542171904,0.02082314640283585,250.23683312998818,27208,0.0844240710139274,0.1594685955562783,0.11175422277301551,0.04231564684546201,0.020895009634918305,0.8349218732118608,0.9627141065932996,0.9391290720265648,0.8472067067775821,0.5738715014959639,0.011662273658439519,0.012236050498582925,0.011541790234892125,0.011137253538306276,0.011754158107367794,0.07012757554184648,0.07369569687397409,0.06669305805385549,0.06739629184588643,0.07306849176652336,3400
0.0006737279891967774,0.4453254747390747,0.17635532855987548,0.6737987780570984,0.39658276076325577,0.4405301180481908,0.7844064217982893,0.5550317147844722,0.31619368089203864,0.12246616651709574,0.02263226356357335,0.02443579368588357,0.023521711147929496,0.022190280764096956,0.02050138518000331,250.24760273511635,28008,0.0831968721747398,0.16010690148514115,0.11287965676502178,0.03939510197214896,0.02358441656615817,0.8293170875310897,0.9637254553266089,0.9417445333380461,0.839276025942222,0.587721216051203,0.012306928043253717,0.012241786133756144,0.011913236500205171,0.011918107064057083,0.013098006673674126,0.06316051692469048,0.07065309072720202,0.0602407916424502,0.058543007292003194,0.06296976243867645,3500
0.030229125022888183,0.438493640422821,0.2048807168006897,0.6949743485450744,0.4572045182811988,0.4452104192972181,0.7864920880113333,0.5579109819923961,0.3268205783468615,0.12417946453978658,0.02323628246784211,0.02683370381745756,0.023651623762235414,0.02209865631773432,0.020504691139287295,250.25615200966413,28808,0.0841053189337254,0.1601626281531488,0.11325547055500308,0.04094948307016588,0.02358533577194605,0.8280638068914412,0.9612190948457133,0.9411580120644922,0.8522895986729473,0.5729112119471292,0.012588739106431608,0.013039229223884802,0.012434698382347089,0.011681498964614371,0.013128281438555475,0.09565665238304065,0.09903335956172375,0.06901717564295523,0.10458135538353047,0.11045008347594833,3600
0.0006307053565979004,0.45183711767196655,0.17235329627990723,0.677479956150055,0.4175863792610444,0.4255044718086722,0.7804871732848031,0.5513270743450724,0.32189891969873774,0.11870471713629287,0.023292079735547304,0.02668165094618286,0.02404984488008331,0.022347375990024655,0.02073554762543363,250.2640047220087,29608,0.07913724645972252,0.16119314270360122,0.11099636013531573,0.03934633150430662,0.0211588750467157,0.819754713177681,0.9572147100312368,0.939177765478542,0.8524690497489202,0.5630746238699582,0.011499308687634765,0.011965658795088535,0.011248925890755011,0.011210059050825366,0.01163696334697307,0.08959923722315583,0.07964779657710873,0.07558459087057198,0.08910904219152324,0.11138141940339147,3700
0.028189587593078613,0.46316085577011107,0.17952385902404785,0.6922577834129333,0.3845934388311897,0.4421101501584054,0.7692791211361798,0.5421864222472822,0.32060978742259916,0.12405681708547735,0.022387144826352606,0.02343377319867819,0.023970388654322147,0.02191732967780394,0.020058923936569634,250.27292337263918,30408,0.08422773931175467,0.1591338107780535,0.11039972028961761,0.04000516815788363,0.0246414538579052,0.8343437838554383,0.9594302408549248,0.9322184080808937,0.8484789771263052,0.5847945077431638,0.011797416508197784,0.012468526755193514,0.011269494117250757,0.011481780878672682,0.01202231658854247,0.05356832891935486,0.062490483620013984,0.05116501756607085,0.04669584750875153,0.054210372008576306,3800
0.0006787300109863282,0.4345688247680664,0.1801398539543152,0.6695194458961486,0.41008717469837636,0.45533850595355035,0.785499023792406,0.5552970433110355,0.3162878520711503,0.12270722672110422,0.022862466052174558,0.02376074684979435,0.0238735464386915,0.022549337923827784,0.02115496334348181,250.28427935519306,31208,0.08616545705124733,0.1613486800427849,0.11237741983373754,0.03828892037930963,0.023706828731519625,0.8367324590682983,0.96013042670951,0.9403867949365943,0.836653941508496,0.592948149268826,0.012032276545651265,0.012753309966936762,0.011951393911039644,0.010871054522335671,0.012487819381931326,0.07330641692155039,0.0900870516947279,0.06334262894568912,0.05903676686563873,0.07879347525037406,3900
0.030127606391906737,0.46522730112075805,0.18039997100830077,0.6991729640960693,0.4040722764235653,0.4475116254389287,0.787967820763588,0.551863303585867,0.32677183643567814,0.12148976575602126,0.0217946439422667,0.021365639376454037,0.02381418833986449,0.022009828566190062,0.01996730337968938,250.2944561758115,32008,0.08447588205337528,0.16115267805755154,0.11307108098987355,0.04256833140628738,0.021142565132340967,0.8352151548862453,0.9648556691408158,0.935020084357142,0.8504032063133576,0.5870545249299951,0.011803079601377248,0.012902355683036156,0.011315995705636905,0.01112268097908693,0.011883667407812649,0.07812199108419007,0.09736363272531881,0.07167638904103851,0.076669287610475,0.06660269152581086,4000
0.0006713747978210449,0.44799357891082764,0.19071755409240723,0.69068350315094,0.36512195901994815,0.4569472402334213,0.7758309620398064,0.5537295055098649,0.3343130222388676,0.1198923057937985,0.021076002400368443,0.019233696671478714,0.023198762009056607,0.021970578981051727,0.020060568130787843,250.30340342077506,32808,0.08827248275279996,0.16104530901820577,0.11396388229800435,0.04476484814965791,0.021941122112010932,0.8368151009082795,0.9622832586367924,0.9376131485148168,0.8565714660581649,0.5761025148599898,0.01203808504156768,0.012675622948100443,0.012372742070839163,0.011040142701508902,0.011912768427755323,0.05899381183553487,0.06371058772869957,0.05348597764741718,0.05314954528636246,0.06495289268624505,4100
0.0006528687477111816,0.44886709451675416,0.17498810052871705,0.6759307789802551,0.4041691695087783,0.45961134731769576,0.7769217290636576,0.5557453014334227,0.30934076561875967,0.11858038851929892,0.02219702305272222,0.02154798716444025,0.023885198684263344,0.022367895489720586,0.020785298648771357,250.3118494718099,33608,0.08759834889322524,0.16189418183768414,0.11376775409768798,0.03631437784465762,0.01966040449729957,0.8288866984844211,0.958075643959134,0.9358910124422767,0.8353791570533875,0.5407078341468354,0.01178548176772893,0.01222004466110729,0.0114118747310155,0.011112721325606928,0.01239295704494957,0.06739523889496925,0.07563099548787147,0.06391856027123294,0.062124914044271375,0.06704919413243836,4200
0.03281461477279663,0.45113019227981566,0.1889428162574768,0.6937228512763977,0.4207987449133229,0.4423612070083619,0.794735304573003,0.5508927470073103,0.3201171269542296,0.1176135544360519,0.022959122452884936,0.024222230292199283,0.02374450923525725,0.022771081485246352,0.02121734435487295,250.32346862517312,34408,0.08259796589612961,0.16234095248521552,0.11112689781778808,0.038958039740100585,0.01973096575918738,0.8199887156486511,0.9647708131986509,0.939398569365343,0.8418038346265493,0.5554694875935525,0.011623183051124211,0.012610940511484502,0.010815090199078744,0.011147797980198746,0.011828671224746056,0.07103944403119385,0.08028904867915473,0.07038285103772067,0.06773602970336615,0.06574409463329711,4300
0.0007083702087402343,0.4608002686500549,0.16858700275421143,0.6837022757530212,0.39293223939251837,0.4400295855104923,0.7729729155097343,0.5561704260050031,0.3143736643565671,0.10964496071328939,0.02305395944043992,0.020961042719356962,0.02385251258252832,0.024692878018024292,0.022478096490806863,250.3300145511992,35208,0.08146916888654233,0.16126166110990026,0.112235583935161,0.0365529287384135,0.017025007153911836,0.8194842004776001,0.9612567205019672,0.943225219237561,0.8223615836452799,0.531641948158326,0.010602864134125404,0.011464847646879424,0.01039992000584549,0.009669964455554762,0.011017038276844205,0.05971216933336109,0.06718249776579369,0.059860919302861595,0.053730324638571136,0.05873222095618509,4400
0.03094768524169922,0.45001872301101686,0.18504621744155883,0.6869900465011597,0.42667624975043844,0.4403560614585876,0.7863032594705246,0.552781072866857,0.3222411737072891,0.11770631259550215,0.022579570412635808,0.02162902647008501,0.02378841816674712,0.023267170527789198,0.0216468192708953,250.34098247394897,36008,0.08299923524260518,0.16212190152742936,0.11307161990831151,0.039013766300708526,0.021123237535582404,0.8235299247503282,0.9652536462514829,0.9349033141610631,0.8443255109835401,0.5620859063765856,0.011545866774395109,0.012578890295938054,0.01121585449176048,0.010589000239476641,0.011803816482064803,0.06618307776981963,0.07803828313540764,0.05947098290241922,0.05945935726714166,0.06793157516636741,4500
0.0007246184349060059,0.4576914620399475,0.16194276809692382,0.6700178980827332,0.3755269025468678,0.4280872747302055,0.7695163668382284,0.549228479677343,0.32096996022168045,0.10942834309405756,0.020519754011183975,0.019524872358335155,0.021898036080606798,0.02128489345552461,0.019634915664792064,250.34854533042306,36808,0.08201499827206134,0.16152015527581232,0.11345023805285512,0.0404232330770502,0.018893383036678004,0.8106093537807462,0.9603952470392281,0.9389488225314703,0.8486406229516507,0.53803136560652,0.011563573344610636,0.012297667048889955,0.011269881693835575,0.01091921027319166,0.011681284196674831,0.06097368007060147,0.06392599838914914,0.05831051347677646,0.06179614958443464,0.05985663350671525,4600
0.02865967035293579,0.47800963401794433,0.173578941822052,0.706595528125763,0.36917911119336566,0.4594796949625015,0.7773962020874022,0.5566640106422631,0.32408081125660004,0.11543196538535265,0.022397618293762207,0.0220897315618382,0.02305557510828804,0.022994384880072057,0.021355000185620716,250.35475586345262,37608,0.08723783165216444,0.1618810026584385,0.11425805476745725,0.03871895543530048,0.019490631192071024,0.8307602715492252,0.9599448322692767,0.9382106616598732,0.8485716003732586,0.5336722965398544,0.011311372914351529,0.012079197195332474,0.010652432710338397,0.010405899294335217,0.012142223020428935,0.05905023311148397,0.06892020318104461,0.05437887172210273,0.055603408678338795,0.05652077232863115,4700
0.0006906414031982422,0.4355345273017883,0.17990209341049193,0.6677488923072815,0.40643866157842906,0.4284682558476925,0.7872825682811112,0.5414995773889051,0.3233713269820941,0.10847069603783822,0.021130041815340516,0.021983236565416613,0.02200230809002375,0.02117363717682256,0.019509020504228317,250.36153488659374,38408,0.08086530245840547,0.16468697940201854,0.11139846176351649,0.041386570593369705,0.016520733453479045,0.8139487171173098,0.9575278723369476,0.9371157380023803,0.8537077475063904,0.5325772338568888,0.010887448145076637,0.012245074079027808,0.01053753535327786,0.010252819318562896,0.010649101528387637,0.06784849948016924,0.07957418417968065,0.0650995417514189,0.061624848356085074,0.0662426447630441,4800
0.028228704929351808,0.4681671023368835,0.18426125049591063,0.7051859951019287,0.42065464674995034,0.4338066388666629,0.7816201529577768,0.5585173576081542,0.310810831468008,0.11788568378216889,0.022029292751103633,0.02188549338991105,0.022693162563287825,0.022697258544595603,0.021030028789644706,250.36889633868887,39208,0.08294666636735203,0.1624875761451521,0.11510988487310324,0.036002498310691036,0.021487195740170814,0.814987251162529,0.962543241952726,0.9396793071127616,0.8286654074289643,0.5646252059726469,0.011988458656705918,0.01299553026606119,0.010911400730046334,0.011487879637868435,0.012519328953443903,0.06465360271744428,0.07576402783861964,0.05857206423771328,0.05648916681455067,0.06710836906314294,4900
0.000653679370880127,0.4610062789916992,0.18387470722198487,0.6968086671829223,0.3928339625394905,0.44294237196445446,0.782295862436295,0.5472570589653732,0.33615127582140647,0.11476650330715057,0.021071472838521003,0.019605504465289417,0.022569480172457725,0.02216697715674387,0.020004040393524054,250.3769426711505,40008,0.08394552741199732,0.16271006822586045,0.11302475585852789,0.04462673351394408,0.017133843593253973,0.8209763193130495,0.9623716861009606,0.9347710204003424,0.8560845246820739,0.5397663026321223,0.010920873940922319,0.011718192445114245,0.010628216138799771,0.010550189544587878,0.010782266119722186,0.06981908504851161,0.08165428915759546,0.07033010237958971,0.06407128805953137,0.06333300001328675,5000
0.0006546521186828613,0.457630352973938,0.1871938967704773,0.6972897934913636,0.42600878565809036,0.43680781185626993,0.7785162375289564,0.5486291578412062,0.30638404211626874,0.11550945972946162,0.022067469367757452,0.020742407819370253,0.023073808522894982,0.02310939408171009,0.02122140814511414,250.38696522211657,40808,0.08250260017812255,0.16309965333464188,0.11170975759625429,0.03665747044318052,0.02042298236968539,0.8171770471334457,0.9593093656763741,0.9388871398568156,0.8187839580032057,0.543527998030186,0.011659115091897555,0.012237266390299316,0.011480001853778963,0.010497518202272365,0.012538091830113757,0.06577963716117666,0.07565065793341448,0.05466035147430376,0.05661128159010572,0.077408951989734,5100
0.03075937271118164,0.44693043231964114,0.1708398151397705,0.6703151893615723,0.3519380301827902,0.45828832924366,0.777412610589911,0.5505047153392336,0.31897303061178567,0.11484267663521072,0.02046623069792987,0.01696479330779218,0.022488875314593305,0.022109158533184167,0.02067150969135884,250.39642734744737,41608,0.08763807866722342,0.16271066405904414,0.11325164431850655,0.038440475093298836,0.017000556752464046,0.8300063049793245,0.96251376014237,0.9396493698908316,0.840806205370273,0.5448748329654336,0.011014067810028795,0.01202471913991992,0.010669355912210608,0.010182174007076097,0.011000649872585196,0.06239016138482837,0.07192619325200084,0.05598306881272359,0.05567104891705059,0.06485509137564804,5200
0.000675210952758789,0.419723379611969,0.2014154052734375,0.6701298046112061,0.37192745182354603,0.4379516242444516,0.7806207251090272,0.5505614071933144,0.3105424304356735,0.11177437652915308,0.020494997780770068,0.01761552150128411,0.022447696660035432,0.02216617676188771,0.020111493036700307,250.4039626083587,42408,0.08387597702443597,0.1644472315047798,0.11317300456126929,0.03733461730318208,0.01822633130909352,0.8112083029747011,0.9604294661145943,0.9367054722030754,0.8290326096368639,0.5396245707015288,0.011620705681853003,0.012753850175963286,0.011414989682510122,0.010869493548433931,0.011337515621227185,0.06522040269803263,0.07177568457868458,0.0675935374246674,0.059326051700378885,0.06161758382826149,5300
0.03291276693344116,0.4481723690032959,0.18713052272796632,0.6858058571815491,0.39404150293657514,0.43777773886919014,0.7755183193911895,0.5521840937080837,0.3287664660722904,0.11027632167562842,0.0203649004176259,0.017301024819545926,0.021418337976293906,0.022266770371853706,0.020217944523319625,250.41144624519595,43208,0.08349402155727144,0.16443493137968326,0.11406419220424828,0.04142178898437484,0.017803843115689243,0.8225496357679367,0.9585194264320616,0.9425321093627385,0.8524336711604998,0.5385735461115837,0.010977420238777989,0.012359787947795495,0.010431029924768064,0.009940048894098047,0.011299449480138715,0.054691628719738226,0.05137164263238023,0.05234202324326836,0.0560125547356323,0.05894536611609508,5400
0.0006166744232177734,0.42624434232711794,0.18554198026657104,0.6602419185638427,0.3863091746836494,0.43391459971666346,0.7761897505858,0.5556852717690056,0.3091583081028041,0.11390385081005451,0.020940928570926196,0.017411942140032107,0.02211553151459257,0.022818595180105344,0.02130225938105701,250.4189236945067,44008,0.0812621395289898,0.16290624760664416,0.11376471072435371,0.03452864806989535,0.018566183470230636,0.8116709178686147,0.9608825353475717,0.9408436057531301,0.8310902580326681,0.52488253484754,0.011356154785025867,0.012004196779945719,0.011035305726800478,0.010490057886094221,0.011912639308766473,0.07858685031067586,0.08695610343263702,0.07142672420663732,0.0674048360030843,0.08868327875411612,5500
0.030545101165771485,0.43904679775238037,0.19485903263092041,0.6829023575782776,0.3775853368618355,0.4271483883261682,0.7668798553511268,0.5498148185642127,0.3157243709107047,0.11472447345395223,0.021100111212581384,0.01612040796437797,0.022575839863795986,0.023620147863855055,0.02186583049630669,250.42642400470348,44808,0.08007821559906003,0.1615883481780482,0.1120787816612345,0.03768040008110546,0.018099007080860843,0.8075190734863276,0.9616689475089154,0.9398632680114937,0.8292300631699054,0.5261504017346273,0.011370760337449614,0.012204051560630605,0.010597484497549497,0.010913280659418514,0.011751509234044367,0.08264919652137905,0.0795020682500782,0.06997519461683141,0.08173183561754818,0.09783608023898238,5600
0.0005979776382446289,0.44427238702774047,0.17855945348739624,0.6746976804733277,0.34428898440578704,0.44212934911251045,0.7764598398478991,0.5454092939507287,0.32110512929344637,0.11327576284554415,0.021111334413290026,0.016288562538582334,0.022614170489657033,0.023521590064668536,0.021752312373211423,250.4350103475913,45608,0.08371462732553485,0.16325353662070546,0.11158726262455838,0.03705457055905056,0.021333907629323606,0.8255809092521672,0.9617621382487185,0.9362471902145528,0.8381108161315177,0.5465299880250964,0.011281483862549065,0.0123411646069594,0.010502851370476043,0.009892410361343657,0.012588085804847961,0.05204385797958821,0.06405976504332282,0.04730355379804262,0.048110591083792176,0.04929977019584954,5700
0.02908444881439209,0.4592012619972229,0.18033003330230712,0.6902854180335999,0.37785699945849827,0.4386621010303498,0.7760277212812352,0.5445000038992972,0.30709351732764584,0.11925303525070556,0.021697977967560296,0.018095454008569215,0.022639950041368775,0.023942061875648107,0.022205052340460815,250.4415922665484,46408,0.08136569209396843,0.16270423272194778,0.11005638499734219,0.033322090107314954,0.019151045159513547,0.8186520421504976,0.9609438510468375,0.9394087339601207,0.8212541575139423,0.5474711773321803,0.011285119913518432,0.012079106160224635,0.01114204618328762,0.010464946394522645,0.011467281565761447,0.06869264187989768,0.0794292674623788,0.06838985730177882,0.05989241476262972,0.06708824991719003,5800
0.0006023311614990235,0.4413589096069336,0.19615391731262208,0.6870487880706787,0.3497773985256285,0.4374313896894453,0.7715748542576879,0.5581505496313067,0.30756303311015176,0.11248806237084112,0.020302354041486993,0.017359153219308747,0.020892989992320834,0.022443522185009626,0.02060074678099735,250.45043332113318,47208,0.08311942996457221,0.16280936320029685,0.11519426826645839,0.034393303324274385,0.019015151355415594,0.8201125198602672,0.9616774667554825,0.9446735567975756,0.8297402778019518,0.5495544000369756,0.011399378543719647,0.012714541540365314,0.011311917787067362,0.010156640530719106,0.011359988343788357,0.057495368076488404,0.06570697238029381,0.05633725207483414,0.05019671239036447,0.05742097226675691,5900
0.028932819366455077,0.44507123947143556,0.1759564185142517,0.6728598833084106,0.36325643646993816,0.4264262771606444,0.7759577359023845,0.5533868574226901,0.3121335564028238,0.10828023179659349,0.021096668802201745,0.017612028727307914,0.022255895562314755,0.023132873078187285,0.02118205144930789,250.45612099736255,48008,0.07953189201653,0.16345909143749038,0.11304680731457968,0.03622776924088094,0.015943844284050143,0.8069397610425952,0.9600185842890484,0.9407335240393877,0.8323010430819752,0.5224697793264524,0.010912470701150603,0.012200625789792911,0.010380950060304414,0.010305714672026425,0.010831432759108552,0.06154457380529496,0.07173802480101583,0.05898204472274907,0.05528400917560003,0.06083929784798997,6000
0.0006458115577697754,0.45494554996490477,0.18891866445541383,0.6923992538452148,0.3905931110799091,0.44055003434419604,0.7689959453147593,0.5508222533146121,0.3220776991516937,0.11616061927385671,0.020840604947879916,0.017489768453937,0.02242387971153277,0.02274554374390374,0.02083688208730378,250.4637837005358,48808,0.0834993825480342,0.1630279609879244,0.11329824403318434,0.03929977803080179,0.017882545129981036,0.8175343650579452,0.9596594062823687,0.9376121291315371,0.8370360743765747,0.5351677441117747,0.011099709570407871,0.011462177093439167,0.011179717889065357,0.010355660415656293,0.011410443886796285,0.05823345808079467,0.06416882503691847,0.05256967268352693,0.0546243563511263,0.06122518758214636,6100
0.0006012463569641113,0.4409371590614319,0.17945602655410767,0.6702641081809998,0.3438592676021505,0.4522407031059266,0.7750782776841139,0.5400462935721217,0.3150726850999859,0.11308010614922522,0.020795978549867863,0.01625924733062297,0.022559116731591625,0.02334072004661571,0.021695889269366223,250.47415326969377,49608,0.08616258807480343,0.1630337810302529,0.1098191246844185,0.0357911341077629,0.02132667228895867,0.8287117129564291,0.9629447543033032,0.9349722831987484,0.831611638470572,0.5491699446802564,0.01193052787333727,0.012672220786924865,0.011826796608452251,0.0111554149842384,0.011968352143531263,0.06131464767269788,0.07172559936543416,0.055968183905907375,0.05887905927374964,0.05701566104645557,6200
0.0463008451461792,0.45148712158203125,0.18412882328033447,0.6848054981231689,0.32689069449993063,0.4421505591273309,0.7703223116695874,0.5446400203202899,0.3214128255528745,0.1093906534747928,0.0200959817133844,0.015604836490335103,0.021947539868976986,0.02247404618553384,0.02004724025180204,250.48199628260483,50408,0.08481745347380634,0.16280201667298874,0.11100697808229089,0.040561982457619605,0.01895377090985824,0.819432146549225,0.9621042584379514,0.9386906885264212,0.8370201833664431,0.5162482111865937,0.011984071037732068,0.01262317563183993,0.011222031559762452,0.011891821148021823,0.012342563959530983,0.06814328678592574,0.07228830512121923,0.056796944716775814,0.0688968156522914,0.07677525283643216,6300
0.0006280207633972168,0.4246475172042847,0.1914200496673584,0.6642070245742798,0.3768858996182812,0.4389779268205168,0.7691640025093438,0.5520001691548939,0.3165534332314916,0.1139351274640787,0.020076411403715615,0.015426020215575893,0.02219218980771891,0.02254226439219108,0.02058651816277277,250.4922113977303,51208,0.08526173952966931,0.1632297476132711,0.11522639809185978,0.03728507633226362,0.022476859624674987,0.8149207437038419,0.9603941466127122,0.9333811266434622,0.8384634683476411,0.5396123718647731,0.012450423450209198,0.013773416109117016,0.011961183563801289,0.011249599134161037,0.012646371006433448,0.05997662950539963,0.07041992245995932,0.052398179523849495,0.05734097127887336,0.05884528385940941,6400
0.029331188201904296,0.4760374855995178,0.1803658413887024,0.7055031728744506,0.3657669235149955,0.43998087152838716,0.7719174763232326,0.5505473783612252,0.31834068355587214,0.11307553776374489,0.02010020779445769,0.01453872733976709,0.022624670248478654,0.02285972886881924,0.020890028503175086,250.50638600606797,52008,0.08398196730762715,0.1641339080042815,0.11353352636098862,0.03652849968385986,0.01733335191884435,0.8112810361385343,0.9587834283495631,0.9318276607990265,0.8391786301876869,0.5314904086500686,0.011119038304314016,0.011708932053119521,0.011145061191637072,0.010278368986995707,0.011213926613661603,0.06873897032695826,0.07219822485830968,0.0683387302036863,0.060904429671696625,0.07221456623155297,6500
0.0006028151512145996,0.4309556031227112,0.1840178346633911,0.6635367012023926,0.3765053022453227,0.4381568086147307,0.7774972410624834,0.5498786175438248,0.3170269931381073,0.1187358469958754,0.020796463042497625,0.016754176495183865,0.022570618735480063,0.023328579372571944,0.02068935844885267,250.5156082600583,52808,0.08301685877144337,0.16397134409162226,0.11258811012144483,0.03626136580042203,0.021289678952985128,0.8143121385574343,0.9612382453650675,0.9353111408143767,0.8303372248932342,0.5431729949614851,0.011920342734083534,0.012881801667820499,0.01251600888260295,0.009780960997575939,0.012484538713065173,0.06820420249365272,0.07253864596097782,0.07808162235893806,0.05229781877399241,0.07013121284184538,6600
0.033286032676696775,0.4682888412475586,0.17661330461502076,0.6971828770637513,0.38754150784763736,0.43451172977685926,0.7741423854322147,0.5488653607627897,0.3084152833245314,0.11183363100280984,0.022933634370565413,0.017250970673907295,0.023920373590614802,0.026631722338325937,0.023622392579757907,250.52569593768467,53608,0.0815842543542385,0.16271452718611934,0.10984352798505156,0.03298079664497057,0.024444236099952832,0.8032962316274641,0.9641766521063718,0.935422997091718,0.807681236398934,0.4996173835049073,0.012956502912566057,0.0119079367347024,0.013253443618666946,0.01236018770232729,0.014413309931114773,0.08745836782618428,0.07145690901212008,0.08524530235656239,0.09230896453791586,0.10070227925522582,6700
0.0007529354095458984,0.4750440287590027,0.1753558921813965,0.705964469909668,0.36933536196060596,0.4384210722148419,0.7789412701307836,0.5496775432683455,0.3163972586547772,0.10818689864347956,0.020184699185192587,0.017006258654005055,0.021759693967270673,0.022875729456080674,0.019210918797362662,250.53801267676337,54408,0.08401065843179821,0.1651117949195169,0.11298218793650662,0.03700081103630943,0.019889693493799616,0.8158346122503277,0.9585675609052484,0.9391462876655085,0.8304222145846472,0.5392969125041777,0.011629186733625837,0.012469208159887075,0.011110265541010259,0.010459223793520359,0.012422228996714968,0.06993010062724354,0.07773361747519142,0.05991879427842425,0.06984096928137726,0.07223882291045987,6800
0.0296903395652771,0.46103348016738893,0.1625781512260437,0.6785071516036987,0.38011699337256105,0.4390291410684588,0.7745850700051038,0.5484380139083399,0.31250871921127465,0.10829181579530833,0.020564743746072065,0.015523923313087626,0.02237981716852364,0.02406314491397804,0.02030163856071173,250.54534955763205,55208,0.08364978730678557,0.163890509907879,0.11237053522249543,0.03597057507034723,0.019488283213256484,0.8156969511508936,0.9610705061338439,0.9371868726683826,0.8284996537247089,0.5266129821538923,0.01161716460715979,0.01220862549354336,0.011434346362494116,0.01130763701436045,0.011514514430464074,0.06231654110364616,0.0685105057090373,0.06276633538669209,0.06136302057079817,0.05645736942913535,6900
0.000576484203338623,0.4201189398765564,0.19885804891586303,0.6661875748634338,0.3220562669078949,0.44274828314781184,0.7783029955786623,0.5561199531805036,0.3219796977742178,0.10955374191204696,0.020478019379079344,0.014594438498386658,0.022251957018888133,0.024680499094709037,0.019860363083008002,250.55299960580246,56008,0.08353111928328864,0.16479600144399187,0.11453384170756069,0.037160556302625374,0.015444715438673323,0.819052474498749,0.9619519356134774,0.9391486639539229,0.8306649551965805,0.5310708901821036,0.010487765872385358,0.011461631178453158,0.01031798013490035,0.010014310249990513,0.01022697549361067,0.054310262319631854,0.06343939401763113,0.05043984667751852,0.05044241410226647,0.05398305630645692,7000
0.0005300331115722656,0.43526281595230104,0.1803138566017151,0.6626136517524719,0.32691906602490245,0.43301941439509395,0.7669316520665419,0.547880165999935,0.30444623670070475,0.11655245681014871,0.02150300529785453,0.013688302016194507,0.023082890260260787,0.02703297050614462,0.021510538721898793,250.55949854153127,56808,0.08071264876052733,0.16323053032000442,0.11119922281410288,0.031614024348852056,0.01819456358603443,0.8075688761472701,0.9612338099887671,0.9342898416079678,0.7964934573905293,0.529236118510827,0.010960426251403985,0.011826025100454779,0.010354332112994746,0.01048091839132185,0.011303292390573573,0.061159337330609555,0.058715651338461815,0.05264538388982553,0.06300142783173678,0.07112013576336243,7100
0.027320737838745116,0.44942579507827757,0.18311212062835694,0.6819427800178528,0.4172153163929131,0.41881495162844673,0.7712753270402811,0.5518616593465575,0.3063615616933206,0.1102322955221797,0.0223066794499755,0.016666276762638817,0.023702668203268114,0.02660381034991452,0.021201035222755002,250.56736184886174,57608,0.07880510002374647,0.1642540665720238,0.11100264246143951,0.03621459025106278,0.019820494110507927,0.7957787001132962,0.9580721228108934,0.935746175196112,0.8009745765512233,0.5174997933208945,0.01274209610652178,0.012513782484510723,0.013766797507045465,0.011346165523820806,0.013358267328630267,0.07167927400761985,0.06975081093667199,0.07628263905005557,0.0603579194597774,0.0803941978096051,7200
0.0005689549446105957,0.41487129211425783,0.18378645896911622,0.6443532991409302,0.34430145106396914,0.4319005648791789,0.771567628497169,0.5494863558925838,0.3256932279012468,0.10530993218223252,0.020565103432163605,0.013713397674518759,0.022676679141381224,0.025876200955195956,0.01951636903572318,250.5743884498803,58408,0.08084813233464956,0.16332865849373848,0.1122285427123893,0.036690653551810365,0.016992959325708552,0.8094762170314791,0.9648821662973475,0.936334727733743,0.8312648138389215,0.5169568690014822,0.010672578578814861,0.011479399489761202,0.010099478232601255,0.010179305625758297,0.010989038029448225,0.05061640303116295,0.05106400713452665,0.045732377151794255,0.04860120781197256,0.05709105368484466,7300
0.032395734786987304,0.4596262073516846,0.17955656290054323,0.6905885219573975,0.3278837940599419,0.4508453772962094,0.7767820708891926,0.546592229960161,0.31300671035377553,0.11379268422386075,0.021303191334009167,0.01499536903985941,0.022974100305673165,0.02705358518333875,0.019985160311568287,250.58132393428784,59208,0.08482071598991751,0.1639117843964519,0.1108582942584239,0.0334774785077394,0.019901057510599927,0.828654045462608,0.9633114215205699,0.9357446713731925,0.8148305377556907,0.5572566703214481,0.01139723834116012,0.012292297830914733,0.010557340714362786,0.011023433390189314,0.011824584905436983,0.06247437575017103,0.07068310903131908,0.055612069339418806,0.05699315889615715,0.0676897757267054,7400
0.0007712483406066894,0.4663368558883667,0.18246469736099244,0.6986460661888123,0.3472231933335419,0.42953236117959026,0.7764241653045422,0.5527036723737812,0.31540769721097484,0.10617804154753681,0.020520481243729596,0.01503537280891602,0.022749721885145614,0.026168637854211488,0.018645162169228905,250.58839577854033,60008,0.08044767282903194,0.1638829711881386,0.1130197175911495,0.03333604781026831,0.016761306244668307,0.8018816363811493,0.9640280159596866,0.9358468992369513,0.8199878392372539,0.5219457732005556,0.010713638896122573,0.011757641784884615,0.010502620262797082,0.009673726909300868,0.010850705371492278,0.054813311323523524,0.06302539480916278,0.05212688381897703,0.048092892089669353,0.05556548287330028,7500
0.028077309131622315,0.42842520475387574,0.1872170352935791,0.6638174057006836,0.33704230155210774,0.44104389473795885,0.777865936926433,0.551625318748435,0.31057328548358404,0.10797796588391063,0.020587632348760963,0.014160192764497218,0.023330496624112133,0.026607016168002588,0.018776868875138464,250.59969230560554,60808,0.08234490629285575,0.16517748428242557,0.11294691157095213,0.03154051713930558,0.015475054041598926,0.8113881689310072,0.9602295100688932,0.9320173623021117,0.8172054783422119,0.5323934617638592,0.01073865847662091,0.011717142543888528,0.010650637451578503,0.009706330022356496,0.010808312485460199,0.05925029299076411,0.06693959369870184,0.05837595466564568,0.05381533535769358,0.05735089390320347,7600
0.0006150007247924805,0.4570471835136414,0.1887062644958496,0.6950493407249451,0.36096037844730816,0.4368160350620747,0.7691314234552796,0.5543027641596622,0.3136274805144657,0.10960797072163124,0.02084794249385595,0.014817656280464045,0.023073988971571452,0.027449506822796104,0.01897103181417801,250.6168653118444,61608,0.08215773450210695,0.16385195485506024,0.11221832525793203,0.03412737463300347,0.01655965355683948,0.8098646610975265,0.9611972423526346,0.9405728865552834,0.806117583834936,0.544808599903686,0.01108146445360035,0.011630804247059532,0.010737306945932609,0.010449110754524118,0.011406819532532673,0.06071026344317944,0.06538978537050255,0.055217375791577435,0.05910867337068476,0.06238551066208513,7700
0.038655476570129396,0.44016797304153443,0.17587805032730103,0.6669063210487366,0.36092811188118923,0.4439192230999472,0.7726252984117581,0.555656181081482,0.3162701280378716,0.10857538464359755,0.020124012017622598,0.01348849808090125,0.022676705939533276,0.027291964030847313,0.017529884243431753,250.6253777106057,62408,0.08333775509148839,0.16338160592648715,0.11507143707864959,0.03278809672721279,0.017872168060439904,0.8198138612508777,0.9624997060056085,0.9338269936649702,0.8249856919777098,0.5487431816565681,0.01127793676219881,0.012258249884729995,0.011215413394181636,0.010212632152819789,0.011370983481025082,0.06584847467951473,0.07449818031724402,0.06494253350209202,0.05678166942898092,0.06665386870646704,7800
0.0006072044372558594,0.48744627714157107,0.17091264963150024,0.7094567012786865,0.3541038742117606,0.43267140865325937,0.7702563482245015,0.5532055527403724,0.31302568002751024,0.11185344189760232,0.020893525388091798,0.015357569342604559,0.022640991587065836,0.02800601104176358,0.017823724231372268,250.6328689322453,63208,0.0804144749045372,0.16448280995065065,0.11262540835977175,0.032291414478401594,0.014940806479370673,0.8085849869251251,0.9586708434505165,0.9389432317392831,0.8098327398300168,0.5410240179016482,0.010342736551538107,0.011373593985860665,0.010078810767275112,0.009497533706752093,0.010420192232621571,0.06208751996513456,0.0734487975238209,0.0540724756974493,0.05687958118750863,0.06425845311910264,7900
0.030153818130493164,0.43880305290222166,0.18184421062469483,0.6696441555023194,0.3073735628131117,0.4441652525961398,0.7778370629495652,0.5490371739372208,0.3051007790971051,0.10752566692663384,0.02104341212660074,0.01492097871192726,0.02332023179175657,0.02865915990328973,0.017069120194145387,250.63868334928395,64008,0.08312528688460592,0.1646951066320809,0.11161092925099056,0.029734977235364696,0.017629651661543937,0.8152708786725998,0.961816969499066,0.9328318508940006,0.7961825528710151,0.540506592090117,0.01085174626205116,0.01217381733780107,0.010286598323220634,0.009776577255064521,0.011204948143306423,0.05193756572203716,0.06106970348367612,0.05221182904035334,0.04610513272508019,0.04785276843822577,8000
0.0006296610832214355,0.45584328651428224,0.18557944297790527,0.6924735331535339,0.3125643425715501,0.4273140349984171,0.7605797725239986,0.5637944504540625,0.30832039017530416,0.10567848683864463,0.021161254849284886,0.013360692005719715,0.02189742772796081,0.03136903421856218,0.017332130869594887,250.64415002210848,64808,0.07937447946518665,0.16360056162187744,0.11616852044747142,0.028049607549339387,0.017913823503334366,0.8006384107470511,0.9569223166741049,0.9406609407270148,0.7932263951730952,0.5285823126049604,0.010935833542607735,0.012045570836431287,0.010916042775500815,0.00974791907259567,0.011127700967549836,0.056382676569628545,0.06658026256080066,0.05422851896640012,0.04491540587973953,0.06056261056715701,8100
0.0008518028259277343,0.44646098852157595,0.17597686529159545,0.6719504356384277,0.32225740401085967,0.433503340035677,0.7746748617379976,0.5562095120947625,0.31107849866441156,0.10841464623808866,0.021242757784202693,0.013842053448615395,0.022515911275251977,0.03181671852119344,0.016748253242453447,250.65248710692867,65608,0.07887616507709029,0.16373332641502392,0.1134400332675262,0.02834833684960579,0.014506129453685575,0.806629839539528,0.963019613877381,0.9401809095061398,0.7964798524541761,0.5409035691400855,0.010166071336716405,0.01131766172826734,0.00982825498639501,0.009161999706829928,0.010348457454635598,0.06916004806291313,0.08336571131666916,0.06564635003264495,0.05876227330136141,0.06881594638135735,8200
0.03051199674606323,0.4828322339057922,0.17890050888061523,0.7124487066268921,0.3893237967995831,0.4384231281280518,0.7780271406379047,0.5465029938511116,0.30878887021205803,0.1008980744493702,0.022450729236006727,0.01634551070933565,0.02335217470431296,0.03273571356081629,0.01670954317820293,250.65856630666093,66408,0.0804316828586161,0.16436862859999746,0.1111034125720382,0.027493144212806582,0.016601682115819253,0.798842706680298,0.9622105120471792,0.9319266992271258,0.7887980118044101,0.49642352326206435,0.0106719458126463,0.011540486033934582,0.010532276244173763,0.009784971545297358,0.010850772062050457,0.0599244168278528,0.06791265395555747,0.05557896398320773,0.05051639885586977,0.06603900336742977,8300
0.0006963419914245606,0.47297232151031493,0.1772687816619873,0.7033138918876648,0.39777187027524036,0.43452864482998854,0.7824584883038366,0.5457841218449171,0.307825609268445,0.100601655805541,0.0227085009496659,0.0166206033162699,0.024070473188961244,0.03262821602512082,0.016859413532674627,250.67079519115964,67208,0.08063383974134922,0.16518096596297643,0.11010712455026811,0.0295196438300476,0.019287548033933448,0.8000918811559675,0.960285922973463,0.9332269358759122,0.7874779054578747,0.515313706754408,0.011488439706154164,0.011838738218706003,0.011572674695344166,0.010805840823658803,0.01178626210630401,0.0608971419534646,0.07172128025760495,0.054857663214837274,0.05773583621243541,0.05905848627036304,8400
0.02894415855407715,0.45682621479034424,0.17903293132781983,0.6883666825294494,0.3815568531209859,0.4327257798612119,0.7699939143714725,0.5546770354111993,0.31500866563588986,0.10216551957930921,0.021035710927099,0.013381596674705946,0.022630529312623878,0.032342727825629976,0.01623383141460194,250.6795027546205,68008,0.08071301106363536,0.16311577190622764,0.11302252283526791,0.031147919245995595,0.018265617327204466,0.7995835849642755,0.9633386511551708,0.9399505082103943,0.7956683176989647,0.5160466864489122,0.01169267506338656,0.012493876811633851,0.011318734733180867,0.01161742398935353,0.011283058218729968,0.08019527302123605,0.08302144088189706,0.07088678487990464,0.08225902670757,0.08340229249248897,8500
0.0006690049171447754,0.4336020636558533,0.19597675800323486,0.6811243510246277,0.34082028106282675,0.4475814141333103,0.7784783874732859,0.5488762479383966,0.30685346937456814,0.10394245089399955,0.022215439379215222,0.015517620713976409,0.022763292838647524,0.03290278590175996,0.016260853329630096,250.69079699190203,68808,0.08204930327832698,0.16480039492033538,0.11122686788439748,0.02858587364817775,0.01434339170187149,0.81342920422554,0.9612056719508146,0.9388254198055823,0.7806545507076175,0.5263664348180908,0.010147579084150492,0.011158359529459526,0.009987633844873707,0.009578186955822755,0.00983441905335112,0.05646010630996898,0.06454638001095091,0.054980081873403364,0.0524958630666396,0.053456261398021655,8600
0.03142599821090698,0.46096220970153806,0.1660954737663269,0.6807530403137207,0.33902158498150164,0.44471510618925075,0.7784003351377019,0.5456620628510285,0.30535850633857065,0.10162743481294233,0.02153709257952869,0.014576893941962835,0.02373542367532175,0.03348631946550261,0.015742497480645462,250.6978341336463,69608,0.08233239816501745,0.16473921214881007,0.10965656904718982,0.027577867648834655,0.014473933447389961,0.8062433373928067,0.9629095553263138,0.937194542968692,0.7818790879300843,0.5213584395087489,0.01062663518823682,0.01176526084474232,0.010346319208193065,0.009805992185588813,0.010417775288984491,0.057355435908539226,0.07007823525088072,0.05183152255225437,0.04925767172901559,0.05643273100710703,8700
0.0008476877212524414,0.4826982569694519,0.17581148624420165,0.7094901847839356,0.3433086568778348,0.44054398015141505,0.7677171007551326,0.5510428003196066,0.29689228746977586,0.10178822620298848,0.021540520647540678,0.01421930691970494,0.022962322037121084,0.03425661713800615,0.015485866292725995,250.70434029783658,70408,0.08296270078048112,0.1633668168626653,0.11209146967478872,0.02655053412926763,0.01709824286435402,0.8040251582860946,0.9622483283582357,0.9356244465914262,0.7636858384702458,0.5179597960092628,0.011224180925637487,0.012421522000240106,0.01129887291382806,0.010319559291192444,0.010740019661418276,0.062486790600232794,0.07591957582932225,0.05849738631012106,0.05489397635059067,0.060523251703018775,8800
0.03118668556213379,0.4411191940307617,0.1732023286819458,0.6625269412994385,0.32234970265879853,0.4316635696589945,0.7739836863982369,0.5486055434052718,0.31170558726563674,0.10223309795061748,0.022191598629578962,0.013445879454509561,0.02351787010784531,0.03491796036316481,0.015696340598739113,250.71112836089958,71208,0.07862589679658409,0.16467534303665182,0.11164733268282745,0.0277914062269172,0.014743238676769233,0.7976763778924936,0.9610899378091858,0.9321054208097117,0.7832074470363313,0.5142595370610558,0.010058189074043182,0.011209222925110491,0.010017981911125374,0.009180232135911294,0.009906773884088182,0.06280080356576948,0.07098041310255673,0.05447099615493553,0.0547832362777379,0.07179408578428993,8900
0.0006265664100646973,0.45928253173828126,0.1865466284751892,0.6962964630126953,0.36844682796784173,0.4381769298017026,0.7751290982260428,0.5504747053877044,0.3070169443499696,0.0980121852859619,0.022203035699203625,0.013321592417709973,0.02292014886879952,0.03562785204933974,0.016394371403351666,250.72264361569427,72008,0.0811700033210218,0.16509872075973783,0.1114477355830112,0.029535968254492104,0.014658512956605703,0.7984444218873983,0.9602435774662917,0.938832933036842,0.7719454203994527,0.5033845012150107,0.01114099569153041,0.013315402971142353,0.01043670748670896,0.010205168154958663,0.01056302382201745,0.06315596831962472,0.08065879727969422,0.05311252828224084,0.057888752957173065,0.060686130776370646,9000
0.0006718111038208008,0.46116278648376463,0.17089089155197143,0.6834923648834228,0.31401880558498513,0.4336042977869512,0.770085716677695,0.5523495255481631,0.3086899270117282,0.10079297780686487,0.021856599748134593,0.0126780351412665,0.02223951861794506,0.03656472729053349,0.015522941343524319,250.72952073226594,72808,0.08067284269258382,0.16589588026717775,0.11263654185902501,0.02871254655066877,0.015093318727200041,0.793645583987236,0.9570018258905904,0.9395053190844405,0.7645169976353645,0.5054010101118873,0.010784295825287707,0.011370996966209142,0.010267550600249148,0.010732982000336044,0.010809598074826812,0.05798058306041636,0.061794926687839834,0.05262754666729875,0.05405469312332569,0.0639465675821138,9100
0.029884908199310303,0.4655489039421081,0.18120277404785157,0.6997549819946289,0.3681437180489798,0.4399969053268433,0.7790589440952648,0.5490570103692026,0.31055507853184616,0.10217959554149553,0.02172377500683068,0.01411974176755576,0.02284480901627046,0.0348363907150187,0.015175128704271255,250.73575897306014,73608,0.08065783943980936,0.16544844374131915,0.1109320207585379,0.028191482765821393,0.01401053963897702,0.8010311812162401,0.960555638707996,0.9377243675521975,0.7854973535136424,0.5101529335364317,0.010510594709776342,0.011620978528464377,0.010267677160037543,0.00993452665838642,0.010158910263234218,0.06571190936025233,0.07105896226910247,0.06308333375539206,0.06389058814245725,0.064482763182754,9200
0.000664684772491455,0.4582198166847229,0.17889260053634642,0.6902112531661987,0.33842863827019926,0.44078029125928864,0.7764561355393814,0.5570538324468282,0.3110122202646614,0.10225020730962055,0.021610416527837503,0.014162084903183263,0.022353991871092084,0.03548656519281099,0.014764274804467197,250.74532039983256,74408,0.08239491786807773,0.16450797979820508,0.11439538137479263,0.028890846668290775,0.018423469971178687,0.8020352095365527,0.9640561876722343,0.9382689630284031,0.7772699361390407,0.5243402800776736,0.011287917657755313,0.011754903491988702,0.010981417843763204,0.010952593606555523,0.011417124429811722,0.06030974879162386,0.06273035829047294,0.053755738144929725,0.050944765934047474,0.07344983315984298,9300
0.030920805931091307,0.4463109540939331,0.17207143306732178,0.6721860194206237,0.3342556839978178,0.4325881665945053,0.772718171889966,0.5545279362480046,0.31530157173649537,0.10176109011523696,0.021832525311037892,0.014040230090419456,0.021992042504704837,0.03616850930555727,0.014253891903869621,250.76068875031365,75208,0.07997838273644445,0.16402188486013652,0.11367465818518305,0.02897890927893908,0.01782883893249173,0.8003148055076595,0.9622668183766877,0.9400069208314579,0.7791845288002894,0.5255220325747931,0.010649343687109653,0.011192991720655795,0.010833164643931211,0.009979842943651826,0.01063779373910634,0.05737732282839714,0.06588536645882785,0.05484212371686159,0.05189612705447674,0.05730664762130111,9400
0.000742943286895752,0.46691413402557375,0.17777178049087525,0.6990734100341797,0.35483546443015845,0.4566951742768288,0.7740912427250136,0.5573870765240811,0.31911163380490004,0.10429505989684362,0.02138114529661834,0.012909990128400372,0.022973346806939143,0.036070805798233706,0.014541145371090945,250.76818325400143,76008,0.08578725073486566,0.16478050207225686,0.11454761658090257,0.02911362316996898,0.018946775028345426,0.8125924175977708,0.9612553325983192,0.9325505010989492,0.7901367957319192,0.5300600629137906,0.011688889614306386,0.011803451392194648,0.012131021623062326,0.010209096866701524,0.012724786313534103,0.07369822566863148,0.07472239972418582,0.0749883405370278,0.06307461724352484,0.08273180052334368,9500
0.03209383487701416,0.43233915090560915,0.1817580270767212,0.6684932494163514,0.346084812872643,0.4315412089228633,0.7715922519564624,0.5474561530130879,0.3027320342119211,0.10154902837192165,0.022289976766332997,0.012713278869341598,0.023389302478689283,0.03805676203451511,0.014928943077760815,250.77403035207251,76808,0.07934457778930666,0.16417518646145862,0.1105781723917634,0.026349257831413713,0.014936288258982735,0.789674030542374,0.9618436982855203,0.9333211862378641,0.7503851308036097,0.5045108262336616,0.010133296079002319,0.011093699383006118,0.009926434047951323,0.009421417276019745,0.01012516098868366,0.06488379417220135,0.08227290110759602,0.06331993504729191,0.055938102108109546,0.058492629019769274,9600
0.0007320022583007812,0.47343563079833983,0.17624318838119507,0.7028229928016663,0.36913420356953347,0.4142049306631086,0.7702726953016609,0.5462993001999623,0.30311092950295737,0.10241618534455657,0.022055380912497632,0.012863324560693216,0.02347817912292451,0.03703473419724888,0.014252708405084595,250.78005410913292,77608,0.07550325121730567,0.1637960255471736,0.11137801582485904,0.026755676946742246,0.015638461538208533,0.7827193319797517,0.9621202137952298,0.9303899762543995,0.75711623971589,0.5245121475738314,0.010233285869471727,0.010977684301349626,0.009838628259347506,0.010083193787270118,0.010099705531849851,0.06780452774604784,0.06911184736832858,0.0659186363526634,0.07449569727141178,0.06199653445708683,9700
0.04119863748550415,0.44261568069458007,0.17071417093276978,0.6704265904426575,0.3475471924458774,0.4469411094486715,0.7723518739331444,0.5431054738514557,0.3136669362800708,0.10221310389243943,0.02329880200326442,0.015024068380952018,0.023736699059715153,0.03850519366490379,0.014921340812523826,250.78729798081673,78408,0.08237684121355413,0.1650686760977754,0.11050174706706813,0.0274612735585728,0.015141656636760304,0.8070399451255799,0.9611145016157407,0.9290268616933451,0.77295031150182,0.5217711107205542,0.010348830376751727,0.011396219743029127,0.010435168414522761,0.009724459534393996,0.009725018280774024,0.05542609118856488,0.06253592065263122,0.050230208455639705,0.05458895036959703,0.053877867350491604,9800
0.0008473682403564453,0.4520267963409424,0.19150376796722413,0.695496768951416,0.36883548190073745,0.43378912642598144,0.7770529662040955,0.5608996953153371,0.3166100293397904,0.10110972229587406,0.022230951739475143,0.013356277429340212,0.021857403081647946,0.036574415502448845,0.014413838301736282,250.80263413635404,79208,0.08091656088829044,0.16461706327948164,0.1162443616366024,0.031308717713173895,0.0202138936906857,0.7986279416084289,0.964007092917219,0.9376101554347782,0.7759572246339582,0.5177339127189228,0.011451135622337462,0.012765771605351821,0.010958557518265279,0.010889448891911246,0.01132621896992389,0.06477198192384095,0.07295276513669961,0.054479085029514165,0.06310460015096601,0.06932395215048212,9900
0.03682168006896973,0.4338947343826294,0.18866391658782958,0.6731433820724487,0.34176329282222917,0.42100698977708817,0.7750528647912945,0.551865986356996,0.29676033313255884,0.09539584232645745,0.022208783309906714,0.013859012809337518,0.02267817142908569,0.03828471234077927,0.014022938907146457,250.80997647106008,80008,0.07777847979217767,0.16503142253313632,0.11329933892102005,0.026455523014319533,0.013223387419054527,0.7780796664953231,0.9609599399833036,0.9338532060248667,0.7420815683399449,0.4914656138876407,0.010113715098705147,0.011055031190392183,0.00985015076733954,0.009839348677169403,0.009837053507860552,0.057310557811288146,0.05889028942540244,0.052513905480869795,0.06196216584624812,0.05668823508730684,10000
0.0006488537788391113,0.4789361047744751,0.1722113847732544,0.7063383674621582,0.30125317985345584,0.42934821665287026,0.7680374377717568,0.5576021272975668,0.3023134921446883,0.0957919992600577,0.02175242594443261,0.012496551384780709,0.02222981146321847,0.039381225487346384,0.012241386841380533,250.81647916679754,80808,0.07966340582817795,0.16326753733058766,0.11452782318855702,0.026180234929030342,0.016531126864132165,0.7913806390762329,0.9644155458857618,0.9372061852079178,0.7480657625906537,0.5145886705981356,0.010708513404242698,0.01160218050790718,0.010527118026332643,0.010059931190997946,0.010694168766753548,0.06388337696902455,0.07367162523344938,0.05607431512684206,0.06136046711927148,0.06516907891879478,10100
0.0008309340476989746,0.45959248781204226,0.1894899272918701,0.7030980944633484,0.3554904394509428,0.42090655133128174,0.7687519853658015,0.5478283031119238,0.3053436057949529,0.09399746695779412,0.021936890790238976,0.012428658737773343,0.022223587520420546,0.039459125495976924,0.01372687657196777,250.82716171654909,81608,0.07864875216037034,0.1644947070001376,0.11221944586270388,0.028618985485258413,0.01696254403488535,0.7793640381097791,0.9617004651244323,0.9361484226253297,0.748830531407329,0.5021789338228843,0.01087176942266524,0.011520559968666565,0.010698587550885156,0.010068816282035936,0.011180851467937786,0.0648805854644161,0.07351917366665506,0.04979288860599302,0.0607998467104745,0.07342503263883043,10200
0.038185689449310306,0.4221146869659424,0.17712343692779542,0.6525047063827515,0.3772007711446532,0.4359530775249004,0.7782381473545825,0.5375070799707746,0.3073044408950508,0.10062935064834448,0.02366154117509722,0.015108578968748615,0.024054922577949434,0.040651403839864805,0.014036159272456822,250.83759968534005,82408,0.08020126665011046,0.16397513377894626,0.10726317386898689,0.029925768760491925,0.016484075817108878,0.7913325771689413,0.9642382962852002,0.9294111397878039,0.7428719484064567,0.5170811246202882,0.01130577438976615,0.012332260439341703,0.01100766955733456,0.010743377293553645,0.011096054137104155,0.07254843973321842,0.07908420808586565,0.06939381568604855,0.07034327186595063,0.07096434387753847,10300
0.0006313824653625488,0.44264175891876223,0.1979470133781433,0.6904210448265076,0.38134128164604797,0.4345817717909815,0.7715355184674257,0.5516582616403991,0.31071839519032296,0.0963810501232517,0.022611990096047512,0.014745422990527009,0.022835764741780697,0.038196292710513946,0.014624107376138121,250.84642662689666,83208,0.08147262200713157,0.16396975979208947,0.11342416017078887,0.0289859551171206,0.017651837813162128,0.7848188906908037,0.9619475820660588,0.933120558074877,0.7601483515159567,0.4763425310251073,0.01108059255406261,0.012313392171636224,0.010672970282315643,0.010174130024060835,0.011166790845392625,0.06404324908740815,0.07947826177813114,0.056426119881079394,0.050813999452894984,0.06962453079915745,10400
0.03533696174621582,0.44774683952331545,0.18400583505630494,0.6819210362434387,0.3262813574603988,0.44100385099649453,0.768557016232713,0.5507256907495589,0.2992459349525281,0.10223105843381398,0.02305070190690457,0.012425573317991994,0.02330698586407708,0.04206389216944963,0.014201224680342111,250.85361921534903,84008,0.08219062410295012,0.16373258903251942,0.11202355130490942,0.026494362372427423,0.01647101698377494,0.794538310170174,0.9628699756973419,0.9344223363832995,0.7305378638781033,0.5112281658727181,0.011078835530206558,0.012418725854480889,0.010375298354351374,0.010588996494427709,0.010975459636108069,0.06494653487578037,0.0768188456518213,0.055885721561075595,0.06497182768220323,0.06278410208229303,10500
0.0006601691246032714,0.4617108988761902,0.18057652473449706,0.6958583688735962,0.3140571154891138,0.43897491723299026,0.7635261611123779,0.5544163861645839,0.30780271127604053,0.09882852936593392,0.022534546591341485,0.0126807127152593,0.022210592461117316,0.04030763510848589,0.013471699703566658,250.85932754053002,84808,0.08212288929149508,0.16558377826633158,0.1143782187674967,0.02731498810552636,0.01563052055912071,0.7951575630903248,0.9545031219870604,0.9346318677911221,0.7505546995407144,0.50919313614185,0.010497844964265817,0.011713090801995295,0.01011341177190672,0.00975230449342714,0.010464838329845898,0.060718938393983936,0.0655198284827322,0.055061743004941655,0.059334531330822934,0.06363388650876646,10600
0.03233519554138184,0.4551952314376831,0.1807688617706299,0.6947661852836609,0.3230083471511074,0.4171626417338848,0.7758767654498424,0.5531993766968282,0.302441542294431,0.09545106566550893,0.02107021480798719,0.011834820351271213,0.02236422577380448,0.03982911493748103,0.013088117719779168,250.86728361329622,85608,0.0784155001491308,0.16535324530274245,0.1130109581368408,0.02770194858609839,0.01764301409045408,0.7653550362586978,0.9605989391897236,0.938041459554913,0.7374500942991129,0.48915391625502175,0.011772609944455321,0.013113032261767956,0.010816041155365011,0.010484361976504007,0.012350334023706557,0.07414405029732733,0.08654581550189172,0.06215454805000076,0.06315884423353013,0.08107324700372728,10700
0.0006986093521118164,0.4618005394935608,0.18361843824386598,0.6981916642189026,0.2916613698574695,0.4259108857810496,0.7751756645739083,0.5489341274564487,0.29362056503693257,0.0964155639402377,0.023472785288468006,0.013674683439603548,0.022178808880942338,0.04356003943830723,0.01283478186203118,250.87605930141382,86408,0.07800648612901566,0.16456826652089748,0.11198211861361428,0.02489585193938442,0.01460298700855138,0.7768110311031348,0.9625096631546818,0.9374965347092725,0.714816415593738,0.4934550062204023,0.010249304589815433,0.011591340698942066,0.009742993294844049,0.009676049831545066,0.010072349508603423,0.06044788681901993,0.07256475371347428,0.05451073551211011,0.05604553861720933,0.05943915037772589,10800
0.031362175941467285,0.43018427133560183,0.19008690118789673,0.6698252463340759,0.37818038673157506,0.429324053823948,0.7718149464107258,0.5474972002899521,0.2887681967706657,0.09868466527182229,0.02257853313349188,0.012690919627733884,0.022865003718965757,0.04086670747903344,0.013652439096144263,250.88568631789965,87208,0.08055777284316715,0.16388142492296628,0.11137331649661075,0.026477443179864377,0.018769506127478533,0.7810283231735227,0.9636393762329252,0.9314842998366992,0.7057594379373628,0.5185207514738546,0.01119303504470736,0.01206390169060346,0.010912962898746438,0.010581339389889265,0.011191613518404878,0.06311707107583059,0.0746891969007901,0.05550932456480012,0.061804135236432564,0.05985117216988903,10900
0.0006782698631286621,0.4843232488632202,0.17387807130813598,0.7110467267036438,0.3355751925526309,0.43371422588825237,0.7681880538324715,0.5487288862466813,0.3014188107046382,0.09948912801854504,0.02290000787004828,0.013103991107183322,0.022514886066783237,0.043446945163615136,0.012987607492011052,250.89895505620873,88008,0.0809834688901901,0.16383835803536526,0.11130815640091894,0.025551533080675277,0.01898878358238316,0.787907348871231,0.9610660883408148,0.9364565196633341,0.7318154806413023,0.5121183480103003,0.010995286176912485,0.0117384708843655,0.010687444275245067,0.009991025249591943,0.011534939645340452,0.05926164421252907,0.06463445433261758,0.0521741190366447,0.052438229582447385,0.0676622474235176,11000
0.029445002079010008,0.4219132089614868,0.21144060373306275,0.6836692619323731,0.31506317471824813,0.4279671940207481,0.7723962383926224,0.5520903031424722,0.30018990885998525,0.09527613111847154,0.023514135964214797,0.012271777078726146,0.022733792035591498,0.042664425306221734,0.012664246380429811,250.9062063707835,88808,0.0787585161067545,0.1642615878708148,0.11337651467264288,0.026782452802373367,0.016540797745708314,0.7818182855844494,0.9634813694726854,0.933975659384586,0.7184377416436162,0.5068298188415739,0.010124511718750008,0.011282924230077434,0.009728977256131807,0.009780939352432547,0.009788934458550573,0.06426904623862353,0.0711014594675766,0.059792122540829495,0.0603586058007619,0.06691202539950612,11100
0.000674591064453125,0.44758336067199705,0.18407367229461669,0.6858800101280212,0.3153907760117329,0.4337049143016337,0.7734083026369042,0.5390587572753431,0.28344847547004426,0.09519422511129005,0.02270208302885294,0.012946940327463583,0.022520497518125918,0.043653423147161974,0.01226763525046408,250.91132664665275,89608,0.08054823212325572,0.16489249648891888,0.10864496715366852,0.0234709568547408,0.014854158499082065,0.7820380413532254,0.9603993784044392,0.9352200636267659,0.692818191890814,0.5119399500520596,0.010251240986399355,0.011088123832280946,0.010070402829442179,0.009330651245308016,0.010448663573908187,0.06295864092186096,0.07241601120489087,0.060463494411669635,0.0611948280319648,0.05675263770022672,11200
0.0006303954124450684,0.47555357217788696,0.17616091728210448,0.7081593251228333,0.35248499003366685,0.4307518060505389,0.7674131664101049,0.5464060762165731,0.2965992588496887,0.09843411021597727,0.022995257619768394,0.01306246677728522,0.022329975875260318,0.042649471474661395,0.012713149441064813,250.9200397363624,90408,0.07930530857294803,0.16378056952630834,0.11100476929498594,0.024800041277773712,0.016266750786160918,0.7893455350399015,0.962706206213449,0.9384237471675372,0.7293656358221696,0.5186448256382766,0.010281205326318738,0.011395040499091446,0.010018062524263457,0.00915225971958013,0.010584367197787114,0.05587427201215177,0.06443898162719057,0.049943119843358745,0.05108796021464098,0.05781074825927846,11300
0.029904408454895018,0.43126914262771604,0.16715240716934204,0.6522026991844178,0.3179215581076051,0.4272101494669912,0.7597727135266407,0.5487237462500258,0.28701943923871975,0.09225579454667043,0.022576226135715843,0.012346809049883835,0.022280291574720237,0.045528995375784614,0.011418201012837925,250.92928481276687,91208,0.08154073983430865,0.16449096857911288,0.11326335518846009,0.02407351682189281,0.017964410642632312,0.7722815829515454,0.9559530763342836,0.9316604052674713,0.6892065957740501,0.49435532544598393,0.01152795683592557,0.012654231994938437,0.01043485383110307,0.01139268466572046,0.011672924472621153,0.0669188593863509,0.0735096481391275,0.05476633839693219,0.0659732953189483,0.07404792105021761,11400
0.0007242512702941895,0.4558055830001831,0.17754855871200562,0.6855476546287537,0.3530976784323127,0.4384981143474577,0.7682115579150731,0.5480375673448986,0.2989886505384519,0.09206911026599017,0.022864507455378765,0.012915440625389211,0.023025497707699422,0.04239949459026665,0.012204532493322076,250.9359926012266,92008,0.0823956918716431,0.16512490785558806,0.11253710484077165,0.025674865016511065,0.015369573265948837,0.7881762260198594,0.9570816814587381,0.9300810342599565,0.7280164796453686,0.4849273402597651,0.010403019725345077,0.011763932895285921,0.01009895498687519,0.009339863945937527,0.01049976828950326,0.05610453012399376,0.06544132747916566,0.05253982928459715,0.04927827698453643,0.05822169582239825,11500
0.029630463123321533,0.4633565855026245,0.1643940043449402,0.6829898238182068,0.33678733269896155,0.4258084112405778,0.7678583456044227,0.5547604513954995,0.30044668916669615,0.09356092765099475,0.021585038751363764,0.012134581497734657,0.021642405026814502,0.040972085603451336,0.012165191457359396,250.94243992274076,92808,0.0806317156925798,0.16556005419498712,0.11444775688315399,0.027463647196551557,0.017402777819475822,0.7779762947559354,0.9580209545753711,0.9376203768749529,0.7357593466182648,0.49313557263157787,0.011464825868606568,0.01172086488380653,0.011921541718056974,0.010427787680141064,0.011770969524457695,0.066651502000168,0.06617881148473248,0.06734692912813518,0.06103451461129384,0.07178972800968644,11600
0.0006838250160217285,0.4581355285644531,0.1808250641822815,0.6943251156806945,0.34299492293780215,0.45165316641330716,0.7664803919338045,0.5497197441144837,0.290174976479812,0.09704779987561643,0.021194272749125966,0.012133986140839199,0.02203629506922862,0.04102312916472475,0.011640903464513288,250.9522484051127,93608,0.08621495343744759,0.16335536849189122,0.11245682470248526,0.027341050902493502,0.016507806424207606,0.7981367093324658,0.9636047593442916,0.9369211346630892,0.707186199928242,0.5170889446855261,0.011154251038096847,0.012577941080805287,0.011109467134653512,0.009776434576128675,0.010777369924618054,0.060739642009139054,0.06948285583745356,0.05776318276058071,0.0557609276815516,0.05798852129438739,11700
0.035162310600280765,0.45486869096755983,0.1661807370185852,0.6752094125747681,0.2698119013575132,0.42741121202707283,0.7733044296202028,0.5436990690536986,0.30180156555785953,0.0975165499792415,0.022760872850194562,0.010608252517719076,0.022216316439115834,0.04368372990692394,0.013055181380228273,250.96371396267133,94408,0.07863361585885288,0.16449308162084753,0.11057943226053159,0.026712247636169213,0.01601014730677349,0.7778727859258651,0.9651978642049461,0.9342179494026381,0.7192263072135892,0.4962234819421962,0.010319746374152592,0.011085606389443834,0.010430523879730555,0.009268667487100968,0.010567377744318564,0.05387387991882863,0.05991469288828095,0.05336663820422612,0.048973057158644466,0.053551965473904,11800
0.0006372499465942383,0.4652821850776672,0.17684407711029052,0.6969813990592957,0.34085232181351205,0.4271375326812267,0.7777687387139188,0.5503161043249154,0.30067972772157037,0.09688891285058988,0.021947390604764215,0.012684230398222373,0.021982538831790785,0.04173168118820707,0.01193066628462675,250.97335381213432,95208,0.07943549409508703,0.16466669124715475,0.11238034027478387,0.027465085450337434,0.016905094523642326,0.7754079103469849,0.9646526773770651,0.936223381629554,0.7225147396770879,0.49844099802263575,0.010596495168283584,0.01160472174695528,0.010726975772770183,0.009641579491322614,0.010414631228501855,0.05918095892993733,0.06507691167473031,0.05556709421623338,0.0554898764094829,0.06019202143435133,11900
0.037990767955780026,0.45799622297286985,0.18178587198257445,0.6958317232131958,0.35118868365120204,0.4306852491199969,0.7734185557616382,0.5581902422478805,0.30870409207097416,0.0969318117946387,0.022268578298389914,0.011968397493719264,0.021735316011964694,0.04143678858931281,0.013149943100288506,250.9891231512405,96008,0.07990652378648519,0.16493751265500708,0.11604650595769797,0.02889325590391317,0.013500666692852966,0.7820133292675019,0.9617990553379063,0.936108205053541,0.743763740133182,0.49055202603340126,0.010152865201234818,0.011255412252227736,0.009800464749462223,0.009304265491664415,0.01033150867559016,0.06936648521339528,0.08390852860175078,0.05571549510862231,0.06188367542654756,0.07727537068654787,12000
0.0006567835807800293,0.45316147327423095,0.1665280842781067,0.6756668472290039,0.37273937595311474,0.4275597232580185,0.7839671764424241,0.5490253436788216,0.2868240602007233,0.10218075024230133,0.022528672702610483,0.014989911834832535,0.02190380764115498,0.041843525666897134,0.01174771469178164,250.99788210783368,96808,0.07959660951048143,0.16536216295900813,0.11329138557487566,0.025124931862798624,0.01628199840203072,0.7810231608152389,0.9634807481967587,0.9346720481587353,0.7007165913729321,0.5259203514442071,0.010456397486850618,0.011964810479964534,0.009803262021322949,0.009398875191577316,0.010751177088857571,0.0685752731747925,0.08346626432070495,0.054515784906623774,0.06334602384895231,0.07452999008131286,12100
0.0007241606712341308,0.4506622624397278,0.19396799325942993,0.6957944536209106,0.37092973027704496,0.4285781398415566,0.7797661088592376,0.5573427404096611,0.2948816975228268,0.09762600670993625,0.022476727692410357,0.012379380295155062,0.021257743390559868,0.04365768583749632,0.012689539552349784,251.00567528579205,97608,0.07898684599436814,0.16595186826898092,0.1148365176629022,0.025115650626692423,0.01371852187575429,0.774241922199726,0.9619085447705209,0.9417989656563206,0.714724314389842,0.4941359636853041,0.01038108027074486,0.011369365930038308,0.010308219268625476,0.009540540913101475,0.010308555921865173,0.06880377405323089,0.0749098871468534,0.06236471373743885,0.06079993316774618,0.07666449078801771,12200
0.030895740985870362,0.4615594840049744,0.16551180839538573,0.6782866740226745,0.3845931197155873,0.4328862839937209,0.771868655270937,0.5467738435050556,0.2930859874456356,0.10111690554112641,0.0228428333438933,0.013691980324899473,0.02197854971125497,0.04379887255147479,0.012774313303955535,251.01384627561112,98408,0.08021463125944138,0.16499728613207798,0.11218364907400259,0.026057586928781823,0.012592282857577406,0.7822751760482782,0.9612913496756668,0.9353079287533829,0.7029920813364856,0.5204579446783019,0.009954130309633913,0.011186232603195179,0.009707034858614962,0.00930214601640518,0.009543604488910439,0.05613880872726437,0.06426628568526081,0.051561968940012366,0.05407938423256079,0.054151786266634236,12300
0.0007968258857727051,0.47476556062698366,0.17844534635543824,0.7048346519470214,0.37907964912328335,0.4179236795008183,0.7631822030778989,0.5440023710640777,0.3005152877042258,0.09802720820208867,0.02232872758992016,0.011619118295629257,0.022554680549850076,0.04204676563937021,0.012434197332298101,251.02570049649094,99208,0.07778182990849017,0.16390783598385947,0.11167992554449788,0.026981366107663232,0.01713251644664874,0.7747377330064772,0.9610165564507404,0.9313646499067543,0.729757875636004,0.5020773952397014,0.01084953546524048,0.011244720132741595,0.010246200208105922,0.010612910017281194,0.011275262370383213,0.06094903195276858,0.06367870271109397,0.056818931300464726,0.06263046625299729,0.06055526257170221,12400
0.03251102924346924,0.45503031015396117,0.1761251187324524,0.6842075300216675,0.3084974075961963,0.42056132316589373,0.7668645753688423,0.552149250099696,0.3031769298389552,0.09613681027552046,0.022265034336596736,0.011545579484423883,0.02235540078827446,0.04329469279386105,0.012200254216755226,251.03545471510947,100008,0.07873351417481897,0.16477697857261914,0.1130928873166521,0.030658247212413666,0.014373243286847165,0.7681621074676512,0.9606889467878442,0.9342109962448559,0.7218352946639056,0.4858509380492807,0.010743246846832335,0.011942093903870925,0.010352962189522906,0.010674964094068857,0.01006909267006207,0.05554709895513949,0.06072915680514475,0.051397994937558575,0.05543491593562072,0.0546921433513643,12500
0.000617835521697998,0.4537036347389221,0.19557638645172118,0.7011882328987121,0.32490396241689207,0.4231943775713443,0.7700552596172815,0.5484082929834107,0.2840537894517182,0.09394166649309632,0.023701559184119092,0.012182585538710376,0.022244399694516463,0.04549333211200841,0.012456426180937553,251.045675689392,100808,0.07729207895696172,0.16419883345214406,0.11176237093626397,0.02375490859204936,0.013661710067757784,0.7644937354326249,0.9626149742256307,0.9336130502661303,0.6850937336151086,0.49132162209638564,0.010206755399703976,0.011163481775706214,0.010141196927970492,0.009692694083371716,0.009806994567193179,0.06230230538873002,0.07183729488503178,0.05639851078137581,0.05807366480543611,0.061859027123722043,12600
0.030169291496276854,0.45164883375167847,0.1752954339981079,0.6797590589523316,0.2838433087017143,0.42671899884939196,0.7722414666414262,0.5472102365481157,0.29700092267658995,0.0992408760465109,0.023538093091920013,0.012173158676596357,0.02189371346067342,0.04661093647936702,0.011230607755864278,251.05240572676885,101608,0.07824290558695794,0.1650625222921371,0.11179641961420649,0.02466592770199189,0.016022852076313054,0.7798732221126555,0.9611666885018344,0.9369752586834011,0.7097113270450524,0.5193808580056207,0.01056845610961318,0.011308716549538071,0.01007253596332496,0.010005681741016886,0.010913256536691618,0.06820404901867731,0.06941679673036553,0.06250527060452711,0.06396314623890682,0.07718125198466275,12700
0.0006892895698547364,0.4544677448272705,0.1878120160102844,0.6955591797828674,0.31559494103652247,0.4208589808642863,0.7597422284783473,0.5439541190121302,0.3037232560811982,0.08970574118271844,0.02324124556966125,0.011527225522353392,0.02231502010769659,0.04627265460825198,0.011580318858350945,251.06146367029135,102408,0.07747074790298941,0.1632425702452041,0.11076001248401195,0.026272969126953316,0.013917162886881567,0.7710635176301003,0.9605555707308912,0.9349965227777094,0.7137452133611784,0.4813267909102706,0.009858081517741082,0.010700963828423171,0.009111042465755144,0.009657922470807169,0.010003365368006679,0.06427345179021357,0.060233439275406184,0.052497251728429055,0.07179395873369514,0.0722633698328057,12800
0.04836015939712524,0.4585634994506836,0.1765278935432434,0.6875833487510681,0.31385013301531206,0.4204247166216373,0.7716301132960877,0.5484742247363892,0.2978052529288787,0.10029501002749898,0.023423835020512346,0.011833766997580857,0.022008105108821847,0.04537252194866115,0.011827974109887032,251.0705834423567,103208,0.07774809818714863,0.16522940235901928,0.11183954952555952,0.024734131420666567,0.019899021155533183,0.7758170151710504,0.9603446261000235,0.936060304780608,0.7116683835738175,0.5110843127696353,0.011114374715834865,0.012838466965094292,0.010964699109871549,0.010303932007088849,0.010572702441383234,0.06533651147037747,0.0792135021839683,0.061218003805690646,0.06233797655832542,0.06020266087210956,12900
0.0006250166893005372,0.45750662565231326,0.1735333251953125,0.6843065762519837,0.3411278319234387,0.42435839325189606,0.766130520607614,0.5501161042469831,0.3008285067827988,0.09068582841370358,0.02277655079029499,0.013474220525813735,0.02184357994175213,0.0435289841071509,0.012015306383906183,251.07570928832115,104008,0.08013695528730748,0.16571423509701866,0.11386589211734699,0.030260546376126452,0.013326323198126894,0.7706280851364137,0.9570903781101783,0.9335399985912465,0.718211143028619,0.4807057100357392,0.010474912791978567,0.01131132740508482,0.010871007706239886,0.009451058743945737,0.01029284324238797,0.06350343465805053,0.06964441689516084,0.0614158908026901,0.05529164106557424,0.06778279125303176,13000
0.03190570831298828,0.46594135522842406,0.17972665309906005,0.6977341175079346,0.3605119774372156,0.43788155913352983,0.7762111221198682,0.5506292101852397,0.29935457870580084,0.09320833784969224,0.022521941661834705,0.012851167776345927,0.021393124529603794,0.044022518857989607,0.011202764585859285,251.0848104994702,104808,0.08175562836229798,0.16401804617985544,0.11325791964237703,0.02791370832865185,0.015890717696349463,0.7826575195789337,0.9637281097195762,0.93849688800261,0.7187064137435766,0.49310314153370094,0.011003814183641217,0.012933454202505319,0.010614130760538068,0.009790372643349823,0.010515661314620001,0.06870800122153019,0.09136870739274411,0.05362161917532271,0.05894162202847824,0.06843474544584759,13100
0.0006161856651306152,0.4552885031700134,0.1780488133430481,0.6873501348495483,0.35748071108357005,0.42630667284131035,0.7680934814396756,0.5432442578033623,0.29668936306654,0.0920130593887487,0.023700625533238047,0.011534377809824988,0.02273314206797572,0.046195921722019834,0.01227679836968476,251.09642053226366,105608,0.07760462425649163,0.1637027920613735,0.11006604805978798,0.02536534133345586,0.012439105617057978,0.771125916838646,0.9628472648230681,0.9342543582641641,0.7017147180645961,0.4823638285017765,0.009676401345059265,0.010562256588761147,0.009523675981811522,0.009241995354031399,0.009376606674796633,0.06384920928627254,0.07190864665314478,0.06314487089719913,0.06112135413081145,0.059058380518011086,13200
0.0006727194786071778,0.47831106185913086,0.17330480575561524,0.7031342411041259,0.3013911337454487,0.43175077989697436,0.7739564905865022,0.5471611809962004,0.29973313732459994,0.0974017628036517,0.021984173199161905,0.012053861238081194,0.02142406795038255,0.04348452915299207,0.010327015965024838,251.10674689174175,106408,0.08237371852621438,0.16607698730447074,0.11205961340043728,0.028662320383188153,0.02134877388346361,0.7843378430604934,0.9591250859125695,0.9363135608654577,0.7095164848436224,0.5224772378341431,0.01216237351996824,0.013339416751863835,0.011147786198563648,0.01193547876445706,0.012274657895778952,0.07252812609542161,0.07926711645400661,0.05961270275462459,0.07630339312588447,0.07543355484310656,13300
0.030465140342712402,0.4590806603431702,0.16846414804458618,0.679143328666687,0.32235966724245935,0.4257496699690818,0.7721410127786497,0.5494964710585976,0.3110695048532588,0.0924446723133168,0.024578457819297902,0.01111534984113696,0.02238960134493217,0.04742609882687632,0.012156729988024506,251.11389925257456,107208,0.07669238829985262,0.16499390120689697,0.11244759984437927,0.02751572624621714,0.01249147399954459,0.7688955283164979,0.9626609334578883,0.9339496740320109,0.7203405849477079,0.4712836553180027,0.00972341496031732,0.010902588668828582,0.009399318648244961,0.009181987097922782,0.00949038907136551,0.0628036502981558,0.0714426626284152,0.05854331313514086,0.060524980412756516,0.060803655828176824,13400
0.0006438684463500976,0.47041064977645874,0.1788219952583313,0.7026899027824401,0.3196754151755543,0.4269718331098559,0.7605148342442632,0.542164768408803,0.2998650282780755,0.0952561423273794,0.022849204186350107,0.012625804833902656,0.022448365721236752,0.046756527770091504,0.01151220985533048,251.11936928301463,108008,0.07962137173861267,0.1637609458615629,0.11124087222716178,0.02626555709462155,0.012874248500356414,0.7762232214212418,0.958663039313161,0.9283194333604237,0.7021382696488324,0.5090015784782526,0.00970306675415486,0.010935168380716008,0.009612206231748445,0.009044728548151441,0.00917223284212762,0.05357140732579867,0.05956433795385633,0.049426434879209294,0.05254271806885096,0.05273642839222473,13500
0.02913004159927368,0.45017739057540895,0.18221227407455445,0.6885099720954895,0.3351422991399967,0.4338935428857804,0.7776086097810324,0.5429638818142911,0.303105979551018,0.0978295892980453,0.023883666209876562,0.013250661885547566,0.022720890272428445,0.045270997386139177,0.011304912138478576,251.12676918063278,108808,0.07898606652393937,0.16517995137993863,0.11079325968468633,0.02763361517314659,0.012324367590701673,0.7812794774770735,0.9616359606021785,0.9308303506286052,0.7119022988086372,0.511518186814076,0.009610774354077875,0.01092155157565707,0.009390141519289179,0.008828863198131476,0.009317761601729164,0.06071704949252305,0.07308537719271528,0.05518279063007821,0.05678965722956609,0.057357165365907785,13600
0.0007444882392883301,0.4673230862617493,0.1877985978126526,0.7058586525917053,0.34435349310772617,0.4250606675446034,0.7657170242940391,0.548419771095117,0.2990590764538327,0.10072590682655573,0.023386851428076633,0.013253861528937712,0.022125848644303506,0.04515331768083803,0.012198949308367457,251.13605712117777,109608,0.07933199355378745,0.16356452538942295,0.11312400253818312,0.02749728141626455,0.016872319445246822,0.7753039747476576,0.9604261651014293,0.932175277787097,0.7138004530878628,0.5003115281462667,0.010565616169478743,0.011985972940844174,0.010036431670681958,0.009169067360013354,0.011166321643395363,0.07391925478703343,0.07832497936760778,0.07485723204787481,0.05373807693260959,0.08931782379513607,13700
0.02969651699066162,0.45424076795578006,0.18910141229629518,0.696172115802765,0.2893295947171896,0.43047379106283185,0.7766548141338047,0.5513569408564398,0.29246575349280934,0.09154919586860794,0.022261280864477165,0.01098674836314538,0.021392157859154774,0.04793266710695084,0.011457033902003724,251.14481183540641,110408,0.08134618014097209,0.1662532487554414,0.1137378757753348,0.02473020860524745,0.01597997543733351,0.7625867992639543,0.9600928154858671,0.9361131052075303,0.6878913211566141,0.466576787428214,0.010914520402438935,0.011787977477348452,0.010769380549640217,0.009936247261301155,0.0110491301456932,0.06253344467608261,0.06595208542978474,0.0594992226233167,0.05641186566552729,0.06744623084355579,13800
0.0007838082313537598,0.4418394684791565,0.17436866998672484,0.6722271728515625,0.2943394129326106,0.43674687787890426,0.7718220481850178,0.5512271681800476,0.30090066790580733,0.09417162671646409,0.022525057028979077,0.011680362158030838,0.022138754555877955,0.04537539344666333,0.010782722742684811,251.1515194060843,111208,0.0814978390745819,0.16481314501572095,0.11350148524312924,0.026790578332339686,0.01490780512782901,0.780899294614792,0.9620895296195301,0.9326228657737374,0.7165524991862295,0.49620114328960585,0.010496492977254097,0.011606066092026766,0.010444069339428092,0.010150162342550416,0.009684156434862711,0.05295962638221681,0.060489925641146795,0.05162238813742682,0.047438894467327415,0.05177996273414465,13900
0.04207601308822632,0.4632429575920105,0.1796013593673706,0.7021618032455444,0.32647679440844796,0.4338367466628551,0.7694626933336255,0.5585669022827334,0.29879026612913123,0.09639908219238524,0.02335944229736923,0.013294919810723504,0.02089646489669882,0.04814205080156725,0.011508424359794486,251.15833057705893,112008,0.08126493599265816,0.16494310818612573,0.11593788747050329,0.026283469842271666,0.014581850423775437,0.7738166517019273,0.9596065941452977,0.9387099771683914,0.6918199707050714,0.49351432450531724,0.010261151678860186,0.011164809535257511,0.010089482542955209,0.009900695546910317,0.009882742245941592,0.05693174980580805,0.061724608107470026,0.05515108691249489,0.05447762890965964,0.05637861911661283,14000
0.0006430673599243164,0.44256943464279175,0.17382765531539918,0.6676960587501526,0.30062997457097945,0.4264539854228497,0.7694440831740691,0.5531003104180701,0.3018212482602886,0.09591501302705074,0.022964061722159382,0.011917496439612785,0.02129090977452545,0.04468976841118538,0.010647293070516515,251.16934309596556,112808,0.07878828439861534,0.164259791141376,0.11344781825889128,0.027360166204941555,0.016808266809980602,0.7804885864257814,0.9613923321788513,0.9398597205171779,0.7222454202660612,0.5024858344911903,0.010271508879959581,0.010585673340150014,0.010374430749964508,0.009538239567662803,0.01069852592257774,0.056569569613784565,0.06585453234826372,0.050505063776877135,0.057232998366303314,0.0526916248216757,14100
0.0007136178016662598,0.4699920701980591,0.1778407335281372,0.7013235068321229,0.358329157019024,0.4328947564959527,0.767090068300171,0.5468712876289347,0.2849060078461964,0.09555816481656886,0.025037599089555444,0.01195028207223345,0.021605630542881095,0.049603831374810815,0.0121724533766289,251.18140356079064,113608,0.08020795404911044,0.16441614911107724,0.11147217206620229,0.02533240602041285,0.015445052203722298,0.7736032825708392,0.9599948519527319,0.9391333308125949,0.6693954507509868,0.49238602343727533,0.010664378567598762,0.011912356529587713,0.009572168300616473,0.010154448017064062,0.011160622742574886,0.06104748478159307,0.07474591868865012,0.04473005958231799,0.06208520246048773,0.06288199765498148,14200
0.03135883092880249,0.4367047762870789,0.17868847608566285,0.6660530757904053,0.29987196375365655,0.41355987831950186,0.769050361608204,0.5535222153184278,0.28112359745340926,0.09638737587501177,0.023738160626962764,0.012725176711223625,0.020763398283629365,0.048567452132875964,0.010893854494813993,251.1883204234585,114408,0.07601386444643143,0.16553257735152005,0.11383002781599916,0.023891066977858682,0.0132045307048205,0.7595779317617423,0.957685687981153,0.9422728573834456,0.6667496400458794,0.506898899873098,0.00965353158768267,0.010908041813557872,0.009613333853878211,0.008879795751020877,0.009338651866998506,0.05284325811080635,0.059226380121943194,0.04935048802425622,0.05272665055834244,0.05029395560099595,14300
0.0007203531265258789,0.4686281681060791,0.18273508071899414,0.7064739441871644,0.38457696749151005,0.4361871950328349,0.7706184093676623,0.5573525856180891,0.2986739183301635,0.09793772313581853,0.023694716012105346,0.011936024739290008,0.020730182866952027,0.047355458294129335,0.01245358277304583,251.19699857691597,115208,0.08062113523483272,0.16364749966554312,0.11611525140157554,0.026567922428443597,0.013559943039739588,0.7771987193822865,0.9631035465690959,0.9377675815326413,0.7059871590924712,0.47929206296153726,0.009936413308605547,0.011039553818540975,0.010070850854603243,0.008843384794056209,0.009852920844897868,0.06361225876840766,0.07050952865700029,0.05852359799475114,0.056730191867451506,0.0697514812345617,14400
0.030233094692230223,0.4158497977256775,0.193541419506073,0.6593661141395569,0.34441460400672314,0.4421507921814916,0.7708139252547487,0.5468860411480679,0.296751742095997,0.09570205338544886,0.023485652320086942,0.012660585505806883,0.02155336481200098,0.04761649817616368,0.012666076785055814,251.20454679039898,116008,0.08201014090329406,0.16404460219369418,0.11213125592973675,0.02576513511788411,0.011797961254430176,0.7774806237220765,0.9624448496362442,0.9349981935601258,0.6959728238483279,0.46355510805989364,0.009699402633123097,0.010790298301456629,0.009417770934380482,0.008735721511281252,0.009814175787371607,0.057836092133075,0.06588966761162315,0.052867145736842105,0.05800925001676661,0.05447270105091421,14500
0.0007074570655822754,0.473504421710968,0.1850383186340332,0.7101210355758667,0.35200872369835645,0.42990558966994297,0.7696329036962636,0.5437634428541869,0.29127340693378906,0.09600626394037441,0.024157046992331743,0.013334630377075269,0.0220515981606727,0.04991327885501274,0.011123023920010813,251.21304407331314,116808,0.07980177555233245,0.16406526763751658,0.111037983179991,0.025424854440697985,0.014623819855185818,0.7710571491718294,0.9618528074431191,0.934515228822602,0.6768990692807665,0.49834431385256567,0.010462276451289661,0.011349845512598319,0.010341232055189775,0.00984988406541484,0.010278459326316094,0.06601147469249552,0.0735251210783654,0.062121975615307,0.06534306275593442,0.06271534046631058,14600
0.03151564359664917,0.465495240688324,0.17226361274719237,0.6873180007934571,0.32895516809647685,0.4243249133229256,0.7675724583414362,0.5531273017484672,0.27988779289617055,0.09877899471977988,0.022355151628144086,0.013021241135473519,0.0211371286456823,0.048082907612111356,0.01112703950285331,251.22773960416433,117608,0.08070548526942732,0.16426788966329603,0.11461816605909793,0.023869742845179946,0.017230912360550674,0.7665116840600972,0.9591012594272502,0.9356836727056553,0.6641446345418861,0.5175481006639817,0.011067150640301416,0.012469985783715148,0.010552586805292226,0.010093271891838614,0.01095762572234172,0.0738473130296916,0.08101282668967714,0.06447593598730035,0.06359899154149037,0.08351266878409261,14700
0.0006671547889709473,0.4434040641784668,0.1782175850868225,0.672553904056549,0.2694981628620093,0.43250616297125816,0.7668895753733632,0.545131739720983,0.2953557361125342,0.08815605169598084,0.021976691605523235,0.011254505281855015,0.021514032304040937,0.04474431853079557,0.010218527325320042,251.23516108061847,118408,0.08109154976904395,0.16499425764447942,0.1113237750206916,0.027064497893449214,0.013016271082922177,0.778812246322632,0.9604681909377936,0.9377751119856563,0.6999982196062349,0.48599353369246145,0.009837946859188373,0.011117942112823713,0.009887519068488825,0.009012651414643538,0.009264728017250428,0.053402403146028496,0.05818732866898106,0.049642265985175106,0.051071691028962855,0.05491814508221728,14800
0.033256409168243406,0.43472267389297486,0.1958660912513733,0.6831640362739563,0.29859330467062256,0.43957745730876907,0.7646672299148837,0.5488607518228831,0.2979481438330065,0.08489716556724364,0.022695567170158023,0.011091622806991518,0.0224735536863662,0.04784098675978985,0.010582824729593288,251.2408799591775,119208,0.08190012624487279,0.16315924745360635,0.11197590051839741,0.02573417471285212,0.011652363821618767,0.775656728744507,0.9641592923654326,0.9307542565990896,0.6986454613506787,0.4641121305445193,0.00969693762250245,0.010936710498628956,0.009442875063612896,0.008853446828046192,0.009393219921177115,0.05647767263930294,0.06451682012246217,0.05016051109551504,0.05346153971186139,0.05709737331496291,14900
0.0008730530738830566,0.44677525758743286,0.17886462926864624,0.6764091897010803,0.3088827429168172,0.4317694233357906,0.7729376532982313,0.5434968517585241,0.30483197338487017,0.09172576384580867,0.023000642219558363,0.012911409958140907,0.021274190391837196,0.04682600351148531,0.011828763810775177,251.24810826302203,120008,0.08052518440410494,0.16563936806831148,0.1115447985855015,0.027562445290631774,0.012803007550395035,0.7742106747627258,0.9597206462904349,0.9368508333509616,0.7163603312090828,0.46411779005916753,0.009760977094993002,0.010809869956724429,0.009681837269189694,0.00885680336505174,0.009688112580654567,0.05490011039655656,0.06168426248753808,0.053186585417610004,0.047239564241547315,0.05753456835150338,15000
0.029882946014404298,0.47456934928894046,0.16940564155578614,0.6975045943260193,0.3155891618569155,0.436713850647211,0.7768542760640235,0.5482127974199698,0.29501545128865986,0.09849568529759054,0.023037541136145586,0.011448248955583318,0.02222406582820206,0.048493114358584555,0.010821635914493566,251.25501217127155,120808,0.08185496129095553,0.16646340682138838,0.1121941873847052,0.02577239992487103,0.01544323955406796,0.7779532355070112,0.9565458775159731,0.9326378292815627,0.6875793262926073,0.5090781536744666,0.010345013504847884,0.011598417553958004,0.010386107994113552,0.00918500808540596,0.010141860686454902,0.06885740974452344,0.08655423213570239,0.059717954766698354,0.05627625892718967,0.07305907464460737,15100
0.0006589627265930175,0.45145060777664187,0.17091386795043945,0.6778647732734681,0.42008696478615704,0.4166214752197266,0.7664419757863863,0.5375316298403444,0.2999016739012019,0.09827032138963354,0.023116804622113695,0.01109594680862553,0.02283866590515698,0.046959452647810374,0.011449352654285346,251.27189502875913,121608,0.07807525936514138,0.16494477813035407,0.10962269815364722,0.030919525168391748,0.014611375639571591,0.7732704252004621,0.9588852456358612,0.9275634545850526,0.6966295215079019,0.5272173847307996,0.010474788374267519,0.012175331301885391,0.01054375257422503,0.00939716420698969,0.009931923106366224,0.07447783994488419,0.09856270307603754,0.06184190784479487,0.07220242267502901,0.06829080129550268,15200
0.0006041932106018067,0.45083802938461304,0.16110773801803588,0.6671280574798584,0.360777464608047,0.42408883795142166,0.7810622100596848,0.5517007793698993,0.28911369756246175,0.09538913587583038,0.023465405376628046,0.011513782935925638,0.021625001831108933,0.050517658039163325,0.010344213368964612,251.28209068216026,122408,0.07868536761030555,0.1658765578885441,0.11382857753041146,0.024513281103319066,0.01444174667852292,0.7688521867990494,0.9636589917151824,0.9342021851495665,0.6673563382564444,0.5142751683791483,0.009889456941746168,0.011054314450239355,0.00985018817991155,0.009131305839102226,0.009605275592584095,0.054362940778955815,0.06276048575629198,0.052914016107569344,0.04853942373242134,0.05389653980805006,15300
0.02961270809173584,0.44866018533706664,0.17394582509994508,0.6757817745208741,0.31537726825967943,0.4279241503775119,0.7721993766649806,0.5430075199138823,0.3016559264876624,0.09245942414143876,0.021705102808773517,0.010903969396498393,0.022312358144398137,0.04390537302301388,0.009737683606366794,251.2912205603749,123208,0.0804344913363457,0.16457534942663074,0.11102987411545542,0.028242232626059453,0.01712857882127206,0.7765913060307502,0.9632315494195383,0.9315829122938758,0.7126108359808879,0.49488318685311156,0.010899276514537625,0.013324551498329265,0.010937584568632815,0.00942727084732567,0.009911334425229672,0.06011459748260676,0.07839007313466737,0.05571000150791024,0.05134066109159829,0.05519820251338294,15400
0.0006051206588745117,0.4693786287307739,0.17805299997329713,0.6976878213882446,0.26530690898797965,0.43994461491703996,0.7707858557614802,0.5468391099167826,0.2888709270829306,0.0932099908373501,0.02300520828925074,0.011366599858885973,0.02213419877909985,0.0498749453145328,0.01037739617528305,251.2986197307444,124008,0.08176793569698937,0.16436867685609277,0.11155302949886231,0.023875778042394383,0.01232563298831264,0.7746915143728257,0.9618967841653261,0.9336794081644796,0.6712503336487021,0.4929259627584424,0.010066305538639422,0.011124437162863321,0.010078897524213214,0.009408988236542301,0.009480034166247283,0.06870716570876535,0.0778167499145029,0.06552499072186306,0.06815284544221713,0.06196594816292563,15500
0.03061441659927368,0.452354884147644,0.18496283054351806,0.687929093837738,0.2953431523937785,0.4429880554974076,0.7777377044161168,0.5559359228180853,0.2972195546447047,0.09845309384523866,0.022265918264165522,0.011747810627437297,0.021064401997886985,0.04523586168756139,0.010909943431467211,251.30685138118403,124808,0.08323865171521908,0.16555495808521917,0.11588103283849575,0.027603837075910638,0.014756140855210334,0.78410658955574,0.9614729483922319,0.9333962678294822,0.698543791133578,0.51820421535918,0.010766828218474989,0.011859775617873915,0.010776716925338206,0.009746192940649136,0.010597537147832356,0.08111198208294804,0.09342980879376184,0.06988920913481148,0.07682295769711232,0.08314895180816899,15600
0.0006294655799865723,0.4650387692451477,0.16698119878768922,0.6859388613700866,0.2873759953664126,0.4183711065351965,0.7629581078582875,0.5421549974396678,0.29061025672966606,0.09261248794455948,0.023151592211797835,0.011380072306528008,0.022515728066924333,0.049215255367579244,0.010552129944419281,251.31511742146446,125608,0.07745340283960103,0.16518643772115507,0.11132341698918596,0.024355776623592323,0.011412644381590122,0.765038632154465,0.9576394193026481,0.9293555390126628,0.6859231861596254,0.4977627932452241,0.009454072648659346,0.010450282381201272,0.0095002621292404,0.008668358663346663,0.009203308852962569,0.045839602178894,0.04981158180780024,0.04401722074126694,0.04165023687468437,0.047773976756546335,15700
0.03012382984161377,0.4588520693778992,0.18649199724197388,0.6983675742149353,0.3532765639455892,0.430045778155327,0.7659674998539597,0.5572647228473571,0.2881807483428595,0.09774979461699429,0.023054134901613007,0.012677939839207036,0.02097032366365921,0.04809219328857654,0.01095987686233576,251.32247250509252,126408,0.08031293183565144,0.16426981985569009,0.11612210255570529,0.023919870953398713,0.013832252979457307,0.7746702021360395,0.9607421622347478,0.9379555242817577,0.6763483352807104,0.5140496335848413,0.010229712775908405,0.011148597704552447,0.009986094769272133,0.010065500738517363,0.009711689442734825,0.05637276586145159,0.062348862790238505,0.04785201928873613,0.05906891197973522,0.0564591947783048,15800
0.000664973258972168,0.4325310230255127,0.1932173800468445,0.6790045619010925,0.2883155561337215,0.44026216864585876,0.7642283381050469,0.5426555749653398,0.3034761894656265,0.0896845113946706,0.02242706256918609,0.01104799641742028,0.02257997156632258,0.04466864747863604,0.011847708390534967,251.33046086867492,127208,0.08222760561853648,0.16453162039447045,0.11116185900620643,0.02799355815691143,0.012129125584627903,0.7761269694566726,0.9594441173423045,0.9312599776797217,0.717325540268479,0.46665210076557695,0.010009190833661707,0.0110939484841835,0.009846944608214184,0.009109936255268791,0.009796185481552304,0.0567301423056051,0.06021768609300641,0.0538883139433156,0.0528630478474073,0.05928949506512735,15900
0.029252262115478517,0.46602272033691405,0.1822281861305237,0.6997397708892822,0.29210166943876825,0.4211973044276236,0.7687070266953829,0.5460919069667017,0.2888783668624414,0.09857987962519194,0.02293590356595816,0.011050341492564661,0.02215756035800421,0.04730477448388498,0.011275474311657941,251.33900127248077,128008,0.07779553600586951,0.16560786228461805,0.11250097144355053,0.024241832906709,0.013273033808358916,0.7642927980422977,0.9594024857276767,0.9321168382321636,0.6889775792757664,0.496378634862854,0.009969808631576602,0.011152892228986688,0.009679760027837046,0.009059739169007278,0.009967089986095691,0.053383721257559975,0.0605582344492558,0.04905646014958618,0.04901364440892765,0.054542852007752475,16000
0.0006442070007324219,0.4516411280632019,0.18146683931350707,0.682053964138031,0.31338602843519275,0.407341832369566,0.7654339671134948,0.5509463876939666,0.2947364314180664,0.09505180534906686,0.026345045035704985,0.012051591616586815,0.02205158754956298,0.05287568150963792,0.011611223372165108,251.34793259612053,128808,0.07291011350229377,0.1638781797780086,0.11362343879066746,0.02438097540587666,0.012718563103117045,0.748474541902542,0.9615069546643094,0.9333204675446916,0.6747621313119543,0.47263244211673716,0.009096114137209944,0.010455150159968596,0.008902197966096816,0.008059187782291545,0.00935193996177987,0.05582347880117595,0.061001807735053565,0.054245614241052224,0.04832089238234954,0.06178001355379821,16100
0.0006302618980407715,0.44951491355895995,0.19067174196243286,0.6903647756576539,0.28601998880292795,0.4282885447144509,0.7761782096903863,0.5595469020508433,0.2943652935663064,0.08847690443845765,0.021337931593880043,0.010755598861456762,0.02047235083489404,0.04448438534073193,0.01054419083790719,251.35790201991642,129608,0.08069547725841406,0.16441679385860555,0.11720740013831371,0.02809015930110786,0.014106091633799,0.762357425093651,0.9657825163106599,0.9377532205066165,0.6928469391923453,0.46703626683368793,0.010562759637832639,0.011616652051619658,0.010335681995225913,0.009799867068141252,0.010435037274399525,0.06712892414070669,0.07572061907606968,0.06487166143047647,0.06366591564094158,0.06380075047575476,16200
0.029081313610076903,0.4497379684448242,0.1677667546272278,0.6717086267471314,0.3162344065098492,0.4339310848712923,0.7691568389674203,0.547858967122279,0.3047687259255619,0.09358714210800825,0.02189761523157357,0.011259478367821568,0.021253759458072875,0.045683867155517324,0.01058155777864159,251.36558683103235,130408,0.08136944364756343,0.1646480872948593,0.1128818466083,0.029167321163742828,0.01348259052960202,0.7770668101310731,0.9620178960194102,0.9376203734623761,0.7118736043268319,0.4905326128005983,0.010221938844770191,0.011097545530995205,0.009805315767267814,0.009428256210319844,0.01045864059589805,0.05568269362207503,0.061773223804623315,0.04981251648921323,0.05035976963640401,0.05995896010892462,16300
0.0009722542762756347,0.47970836400985717,0.17628463983535766,0.7124908685684204,0.3196177024847923,0.41960826724767675,0.7760124338023796,0.5465429766292882,0.292435300320086,0.08186895497390462,0.021572452899999914,0.011109526489413907,0.021660351256695506,0.04528767173884042,0.009356275954508877,251.37010038693103,131208,0.07833897154778245,0.1658101865620005,0.1108767620143406,0.026860043542892346,0.013240078711326087,0.758445498943329,0.960791432974385,0.9378698825198692,0.6924216590746486,0.4657525728099155,0.010123222083784638,0.011434153452807782,0.01001680074359245,0.009460548305827546,0.00957194340781648,0.07326105973683299,0.08367450369120229,0.06943590674091146,0.062384532289485484,0.07678955963314,16400
0.029218013286590575,0.46035472393035887,0.182706880569458,0.6948723983764649,0.2744263733730087,0.43409861952066403,0.7741875602868182,0.5473885408681429,0.304768884229282,0.08879243976329977,0.022592397443950193,0.010761900517519168,0.021309522608415545,0.049915603278254075,0.010484664848037254,251.3761215144908,132008,0.08045073937624686,0.1655190415929949,0.11185155983143191,0.02750089767058848,0.010384470012400365,0.7715561854839329,0.9608104211862011,0.9382314447739827,0.6984843034592892,0.4768035720236859,0.009625013414770369,0.011034822102600447,0.009184386861505939,0.00906335598439293,0.00912784513512358,0.05557472113054246,0.06267443109241322,0.05259806173042724,0.05370342545704078,0.0529286715767314,16500
0.0007804656028747559,0.46181330919265745,0.16368067264556885,0.6816090941429138,0.35246233738217614,0.43307360991835603,0.7644645722087371,0.5523265433376253,0.29016643928566804,0.09981585454613877,0.023110909131355575,0.011745074390083411,0.021370366458659577,0.04827056364110205,0.011456631927047755,251.3854400002373,132808,0.0803738766536117,0.16341138501232905,0.11338460498044026,0.025782444880869573,0.013288766578105944,0.7739964747428894,0.961032432153684,0.9384903279335604,0.6823468839768141,0.5059990831175631,0.010212740902788937,0.011043920852414785,0.009692743215608687,0.009570001871186751,0.010438841054862247,0.06611680692876688,0.0799182761981741,0.05024378539035195,0.06123382935016918,0.07069985352679907,16600
0.03948047876358032,0.4815834879875183,0.17424943447113037,0.7129946112632751,0.3153778065180005,0.4121259057521819,0.7733541568741202,0.5509281263158126,0.28921679199024414,0.08618056054560932,0.02317157016135752,0.011004494735971095,0.02155590993729797,0.048640081747236434,0.010252323248731154,251.3932822537126,133608,0.07573547547683117,0.1649873314891011,0.1139258648898151,0.02509975600965605,0.011973958117623796,0.7444147804379466,0.9615357092892126,0.9319669079136208,0.673594643154415,0.4545972794294357,0.009626168380491431,0.01033491569251056,0.00945255648898514,0.009237427502799933,0.00952269215980228,0.06524330697837281,0.06964066501313942,0.05500256814805141,0.05980314404187254,0.07561178962240991,16700
0.0007102251052856446,0.42374791860580446,0.18547231674194337,0.6609396481513977,0.29451764303957834,0.4196718016266825,0.7789664552049732,0.5553903561991622,0.2868817148149989,0.08860080047156174,0.021675989516079415,0.011801725996034313,0.0205356994341757,0.04866235247238084,0.009758057798036431,251.40249768610533,134408,0.07913191124796862,0.16685242082887483,0.11493051444759245,0.02427979980346038,0.01428576200619439,0.7529173803329471,0.9582570669720475,0.9401852440189671,0.6724791328112282,0.47758848398132664,0.010406541414558892,0.011664097167967446,0.010550891937738331,0.009198718055410941,0.010120127001876193,0.057856850875541585,0.06468711086340893,0.0513028211337892,0.05858534876297891,0.056406173138030334,16800
0.029170565605163574,0.4439561104774475,0.19371917486190796,0.690895004272461,0.3360092539254432,0.445551474392414,0.766824576089967,0.5487469739660067,0.301867873643083,0.0895125588252284,0.022205568337813023,0.010944871281335164,0.021329468547332062,0.045621912846473406,0.010366885196257003,251.41370595828295,135208,0.08468479257076984,0.16466682629202894,0.11273993772489067,0.028023996141108863,0.016884419922556345,0.7879011321067811,0.9594482818864427,0.9373507110608951,0.7104707507774085,0.4814765066250983,0.010957976276986303,0.011449996360032907,0.010096823514214957,0.010355433333909723,0.012113173069410964,0.07903643966186785,0.077705298341758,0.06710611717318432,0.07024470067611249,0.1054727381480665,16900
0.0006441593170166016,0.45395869731903077,0.17543925762176513,0.6806415152549744,0.3191632468144247,0.43191097617149343,0.7681316412202843,0.55413419749371,0.28759402694537284,0.09072995688948847,0.021797831021249305,0.01082103560491545,0.021362980253619955,0.047010189878377844,0.010749701327215151,251.42088122966314,136008,0.08106499287299815,0.16503126511018562,0.11494519805939733,0.024362544251724762,0.011790913872092077,0.7682765460014342,0.9612286286811312,0.936417621594889,0.683468433770728,0.483515549231978,0.009959127749316387,0.011100905498736387,0.00976452292017047,0.009279910871323115,0.00953963637014156,0.05491967984940857,0.06498105786995938,0.048005829333628264,0.050473819994565766,0.05462113874005702,17000
0.028603711128234864,0.46152702093124387,0.19005611896514893,0.7026032400131226,0.28138456544873613,0.4208912281692029,0.7697052673801135,0.5472617457170441,0.3025353246290857,0.09684208628690641,0.022651075618341555,0.011447938434961866,0.021951505048594017,0.04790206900603758,0.010149630051441668,251.42899376063625,136808,0.07865666039288041,0.16545891308266183,0.11232988405185686,0.029130656310978043,0.014035719009866651,0.7685044693946839,0.9583011645337804,0.9311290092311564,0.6991132252539196,0.5019713030042241,0.010729193305596699,0.012331211099239157,0.010546874077859477,0.009758059532032338,0.010399906130251577,0.07107600318733602,0.08003069019532243,0.0673458022327805,0.0670545874672825,0.0706920326285736,17100
0.0006346011161804199,0.4373574590682983,0.19110175132751464,0.6841013956069947,0.29807364224608507,0.41639734879136064,0.7647257792322254,0.5524875844389661,0.29622132705410853,0.0886996689106466,0.02408229587599634,0.011926086639103136,0.02158755191403968,0.04997757904913646,0.010726756894477078,251.43431049384273,137608,0.07695123488083482,0.16507082581520058,0.1148833292560565,0.026537374813030937,0.011630333627930237,0.7562060451507566,0.9573264059267549,0.932246073231178,0.6895208708557171,0.47196756244874466,0.009995358600281175,0.010697834504964318,0.009551256171239477,0.009893909960268114,0.009867171871055874,0.05706177816726263,0.05402783526989972,0.04991583148297406,0.06408856139723822,0.059311346954428704,17200
0.0006186056137084961,0.46923902750015256,0.18100411415100098,0.7068797874450684,0.2685714368822937,0.43229648247361196,0.7634660532378185,0.5579933137858953,0.3128297237510033,0.08981817517655362,0.02265469704754652,0.010445393592523751,0.02029035431649355,0.05005021511831064,0.009928353769337811,251.4400374373836,138408,0.08101481240242724,0.16434423459900765,0.11664392173434915,0.029618665361965116,0.012012868314144215,0.7747403907775882,0.9600578805412907,0.9398364852933047,0.7033158712314839,0.4890807830926144,0.009589782701805228,0.010794035116718571,0.009451123377199739,0.008704666887889772,0.009414907822366606,0.05016622581519187,0.05624253232728199,0.04545763318056186,0.048572186587585366,0.050582797332394,17300
0.03035841226577759,0.48623409509658816,0.16939472436904907,0.7103087615966797,0.264962236681248,0.4324854309856892,0.7663217719395957,0.5510146438749763,0.2855199553742612,0.0924482486059366,0.021644582077860845,0.010968062023942682,0.021138904824893664,0.047445548878164656,0.009912429809836407,251.44827710596755,139208,0.08189920232631266,0.1650914371013641,0.1134571314998012,0.02445088979472756,0.014728644125282846,0.7694243168830871,0.9588372776243418,0.9385622557395145,0.6798685820645124,0.49038921817770115,0.010393475447781382,0.011873338218364442,0.010291688136573201,0.009009332391162403,0.010133677380150339,0.056263839318417,0.06299469796423285,0.0535320827757807,0.05271059761030805,0.05457433653431094,17400
0.0006937408447265626,0.46962358951568606,0.16730733156204225,0.6937160181999207,0.3375752018741562,0.4389377132058145,0.7643556625062979,0.5581203112476754,0.3046832145817245,0.09375419303736032,0.022890626378357416,0.01139909561727762,0.020813856166052174,0.048651210037036895,0.010965476130271178,251.45919429890705,140008,0.08262050628662106,0.16435448427079466,0.11676234295101548,0.02881645666208324,0.012784003920387478,0.7754099029302599,0.9609430407598821,0.9365984546510795,0.7059639902850294,0.4789104930435617,0.010450238063931465,0.011306895121228159,0.010375756709101172,0.009849765581259527,0.010184362256647247,0.05822737701237205,0.06081269229097024,0.05577517764544799,0.05790208343564724,0.058072629476858685,17500
0.029676196575164796,0.43502145767211914,0.1989206337928772,0.6871844816207886,0.29814624935587336,0.4198841832578183,0.7731311540214385,0.5406769756517266,0.29315491339478367,0.09382641776992473,0.024890953982248915,0.011781344629767132,0.021884895286913664,0.05464107972175745,0.009923597221983042,251.46636590981683,140808,0.07659356337040661,0.16511257745477628,0.10936796213524322,0.024489110145413388,0.013354848619559637,0.7594757854938502,0.9608598734651295,0.9348716865549433,0.6634892414395622,0.4966310224509593,0.009559193179011341,0.010600446906339918,0.009455709575815367,0.008827958376899068,0.009401476152901865,0.05377600277774034,0.06172233992921452,0.05123402609687706,0.048492461098178945,0.053934111581023396,17600
0.000713648796081543,0.44891115188598635,0.18632935285568236,0.6921522498130799,0.31017537182112903,0.42282733500003816,0.7690804384475535,0.5483412287208466,0.28817535073158107,0.08437665313192942,0.023727702875621627,0.011791251940912628,0.02161452270981467,0.052869242676232595,0.009577380485371552,251.47589263773884,141608,0.07891648603603238,0.16549318349638645,0.11328639537933168,0.02497938118147575,0.01148699190200858,0.754062779545784,0.9580047061276987,0.9315387154563087,0.6555934738163924,0.4839370681822878,0.009716949076391762,0.010859015982511419,0.009577103032406133,0.008849210539063571,0.009492500809482437,0.06215352428378536,0.06810924096985958,0.05793756634007426,0.06099498049884251,0.06071094528984424,17700
0.030286226272583008,0.4671467208862305,0.1747904634475708,0.6969736242294311,0.3135801488468123,0.41475892990827545,0.7688474139651732,0.5456006981358668,0.28858684356822517,0.0874386945777018,0.025048787230625764,0.011269822475072497,0.0220690825585239,0.05390674826624088,0.00962730828846683,251.48693306076737,142408,0.07547695727087558,0.16389890200382962,0.11162631298498352,0.02220816776849503,0.013823219369203226,0.7528194665908816,0.9621848808752526,0.9333491213250867,0.6675235637398651,0.4656428384660469,0.009509704532101754,0.01081891071957511,0.009292152956921134,0.008904237887107353,0.00916585403804977,0.0563137631257996,0.06336200001926441,0.04993163575510505,0.05734621358732154,0.05511825329934558,17800
0.0006409049034118653,0.4491309285163879,0.17042970657348633,0.6717234110832214,0.330927387330316,0.44486356228589996,0.7732787547366962,0.5494236786340922,0.2932878631967398,0.09685207898295964,0.02431284671649337,0.011062551595387063,0.02196443824039907,0.05396438078327694,0.010777338998280263,251.49861948987774,143208,0.08426597937941549,0.16528809017368712,0.11449898333893603,0.024644409907729068,0.0178754659995559,0.7754941713809963,0.9610496440104073,0.9263917536465173,0.6647820122277917,0.5087901493890695,0.011347989551723002,0.012814306658193735,0.010136481657739456,0.010650309436865638,0.011596163554127261,0.0692115178378299,0.07658618876718841,0.05456603222200169,0.07510680848985302,0.06929968768232019,17900
0.032923052310943605,0.4619321465492249,0.18470030307769775,0.6987129402160644,0.3593466399274878,0.4203791688382626,0.7747226526924202,0.5445115919647324,0.29896883364766835,0.08835927099689075,0.021306671276688574,0.01034533412665968,0.022038121427831743,0.043561190860345954,0.010280162027158169,251.506561992966,144008,0.0792195750400424,0.16524072363972664,0.11129286237916013,0.029838102688081566,0.015644778601361757,0.7594130942225452,0.9627689447473076,0.9337023480342385,0.7115160405635829,0.45988202206965356,0.011102645217906677,0.012382370766763587,0.009962500941995628,0.010526888754684488,0.011397169552035097,0.06618635435588663,0.07717168336624611,0.05460588030435673,0.05935316010843964,0.07203076037845002,18000
0.0006653380393981934,0.4443191456794739,0.17968223333358765,0.6782188034057617,0.2946379036590507,0.41302041575312626,0.7675876162644744,0.5494307335895333,0.2882486989980112,0.09031456337305743,0.023485967284068467,0.010869744552751588,0.021462467265173736,0.04931241910209494,0.00967491063432981,251.51789318819462,144808,0.07638627534732226,0.16492935618913246,0.11327635153510059,0.025236914254074382,0.013536111211904624,0.7609882506728167,0.9596156877589359,0.9354191982801056,0.6746315394292032,0.491508117066094,0.009741107262670995,0.010319183906271095,0.009847834450943818,0.008948607160821189,0.009952378218335594,0.054288917174562815,0.05851067920791449,0.051445826428860836,0.0501340448513235,0.05804490809796832,18100
0.0006418395042419434,0.4613184905052185,0.19266391515731812,0.7091689872741699,0.28189213973276084,0.4241345982998609,0.7698458941007147,0.5475852817439577,0.29260797359441426,0.08964411847111649,0.02259876796975733,0.01057893560833431,0.02104038287970152,0.049234259334441845,0.01099314026466411,251.52808883300034,145608,0.07901916332542902,0.1657730274814732,0.11237570739676511,0.02530732979801925,0.011848302356467189,0.7610949501395231,0.9591413252815911,0.9384944581529169,0.6830257738891399,0.4632391426621417,0.009525814226362858,0.010859812469677812,0.009264129339873292,0.009023084667952421,0.008983117161409527,0.05322087184526026,0.0646648010029933,0.04735748495229264,0.04821195140431981,0.052899567598885845,18200
0.029250974655151366,0.4582603287696838,0.17722285985946656,0.6894698238372803,0.29758437064986537,0.4348281307518482,0.7723663692889007,0.5393633898347614,0.28458166291604314,0.08760363961206412,0.023883359180763383,0.011971203470602633,0.022382934416369116,0.050913457776721245,0.010025819600435255,251.53525157400307,146408,0.07975103614851828,0.16415993091852768,0.1093484094070101,0.023273011812364346,0.01059471177968152,0.764922131597996,0.9642279404660927,0.9316888394003568,0.6666586560327648,0.4716026757490189,0.009665999561548233,0.010840864718446268,0.009550205947810114,0.00900060731629675,0.0090665176615398,0.06104780657216907,0.0673765628679615,0.057076217162168805,0.056989968401168406,0.06149357282631292,18300
0.000785374641418457,0.44800070524215696,0.17000255584716797,0.6747415709495544,0.29002886757387814,0.41784638911485644,0.7674927427655175,0.5483883391320707,0.2929516207267882,0.08865261452272535,0.02349147289060055,0.01103668329650881,0.021736507420428073,0.04942687912027558,0.009654360617278137,251.54590685311024,147208,0.07653754858300092,0.16468272109826404,0.11182770520448689,0.026553454924754402,0.01068342308048159,0.757129721939564,0.961369934851531,0.935960099995137,0.6738025820085785,0.4732024747133252,0.00922972257249058,0.010277572346644271,0.008953454047441488,0.008662191720599953,0.009114518109709032,0.04998106583952904,0.0588235956784239,0.04758234137902035,0.04328152828880747,0.051091611718293274,18400
0.031851067543029785,0.4620426082611084,0.18136614799499512,0.6967756628990174,0.2856323223332335,0.443422080129385,0.7709044099928025,0.5576227830713663,0.2847941367289959,0.08780137120981474,0.023019517231732605,0.010653746194785102,0.020878813917567917,0.050431604989064044,0.011097129578906835,251.55932018934243,148008,0.08297127416357401,0.1650323295915449,0.11584301118678716,0.023981113331870026,0.0097751644929963,0.7685028129816052,0.9611173814481442,0.9384891545001559,0.6695649180656824,0.4518280789092346,0.009979012804105876,0.011223568291579542,0.0096155260735891,0.009471117170193246,0.00940653567898323,0.056896025568712504,0.06401337262847144,0.052800454215531215,0.051504044446091246,0.058514680039229744,18500
0.0006757116317749023,0.4364174914360046,0.1924450159072876,0.6786815905570984,0.31101160352733936,0.42880460649728797,0.7679969969196856,0.5559203375326954,0.28184109972309807,0.09104105324880903,0.022630529524758462,0.010592117942608545,0.02111234213960797,0.049674755269565496,0.010838924647806813,251.56842793412167,148808,0.0803179881349206,0.1645621435246733,0.11641448300920033,0.024184977364505537,0.011027001866858703,0.758992393016815,0.9621334783384737,0.932111874065901,0.6520644604545274,0.48364152737183147,0.00980117412749678,0.011002009271026075,0.009734459348807211,0.008877904046346096,0.009478458696699664,0.058724343972280615,0.06467020653066369,0.05214118004629486,0.059222106216955395,0.05813929784840137,18600
0.03005096673965454,0.44907719373703003,0.19183422327041627,0.6940441036224365,0.26838489705790974,0.43389333337545394,0.7702603550154925,0.5610949423002154,0.2853924945496311,0.09251174524501718,0.02089698164723815,0.010377073734081858,0.02034605523652355,0.04483137096085866,0.010153544964409919,251.5751271607534,149608,0.0822907529585064,0.16524318130831647,0.1172281025868395,0.02577709873056031,0.011939920068746704,0.7724713718891142,0.9610125487332519,0.9392560922581213,0.6791579350412891,0.47931061910860445,0.01009939131094143,0.01137490720859694,0.00989255533330952,0.009538901379259111,0.009603054969420998,0.05701401375932621,0.06481316767227616,0.050383407906021714,0.056074416547149966,0.05796346094134742,18700
0.0007028889656066895,0.4545903134346008,0.1725558376312256,0.6793455815315247,0.2924438663695137,0.4204490342736246,0.7698814482130903,0.5478493153159298,0.3004773611895703,0.0946322921754829,0.02206976992543786,0.0102632991855647,0.021698751294549862,0.04570694966016758,0.00933102081876758,251.58492880905436,150408,0.07827480396255847,0.16459453660756984,0.11223139649080992,0.0307669932425364,0.013474471831703383,0.7733571779727938,0.9621686231582721,0.9352532168525965,0.7001402222591899,0.5141329303676012,0.010438602245412766,0.011510440183090082,0.010039625795956575,0.00951885246640243,0.010777214688121104,0.07030742035713046,0.0823288781449515,0.06319516696109993,0.06644345990467618,0.07015726683825693,18800
0.03546523332595825,0.46022629261016845,0.17980179071426391,0.6918402123451233,0.3196321022958627,0.4088152834773063,0.7698736326261003,0.5529795163333134,0.2785815083360306,0.09257051951458888,0.02242885208223016,0.00965221526381686,0.021213422710367295,0.04808482502204214,0.010627541654415566,251.59517957123742,151208,0.0757442482560873,0.16489606282927777,0.11448145403539967,0.023658131796460098,0.012765985811172333,0.7525814288854598,0.9638627638871019,0.936521477043911,0.6562028391107085,0.48864493932988895,0.009502170006744562,0.010585537780901757,0.00932903626660034,0.008770695866232137,0.00945568341692841,0.054446878293529156,0.06306400252188638,0.047746008937357476,0.051063930398316554,0.05705664822555801,18900
0.0006266450881958008,0.44274399518966673,0.17346638202667236,0.66542720079422,0.2961683583005135,0.4468689692020416,0.7584129469814124,0.5469550550518546,0.2982469172854175,0.0879537228124531,0.024378788452595463,0.011408391816075886,0.021437186948253386,0.05488672623606893,0.01070086332854993,251.60274476146677,152008,0.08391731036826972,0.16367727932002799,0.11260218991827002,0.02422014400853137,0.012090291326854657,0.7787369352579111,0.9583565763853215,0.934864083213122,0.6767786590676559,0.46153153906091593,0.009753850921988485,0.010660887055564677,0.009469168373454573,0.009178349816877592,0.009618819421647407,0.05320607782341538,0.05805051379785357,0.050094579918635807,0.05147223612293601,0.05307096545720659,19000
0.043604905605316165,0.42523263454437255,0.20300875902175902,0.6738884258270263,0.3027968119255504,0.4302517274022103,0.7649197094331538,0.5413598870893694,0.29220945423057976,0.0927151082962584,0.022366447104141103,0.010787677954702738,0.02205273489256934,0.043401396227781865,0.010383752212608535,251.6107089421166,152808,0.08040361072868113,0.1647338557061811,0.1099376141814129,0.028836939257608954,0.01360267877913593,0.7782187914848336,0.9594775371745154,0.9352263552400305,0.7012798240487002,0.4826818366398973,0.010442590364255011,0.011976216250775273,0.00997535867906474,0.009721799381951769,0.010164260571257435,0.06381815266213381,0.07751591101484982,0.05200662595859095,0.06093673052609473,0.06617392895787727,19100
0.011710577011108399,0.4919449853897095,0.16989754676818847,0.7211837959289551,0.2810974304949176,0.40397082939744006,0.7690861089519719,0.5491819572799348,0.28904381612533947,0.09265172627826804,0.02324424427002668,0.010298214910709586,0.021033732647843213,0.04866499939161509,0.010363782203190666,251.61829115514445,153608,0.0735119476355612,0.16469739598256564,0.11297735341769803,0.02505059858683395,0.013307614229645015,0.7487905755639075,0.9621358204770978,0.9380598068237301,0.6786266925098668,0.4888744076637374,0.009713263628073034,0.011071917090919751,0.009498144116471785,0.009435427790457338,0.008989356634670615,0.05686882342793975,0.06582316143743734,0.053524160865858615,0.061236058396438385,0.047310360362880825,19200
0.0007939815521240234,0.4487010097503662,0.17449658632278442,0.6811246085166931,0.3277374606014547,0.4441866855323314,0.7673122653379134,0.5522047684306193,0.2965268296240574,0.09288034098095847,0.02398910020478071,0.012332670280202657,0.02148850281235009,0.051421829471503595,0.009750272356375862,251.62777597644504,154408,0.08474274970591064,0.16414566065224137,0.11405125466131026,0.026746843905600528,0.019910768333250995,0.7808607584238059,0.9610041802477948,0.9341419676939642,0.6738227929048863,0.5021961510858755,0.011634305170737208,0.01127153070328731,0.010715545656248226,0.011706293634699659,0.01308737777501599,0.0675054783700034,0.06516697407730725,0.05423931003814295,0.07265076056975343,0.08028840474435135,19300
0.050041110515594484,0.4552159833908081,0.18440892934799194,0.6973976373672486,0.29818968772055365,0.4177959758043289,0.7717384802562564,0.5448606495463527,0.2901719419820473,0.09304099013815764,0.022476399932056672,0.010782671932328763,0.021757625519733783,0.04593992127695737,0.01008952840518632,251.63614683273605,155208,0.07817637339234354,0.1645919534913653,0.11205164773748559,0.02829303077334483,0.014610385812995083,0.7611879786849021,0.9633090902307175,0.9315451501159502,0.6769903187114411,0.48104064381537776,0.010134100269060583,0.011118720168528764,0.009874980268709423,0.009634136158908428,0.010040736827878876,0.05749213369563222,0.0641704056380764,0.05223302371424003,0.06053282060005729,0.05419291251927468,19400
0.0006938838958740235,0.4335238790512085,0.17289310455322265,0.6648262047767639,0.26582069569305095,0.4283917972445486,0.7642492987402717,0.5436971750670826,0.284318716554655,0.08801946299846715,0.022310535470023752,0.011629546367699015,0.02143720352395842,0.048258154184720604,0.010846703448520992,251.644233734298,156008,0.08054735641926523,0.16509428156081152,0.11126258682492556,0.024443449065783766,0.010668121906223162,0.7613066220283505,0.9582562446594235,0.9367535850115576,0.6696384182084081,0.4450504837012049,0.00946708594216034,0.010543229027964805,0.009448042301156163,0.008897555271153062,0.00891637037428227,0.05564958862029016,0.06098591110870314,0.04881880258053411,0.05659423327589102,0.05723861572003426,19500
0.04286809682846069,0.46800837278366086,0.17468281030654909,0.7007236099243164,0.2343661058581558,0.4239323249459266,0.7660042796459494,0.5388470237006503,0.3059868687155223,0.08843354064477035,0.022804937772452835,0.010326493145039802,0.022472155514345366,0.04801658395272077,0.009339874006845817,251.64972045210203,156808,0.07745815973728891,0.16374195628453309,0.1096946469097623,0.026880045940103625,0.01079833727063877,0.7710080730915071,0.9622792261433232,0.9298542534570551,0.712860675141362,0.47354095170692556,0.009079982270486656,0.01032819769330596,0.008875574592183142,0.00842596928238648,0.00875769399477131,0.05204867971595377,0.060565614146399875,0.0427668507683192,0.050232873427322,0.05561257921615429,19600
0.0005979156494140625,0.43804364204406737,0.1716785979270935,0.6671509671211243,0.33340109578733357,0.43515605822205544,0.7741983852802071,0.5451789735465918,0.293442283858462,0.09624211379739732,0.02315532674081623,0.010175457096086186,0.02165178528496173,0.05105821957977687,0.010128965655332146,251.6553028139887,157608,0.08178094365634021,0.1645619318299338,0.11209754858125923,0.02661796808150589,0.017130310733601,0.7697562927007675,0.9627866594616428,0.933436730215627,0.6687259219660613,0.5011117261709628,0.010996109594125301,0.011546828388877283,0.011199195806678105,0.010408731723794392,0.010794148754002047,0.07443550575873813,0.08013240262490075,0.07205236561143252,0.07170096027381294,0.0731660147202346,19700
0.02998461723327637,0.45483701944351196,0.18746387004852294,0.6963452982902527,0.30567519046154934,0.4384841740131377,0.7684834685800307,0.5518167943370588,0.2917666320378576,0.08783879154483681,0.02289146944880485,0.010510044370470272,0.022000310788102162,0.05068599612180457,0.010192060577366201,251.66531425633048,158408,0.08273822871968144,0.1640841044586709,0.1143219173714823,0.025913958174593674,0.013326810537569267,0.7669526618719099,0.9630299849747529,0.9314627531839875,0.6679208545635145,0.47081150777676967,0.010258297808468347,0.011410176947847748,0.009925210929228637,0.00978442052777002,0.009743659988689318,0.05912948908517139,0.06525496861737273,0.056076811358085565,0.05941314904339379,0.0548893380166563,19800
0.0005944180488586426,0.4472033500671387,0.17444894790649415,0.670090012550354,0.29601009867904526,0.4158490283787252,0.7689284130759619,0.5522863659562116,0.2876726243514237,0.09454217407280804,0.02441876456141471,0.010652181871727789,0.021218936983941585,0.049506493100667716,0.010366633612041671,251.67212640937316,159208,0.07566796131432049,0.16527383791646733,0.1135756131885439,0.024518622452058225,0.012958582838080698,0.7593785631656649,0.9610459016657426,0.9384628625577718,0.6710993749530688,0.482177066424536,0.009248440512456003,0.010178568261814704,0.009245090551995211,0.008646256059587906,0.009122281616169308,0.0480136665212922,0.055145746299022844,0.042241627682428215,0.04515139888073395,0.05128335571729596,19900
0.031084105968475342,0.47053166389465334,0.18784960985183716,0.7087803483009338,0.327160320937514,0.41736877351999285,0.7623272976359803,0.5510441372698207,0.2950273723346403,0.0928909620797296,0.02319987474009394,0.011406908875230597,0.02091842078392938,0.05082001810630112,0.010888174038933905,251.68068832580747,160008,0.07702002847567206,0.16341167865572745,0.11354702060936751,0.024549705827247904,0.012376885417462237,0.7595323976874351,0.962118735506728,0.9378022562782719,0.6898193874284231,0.467284764602499,0.009428819394670426,0.010725228742671174,0.009104904613264323,0.008802000530727248,0.00918616188189261,0.05470506908372046,0.05733818172200307,0.049885494160061716,0.052673606909031306,0.05905711305116851,20000
0.0006022286415100097,0.4482720994949341,0.1698205876350403,0.6679426121711731,0.29925543683211736,0.4448744162917137,0.7682511720944335,0.5470631743019283,0.28981698115193655,0.08473126412502356,0.023479637233540417,0.011269437476854627,0.021830943408845515,0.05150052414783251,0.010360598066555602,251.68738694476482,160808,0.08373764559626577,0.16510112618130654,0.11197156127203597,0.025306275819068552,0.01092367497006697,0.7714233332872393,0.9586889851424433,0.9340565126050601,0.6621517277268505,0.4538442216600692,0.009739832403138287,0.010823226495025063,0.00951249110512436,0.009162321748340103,0.009312126548694712,0.0505314508092124,0.05502544310163813,0.04987523041041144,0.046600827030719244,0.05005461679039788,20100
0.0006258249282836914,0.4580945634841919,0.18593887805938722,0.6954880785942078,0.34299999796963493,0.43099302336573597,0.7726289993893783,0.5526783037603947,0.29334627460533136,0.09170516462052043,0.022715809084475028,0.011728173835755256,0.021059181056481014,0.05113327486227116,0.009968584397878342,251.69469315341271,161608,0.08060811465606099,0.16580209010733968,0.11370928223892963,0.024588393995751776,0.013506922553077144,0.7601649132370951,0.9572753062290423,0.9371630985137315,0.6810830145453418,0.47755867016823933,0.010569564728066326,0.011610621028060533,0.010340689670577724,0.010108245189864338,0.010059765023642805,0.07969008439220489,0.08187901531140103,0.06739194415596844,0.08470094108391396,0.08275263940571186,20200
0.029446332454681395,0.4743084621429443,0.18085713386535646,0.7093436527252197,0.26201744049566156,0.4264792719483374,0.7657641127480934,0.555647821709661,0.2878041558340188,0.09545058958307281,0.023110721912235028,0.01035120126196936,0.021194302689025904,0.051172194776590935,0.00961306687776729,251.70795252202328,162408,0.07943795742467044,0.16440182362669092,0.11507535888121863,0.025557997807627544,0.01245015933197085,0.7641256797313692,0.9608593993450534,0.9370587409132775,0.6624408113956459,0.4940477169338779,0.009647760000079875,0.010524619010337938,0.009668812169555096,0.00890713141765446,0.009493881785053388,0.05190152260009198,0.0570128161609922,0.04857841698628029,0.05012114402605221,0.05195275692259848,20300
0.0006214261054992675,0.4124985122680664,0.16575004339218138,0.6278336954116821,0.2757610412364657,0.43797186404466626,0.7659950025046047,0.5519841751083738,0.3008609442040328,0.09114987414856848,0.021378199867904187,0.010627063386262722,0.02108848919825896,0.04576072693073554,0.009543061902483255,251.7186512800161,163208,0.0834038626030088,0.1642884506811551,0.11469864738839021,0.028104509743254454,0.014855417622867672,0.7798578226566313,0.9608962805710023,0.9350819553115536,0.700472735516403,0.48377363157521985,0.010229293494485316,0.011056270237215117,0.010110710986607166,0.009385239477168125,0.010311210225701953,0.054086599338334075,0.058769039837504464,0.05132373722465541,0.051007292058784535,0.05536567322612396,20400
0.031196763515472414,0.4396552586555481,0.18719315767288208,0.6777799654006958,0.3329643355358174,0.4159324853122238,0.7631812003469962,0.5393030310995014,0.2977105242134344,0.08813804836328804,0.02373820976354182,0.010305065049588226,0.022469588950856705,0.05206348771003614,0.01058070013259478,251.72996603694156,164008,0.07753511607646942,0.16621492088762738,0.10955941654629446,0.025626885670594707,0.013904072266321569,0.7493139356374736,0.9538902606546258,0.9285320124434466,0.6777302002665967,0.4565932471216009,0.009919038047082718,0.011456705096955464,0.009909315448928268,0.00909072793596846,0.009285702120566211,0.056316327746026254,0.06813807645332573,0.05225987489985761,0.05140586784862057,0.0538574087357763,20500
0.0008900833129882813,0.4364694881439209,0.18525985956192018,0.6746492624282837,0.2800308711634367,0.42674223974347125,0.766495753133126,0.5475811673836275,0.29160089260913485,0.08857155281109998,0.021548879956826573,0.010023347729300126,0.021775697228602238,0.046886067815065276,0.010023987829432023,251.73752357344895,164808,0.07986546112224456,0.16471282118245192,0.1127818976764125,0.026371667197691313,0.010704230505846521,0.7627211272716526,0.9610115674694192,0.9313099537834973,0.6845959695902736,0.4704207173250256,0.009365946452599017,0.010478245963355863,0.009319558457443214,0.008488498799961037,0.009078552939666862,0.05778639462776483,0.06546669677523763,0.05294104600137086,0.054163827441314004,0.057939870079563395,20600
0.03264428615570068,0.45624536991119385,0.17411428213119506,0.6834201312065125,0.30359298160322534,0.42656362295150746,0.7696720587080391,0.5504206595654338,0.2851176106244183,0.09914143794837098,0.022647726563736797,0.009966987126682926,0.021313322002317794,0.04769011014993764,0.009489786349149652,251.74512933954742,165608,0.08073674079030753,0.1651652077982083,0.11409361057521142,0.025087819773563898,0.020381872800498982,0.7696281415224074,0.9609922520556856,0.9340361052567198,0.6706119199314027,0.5130194112037614,0.011405174219980831,0.011776143698883594,0.01138857003426198,0.010289766677073736,0.012270997935653819,0.061960487748510776,0.06576966934129938,0.05175516817854663,0.060393192277620876,0.07002309416373008,20700
0.0006466364860534668,0.4247476768493652,0.17220803022384643,0.6537148189544678,0.2838346931723377,0.4244790116697548,0.7683480017558098,0.5579407972724812,0.2932098204030672,0.08622031527656031,0.02195795516483485,0.011095204681899593,0.020693881331795904,0.050138315045425694,0.010539454993241564,251.75509326055712,166408,0.0797600352810696,0.16419566094310362,0.11632788573440751,0.025479738059448455,0.011361694049132473,0.7527888900041578,0.9618025464469226,0.9360959602029701,0.6764079199156946,0.4561614751815797,0.009659621822647747,0.010560753790582248,0.00991610771927395,0.009054250221741087,0.009066396145234731,0.06358876921236509,0.06497472410324201,0.06205602506861876,0.06378904778989007,0.0634202921212736,20800
0.0334298849105835,0.457805814743042,0.18779688358306884,0.699156973361969,0.23466269419318872,0.43506390124559396,0.766905906668121,0.5423802134522983,0.2836940144905102,0.08851705078335324,0.023252699030563234,0.009967165233781253,0.02264838259774105,0.04879501364372957,0.009403143222604342,251.76400290468152,167208,0.08097589999437331,0.16466995710106017,0.11139650363029482,0.024704429363527406,0.011174188099865765,0.7677050715684891,0.9611571896019164,0.9264383820825778,0.6634635128653965,0.46928834641116796,0.009458817304112016,0.010525531674686239,0.009444919247714956,0.00889245636286573,0.008871256764549975,0.05400370043469589,0.0602103795334875,0.05165080688604142,0.050300407719287905,0.053801652761283285,20900
0.0006260180473327637,0.45972654819488523,0.17968884706497193,0.6902296113967895,0.3100954001326867,0.4332004137337208,0.7760260468874222,0.5516935200918284,0.29281143850994584,0.08898612853725643,0.02357628650031984,0.011685502412131961,0.020993305580867892,0.04775404283339115,0.01017491398850099,251.77656274742657,168008,0.08012021834030747,0.16524899579011473,0.1137656025943303,0.026797598382363695,0.012172840081097746,0.7717904001474382,0.9620179014328202,0.9360528094427921,0.6857964951321829,0.4744376302435155,0.009742087102495129,0.010873588246221724,0.009781657638294349,0.009075803145731916,0.009268104423130486,0.05537774735130368,0.06386024449975825,0.05046512149052605,0.054313541113180056,0.053178293646177224,21000
0.03107032299041748,0.4681819009780884,0.16788311243057252,0.6872163796424866,0.3660342067651829,0.42867265626788154,0.7723821258162429,0.5517578470652502,0.30166510678827746,0.09364311808174602,0.02412518050521611,0.011312190699764585,0.021293493663917678,0.05224776122605012,0.011519840392848531,251.7905866285718,168808,0.07977804461494091,0.16642183495715343,0.11344909123634092,0.026613462191284156,0.013333148165427224,0.76512904882431,0.9579019916248838,0.9378332092881742,0.6815948936404018,0.47473480484702363,0.009931381805799907,0.01070516686737139,0.009820319571825751,0.009444627808692044,0.00980526365509087,0.05264362140092999,0.05945660812122852,0.051867946065945324,0.04751459170817111,0.05214429918601357,21100
0.000812535285949707,0.45888740062713623,0.1883868980407715,0.6994533181190491,0.4011862109846609,0.43861942410469074,0.7683027944257187,0.5393387268369011,0.2895883807415111,0.09065215345269634,0.023534050369635233,0.011824120446065362,0.02262504844783016,0.05081096513401618,0.010057074222814936,251.79664876249888,169608,0.08306456960737706,0.16614555351195795,0.10908045736141507,0.02773713187865562,0.013106212713350754,0.7759320622682577,0.9571432180119,0.9325555253487365,0.6648050296993157,0.5005231464038725,0.010860211069229983,0.011885769379835927,0.010472900563259968,0.010277071302142287,0.010693874804849691,0.06247584292665122,0.06801335821314476,0.05760967398348905,0.05968134469689109,0.06434688360541654,21200
0.0006987571716308594,0.458713116645813,0.1736133050918579,0.6844695878028869,0.2725619458047728,0.42998764187097555,0.7648989807527798,0.5504107414004955,0.28639143540762196,0.08662087529065826,0.020923833567649132,0.010302428830003083,0.02064893313326708,0.04716838050503715,0.010021011868392302,251.80185414016333,170408,0.08225901991128926,0.16506567561569127,0.113462526090095,0.026532424533967095,0.01276212781486869,0.763006770014762,0.9594226800478418,0.9406597168646129,0.6705271917027089,0.4573477686030191,0.010223468588665128,0.011342208863844957,0.0099686005492216,0.009147479466899026,0.010257031268991738,0.05452305420301853,0.06290405778250159,0.047890273453754816,0.04760763311195513,0.05872508703541115,21300
0.027898240089416503,0.4724084782600403,0.18050647735595704,0.7070845937728882,0.2716460249453392,0.423516187667847,0.7671575819812533,0.5499026405135387,0.2863900458478196,0.08471807727379158,0.02370598698034882,0.010808762367634816,0.021611686644730038,0.05434953874186137,0.009271916179812231,251.80995523697976,171208,0.07921602206304669,0.16420115732052454,0.11302159509631161,0.023576625596674863,0.01397029494435476,0.7512710073590279,0.9604104863848666,0.9319114254921982,0.6461113384183576,0.46691230365208203,0.01026549272006378,0.012189338876807324,0.010616920455166903,0.008874492519012442,0.00931092574641916,0.06611581579782072,0.08130158241028375,0.06903269025257112,0.05246964896724997,0.06101887671304453,21400
0.0007163715362548828,0.4423475646972656,0.18287060976028444,0.6791274428367615,0.3212410423935038,0.4478316468000413,0.7708079205735665,0.5475169337139683,0.2961783306268245,0.08238443247562284,0.02285549864172934,0.00989978656681492,0.022024048178886584,0.05270025497504878,0.00971988101299461,251.81931814654888,172008,0.08431303046643729,0.16493706385469653,0.11233298530658845,0.025237967072905085,0.011053392601852915,0.7729518371820451,0.9614085450046392,0.932592475356964,0.674013028326242,0.4537242930897033,0.00989346667192876,0.010963442382538107,0.009586332977050917,0.009424721913250247,0.009381026659901806,0.06448164207395164,0.07485871184371107,0.059386280772741926,0.05951861596828242,0.062368034982014445,21500
0.029123399257659912,0.4454661250114441,0.18456912994384767,0.6847154450416565,0.2986489027814669,0.4215516296029094,0.7746652105959441,0.5499424717210714,0.29460008710783,0.0916295679648538,0.02141141124069689,0.010403224803143886,0.02071762487708412,0.048038963378677434,0.009802295140525946,251.82671477114894,172808,0.07859012309461838,0.165538677936647,0.11313255371010687,0.027064572362559696,0.0119173721045812,0.7551740503311155,0.9593656685294178,0.9394470614955786,0.6809366326178276,0.47148874900999105,0.009751898692920806,0.010790480362115117,0.009591250578833225,0.009127072026071844,0.009451040608294279,0.06701530537102367,0.07590739093266607,0.06162316592390395,0.06484370497656201,0.0651816508429319,21600
0.0006685733795166015,0.4531419849395752,0.1700386619567871,0.6735223817825318,0.33114728208475747,0.39539718270301855,0.7747369940113861,0.5477772568356928,0.2867882818616222,0.08319964111697951,0.023526125298812983,0.01093951856219179,0.021339224508005714,0.049294939185580554,0.009774056043137207,251.84249017543274,173608,0.07247090520337224,0.16602063539681153,0.11312498275843846,0.025120416093828556,0.012348112842830074,0.7372393238544456,0.9605069035177776,0.9323805980207788,0.6682348810839209,0.4572444333271548,0.009292493630200621,0.01023599835836394,0.009294900573101516,0.008776353186716882,0.009114237569949843,0.0564482594374567,0.06320514154448435,0.0597172075622137,0.051614681821105624,0.053148895389908433,21700
0.04335710763931275,0.47404487609863283,0.18014383554458618,0.7103539204597473,0.2632022960070918,0.41954983457922945,0.7665449636768926,0.544632834861579,0.2971320193298538,0.0887964682971559,0.02201754475012422,0.010479860413083266,0.021926376082509476,0.04626608979559005,0.00943835688777632,251.85139902684432,174408,0.07798274563625451,0.1635941597023559,0.11165740825597524,0.027472264053431728,0.013164769374288437,0.7642994117736817,0.9635572296162546,0.9333668556606883,0.693880912029382,0.47677123168619684,0.009582251012325278,0.010733787487236605,0.009489134349634207,0.009059634311312832,0.009107698195772927,0.056836500302888435,0.07042056364519272,0.05130616783670789,0.050811017983395504,0.055557172931730764,21800
0.0006256914138793946,0.46893025398254395,0.17454858779907226,0.6939696049690247,0.3102055233441533,0.4165355286002158,0.772895561256989,0.5538452266110588,0.2857736380810426,0.0895772765125084,0.021702251359820353,0.010609171983223347,0.020752360177773613,0.048159393528971736,0.009917965118785932,251.86129365345306,175208,0.07910330792888999,0.16509927287319587,0.1142062004271549,0.028271881614544202,0.014873180885028052,0.7512343716621396,0.9619533468018926,0.9369223391272363,0.6698379437340072,0.4696390102891361,0.011309716333635152,0.011636456051548274,0.010911279554795669,0.010999064223761566,0.011632483787581806,0.07255644330056384,0.0754184233790575,0.06507117830615339,0.0743042944653078,0.07508918228011359,21900
0.031927299499511716,0.4445687794685364,0.17468703985214235,0.6703156685829162,0.31570888761418386,0.4224525645375253,0.7638388198614119,0.5459752720594406,0.29402474643447263,0.08700650824762099,0.02221612479537725,0.010668905617203572,0.021427863352000698,0.04781872056536938,0.00914239101702653,251.8713160667546,176008,0.07923942543566231,0.16387373812496658,0.11186048751696949,0.027079279536858725,0.014208551729097968,0.7641803681850432,0.9613413044810297,0.935053903460503,0.6844698472238672,0.4768942873276288,0.010228576897643513,0.010701826973818246,0.010314237580168988,0.010099642081700982,0.009800098671934642,0.058893385964911435,0.05898005284368992,0.05487912110053003,0.0632490001761603,0.05848916889566799,22000
0.0007623267173767089,0.47535694360733033,0.17121055603027344,0.7009049248695374,0.23399038647180753,0.43514451563358314,0.774858824268186,0.5507217482940573,0.2875421965351471,0.09506311759015727,0.02299940590746702,0.009669073200489632,0.021669869774298085,0.05352621579017396,0.009126238951964977,251.8784498911547,176808,0.08075180128216744,0.1658872848722191,0.11384504671032364,0.02314733361395508,0.01188586425415273,0.7704981237649913,0.9604507741345546,0.9316610345969326,0.6601776810792773,0.5178238177419301,0.009788437364622947,0.010589425380413364,0.009682394783138424,0.009128081812881503,0.009644562282585476,0.06222898259758952,0.06694870017367799,0.061687411035637574,0.058426743134474116,0.06121677078830841,22100
0.03003183126449585,0.43946385383605957,0.17995518684387207,0.67444176197052,0.31500413755820467,0.4290562774240971,0.7713306285255586,0.5432623806926935,0.2906791512777502,0.09439103693136427,0.023316187132149915,0.010841952838392845,0.02150589450864554,0.047963252256906334,0.009615087613229293,251.89453975576075,177608,0.07985048523172732,0.164365847905477,0.11185302216597282,0.02693241134332918,0.015435455361879895,0.7703499132394795,0.9633907195347461,0.9352299113466286,0.6763922810007679,0.49185440677111236,0.010148569485172633,0.010941406132755292,0.010007306660591351,0.009717201292856581,0.00994446095527033,0.05521539818495512,0.06052710301247405,0.050573790695217224,0.053102177268731454,0.05692068655858114,22200
0.0007679200172424316,0.4744566082954407,0.17727110385894776,0.7051585102081299,0.3326294581554666,0.43282126873731624,0.7675540737844816,0.5469404713443992,0.2952790491828102,0.08513770225856983,0.024416912235319617,0.011021264531042671,0.02139312882231162,0.05291483196906928,0.010633910623645148,251.90544620976203,178408,0.08017326358705754,0.1642064114856482,0.11205659725896595,0.026122374717918482,0.011110091854429264,0.7604382130503651,0.9635350235659093,0.9351396636580518,0.6674565190222205,0.4373727273810038,0.009474953985773025,0.010790610414887991,0.009191336101448197,0.00878602473019827,0.009128308637517998,0.05116062744520607,0.05701172755873619,0.04888029671098405,0.04492611528442403,0.05437729769683148,22300
0.0007181239128112793,0.45953768968582154,0.1728988742828369,0.6817841577529907,0.2757161115139971,0.4348870010674001,0.7673752795818242,0.5422660266480794,0.2830270368661452,0.0830779047838969,0.02450174912344664,0.01135896888864768,0.022282991362962763,0.05259209121137267,0.01128601861269572,251.9129115745858,179208,0.08080491708591583,0.16450978053170592,0.11103659697422164,0.02411256041099775,0.009302813206622426,0.7531090438365939,0.9601236124371375,0.9299484043586539,0.6435775638219722,0.42492818199722443,0.009377423957921568,0.010496832904687456,0.009401188812377616,0.008639079701637305,0.008834756230519212,0.05970030007883905,0.06674196377050046,0.05181901210055844,0.05804238066225499,0.062130177981485554,22400
0.029295401573181154,0.459227032661438,0.1883816409111023,0.7006368470191956,0.3192936339592448,0.4337996751070023,0.7799502072982424,0.5541626384445264,0.29556861197087836,0.08891373874592086,0.02213104569353164,0.010620394414765491,0.02135061012927955,0.04934999071320589,0.009522475993829625,251.9174425246663,180008,0.0826745158061385,0.16619837812139,0.11452178397745481,0.02896092437147934,0.015392166607109398,0.7648132556676864,0.9611794540604338,0.9359702947092994,0.6836292039264329,0.46833021769969907,0.011420514541678129,0.014191721414568504,0.0102626268121907,0.010211269015117597,0.010885881016884253,0.06777879337314516,0.08452255225478147,0.05853857215055655,0.06533453295774322,0.06232493868088495,22500
0.0006574511528015137,0.4517214822769165,0.17285305500030518,0.6758948278427124,0.3167365949412519,0.4223035264015199,0.7714884734402098,0.5517730656051147,0.2894213429341717,0.08970425183814706,0.02448781934566796,0.011512424816222238,0.020972275693622477,0.05002930066180658,0.010239612591523001,251.92293555304775,180808,0.07743968607857826,0.1646690644944708,0.11384449687968819,0.02616066129249112,0.01228400523353728,0.7580192679166795,0.9617387469237043,0.9390225843670438,0.6745372257734596,0.46127259186519076,0.009692067871801558,0.010628804782754742,0.009368473673527387,0.008978322150365441,0.009937539979595175,0.05655332422815265,0.06398021976444088,0.049796607813404205,0.05219710810240686,0.061274057121506784,22600
0.03171395778656006,0.46418113231658936,0.18547658920288085,0.699878921508789,0.25785125189392266,0.42009253352880477,0.7639184563110275,0.5538208637405283,0.2931778518464959,0.0925945535008543,0.023378974408842616,0.010340031939752704,0.021107318546697878,0.05121899679646762,0.009686816561728567,251.9310897742263,181608,0.07784845627844338,0.16476226877421146,0.11541492327224065,0.025913221924339685,0.011520767375698378,0.7585178285837171,0.9594440820316477,0.9323384423351769,0.6705645481938299,0.4873367204454734,0.009395517527591435,0.010401853105577175,0.009455268377737707,0.008717194556719753,0.009073486403686005,0.04812366685364394,0.05611548526697637,0.04412123593899548,0.04430480213899126,0.04836376905991822,22700
0.0006998062133789062,0.45871006965637207,0.17815438747406007,0.6867832612991333,0.22328353969516918,0.42906828001141534,0.769229722964136,0.5534825558673604,0.29322092272683015,0.08540240419227318,0.024385933615267277,0.009744904034672989,0.021176511784709414,0.052660133138538165,0.00931122446661638,251.93875093114823,182408,0.0793631727620959,0.16460838012005133,0.11447670559088387,0.025674372393458475,0.012482651664131436,0.7598913776874544,0.9621963579403727,0.9347530119295978,0.6593626975466358,0.4595102607870902,0.009419456641189747,0.01057133935882073,0.00941621139864197,0.008783009319796895,0.00897576410697992,0.05009228588431142,0.05342468819335885,0.052523765434782106,0.0469485072668967,0.04749051021742396,22800
0.031305010318756106,0.4588370990753174,0.16743499279022217,0.6785983753204345,0.2946654381613681,0.41204118952155105,0.7611710014417002,0.5487555485773598,0.2866045797323161,0.08853220797463308,0.023758127549663194,0.010249937218421898,0.021363239022011447,0.05268713341964081,0.009105025021278346,251.9447871243053,183208,0.07607766758650535,0.16485551644846344,0.11314088514352093,0.02472155436573295,0.011562462265103835,0.7468273824453359,0.9587432471747251,0.9332955977384081,0.6519713127782557,0.47555649107781023,0.009146984484978018,0.010692720260643933,0.008927842832487485,0.008382113504784095,0.00867700220000198,0.047029694104567164,0.05200581476764433,0.045270022733057746,0.042912287977457886,0.04816120860711243,22900
0.0006088900566101074,0.45101529121398926,0.18860355615615845,0.687857894897461,0.3020759143559192,0.4135114503651858,0.7668065879710764,0.5437758950271999,0.2828845076782759,0.08785312071517865,0.0241374207334593,0.011376285642168667,0.021566095028185454,0.05057965439506047,0.010177303944018227,251.95007740972216,184008,0.07574403980746863,0.1653666780108498,0.11089332983123536,0.024640037645694148,0.010537587196773118,0.745955252349377,0.9574067119568117,0.935866198455444,0.6508213958074884,0.45750619787158386,0.008966654981486497,0.010158453693504996,0.008653232583192864,0.008319846267790292,0.008844794131664913,0.053723934770096085,0.06452716732515933,0.04934374039235402,0.04743623958554029,0.054619500419416565,23000
0.0339317512512207,0.4301823830604553,0.1812877607345581,0.6604665875434875,0.32261340616454254,0.40867925316095327,0.7682698429587048,0.5483506399998688,0.2844370019463997,0.09548938768767862,0.02349087607115507,0.009771571817115583,0.021129131668252234,0.0522832872987426,0.0090196837184768,251.96273268270872,184808,0.0756136031635105,0.1650208045932698,0.11363849880542345,0.024589729653495658,0.014806402435909222,0.7555438852310181,0.9600090001993643,0.933509156028217,0.649240279535078,0.5266741750953353,0.009986206763423976,0.01142773875608085,0.009836111394539078,0.009239665625775067,0.009597272522939002,0.05935505633067805,0.06679968450113848,0.06061372388294964,0.054437478976807445,0.05662145866184477,23100
0.0007041740417480469,0.46207972288131716,0.1826443552970886,0.6959291505813598,0.28844246081898595,0.4324422857165336,0.7618015006465737,0.5520469543352644,0.2946642553133346,0.09294985652674183,0.020636870255693787,0.009550655204670964,0.021203367567774054,0.04433786991222573,0.009831028248517037,251.98074588084668,185608,0.08278749985620378,0.16532313233276572,0.11394077902706114,0.027352729108765406,0.015879559862330105,0.7773699212074275,0.95723568549696,0.9362179269245011,0.697855900372229,0.5023928797660173,0.010585120753385135,0.012381957127835658,0.009816974853234949,0.009879218542107179,0.01011131889191434,0.05131306793075052,0.055947818659368966,0.04825808692825446,0.05407833122968749,0.04692075476374719,23200
0.0006350374221801758,0.4410898447036743,0.1787375020980835,0.672536916732788,0.3348998141906715,0.4253447854518893,0.7702754918409851,0.554297952431638,0.2908940257617785,0.09289219460608263,0.02306285449303686,0.011417684035983922,0.020983291233744112,0.05289066351888425,0.010432701864288605,251.9934296898158,186408,0.08077699881047012,0.16452970827112404,0.11485734006381147,0.02643726258384301,0.015819496498223538,0.757373817563057,0.9618447176655939,0.9353698630468544,0.6569102077194336,0.47695140906100014,0.01080219318158925,0.011226322984189853,0.010424419888846955,0.010931973222087422,0.010675261748234192,0.06562484372872861,0.06863210211526982,0.05985396519365111,0.0683330149153114,0.06627604062668982,23300
0.030279340744018553,0.45101238012313843,0.1980768084526062,0.7035788774490357,0.25793203840948614,0.4157465270161629,0.7656017807813796,0.5424828782314207,0.29319712752988064,0.08593581096534068,0.023325517559424042,0.009092192785241286,0.02209592178327645,0.055777580029546046,0.010120425953256346,251.99865855216072,187208,0.0773531430959702,0.16545538611901098,0.1112413953353719,0.023785437097783177,0.011400359904889117,0.7436599469184878,0.9595854270152561,0.9303462641995124,0.6588177769393713,0.44579349581254707,0.009426316807512195,0.011069179605692623,0.00916065701124508,0.008324728562281683,0.009126275858987086,0.04932256112806499,0.06225339611514638,0.04168971821256893,0.044395701399400495,0.04904691179693086,23400
0.0006627964973449707,0.4616791558265686,0.16876404762268066,0.6784239506721497,0.2965996906774689,0.4221419239044188,0.7720899014549457,0.5543835913851151,0.2915892878420723,0.08550650038316777,0.0225767940003425,0.010324481682961493,0.021169434552125273,0.04826279512145421,0.008847918606074853,252.00598417397424,188008,0.07910135742276912,0.16410324686670036,0.11528519768090484,0.028735070918840384,0.012509963681997003,0.7612275278568269,0.9638688267871022,0.9342987375599994,0.6779350227522626,0.4714781871906994,0.010043194917961957,0.010806201815226645,0.009970859220872307,0.009580560939531154,0.009879797994901391,0.05693774050334468,0.06671568604539792,0.050785531671274295,0.05864372579900783,0.05243040582042206,23500
0.04135476350784302,0.45069273710250857,0.19150898933410646,0.6960139703750611,0.26694858797234455,0.42282622829079625,0.7649753639101985,0.5507394648157065,0.2971086398113605,0.08106515485156382,0.02380676596425474,0.010370213257265287,0.02134512244811051,0.05175625658485779,0.009044100309678697,252.01432590600407,188808,0.07791699854657055,0.16340263962745646,0.1131973767575497,0.02698979291653389,0.010965644472418592,0.7565468269586566,0.9642378684878355,0.9360664468258618,0.671171082452286,0.4578411718106638,0.009317295621149252,0.010506269850302487,0.009186422418376113,0.008730901810232288,0.00886862970637688,0.05648077525896952,0.06579396744607945,0.05197721663110621,0.053470815340230286,0.05466308718465185,23600
0.0006535172462463379,0.46395967483520506,0.18205660104751586,0.6988066506385803,0.32881785431536026,0.41985263079404844,0.7662106587659167,0.5427076955636347,0.2956338953502071,0.086524641939572,0.023818761697039018,0.009951746664548197,0.02234350096625397,0.05315342142242075,0.009494997288004082,252.02051902901377,189608,0.07742532888427381,0.16457424084445363,0.11090029034859088,0.02571728784393685,0.011545925608748946,0.7561423766613004,0.9598920357287234,0.9297594324136392,0.6704561466653957,0.47531870403900545,0.00937912897439674,0.011050429742727144,0.00914628256040697,0.008742503372245821,0.008601056043691742,0.05446569641120733,0.06497649823657077,0.04245852136459108,0.055528094730537166,0.05463359154430514,23700
0.03197007656097412,0.4433866477012634,0.1785848021507263,0.6734389543533326,0.24914373467702314,0.4411865311861036,0.7584075049079692,0.5577264536940866,0.30480239234563267,0.09154160188746112,0.021546995639801014,0.010327184735395917,0.020454774174602716,0.05205458642193519,0.00956453294470653,252.02685004133397,190408,0.084563464447856,0.16455695990087654,0.11613573303456028,0.027414606142563025,0.013500856578087852,0.7750431722402576,0.9581373007646922,0.93870141897252,0.6869213884276454,0.4926927885384236,0.010338218137621882,0.01133161956837785,0.010479086864660814,0.009096094983161522,0.010133334566631087,0.05405591703020038,0.05905714046996855,0.04986258853897058,0.051356727558839514,0.054537543366907255,23800
0.0006208968162536621,0.4555324912071228,0.18836501359939575,0.6958144354820252,0.30490235849757236,0.42082032039761563,0.7684407436731948,0.5458909767739323,0.28711044883319015,0.08494765475613646,0.02137180901132526,0.010582839441711756,0.022417675386718006,0.043079209598420445,0.009478715672572649,252.03352124314807,191208,0.07770533030852676,0.16444732089644482,0.11149562102683043,0.02618221484476189,0.009830535518577196,0.7552602016925815,0.9620283842086794,0.9297917567669073,0.6853623393119543,0.4525522138222609,0.009313665484078233,0.01059077561661166,0.009359469904782296,0.008433293272722877,0.008857724953000204,0.05717813379320429,0.06086499900513307,0.05461025613344936,0.05407697407110172,0.05894003156392483,23900
0.030871670246124267,0.4458697199821472,0.17529192686080933,0.6719829273223877,0.24103295783115028,0.42343242019414906,0.7619232770168423,0.5403996435340473,0.28621212080261654,0.08385480818201274,0.02438310341909528,0.010238104418738542,0.021744511834827167,0.052896445845517316,0.00964031432045349,252.04495518811262,192008,0.07805676382035023,0.1645613090709002,0.10996237197431963,0.0234733102832183,0.011605024157102144,0.756467936038971,0.9598291278487504,0.9348086599566509,0.6555078352959642,0.4516673713433942,0.009255350760649893,0.010799347505330884,0.009109322044656459,0.008484202173520932,0.008643329390350094,0.04797019685676788,0.05543116731345747,0.04243927179123746,0.045314985521265096,0.04922994626259752,24000
0.0006900620460510254,0.44683442831039427,0.19096245288848876,0.6892587995529175,0.2391815701616073,0.40489870384335536,0.7574008624565788,0.557638509266348,0.28959722847845165,0.08772910040041264,0.023217338779941202,0.010124678509593539,0.02023419126845805,0.051506071789233124,0.009289163780208163,252.04927898183783,192808,0.07434374210424727,0.16375496053151048,0.11694927630295233,0.024997734460413184,0.010805355507711117,0.7375079053640365,0.9592227460769224,0.9377148995198403,0.6633496064744235,0.46105411377820116,0.009010651998687542,0.010118773275617558,0.00926668985174543,0.008357291193550203,0.008469638905741959,0.049348689299658896,0.05669311961888334,0.04305561829333091,0.0489795225136484,0.04788462660296565,24100
0.029585864543914795,0.4251380324363708,0.19004559993743897,0.6675467753410339,0.275542682399233,0.4333938026428224,0.7710244196040609,0.551072673377942,0.2885275988761957,0.09246601973368662,0.022173484489321715,0.009864820047198991,0.021410259175855578,0.049252749163618575,0.009973623135451672,252.05527917285966,193608,0.08142148913815624,0.16566419782482586,0.11389805049616461,0.02634264454779136,0.011632562851335737,0.7644849646091461,0.9592457717267152,0.9325942597827134,0.6614675804351766,0.48747034265537476,0.009779618391767152,0.010996093459984403,0.009764657415240541,0.009146847036997013,0.00909324862871959,0.05620702867163346,0.0644402978832999,0.05378043486223539,0.05216909959320519,0.053626095128217435,24200
0.0006195807456970215,0.4574797797203064,0.1839717936515808,0.6949981570243835,0.2764089438850234,0.43514171183109285,0.7702718171962475,0.5467023121503496,0.2915978922227925,0.09018545097711934,0.023092206614092,0.009966221874644781,0.021819912115461217,0.04960335601281606,0.009644038643075515,252.0623324593751,194408,0.08066603127866985,0.16548864044422334,0.11156831153978908,0.026052313263006693,0.01134085896268042,0.7659824764728547,0.9593301853468248,0.9343946113561589,0.6691011264563749,0.47437004906975705,0.00958753876388073,0.01069247674543497,0.009421995423811797,0.008897439770525298,0.009253046072958763,0.06196845890022814,0.06005685980929886,0.05555188532647054,0.060236774585499406,0.07286464342462784,24300
0.0006430268287658692,0.45365597486495973,0.1725219488143921,0.6823484945297241,0.291924752237237,0.43355366989970207,0.779586478769779,0.5558353531521001,0.29327957252306563,0.08470520838809925,0.021178397843614218,0.009586641810019498,0.02056696214984619,0.049707076107595324,0.009991237055955901,252.0681598428739,195208,0.08202011005952957,0.16625250130891797,0.11498407598568168,0.02473054964987872,0.012293811154476047,0.7656723383069038,0.9615117755532262,0.9377578972701,0.6778801952799158,0.4652231181637523,0.009726506536826489,0.010837415915448219,0.009897567024830337,0.008858637776159275,0.009178533270046054,0.07645984030241383,0.08272614490662823,0.07545408529188742,0.08656707877422115,0.063412023954284,24400
0.05307994365692139,0.46475662469863893,0.17196070671081543,0.697422034740448,0.26792049849983024,0.4296278181672096,0.7715351257694358,0.5504435638808669,0.27729066513305517,0.08871213606693214,0.022045964496210203,0.01011920869286644,0.021388916740995204,0.045465776211647074,0.009716080562684703,252.07900736593763,196008,0.08084105294197798,0.1658832885358974,0.11393022499770426,0.02604017705158438,0.012578898836624487,0.758405388593674,0.9581899553129115,0.933672814728827,0.6625184458355571,0.4669080602931467,0.010386102083139124,0.011779215922536643,0.010015776534382691,0.009679366477093724,0.009921634156396363,0.06263305968139321,0.07168227054825113,0.05410721001615903,0.06183577764042928,0.061113089355416,24500
0.000732123851776123,0.4612672686576843,0.17579587459564208,0.6930438590049743,0.29639650820417107,0.43491440460085856,0.7692383643908381,0.5478452273037131,0.29749772249838047,0.09106020112327917,0.02198647090233862,0.0110857343683258,0.02151920786734833,0.04690668708772035,0.009865192190773088,252.090270501894,196808,0.08126971725374457,0.16472274057376068,0.11285215499608413,0.026969283926071674,0.010434712923597546,0.7765563941001886,0.9622420509656273,0.9326743289180427,0.6952623405743166,0.4784365097681682,0.009231210267171261,0.010618977805074207,0.009106521531129662,0.008364020579601394,0.008797665747503439,0.047545535867102424,0.05675366310020667,0.04616073593902197,0.04465949489058204,0.0426031643655733,24600
0.028473227024078368,0.45150161027908325,0.17007099866867065,0.6741010618209838,0.28345303985318815,0.42490304529666917,0.7711632499098777,0.5461252926290034,0.2990312689557824,0.08542840612480546,0.022440457469783712,0.009625078672543166,0.021669247373938588,0.04917212472428952,0.009690198447961033,252.09845781582493,197608,0.07818999807350342,0.16513213858008388,0.11180997706949714,0.026164563090512242,0.009816791329735716,0.7593572285771373,0.9628779792785642,0.932941978275776,0.6867622055790645,0.4571429452683669,0.00907206477364525,0.010084892518352734,0.009190057187806812,0.008301031069049265,0.008708206564418524,0.0530864615458995,0.05859152609948069,0.055880254446528846,0.04814754662132175,0.04971088562621784,24700
0.0007183480262756347,0.4648283982276917,0.17876298904418944,0.6976556158065796,0.298931037787978,0.4344326695799826,0.7617417247965929,0.5544368551465978,0.2919265356690144,0.08465276837515437,0.02272985071875154,0.010457029878428635,0.02075636901507348,0.04887124971453533,0.009681658669083522,252.10248156851296,198408,0.08083452595397829,0.16348799659560112,0.11463544476006574,0.025433677832506166,0.009341159514177516,0.7703614756464958,0.9614722570404406,0.9393780868628931,0.678503662499074,0.4474054225330248,0.009045176131185146,0.010151095741700068,0.00909157470169734,0.008539059792697272,0.00835581236081874,0.05183929773978889,0.05905372751294639,0.047144685153335586,0.049659645350337955,0.052584387819860245,24800
0.034209563732147216,0.4370694136619568,0.18650756359100343,0.6756058692932129,0.24795552562249018,0.42221477046608935,0.7705735657163846,0.549287314620314,0.2882010735776443,0.08992647226242463,0.024403018373996027,0.009692534638483628,0.021309930681914953,0.0525469952818314,0.009682259968740925,252.1064124192968,199208,0.0773562894202769,0.16580394919841515,0.1134239576543062,0.024154982084211893,0.011091464330482092,0.7571760851144782,0.9585495200208444,0.9324157352082467,0.6608492617213395,0.4733188665486911,0.009215939335990696,0.010527035581969442,0.00899303987016233,0.008667225624784966,0.008800654179033114,0.05295684847747905,0.061362618293803455,0.0517722187278587,0.04725788390891915,0.05256373996293564,24900
0.0006795573234558105,0.4444405055046082,0.2028712224960327,0.6991324806213379,0.2483797887312463,0.4226629662513732,0.7681330278747441,0.5453576054966568,0.29294121069343443,0.08495998087649549,0.02319668779149652,0.01140256020496237,0.021322965920333163,0.04787041003365766,0.010204215671668265,252.11274416989446,200008,0.07781622849404814,0.16479909296480477,0.11154703622304112,0.02628210466912095,0.01028702552381826,0.7572559928894043,0.9592841165671083,0.9366474154504751,0.6812620636378744,0.44442615223427634,0.008991553492378452,0.010299701137477864,0.008940488354357198,0.008411341307809558,0.008362966354373681,0.04817073620972225,0.05417351256404556,0.04504834774269007,0.04569928054909476,0.04817704048521894,25000
0.04861834287643432,0.4234666872024536,0.18328700542449952,0.6605365800857544,0.309556787040239,0.4188175264000894,0.7656437364435693,0.5483856905197745,0.2847576023136474,0.08468378754562059,0.02147534849587827,0.01063271658975132,0.021287153866411977,0.0441922914921021,0.01009557508115698,252.11974601172517,200808,0.07837904825806616,0.1648668528524871,0.11364989279620895,0.025310937082394985,0.010998018040078605,0.7548762059211732,0.9611926201692564,0.9339792578692598,0.6737637760079638,0.4533901108896792,0.009240967207588258,0.010601965132044611,0.009369080355345913,0.008267174185044609,0.008749885500633513,0.05055523241404442,0.05450328476438971,0.04748239704961141,0.04817530496654158,0.05221346169572528,25100
0.0006862044334411621,0.46785611391067505,0.17763135194778443,0.6998393940925598,0.3589662923184097,0.42955528691411016,0.7721761660789374,0.5503717122113178,0.2942993644569897,0.08792016436128713,0.02241312549449504,0.010904844125746672,0.021449773246651826,0.04695898542648619,0.00959403465931435,252.1288082098073,201608,0.07998154133558277,0.1650981465678904,0.11325455453301884,0.02728465796686857,0.011767074574325524,0.7695425459742543,0.958771032480458,0.9360283663120174,0.6937076860460738,0.47712248749065916,0.009614948595408353,0.010739158463678245,0.009430387479441216,0.00903533368710924,0.009247909991282954,0.05986461373744524,0.0670299182405037,0.05464942335940238,0.05469662040068315,0.06332347430216413,25200
0.0006779289245605469,0.4445596194267273,0.1642478036880493,0.6684367871284485,0.2904192636940928,0.41870911687612533,0.774365914181659,0.5480178368091577,0.2863187389359588,0.09053634807467473,0.023540830053389073,0.01027247579400673,0.02104452128056436,0.05125545436693801,0.009541719603003,252.14584347880017,202408,0.0771106056496501,0.16498401117952252,0.1127132372185588,0.025809633200766464,0.011894260242115704,0.7546678245067594,0.9633631216852288,0.9378223416209212,0.6548648087751296,0.4780459445714951,0.009630211801268157,0.010907487416835988,0.009335433959495276,0.00897348812515182,0.009401137668173751,0.056885522329248504,0.06508794668081551,0.05079020006349309,0.0536280305102645,0.05860890787094832,25300
0.03803881406784058,0.4773496460914612,0.17443917989730834,0.7048168468475342,0.24539128715746344,0.4276100054383278,0.7665862656465842,0.5417592292055113,0.30010431762692963,0.08510040714948747,0.022719279965385794,0.009992997957356645,0.0216749614710218,0.05002190975536559,0.00834569530343288,252.15594271575216,203208,0.07906323464587325,0.1653273225125699,0.11008723869259131,0.026846403084016333,0.010713226092775582,0.7660417538881299,0.9574317315427386,0.9353704925241147,0.6862466981258308,0.47002032989015174,0.009258203790523117,0.010474388001228472,0.0091200031298832,0.008682157431403405,0.008733844074110177,0.054815232421969985,0.06229960201665438,0.051662184713234006,0.051082293529366295,0.05422154816127054,25400
0.000685269832611084,0.44810693502426147,0.1640390634536743,0.6619185876846313,0.21791150954323385,0.4107548384368422,0.7676357176019738,0.5447957311722045,0.29975820514302576,0.08753816429275028,0.022183693079277863,0.00941576555050389,0.021546494188335017,0.05039391176879108,0.008847159702088592,252.1611652876673,204008,0.07614941412582991,0.16498991700342897,0.11211880651068569,0.026850715441496933,0.012648742173009063,0.7465636768937108,0.9604524639604006,0.9345279546344986,0.688543552674618,0.45508435408630715,0.009449245193973178,0.010676731483364192,0.009067238313469667,0.008863307467099223,0.009224851315030869,0.05462648949585855,0.0628880979879301,0.05120397859656394,0.05041201717603174,0.05406940494968885,25500
0.03490178108215332,0.44428123474121095,0.17645683765411377,0.6712281656265259,0.2977295039829746,0.4142117881774902,0.7687022347708001,0.5480512708277248,0.2880263685544522,0.08979136920694653,0.02398979224264621,0.009662695461884141,0.0210368904743844,0.05256428860869452,0.010269730048497282,252.16707707412345,204808,0.07530464949086302,0.16441233641392486,0.1125652416799199,0.02423985228074882,0.01028184746759095,0.7518103545904161,0.9631796643540667,0.9369360774903749,0.6618043469591733,0.46943436702483976,0.009066740891430536,0.010431899085036802,0.00917736838099116,0.00842037152220887,0.008384935697770022,0.054009472141042326,0.06344004343389661,0.04962016780633684,0.05043923345028082,0.05347210684965544,25600
0.0006353211402893066,0.4563731122016907,0.18513344049453737,0.69182532787323,0.28476191276710006,0.4369323794543744,0.7704176661056304,0.5477756644362836,0.29128361138191833,0.0848921894357003,0.023396871211007243,0.011836585887033952,0.021068281473230494,0.05165577822224924,0.010289248458489227,252.1742882374702,205608,0.08141766062006346,0.16533505820458935,0.11212451928364703,0.024489602739946822,0.010544441721682984,0.7610646060109142,0.9583935740356625,0.9372330815044801,0.6680156566936118,0.4421661679076136,0.009418369065970184,0.010617444137205716,0.0093602559770184,0.008791406677524347,0.008743687486029645,0.05355888679157943,0.062131476013444785,0.04846255471512897,0.0517987168558096,0.05093361527742772,25700
0.03737346649169922,0.4627744460105896,0.17753567218780517,0.6900496029853821,0.24948831447502579,0.4289756596088408,0.762181781125411,0.5518120490014549,0.2809472388277452,0.0794018925270017,0.022899677725508813,0.010596967537878484,0.021459550274392725,0.05155792066701296,0.009121826653617444,252.18042166230242,206408,0.08013280566781765,0.16461719529765667,0.11433011819966712,0.021478848009185945,0.009406529368189073,0.760102932453155,0.959240644457237,0.9317335993624654,0.6638100538402797,0.45208865092062833,0.009229209017939862,0.01034237715999404,0.009028776627159322,0.00846224213455571,0.009000389317430912,0.04700818682089447,0.05346456973514917,0.041325756120316394,0.04542023625011399,0.04772781020430217,25800
0.0006980371475219727,0.4429709339141846,0.1867448115348816,0.6792884016036987,0.2332979022275112,0.420401306003332,0.765220067432622,0.553641996885601,0.280441821591618,0.08302987071030447,0.021570658539421847,0.009186333558370655,0.020395105726722842,0.050940848399477545,0.00804244083102846,252.18505884223518,207208,0.07896511785686017,0.1644911053791,0.11592129206186846,0.024044272894874045,0.010296209557115603,0.7505012843012809,0.9625248264467888,0.9370530225728686,0.6495118339856463,0.46166023911471565,0.009392717187292869,0.010825199890507462,0.009476711672093522,0.008547095072572125,0.008660715316203943,0.049141954607330306,0.05748056631945254,0.04676056046185919,0.04468976526792781,0.04705829620049398,25900
0.03058943510055542,0.4548604822158813,0.1796736717224121,0.6864382648468017,0.237505194463442,0.4111274021863937,0.7744381365540262,0.5445683343479263,0.2786350671091293,0.08846001999560174,0.02392570114694535,0.009105147926935123,0.021464866476330488,0.054184188651345146,0.009968873182795223,252.19167016881704,208008,0.07462931185960776,0.16489145896591992,0.11062605206209879,0.02287027640798416,0.00991917873817819,0.7398357826471327,0.9642471890528117,0.9374174653337553,0.6262743160276127,0.4561797629755275,0.008779992708005002,0.00979096358539638,0.00860354108870244,0.008316975080011654,0.008521506159852905,0.053269125241786223,0.060599533257657996,0.049846588342916255,0.05224695095866176,0.05127024361326432,26000
0.0006653738021850586,0.4708008408546448,0.17706435203552245,0.700648901462555,0.2922679140585461,0.42092549100518234,0.7681535441838008,0.5465121455674099,0.297533217244423,0.08683935050485715,0.02320289941504596,0.010539729691827338,0.021863130552079446,0.04882852023449508,0.009872138185657069,252.20147256223783,208808,0.07724756782874465,0.1642344709466265,0.11275216404880796,0.026198810602251717,0.010561759897620619,0.7576225942373273,0.9612816122813996,0.9292495479724677,0.6920479132005799,0.4540892249405986,0.009082624441944067,0.010112271358927042,0.00894794849623822,0.008635551655271025,0.008697108257411405,0.05317156996345149,0.0647427704555826,0.04602413931219232,0.05038798375216383,0.052261545014746405,26100
0.05054924488067627,0.4551310896873474,0.17896182537078859,0.6860893583297729,0.3366258185032217,0.43285399332642543,0.7762750934910132,0.539244057087417,0.30345866301251373,0.08744481189259852,0.023037409819662562,0.011250131516528582,0.02200580665088267,0.05160433631015933,0.008687075287154622,252.20907119861153,209608,0.08030094415880748,0.16623029609521242,0.1100772381080001,0.027083735434506918,0.01171252708789425,0.7685546845197675,0.9604824762623593,0.931513643666599,0.6927958987466059,0.48726779489374855,0.009704269424546509,0.011043219751602888,0.009668946140602739,0.008796148341448609,0.009155795133362211,0.054330651988275365,0.06008919997157549,0.04880933150952535,0.05113877940820017,0.05602010490548846,26200
0.0006877636909484863,0.46227115631103516,0.1851642346382141,0.7017698454856872,0.24606834145972437,0.43663185626268386,0.7751481855457484,0.5461754311214795,0.28684581491224287,0.08609862521905266,0.021631874805316333,0.009374077986417852,0.021839165782574766,0.04951501626303384,0.008300128071832938,252.2179370881224,210408,0.08207932319492107,0.16633849638429563,0.1120404208060166,0.02502528043027887,0.011238314515008516,0.7650563615560532,0.9607231784950602,0.9309240233416509,0.6648196013683972,0.47101519894354155,0.009785542590543626,0.010959002221087847,0.009468274786033555,0.009054360829511702,0.009487192475323371,0.05548124029999599,0.06388164956799963,0.05156336135273291,0.053568252416803144,0.05180748625173591,26300
0.0006868505477905274,0.46511608123779297,0.18460288524627685,0.7012988877296448,0.23989744070659633,0.43690716996788975,0.7689024960356091,0.5431542562810997,0.280894789512795,0.09430173741977493,0.02311269763857126,0.009847408575296878,0.0220389064940575,0.05030228101215,0.010521117954023959,252.2274952014546,211208,0.0808527317643166,0.1638738557563297,0.11162541826304638,0.023669038208819358,0.010785143032831984,0.7671842283010489,0.9629647194274832,0.9314449219327224,0.6519132908618096,0.4857731921517331,0.009456077641807493,0.010635241346400495,0.00936208106822481,0.008582988982134956,0.009076135187490796,0.05290552975144237,0.06343719633254555,0.047093779253038155,0.04904099230396344,0.050328224560792556,26400
0.03553227424621582,0.4627011609077454,0.1664658546447754,0.6815797686576843,0.2611392715878153,0.4149038016796112,0.7741134467781798,0.5425269387397663,0.277910630034311,0.08843144206773665,0.023268154580146073,0.009859735534611941,0.0215461762328892,0.05412220447158752,0.0084540213524763,252.23513928506574,212008,0.0761906844843179,0.1643672729937395,0.1117488344762531,0.02273057301311287,0.010686281132179181,0.7511079531908037,0.9649057844463657,0.9310887949115734,0.6358601665738879,0.49083753143038117,0.009240949274972087,0.010508384519940886,0.00924586824042164,0.008636608821467554,0.008620324156557524,0.0538810212910175,0.06221193282351809,0.05159558498579536,0.049370726074096774,0.052480547240979614,26500
0.0006485509872436523,0.4645812463760376,0.18272851705551146,0.697695541381836,0.2534497210355285,0.4101913584768772,0.771612619670729,0.5579836961419822,0.2816391469767461,0.08018577975951166,0.022886440632864834,0.009951816832350845,0.019911349006495233,0.05191400344035803,0.008811590044776703,252.24207164217495,212808,0.07564899559132757,0.16471321935144562,0.11644052562707251,0.023478703923711486,0.010499108168449551,0.7370369571447373,0.9621473864341773,0.9396645818802124,0.6547478268352832,0.4365842513075457,0.009182181959040457,0.010621761233778658,0.009299408407871888,0.00847247307179855,0.008474664972491665,0.04953152249567208,0.06064671683513251,0.04622437116655121,0.046944013313175395,0.044942423412707516,26600
0.03318861722946167,0.44987164735794066,0.18069497108459473,0.681569721698761,0.28762461280678,0.43756052911281573,0.7727056903498511,0.5498277060152806,0.2868763029575348,0.09099654627022567,0.02310899847187103,0.009639165214528993,0.021776001214196837,0.05093668336765125,0.010640518798653069,252.253726573916,213608,0.08170722119510172,0.16573474478153954,0.11324663781093075,0.025226073728826577,0.01061208926827236,0.7625114071369171,0.9601712851297284,0.9318299364815488,0.6581289340288212,0.45852450529734273,0.009631105605512849,0.01085510116203554,0.00964508797643644,0.008964278011654432,0.008932557209865535,0.05529084100387987,0.06585229263153104,0.05259343763394502,0.04945957598109275,0.052510997681047326,26700
0.0006211686134338379,0.45061903953552246,0.1949021053314209,0.6942782759666443,0.24521771697237849,0.41633563593029993,0.763857926871326,0.5512308355723843,0.2809611770834,0.08754525303879042,0.025412150332704192,0.00950029814817212,0.021533523084658182,0.057712846901267774,0.00946667563102985,252.26061620436946,214408,0.07671694453805687,0.1630872855315338,0.11448153905107082,0.02379183424856372,0.011504624858642593,0.7466810727119445,0.9646979534948189,0.932079069637226,0.6338812084692834,0.46231131086644434,0.009642665162682534,0.010648902470396977,0.009397876776451828,0.009237265236289158,0.009389838643045621,0.051078344678971925,0.057534260111483375,0.043585937061351554,0.05417162666145606,0.04961336043557705,26800
0.030567128658294678,0.45828325748443605,0.17261807441711427,0.6818395805358887,0.28715417677533617,0.4210290364921094,0.7657547225343418,0.5509559379683601,0.30187248406025874,0.08738120118846913,0.022196583254262808,0.009790894337632552,0.021516968233131425,0.05047516797063615,0.009539707456693539,252.26745004046919,215208,0.07854131244122983,0.1648332547951252,0.11374016606283413,0.027051683286296528,0.010920488891003756,0.7607023221254346,0.9581611261088794,0.9343167772447624,0.6914725300392811,0.46983881371681674,0.009172415202483531,0.010315746177939011,0.009303617950839312,0.008420740236411171,0.008676032581642063,0.05174746984615923,0.05884108314924737,0.0510484963478693,0.04668418367907323,0.0505454057298531,26900
0.00068101167678833,0.4858342480659485,0.1738419032096863,0.7114409112930298,0.3009956506388046,0.4401352235674859,0.7650923541026756,0.5493417264565892,0.28861228578743786,0.08260626000860213,0.023636147566139694,0.010019286209373313,0.021491042953863934,0.0537215603783013,0.010045093782537168,252.27703084854969,216008,0.08311605252325531,0.16484520888974513,0.11370692776252272,0.024737713299939342,0.010709431417953132,0.7654973477125159,0.9586801866592446,0.9307476302584856,0.657346044449096,0.4394349388100885,0.009770824084989721,0.010922173726294442,0.009961411598750056,0.009156676071220407,0.008846556804862554,0.05354403583565726,0.06448649742819475,0.0481831859077763,0.05220988375243747,0.04944505243540996,27000
0.030601911544799805,0.4548006892204285,0.18008382558822633,0.6864035820960999,0.26170535684921264,0.41593392372131355,0.7733654119466487,0.5461558294239764,0.27749970884240716,0.0871985047543642,0.022717367932200434,0.010442633285971456,0.02175096751927834,0.05089451952223135,0.009631138631491381,252.28687644897087,216808,0.07744857046753165,0.16621261999795314,0.11224362875612993,0.022838334128151613,0.011381260526004596,0.745721321702004,0.9599778969036907,0.9313397336910118,0.6459972852088035,0.456024102972582,0.009242424583062533,0.010359149602682964,0.009245291398617475,0.00842580584155276,0.008961579424739591,0.05282033654395492,0.06418882479989219,0.04659846507816166,0.04772578487965336,0.05334440205837668,27100
0.000623011589050293,0.4885392189025879,0.17216689109802247,0.7089505028724671,0.2563807392091459,0.4394389307498934,0.7733084834538971,0.5596868710469474,0.28820613733792694,0.09453253988630889,0.0210389318689704,0.009672350220685615,0.02079430695500242,0.04933308614260059,0.009098152783926478,252.29228196322686,217608,0.08299846164882185,0.1646323092787515,0.11659958856511228,0.025423831895709355,0.012414105170940208,0.7722685992717739,0.9642626950643723,0.9360172119237439,0.6663742294419279,0.4993619316961709,0.01002531729871407,0.011001118334490642,0.009920387600931488,0.009335311290171355,0.009669952347829225,0.05789193445118144,0.0696487752204483,0.051034080187274795,0.05291521964636818,0.05610468567280874,27200
0.0006845831871032715,0.4735839653015137,0.1792442488670349,0.7056411290168763,0.3006995182526207,0.4311099827289581,0.7671103257263819,0.5558037126592815,0.28540746585547344,0.0933111648649929,0.02274602794088422,0.010285629220467435,0.0211046778968549,0.04852634723958313,0.009724268175790354,252.3073951080244,218408,0.08054547972977164,0.16459354405919915,0.11534208075826977,0.02478428210190597,0.013318564651157471,0.770524633526802,0.9613903085586475,0.9350322076839763,0.6670706182428936,0.5001563109616011,0.00991346400696784,0.010660757877281291,0.0097317507036324,0.009308193916527244,0.009965978813000978,0.06618509346619247,0.061864230208319035,0.06925191236155231,0.0658521518355362,0.06790401358058318,27300
0.028591272830963136,0.4466091728210449,0.1726844024658203,0.6712106895446778,0.3674276685637709,0.42713597357273103,0.766963470690321,0.5473059039366877,0.2952020114969685,0.0891905612520223,0.022539227697998297,0.009843421997940445,0.0215921479647168,0.05216128217779058,0.009634647537610553,252.31991422152674,219208,0.08029892154037942,0.16380336231524398,0.11243003064935857,0.025513509953842363,0.01448548261134985,0.7617567306756976,0.963450341236473,0.9333087733487766,0.6746512368077139,0.46730924491743453,0.010437668324448165,0.011793185126884743,0.009785454216720668,0.01031952580599919,0.009875136456967706,0.0694078232115134,0.08075766464335712,0.05884234685869666,0.076784731736254,0.06244443645655597,27400
0.0006870055198669434,0.4589331936836243,0.18332883596420288,0.6979478573799134,0.2873837456201034,0.4146922580897809,0.7746152461816868,0.5454828550778521,0.28600796910238896,0.08331579204169243,0.023846203628927476,0.011989748237586664,0.021500332652557377,0.049976781071841433,0.00980352779843447,252.3271203681157,220008,0.07638668565079568,0.16515595683207104,0.11287657711944432,0.025516968267475727,0.01078767921962305,0.7419799178838731,0.9609555536881091,0.933250074559543,0.6572667335120727,0.44042272998554877,0.009203371005132794,0.010386562110700957,0.008942911331421192,0.008473820291337147,0.009096887474418567,0.05584539078176023,0.06402658821510458,0.04949579432780415,0.05567013341146454,0.05432069785247496,27500
0.033130142688751224,0.44900500774383545,0.17218102216720582,0.6733195066452027,0.26363500611236146,0.43142333790659915,0.7649327359548429,0.551106138624877,0.27356509698761844,0.08866042012725388,0.024911094857379794,0.010131479393713528,0.021222478814562348,0.05847627217081761,0.00946453675408872,252.33639289040235,220808,0.08076253384351724,0.1636601150762746,0.11487971482989949,0.021554515440713153,0.01206366442362753,0.753267776966095,0.9634956461627305,0.9331388362100187,0.6154224911723476,0.4565696836820716,0.00960342931561172,0.010925657324856368,0.009279535746062611,0.008754948885509314,0.009419033726259985,0.05042423862963914,0.0574470836214903,0.04547611804174207,0.04803707208390344,0.05092627993311548,27600
0.0007044458389282226,0.4540505743026733,0.1924012064933777,0.6994146513938904,0.24358155335438594,0.4144207744300365,0.7751363543793557,0.5491765078502835,0.28943174411401623,0.08732736702249555,0.02217143713496626,0.009695929814673345,0.021116809441813645,0.04936881621151865,0.009277057666892049,252.34256966031117,221608,0.07639109785668553,0.16496070559757442,0.11283704918838042,0.026401325713400977,0.01075265248181056,0.7446752232313157,0.9634158201515676,0.9364652092923826,0.6634693368516793,0.45242204544720815,0.009030463448725644,0.010228296644830444,0.00898401630735121,0.008268788847319703,0.008705640961933474,0.05243528743158095,0.0632693927806637,0.05051291126160184,0.04630836540823709,0.05014789535090569,27700
0.0314678144454956,0.44782225131988523,0.17371719121932983,0.670981502532959,0.2238494134984304,0.42383676230907436,0.7656260859966286,0.5455900251029804,0.2879998260753209,0.08617287541094876,0.021973093496635555,0.009606435099267403,0.021970026149353564,0.05093177146372501,0.009085322187344836,252.34896840747135,222408,0.07907495273277156,0.16521144054830086,0.11212267413317599,0.02391438675897845,0.009455102134849696,0.7577821597456931,0.9579956239461904,0.9314284330216521,0.666485188717253,0.4647430585554013,0.009099841266870492,0.010387902483344072,0.008936473540526551,0.008339013713359662,0.0086804939335427,0.05191901759244502,0.06122060622554271,0.04923703774775024,0.047547947207277445,0.04947515455737276,27800
0.0008693885803222656,0.4683878993988037,0.18111879587173463,0.7008620238304138,0.2545084561933391,0.4206105518341068,0.7743478358088444,0.5484963868574424,0.29850526034832,0.08978003413009804,0.02297573153860866,0.00852743939112001,0.021702876414663043,0.05342711354605854,0.009128695427103433,252.35569899540175,223208,0.07791216593235734,0.1651018140327872,0.11305023833949071,0.0263673941011075,0.013349507322115163,0.7504545104503632,0.9632408847263202,0.9305860576450182,0.6720466241240504,0.4659805770771041,0.01000337983481586,0.0117938559947174,0.009963732370505891,0.008636126166675251,0.009632203561809133,0.06555849798955023,0.08283901653618575,0.0613417755587086,0.053734351817984125,0.06403622277159715,27900
0.028349709510803223,0.44783891916275026,0.16884929895401002,0.6672336840629578,0.25102723492930146,0.4248017871379852,0.7692104060637767,0.5503429919481277,0.2955033556755746,0.08720073316116542,0.02226886444725096,0.009691179726452467,0.021332169038371398,0.04928730014768062,0.00893174694093472,252.36429217374427,224008,0.07866180667653677,0.16450784427260398,0.11431854408161307,0.0264546362144609,0.009763181591823485,0.7578380143642426,0.9626514164324346,0.9310340665134729,0.6768934401598841,0.46105588401728037,0.008946576751768581,0.01007871862812923,0.00894142723614899,0.008348112509614137,0.008431723376096639,0.05365682106465104,0.05970786874972018,0.050352324441750994,0.05144659361115305,0.05325724869104687,28000
0.0007123684883117675,0.46527509927749633,0.17940884113311767,0.6984888625144958,0.26699865438118625,0.42933221817016587,0.7679048932244626,0.5531090819141239,0.2851362305546775,0.09004522571052166,0.022984767109155653,0.009910305000823275,0.02163655136359258,0.0513160026154769,0.009328039264613673,252.36834829336772,224808,0.08038278818130482,0.16524869607293546,0.11435121140506073,0.024838051278862704,0.011913917446869048,0.7554166829586033,0.9597777618563241,0.9315313919655327,0.6515300588559373,0.46005964770759517,0.009531731337774555,0.010462608603586266,0.009284307066920813,0.008938093334058215,0.009423215881940561,0.0524506423994899,0.0591935398598463,0.047947143543583974,0.04961466719750976,0.0530568263925535,28100
0.029579119682312013,0.4682651162147522,0.17984151124954223,0.6996484088897705,0.2747189240456146,0.41740707233548174,0.7670350637018067,0.5470770787109028,0.2957657991505382,0.08381964592937974,0.02323201746679842,0.009492263400125468,0.020648006683761117,0.0527829448437661,0.009886172196292434,252.3755908688036,225608,0.07665190745145074,0.16535357931225558,0.11192709704240163,0.025339441294017342,0.009604534856381193,0.7459026128053665,0.9587495197954868,0.9382877124078346,0.670662747686775,0.4354613676739198,0.008913935190066696,0.010243834370804835,0.008603869579882928,0.008447628452057999,0.008416931345105029,0.059307346662972084,0.07020737246979873,0.05209239262551296,0.058762042691690164,0.05652262198239345,28200
0.0008025574684143067,0.4569124388694763,0.17009872674942017,0.6808926653862,0.2864401742713361,0.4195495302975179,0.7673029395250168,0.5537862619575187,0.28490240726360033,0.08360528294957184,0.02371292596682906,0.009348466806710722,0.020935171763697764,0.052630829105023744,0.008909628202072981,252.38641644291465,226408,0.07712653798982502,0.16453724213135557,0.11385227217129903,0.024653101518620234,0.010314463612565916,0.7504844501614577,0.9612237578783276,0.9375574226890292,0.6495438755944716,0.4615244201778137,0.009094968200661245,0.010197777229432886,0.009035517872615277,0.008386619111826253,0.00883156385935228,0.051385857184650385,0.057851273519321365,0.044294861836682,0.0513625847441036,0.05207700397670464,28300
0.0006606769561767578,0.45680209398269656,0.1854823637008667,0.6955025553703308,0.30483414284329186,0.4012642221152783,0.7753740657459601,0.5492312273877192,0.29113722599459135,0.08482966055585583,0.02557758299633862,0.010005502885509165,0.021211725649707785,0.05871253316011708,0.009063115345038985,252.39650971320822,227208,0.07265845105051996,0.16681458123705598,0.11331651411592002,0.02384157425269036,0.010925384872296651,0.7309318429231646,0.9585774290290747,0.9359257335968831,0.6454950189260847,0.45884233686057,0.008989540247712287,0.010395531447350293,0.008620778068820419,0.008332238279386055,0.008826533899727198,0.0526271020807326,0.060883383875162456,0.046137288665986646,0.051737172254425624,0.052416212467307405,28400
0.03106355428695679,0.4638838815689087,0.16945937156677246,0.6883351731300354,0.268156893395984,0.43129720434546487,0.7760667556524278,0.5517238110966157,0.28874860264091595,0.08494874462485308,0.021131105087697517,0.01161275606253185,0.020910056376208862,0.049417799854853,0.008010599862463311,252.4052802339818,228008,0.08207757432013753,0.1660989610105753,0.11454350299305384,0.026007678408837703,0.011256955453733867,0.7620630255341528,0.9588305047154427,0.9334309697151187,0.661119374166052,0.46945709788628154,0.009662579586729402,0.010850932120811181,0.009547218336827222,0.009111118620732819,0.009087595351165137,0.05618101309170015,0.058725922491285,0.04812869243841202,0.061715774498290785,0.05801842875475665,28500
0.0007818126678466797,0.48841582775115966,0.16864986658096315,0.7066653919219971,0.2509669938220244,0.40357311576604843,0.7610807389185562,0.5489070697667754,0.29056080937945206,0.09182980939438308,0.023752230107784263,0.010293271905840343,0.021123757036006486,0.05251390601512696,0.009091621639694035,252.41400834517435,228808,0.07360151963308453,0.1642118859521592,0.11214728940753851,0.026719905407618334,0.010935019146343442,0.7434770739078524,0.9596787473773432,0.939412448000401,0.6584112993988075,0.47811312248947424,0.009032068289816373,0.00992437212043622,0.008949531054005345,0.008510044782461833,0.008872439913930153,0.050575627484358864,0.057819201929998974,0.048253994965133204,0.04548672292197886,0.05153579542353547,28600
0.028950471878051758,0.45628191947937013,0.16325350046157838,0.6695090317726136,0.25452738313536494,0.44062174528837184,0.7724206578571164,0.5399688402911532,0.28611934933756394,0.08406606904097966,0.023177363257855174,0.0091852960542195,0.022310914134784577,0.05186018962963609,0.008720451702496837,252.4223819777658,229608,0.08162071013823148,0.16472111862871144,0.10892670111141015,0.02510905372359667,0.010229754677441496,0.7696117886900901,0.9645668658440425,0.9325658556204942,0.6526872897383034,0.47151369946343563,0.009536345773376517,0.010770728026470795,0.009146889166241906,0.008788890418656204,0.009273306112736471,0.0548670559655875,0.06283110467040488,0.050746611436482666,0.05140069602837263,0.05342509406485726,28700
0.0006277203559875488,0.44311386823654175,0.19300994873046876,0.6880032277107239,0.2629186973294128,0.42589290112257,0.7738818087998561,0.5490039618542555,0.27738067869981986,0.08910000254062644,0.02103838585317135,0.009877003103896395,0.02118270437215239,0.04748373397096005,0.00876928381970521,252.4303613221853,230408,0.08008685523644092,0.16609283397887245,0.11236257689933365,0.024476568829474004,0.011521117687495284,0.7618924516439437,0.9582518654711106,0.9373612704758458,0.659293197795172,0.4817747269275681,0.009659408587031062,0.010506883411960412,0.009324688999465886,0.009100487985704815,0.009649270610064997,0.0502060446795076,0.05704379702151262,0.044655438964792446,0.04914192013051464,0.04997527682568862,28800
0.029656105041503907,0.4716475439071655,0.16336740255355836,0.6894948697090149,0.22749315987719249,0.4200240383297205,0.7699457786299956,0.5464707631011344,0.29462055170658946,0.08525377175971577,0.024036222160793846,0.009114733421527603,0.02138148650613635,0.056861204781675154,0.009296221348146602,252.43736228276677,231208,0.07739783810451631,0.16447297902030744,0.11192929900662842,0.025178054035593245,0.01084549885583294,0.7530790078639987,0.9634368716076738,0.9352016995119489,0.6553634303746765,0.46123353406494744,0.009046021886169903,0.010083866955582941,0.008771937671875544,0.008607210802663223,0.008800827907215732,0.05319258311996233,0.06138567091090319,0.04860244328480995,0.050748998659288475,0.0528437009288966,28900
0.0007002925872802734,0.47428775787353517,0.17048053503036498,0.698308789730072,0.22976703852976826,0.4239222887158393,0.764690787780403,0.5482647000875295,0.29076191133515733,0.0846599404677385,0.022345870286226272,0.009229079227765441,0.021364454130271382,0.051871320471805066,0.009323939528861425,252.44731062273223,232008,0.07956351866945624,0.16515958626376523,0.11330016147236793,0.025128320150854266,0.010974386160648084,0.754951049089431,0.9604534666136934,0.9318940642389278,0.667245185948947,0.4546546906959721,0.009487157724797716,0.010674672406443427,0.009573404252239797,0.008655587597227194,0.008988908278505969,0.04702446342445906,0.049947479108145634,0.04623436864501646,0.046799227465840594,0.04514363162310389,29000
0.03059751033782959,0.45549206256866454,0.18597285509109496,0.6935893058776855,0.27922022326753754,0.4305181133747098,0.7701864804046742,0.5432546476148216,0.2849366812295808,0.08624451957069913,0.022907530181109907,0.009095995109933223,0.02211127968566528,0.05356278664292265,0.009194274415644117,252.45359866740543,232808,0.07977385863661769,0.16399662031067735,0.11071076210728788,0.023917275428351398,0.010012779369926407,0.7571404534578321,0.9638834181039233,0.9309994755488527,0.6473916192208563,0.4533423928114084,0.009180811014957723,0.010220970047394865,0.009196486956668358,0.008116329837370156,0.00907495091072259,0.06574510022066535,0.07726060787152837,0.0691596941697359,0.05387362118770352,0.06113223406271286,29100
0.0007302021980285645,0.4337406420707703,0.17942063093185426,0.6632993602752686,0.2880053595592398,0.4188574287295343,0.7676720970337939,0.5444634804308744,0.2737340549273152,0.08604890536411657,0.025436076559126386,0.010233492192254397,0.022096844771724265,0.05302945203186961,0.009135388486392502,252.45977740356253,233608,0.07635414022952319,0.1631649159411392,0.11148282510986739,0.022536399932734714,0.013327565270418163,0.7471668612957001,0.9647145888002796,0.9289332875788544,0.6292546348912382,0.46951269935079887,0.009546452304348344,0.010351086072254892,0.008899011855303741,0.009402653178935794,0.009490914298168849,0.060527116013690804,0.06413418256520931,0.05530860643996731,0.05988588918610904,0.06266819959306445,29200
0.0006744885444641114,0.46444189071655273,0.18200932264328004,0.6976891112327576,0.2800994720023491,0.4388803608715534,0.767147642789886,0.544676121866819,0.28596664598075355,0.0881672556586992,0.02410534896887837,0.009310792963735248,0.02177928252037146,0.05398138180920267,0.009941052764536398,252.46536431294618,234408,0.08135425768792628,0.16543873922769425,0.11158652987005652,0.023013194366471784,0.010399695542030815,0.7647392988204954,0.960075160237246,0.9321141147497799,0.6522448260609691,0.45775621341562867,0.009346534893848008,0.010297800840939893,0.009131000248389769,0.008864276147470219,0.008994471683199026,0.051276379623450344,0.05862923307604218,0.04672184974199286,0.0465655999712464,0.053133158312960616,29300
0.04134068012237549,0.4292903447151184,0.1825058650970459,0.6623757672309876,0.2535010184463509,0.41753115847706807,0.7746951440159149,0.5532090248806136,0.27909436170915985,0.08050628793933017,0.022011126577854152,0.00926839706324022,0.021190279726490225,0.04857582947944554,0.008081088049480179,252.47436176814705,235208,0.07706550747156143,0.16541610278037122,0.11402637887822123,0.02330263159056963,0.010303648829570805,0.7499647125601767,0.9611605284165363,0.9355041907758129,0.6609720385190353,0.45576853209202817,0.00916077146772295,0.010618773652525735,0.00897061172635198,0.008364589100486602,0.008742536065436079,0.05566432072315364,0.06445226637047845,0.05145276411987691,0.051768643281974135,0.05519668359567623,29400
0.0006311345100402832,0.46070634365081786,0.18966943979263307,0.7049560737609863,0.27993065383584814,0.41558264628052716,0.7714601103725337,0.5551038381501375,0.2829128769743775,0.08835180406693859,0.025615178830921653,0.009404611233062014,0.02087728972340305,0.059039207822125794,0.008992628076800492,252.48229710616855,236008,0.07580340914428232,0.16507807170432756,0.11503853349776688,0.02240997098420783,0.011313455232249735,0.7420906224846842,0.9620821283814686,0.9367196125349969,0.6285491635402043,0.46308468357481153,0.009069140823557975,0.010290013488809598,0.008982327883705267,0.00847675833480294,0.008675999139821275,0.04960330071393402,0.05862503688874055,0.046624079160851095,0.04559549844297754,0.048691631753392764,29500
0.031441082954406736,0.44624326944351195,0.17405610799789428,0.6737362313270568,0.2932126154831672,0.42672979816794404,0.7690650842691723,0.558819801496167,0.2963730656120875,0.08997526993737263,0.02347320005297663,0.009355269942898297,0.02055505620490008,0.05110994517616076,0.008698427308464733,252.49102295888318,236808,0.07938445879146457,0.1642909547216015,0.11661967521377381,0.02772520395680479,0.013546127162160387,0.7673106431961056,0.9612653497018315,0.934660131414536,0.6771432256589748,0.4956261934118068,0.009972683633677664,0.011485986482646121,0.009773995956690446,0.009055482863648436,0.009726263557937232,0.05761461541056633,0.06813494817010671,0.05122323342475101,0.052607991634846814,0.059715880972749345,29600
0.0007084250450134277,0.4810017466545105,0.1762262487411499,0.7103519177436829,0.25289478079333694,0.4403443717956542,0.7722086062971144,0.5489482544000865,0.29690894212922464,0.08497998156902176,0.024130819328129292,0.010054996141061222,0.021470662432460548,0.055055697634357394,0.008791805149378613,252.50370268599585,237608,0.08168487291783094,0.16574167200135748,0.11273025428351842,0.025213126169994785,0.010446741637857066,0.76868074297905,0.9601166417013932,0.9339106088703117,0.6691831814244463,0.4646374037145904,0.009399247602559611,0.01047546190499627,0.00906750021131655,0.009103787381642404,0.00884148757644621,0.051564712543040514,0.06174178376249129,0.04397462643863797,0.051556167243222886,0.04825607195558995,29700
0.0357828164100647,0.44017127752304075,0.17782058715820312,0.6730414056777954,0.2225426163468593,0.41039783939719193,0.7650721162063636,0.5381636905549756,0.29093402387812267,0.0888751740711405,0.025786011302843685,0.009059580181241658,0.022183258410994756,0.055945576271165295,0.009778834747981052,252.51091419880134,238408,0.07390072990208861,0.164878719913367,0.10974254430920793,0.02447765464340601,0.010268477042512866,0.7407357817888262,0.9598323156161861,0.929471393125226,0.648483937794942,0.4516380963866245,0.008585547239053993,0.009759156213486721,0.008533361088014176,0.007843217159116785,0.008412447041524685,0.04854675327980659,0.058375743261984754,0.040750921630380535,0.047717887334605594,0.04830283600853192,29800
0.001004505157470703,0.47998809099197387,0.1779346489906311,0.7144771933555603,0.2621657200100203,0.41597090259194386,0.7632928671910587,0.5473482345325359,0.2798061568003434,0.08252265131758423,0.022984941909089694,0.009559017921121035,0.020941643181576416,0.05285247828429324,0.009276228560267157,252.51770607874005,239208,0.07750001942738895,0.1649262740747216,0.11285658245501311,0.02413394126133659,0.0094945450266595,0.7428317007422449,0.9590684018798707,0.9363787211657721,0.6348718303900508,0.44399847207116133,0.00906124185072258,0.01039687331439447,0.008996434251053457,0.008397275482853628,0.008491516904220637,0.047936309049837277,0.05454092629292266,0.04197188471961352,0.04749900930537249,0.04812559111536864,29900
0.036008436679840085,0.46053773641586304,0.18517979383468627,0.7006533932685852,0.3143713485502882,0.426101195216179,0.778843953104442,0.5478103833360818,0.2918275807430777,0.08912331695158282,0.02454602852463724,0.009801429138963891,0.021790317376753753,0.056354706072145065,0.009144512302331131,252.5243797111777,240008,0.07840735398232936,0.16443749337360775,0.11258445139876826,0.024329046238492726,0.01409713396025664,0.7519821459054951,0.9657095976063774,0.9299096577454619,0.6463094984275713,0.47310481149347605,0.010127729959785938,0.012923986841396892,0.009374356399538951,0.008781859635460921,0.009398329759662464,0.06385803225799468,0.08599659137019491,0.05725255153380838,0.05397008230644258,0.05789986622037748,30000
0.0006993961334228516,0.44685763835906983,0.16994027376174928,0.6726434469223023,0.25473154938970155,0.4005882716178893,0.7523030885990628,0.5472699714743577,0.2906334281410322,0.08686729677977555,0.024169390313327307,0.009600094525128638,0.021298726400583185,0.05745289550799099,0.008877185891913993,252.53518448066316,240808,0.07339495910331606,0.1635412355052665,0.1120722280086383,0.023636902170716838,0.011390578613175589,0.7382648342847824,0.9593183956247688,0.9365266101515806,0.6530239301742892,0.4691516691077076,0.009007133110426372,0.01020054659617946,0.008913773594110313,0.008524145403102335,0.008522088564231794,0.044652207391336525,0.05076912994387537,0.03866577229675149,0.04450469693666931,0.04456955132659822,30100
0.03909345865249634,0.45329286336898805,0.18323842763900758,0.6905541849136353,0.2955085183850152,0.4060870608687398,0.7558519635044163,0.546096297800541,0.2885398259203811,0.08670119747099742,0.023380635119974614,0.009918682195139354,0.021939309709705434,0.050572001749613134,0.010257459711829994,252.5557123746437,241608,0.07555083518847827,0.1632384857356223,0.11255067089572549,0.026294333330702545,0.012647167753270806,0.739879689216614,0.9588129575786698,0.9304923370480536,0.6539703630933579,0.4550824417194851,0.009255048874765635,0.010513160006229668,0.008827097669709466,0.008479320078942134,0.009318920134396192,0.048665668154135325,0.05769084644875404,0.03957379658706487,0.046236755842269946,0.05177489255375706,30200
0.0006993436813354493,0.46200941562652587,0.16299009561538697,0.6782819867134094,0.29874474875288753,0.40533000260591523,0.7629873742980343,0.5436300954303223,0.28927902321112303,0.08963790548227298,0.023359361458569747,0.00930989477082447,0.021968891043719404,0.05050090263910972,0.00911748980694749,252.56413931617516,242408,0.07378470053896306,0.165523794469654,0.11149679078040899,0.02465745539207028,0.010673400072846563,0.7447103655338283,0.9570441851692815,0.9311972782418535,0.6669632344751316,0.4752620405183648,0.008845056737773126,0.010203586408107347,0.008466657092543073,0.008148897750397576,0.008695924265819754,0.046652106028050186,0.05326881979201589,0.040149388915380925,0.045030590781967764,0.048181175434399606,30300
0.0006252908706665039,0.4562083768844605,0.19324518442153932,0.7047323632240295,0.24322148720257686,0.42522695586085335,0.7727297373752493,0.551380059383448,0.2864809764119296,0.08480132077820587,0.02332286638207735,0.008902354294027021,0.020659018782627516,0.05507659796052254,0.00945515031460674,252.57268154828674,243208,0.07956873789429653,0.1654212134118056,0.1136956371511649,0.024345977801399746,0.01283701140666381,0.748403416872024,0.9615262324486543,0.9386171472882765,0.6391815802989868,0.4469173631072046,0.009832771066576243,0.01113106773688865,0.009550120053107574,0.008803961106026777,0.009835186135023825,0.059391620121896284,0.06530825704822887,0.05373060842523879,0.05533283381507949,0.0632927250768989,30400
0.03309159517288208,0.4117603254318237,0.1623439884185791,0.6232700324058533,0.348251411198519,0.40356010213494287,0.7656387211662705,0.5450148190124128,0.29142358868357293,0.08354222921335747,0.024006303781643493,0.010145139336438468,0.02154080698832492,0.053559531654239795,0.009352699895955734,252.57916820666432,244008,0.07309154740534725,0.16445666979445098,0.11150869623392451,0.024065503172379887,0.010758273783328663,0.7378012704849243,0.9632641020977847,0.9357371036010448,0.6665232148739175,0.4617709291947854,0.009139156406745313,0.010965961192983507,0.009057273277777101,0.008054979626140595,0.008599847873991671,0.0458080250862986,0.05306430192350754,0.04362524257784213,0.04314102634462881,0.043377923468748705,30500
0.003932127952575684,0.4729526948928833,0.17796874761581422,0.7016584587097168,0.2648983883700664,0.4266759324073792,0.7665953907608423,0.5415354906604983,0.27767620592848546,0.08930739944762724,0.02228366304188967,0.011307623161947434,0.02150816355269347,0.048353610713918166,0.009187234362482786,252.58672245257034,244808,0.07981899652630085,0.1641387535092977,0.11038613024399367,0.025635404452278264,0.011093401667253335,0.7572427612543108,0.9614726682783854,0.9352288603177532,0.6411747176622604,0.47128852654476583,0.009451261556241668,0.010707247965125271,0.009268432561317597,0.008513483730115987,0.009198308011222338,0.051832975717261455,0.06013978195284872,0.04579360402534303,0.04939429189760201,0.05128966528941327,30600
0.031241497993469237,0.46405855655670164,0.1688378143310547,0.68667715549469,0.22534027913197266,0.4457769225537778,0.7621818073960237,0.554352021296119,0.2830355366484988,0.08970866841002453,0.023279561772942523,0.009663215289325568,0.020974024906672443,0.056529165199026475,0.009043284805015444,252.59269468107897,245608,0.08416326521895824,0.16398793237153883,0.11530830100638227,0.022880261642340975,0.0099987368782187,0.7730373239517211,0.9601042583931325,0.9338742670508735,0.6336476614077894,0.4829292638917992,0.009535368331708016,0.010854603852643523,0.009525413032096005,0.008711537969712592,0.008787692383224702,0.047541732136160135,0.05373074799602807,0.04140475940878303,0.04808904523443845,0.047339136863985415,30700
0.000641787052154541,0.45486729860305786,0.18041491270065307,0.6864587068557739,0.22814090539876739,0.4230697908997535,0.7707933033283668,0.5483534727433718,0.2792655296840715,0.08935226982411666,0.024061288535594937,0.009197387778297525,0.02158988286468267,0.055216820096795995,0.008978944736270193,252.59860678129454,246408,0.07791973076760764,0.16526158191078338,0.11292720021623555,0.022952122089353565,0.01041273682449873,0.7515074253082278,0.9611207638213886,0.9339111248652138,0.6349184026995914,0.4734003812838822,0.009142375495284788,0.0102765268057733,0.008979908976177077,0.008339016386352989,0.008986970027669891,0.05089848489733411,0.05927164137910183,0.04713941656401137,0.0471881749481415,0.050004202470135616,30800
0.029456536769866943,0.4772880005836487,0.1691630697250366,0.6975314545631409,0.22097658666761982,0.4371747057139874,0.7719089876026863,0.5457603875735791,0.28871063078061115,0.08687535074955613,0.02232223102822901,0.00856341685797832,0.02159143676463931,0.05148955552050704,0.00886611036889435,252.60438829342223,247208,0.08154076870530844,0.1647462387607524,0.11200251291045034,0.024944816268264086,0.011236445222822754,0.7679012995958324,0.9635858135680629,0.9326362299798714,0.6621448773604167,0.47614639109753526,0.00946109280223028,0.01052746439318611,0.009648287083219863,0.008586423792756894,0.008928968391549635,0.05022705498617142,0.06005159106539329,0.04485265064438939,0.046123382506462265,0.04869926132588704,30900
0.000897512435913086,0.439690260887146,0.17352035760879517,0.6624707412719727,0.2524486711965285,0.4207025150954724,0.764091264275671,0.5438068787458584,0.28583593394917767,0.0836524780112796,0.023444074969738722,0.00944116946142528,0.022247520072130378,0.05477803933899852,0.00931821454191444,252.60904954131635,248008,0.07821749232709406,0.16344641756664202,0.11146157352149794,0.024017598631568635,0.011388890808675339,0.7441762262582775,0.9617307680903128,0.927690031867342,0.6402361197397121,0.44655692751814713,0.009638330761808905,0.010979152492527823,0.009825903230918765,0.009169397698618312,0.00854991171395452,0.061610253552207735,0.07274839665415214,0.059632515190240126,0.060310340162080416,0.0535358162312882,31000
0.029775559902191162,0.46900719165802,0.1718967652320862,0.695343463420868,0.22823608607832152,0.42924536287784576,0.7692463325899702,0.5467795650701273,0.28612167111864656,0.08508124900732773,0.02323124760761857,0.008628794618037547,0.021712806908967524,0.0519066181366153,0.008860045133835892,252.61427162730678,248808,0.07915552888065576,0.16483813746030943,0.1116508316147972,0.024843233555529094,0.010359417390013564,0.7590728759765624,0.9627815984016233,0.932497125380748,0.6592432243723263,0.46700257668520695,0.009277499327436085,0.01036229134039131,0.009604313053392077,0.008510079580258598,0.008581079990866991,0.04899729746393858,0.0566397750555256,0.04418879049653938,0.048532623520007284,0.04549685177856428,31100
0.0006995725631713867,0.42627400398254395,0.17798272848129273,0.6551955962181091,0.23091220522090689,0.418201316446066,0.7660659590953498,0.5441877195512618,0.2731896137716758,0.082503020295348,0.02409097622614354,0.009121929147034908,0.02167510166584295,0.0551942916290455,0.00971775464653873,252.6206649349305,249608,0.07743306133896116,0.1648635322672463,0.11084513270840556,0.0226690296248176,0.010086748210522219,0.7417585724592209,0.9598310081486777,0.9325397843899936,0.6208156759466101,0.44359211952258387,0.009118360318243498,0.01069639527432734,0.008889743781554098,0.008542999249896908,0.008359890120724836,0.05031306577380751,0.06070496892641641,0.049090874489342816,0.04532540332878107,0.04625311103673321,31200
0.0007519674301147461,0.4803891158103943,0.17234203815460206,0.7068502449989319,0.2184784009644929,0.4247467082738878,0.7572589919124683,0.5492043624090587,0.29596030742538215,0.08616392021186839,0.023164481786079705,0.009623598300170191,0.021103845950389336,0.05257533565258646,0.009346229714962344,252.6266573221323,250408,0.07875752847641705,0.16324137980790476,0.11248312528396763,0.025457148544718426,0.01109601269440296,0.7614063054323192,0.9591577179038642,0.9390002333840656,0.6738839316733028,0.4568315246166328,0.009053185284137726,0.01025425320126346,0.009206477242933454,0.00823440142593594,0.008512245228466317,0.055215027467347674,0.06940933494089345,0.04546747986270594,0.04728122797737615,0.059815293032293895,31300
0.033350937366485596,0.44747683286666873,0.1746029043197632,0.6759158039093017,0.2838826882800151,0.4182180368900299,0.7659535069639488,0.5503199469406624,0.2813401468643329,0.08360769341553227,0.024832136379554875,0.010621985966281498,0.02117488169093226,0.0571336195781464,0.008892741989164713,252.63276347232295,251208,0.07679962638765576,0.16506159584969285,0.1131743636452457,0.022760062559121646,0.008975345531459627,0.7461754587292667,0.9574895914023114,0.9358200555287514,0.6311361815871254,0.461626995941104,0.008748866314999762,0.0102542093397157,0.008854348608066593,0.007963879722193248,0.007988292905903865,0.048533433210104684,0.052195701954284836,0.05046352636277028,0.046563496976727424,0.044995779095945605,31400
0.0006343603134155273,0.46019854068756105,0.18479166984558104,0.6964710831642151,0.26926728736983574,0.4134160798788071,0.7680275358937001,0.5459003791373254,0.2938667137793562,0.08592840335610823,0.02412398718297481,0.010295538677401243,0.022187870681806585,0.05556474672864431,0.009568408345653397,252.64230210413663,252008,0.07613235918805009,0.16532519301681825,0.11262820284533244,0.02504691931222515,0.010314821877757148,0.7386019653081887,0.961032448994993,0.9285188746708701,0.6590127714315251,0.4458483792669759,0.009088368406519292,0.010513791710966159,0.008852225690779673,0.008058512424254548,0.00893458993332934,0.0464369126548991,0.05353558083262409,0.04272587832954706,0.04283729209868821,0.0464417079360597,31500
0.030845675468444824,0.4491633987426758,0.17366349458694458,0.6758655667304992,0.2724336687037616,0.427925637960434,0.7701904827384587,0.5465866271771641,0.27549721171727054,0.08679831155575814,0.022526139626279477,0.009228530386793842,0.022419229510477656,0.05249282124678826,0.008944985105190428,252.64895962097629,252808,0.0804314453992992,0.16503781814710783,0.11308873777149944,0.022692370729369884,0.011269929965492346,0.7530779415369028,0.9608501263704347,0.9252969593394036,0.6361925972474589,0.4663338449597359,0.009605704750865692,0.010701340828444018,0.009575485897834832,0.008865424300971874,0.009165391335263865,0.052434224975295346,0.061721969996159684,0.04848281285661627,0.049403094152945116,0.04946989035001024,31600
0.0006100416183471679,0.47913580894470215,0.17560062170028687,0.7037353181838989,0.21979931683054132,0.4358196586370468,0.767522787548484,0.5481726122842292,0.29018464745556716,0.09105666399606181,0.02266821414232254,0.009115304364530242,0.02119861456229356,0.05270428433912534,0.00886377372804124,252.65771844910418,253608,0.0816159251704812,0.16437246186258916,0.1126388219876903,0.024936185993223645,0.011828764734437338,0.7769889372587204,0.9637772253670617,0.9356712041059467,0.6593667242696376,0.4937774522884469,0.00930941669270396,0.010143222577421292,0.009096937843393608,0.00895532478369732,0.009075629114601257,0.045208175992011095,0.05341238352190947,0.0415318701491127,0.045086610038405965,0.04164727134032281,31700
0.030458097457885743,0.4604485034942627,0.18402259349822997,0.6962316060066223,0.27782614357238833,0.4366411112248896,0.7737075034344549,0.5546532743198922,0.2917007537668243,0.07970149166798786,0.023512747343629604,0.009165767951416645,0.02085539893528751,0.0531162103300221,0.009156955825555138,252.66579965086575,254408,0.08134004022926089,0.1658915402275501,0.11443244641603431,0.025651344868546245,0.009642965114784723,0.7622072482109071,0.9600251491117004,0.9372429526129435,0.6668290548464834,0.4374321642534694,0.009559130272828033,0.01070227518696155,0.009567215060815207,0.008798720987340185,0.009126001737449919,0.059493372193537654,0.06294130047294537,0.05815535171260679,0.04626548435429441,0.07228489180340023,31800
0.0006925702095031738,0.4558461833000183,0.17450244426727296,0.6806579756736756,0.2506505702116326,0.4195863479375842,0.7720252510748418,0.5496131952815831,0.28959054948382146,0.08648403867932374,0.023429418392479417,0.009412306569835282,0.020969296061858832,0.05384493135471841,0.00892950840675148,252.67836378592855,255208,0.07726012114435438,0.1650564798399019,0.11316081291986901,0.02551414841086376,0.009891105277275698,0.7521784204244613,0.961998572161323,0.9366730636763342,0.6520738263628378,0.46769221427992635,0.009098522844724352,0.010049632610753175,0.00893378347492983,0.008579559408739869,0.008889346023370043,0.05402148980181666,0.062079051850167544,0.04887753783146512,0.05377070755878491,0.05194821171095514,31900
0.030301058292388917,0.47896342277526854,0.17182594776153565,0.7045779252052307,0.2825750711175896,0.4283618086576464,0.7700317722673596,0.5564527831971651,0.2873784525124406,0.09107478988749713,0.023149393228814007,0.009187793080994969,0.021138133779168115,0.05674055761024766,0.010003724769397832,252.6869840058446,256008,0.08019974820315842,0.16424934995862153,0.11529445275664328,0.02272760136392564,0.013380792686027173,0.7556338232755662,0.9628612132599721,0.9351529595255847,0.6448511836937119,0.4762240218890222,0.010147546813823289,0.010985252194446862,0.009904031837359073,0.010516799991507881,0.0092358190932651,0.07059418753487992,0.07518290404830348,0.06650641365209596,0.0747083664681372,0.06641615604125498,32000
0.0006206178665161133,0.4428279161453247,0.178194100856781,0.6728100848197937,0.3248513523157089,0.438394732475281,0.7723478361179954,0.5426702479521429,0.29390207641195554,0.09248218380502968,0.023928958559408776,0.01177934148724666,0.020997849150767738,0.054380667128480255,0.008910364975025386,252.69780011509974,256808,0.08118631009012457,0.16432326411207526,0.1103118165085713,0.025770090085841562,0.012745572973385836,0.7702989327907562,0.963730832986664,0.9397060361173415,0.6621313959655203,0.49268888674284284,0.009904987826012077,0.011250479471575665,0.00928428936490996,0.009372740677364242,0.009444290730415984,0.06175501373130829,0.07494427022736597,0.052780437311675,0.06384004967397833,0.052213413805063585,32100
0.030674219131469727,0.44406446218490603,0.19451098918914794,0.688071517944336,0.23659922059160532,0.4234674413502216,0.762831562874364,0.5527129423279331,0.28371359613888397,0.08512824828368296,0.02281080319080502,0.01028884870774004,0.021194459914596186,0.059361687094411406,0.007377672761267178,252.7065668161121,257608,0.07967456893995403,0.16385686865039903,0.11397027136025276,0.02248833786203142,0.011358648208294846,0.752726154625416,0.960207032222373,0.9347991974432887,0.6219637800665464,0.48056843779807906,0.009280173692386595,0.010380777523524171,0.009398962629261596,0.008598464679466018,0.008658326645706626,0.05663722890429199,0.06412169689257785,0.055733553248665024,0.047422448901788254,0.05770865538872263,32200
0.0006809544563293457,0.44229756116867064,0.17226937294006348,0.6671561551094055,0.23448053247842252,0.42452426970005025,0.7663385465741158,0.5490190874446531,0.2805659768626828,0.08424421650612489,0.023485079798847425,0.00950101984431967,0.021212130893172334,0.050069917400572185,0.008504281354438526,252.71252758767233,258408,0.07806541481986642,0.1637370235472917,0.11264900125638397,0.025189316173756474,0.009962050352172729,0.757896688580513,0.9622766938805579,0.9341332786010977,0.6511800048597187,0.46754459262560233,0.009194449351634828,0.010307306430768205,0.008893732993976415,0.008710214521552155,0.008886934212518226,0.05811370707815511,0.06893869199790059,0.049167984040604545,0.055780408575070106,0.05882086765733886,32300
0.000687098503112793,0.48393466711044314,0.1699910020828247,0.7077533054351807,0.2311448453855514,0.4158766293525696,0.7654535677926296,0.5461039199892955,0.2934637044866875,0.08746722456293574,0.023892007172107693,0.00892536100548766,0.021715244831284515,0.05309546547120112,0.009418702540293604,252.7243761872355,259208,0.07652908043935895,0.16454578430830752,0.11255274428653395,0.025976163859013465,0.010511848418220802,0.7543265491724017,0.9617751120835887,0.9313326901090997,0.6666267391513376,0.4621312801886086,0.008817626326344901,0.010121957910107986,0.008859486192315155,0.008221991716281452,0.008237723068268305,0.046667629610747094,0.0525686040081769,0.04456360351468903,0.04578486110960299,0.044771756250129045,32400
0.04199009418487549,0.43673824310302733,0.17098737478256226,0.6650004458427429,0.2410923607748299,0.4482982373237609,0.7725020074326054,0.5465024739503856,0.29076472122003044,0.08825056380347199,0.022009256472811097,0.009033593334986465,0.02201546307298398,0.05408177639302963,0.00901331258018648,252.73418017219876,260008,0.0852908201515675,0.16525317216696947,0.1120462313294411,0.026506896938799946,0.011518659078712133,0.7702386915683744,0.9623542202555614,0.9313772789069584,0.6473031268400304,0.4695722460746768,0.010142184109427034,0.011183394412712546,0.009834619043838408,0.009445759108947474,0.00984482907837158,0.05946985810529435,0.07077249788436227,0.049708073867839715,0.05549676096450314,0.060131932076949,32500
0.0006827020645141602,0.4513927102088928,0.1869904136657715,0.6917914056777954,0.2514943582460712,0.42782795548439045,0.766048103866011,0.5412682936628267,0.3037115457919566,0.08677691115623283,0.024117352375760667,0.009563682400298739,0.02264051853522365,0.05403007255028008,0.009662673653213815,252.74168073947513,260808,0.07849356682971122,0.16486325904284377,0.110651222933637,0.026893974674893267,0.00880590172786957,0.7587966465950016,0.9609775614030293,0.9273433455146189,0.6773205570655295,0.4576172165034972,0.008887935189995911,0.010108349586624907,0.008947913239866788,0.008125395686965025,0.008348727485971517,0.047027079237159326,0.05302994630857378,0.04372919594527844,0.045217567599507597,0.046094680409014405,32600
0.03169585704803467,0.4691047239303589,0.17530450105667114,0.6951658582687378,0.28022853891574667,0.436010434627533,0.7695616015560551,0.5463625052847809,0.29335596062243013,0.08346971825641741,0.022632166985422374,0.011447483408966492,0.021115763501753815,0.04953000911045822,0.00853622911864005,252.7502800904357,261608,0.08160915372893211,0.16453586927015507,0.11209690728292025,0.026743422228610134,0.011542690270406046,0.7661506885290145,0.9617679652558069,0.9351933408029302,0.6727778300642971,0.4615523776906061,0.009817030695267024,0.010796598301239347,0.009991607160701112,0.009077207201626148,0.009279980207170874,0.06007023280020803,0.0691991249252468,0.06070113762704289,0.05489699334604665,0.054257532153378245,32700
0.0005969667434692383,0.4409000563621521,0.17784356355667114,0.6667388463020325,0.2825999517502683,0.4160926862061023,0.7593152959539434,0.5546373990364373,0.2917593850357698,0.08223049897843825,0.022819891329854722,0.01019604424675551,0.021593865540732338,0.051009404749637235,0.008592184658202587,252.75958576876587,262408,0.07721477668732402,0.1633302293943637,0.11592898834108689,0.02516120005546523,0.010055325813412381,0.7479886505007743,0.9607856189361726,0.9308017808943982,0.6699570998696999,0.4524523630165136,0.00905516133643688,0.010298483214820874,0.008840354552376086,0.008503786352748911,0.008605367669728223,0.051416243086569,0.06299430327819233,0.04441269141777109,0.04977704393262467,0.048451551892167814,32800
0.032122094631195065,0.47648480892181394,0.17297014951705933,0.7008048796653747,0.24073051382017685,0.41374526828527436,0.7665917882647549,0.5487501370669595,0.27524553473616387,0.09126221334104831,0.023198247123509645,0.009320024159071011,0.02162673720969488,0.054575073571165165,0.008609880025516138,252.7693097887034,263208,0.07684616047888988,0.16476157076000542,0.11375205266979799,0.022214639279031268,0.011811992725717643,0.7465855824947355,0.9618052747583149,0.9296356190496422,0.6207872073060456,0.4922196724504792,0.009215062549337743,0.010139076063322582,0.00930799903181283,0.008529000260300712,0.008913558978095362,0.046868811023887215,0.05201222531743577,0.04492260330583696,0.04555003072816843,0.04523839673163583,32900
0.0006857657432556152,0.43538177728652955,0.1766627049446106,0.6636967849731445,0.23912061871053863,0.43434837326407433,0.7709970642062071,0.556628044879082,0.29773513242677246,0.0879023260499683,0.023166684461757535,0.008668933209547211,0.020712453945733542,0.05404639613800611,0.009369941492241655,252.7854250574249,264008,0.0807468252629042,0.16545633024093032,0.1158792251112438,0.025684425636573714,0.010334983831175027,0.7607750296592718,0.9611285097390703,0.9362070309643692,0.665996474536819,0.46103849837199407,0.009427365567535156,0.010396532626207728,0.0093652096387958,0.009154899572326451,0.00873890865854725,0.05108179114293307,0.05663815244028652,0.045431590189530274,0.05063605766705983,0.0515244394695203,33000
0.031094892024993895,0.47209040403366087,0.1781105875968933,0.7008482551574707,0.2064850872676032,0.42880748525261886,0.7600862213130135,0.5432509367916438,0.2897635275425197,0.0844197139106315,0.023172888522967686,0.008880853012669826,0.02234120045741376,0.05661259260413616,0.008723033163484854,252.79282942605772,264808,0.08036893963813782,0.16448830661264446,0.11086028937919908,0.02446358813253862,0.00997421996505706,0.7569549918174745,0.9588745615436035,0.9276909484841307,0.6472808555517782,0.4589071933067208,0.00909639474004508,0.009979268775583755,0.009243770474610937,0.008267355388207312,0.008765816246394558,0.04463650851044802,0.04980951679409347,0.04492979722895791,0.040256083292584836,0.04289313858948801,33100
0.0007616019248962402,0.44241048336029054,0.1731157112121582,0.667593150138855,0.23047719852835963,0.4339247351884841,0.7623899682102913,0.5559690855248435,0.2898005161521047,0.08606180978111094,0.02531949639320375,0.009189059814790727,0.02040812239070369,0.059294678660672735,0.009126839476327094,252.7998412678187,265608,0.08032731158658864,0.1650093877426932,0.1154835657533551,0.02294970826614043,0.010879400228926304,0.7544368672370918,0.9571154752624371,0.93853001912851,0.6420164296793383,0.45241120490762915,0.009477035072632124,0.010619414854951416,0.009447234234143622,0.008590708506228619,0.009209162286586234,0.05024055861867961,0.056225097548895486,0.046978096199753405,0.04799339534758134,0.04927155358665102,33200
0.03188307762145996,0.44290981292724607,0.19000858783721924,0.686178719997406,0.23389980807674665,0.4243567363917829,0.7747732092694547,0.5544648646997906,0.29242670435148,0.0855625488340714,0.023312036748975515,0.008939681263504239,0.020707035905312886,0.0565571630286286,0.00939463790874681,252.80959323873103,266408,0.07851152552291744,0.16471978251527006,0.11507417061754194,0.02535599616506565,0.00985342495792249,0.749700646996498,0.9641164390052238,0.9355627177283156,0.6565191221112999,0.4570470782817827,0.00927666014526039,0.0105843117892197,0.009047716613470891,0.00856742635854365,0.008859889804698989,0.05751263942103831,0.06419572679371363,0.05385704314539905,0.05404113276987721,0.05750491833358437,33300
0.0006658530235290527,0.4698456120491028,0.16052861452102662,0.6844387173652648,0.21954659607117227,0.4208858895301819,0.7650848466497627,0.5424916464228966,0.2836917957709154,0.08575529862689421,0.024106888379901627,0.009402808774301264,0.022127887989979146,0.05627179735017064,0.008591839765692713,252.81990375104294,267208,0.07798409707844255,0.1646592122903143,0.1106280839373899,0.02385059075325497,0.010960691758165412,0.7538544666767123,0.9598772658585264,0.9296546362167184,0.6391259209842103,0.47287160401441625,0.009163291384466001,0.01012519836049393,0.009132141702223652,0.008384107334102144,0.009029460819057962,0.04656558553455396,0.05326056855349493,0.045128216127713394,0.044480174155050525,0.04363519436209367,33400
0.0007005715370178222,0.46892395734786985,0.18896729230880738,0.7117130136489869,0.3027597597704196,0.40794227391481397,0.7607757816712061,0.5498965663068445,0.2819212846949979,0.08562729054806284,0.02513518193736673,0.009818349148715936,0.0208820420061695,0.05693513907509727,0.009856160109241808,252.82812135651793,268008,0.07409593680873516,0.16403877743416362,0.11331614541510741,0.02242142280985445,0.009215363416610764,0.7354967522621157,0.9596824003590481,0.9374880738118118,0.6369459252312493,0.4381101201562319,0.008586626409087326,0.00974971517506573,0.008588384379240147,0.008130949359598029,0.008032160383128728,0.047741776247276,0.05359799006514043,0.0452568338677177,0.04513281056567374,0.04777074920175617,33500
0.02998724699020386,0.4676059675216675,0.18218810081481934,0.7013115072250367,0.31643761477016913,0.43330886721611056,0.764674304244674,0.5455281941592697,0.2884772120024819,0.08926950495174915,0.023254529396072025,0.009918296233115484,0.021710886443033824,0.05236932991373569,0.009413847874384373,252.83531703992836,268808,0.08133818529546259,0.1645157626159838,0.11146836716681714,0.024720029015272784,0.014233703473632392,0.7658344966173174,0.960749359331399,0.9340188476443295,0.6641625873368193,0.472123809951417,0.010174386189319195,0.010921797491000773,0.010272819155361516,0.009557404219069414,0.009868693733686932,0.05137993481621379,0.05547383336214865,0.049196172978990954,0.05075039022271123,0.04970604071051177,33600
0.0006038141250610351,0.44655331134796145,0.17578251123428346,0.67648521900177,0.23922500706300456,0.44374465763568877,0.7607012540770223,0.5435988106897891,0.30350642638901854,0.08862266257245903,0.0226535821892321,0.009942717622076023,0.020795618243781556,0.05471464250650671,0.009037027360228975,252.8421548567618,269608,0.08370853124186398,0.1642577231865828,0.11083616369536937,0.02671779044257063,0.01204575434635906,0.7732352089881895,0.958523942216095,0.9393175968102048,0.677300200197432,0.4581101530375965,0.009635859373956925,0.010705712293128545,0.00944454616290472,0.008708227529293974,0.00946779683590892,0.049614959163591286,0.058444697865088685,0.045252536596464235,0.04480436331489016,0.04861487500010962,33700
0.04652820110321045,0.44014177322387693,0.20242743492126464,0.6942421245574951,0.22413932929349042,0.4298265071213244,0.7611522494106121,0.5431535184068031,0.2940338470586917,0.0797716008320926,0.023062308309599773,0.0092544031116915,0.021527122610086036,0.052675420840884175,0.008326060160935086,252.8515414930266,270408,0.0797862495481968,0.16436217171609938,0.1105355424067331,0.025752500611607283,0.009721095542463065,0.7561722487211227,0.959096101445889,0.9365807188251032,0.6603410054997709,0.44399566663072465,0.009134473302401604,0.010190632657805848,0.008842475517657855,0.008643186571667112,0.008739040438779322,0.04929908666061239,0.056228000851168594,0.046145214525509654,0.046941489561619906,0.047005926795115574,33800
0.0007003021240234375,0.4616014361381531,0.16934531688690185,0.6870081925392151,0.25054793374608986,0.42729316443204884,0.7646789998557428,0.550306697731668,0.2741638399268453,0.07923518909663757,0.022488763029687116,0.008994627968681551,0.02131306949833575,0.051264920303794134,0.009279788564151474,252.86005878305917,271208,0.08042038600891827,0.16495256770902605,0.11390512192791152,0.023591358264859173,0.008673851548881317,0.7475317037105563,0.959207342335241,0.9332337046211412,0.6316603180609249,0.42273976500072175,0.009306114953942598,0.01060544328986486,0.009053914701904774,0.008925192692856264,0.008600793734547632,0.05617027252214027,0.06505752314780996,0.05177425955824385,0.0600482179158318,0.047937340519474736,33900
0.0358304762840271,0.46284090757369994,0.17996684789657594,0.7005205202102661,0.28195565200703576,0.4101627787947655,0.765229330807136,0.5493625174371563,0.29007804447535385,0.08846917150044871,0.022065697954967628,0.00897591123628435,0.02146365487834019,0.049652286771608115,0.009577787966400013,252.86900375077113,272008,0.07607716921716932,0.16438033609163197,0.11248413918121733,0.02559473455917167,0.012586344103012818,0.7447363224625589,0.9612568903852392,0.9359006218764243,0.669964764843282,0.45566432346585645,0.009628164414316416,0.011312953467485766,0.009619871888556808,0.008497256461588542,0.00918742390223084,0.05513865601271391,0.06416427247009429,0.050562002244690554,0.0488692194165796,0.056982336228721855,34000
0.0007437944412231445,0.4558967971801758,0.16531543016433717,0.6766016054153442,0.2266652006091204,0.4236321973800659,0.7654499466558097,0.551375057703505,0.2876939446304404,0.078917220389287,0.02418960959650574,0.008931158940099838,0.021349618783763926,0.05609305502855752,0.00875281640738635,252.87878557768946,272808,0.07840874493122098,0.16474120593765404,0.11421004872924345,0.023670623780776275,0.009921335034950636,0.7431181210279464,0.9597458541393277,0.9321182562659185,0.6445049823186044,0.43066637133069624,0.009176804283633823,0.010170523834514233,0.009380177859081113,0.00809120065109295,0.009089432290026556,0.05089976767310874,0.05542539162177013,0.04528608909701383,0.05038775023046225,0.05220836559382939,34100
0.033455474376678465,0.4601048183441162,0.1924089002609253,0.7079518389701843,0.3063750094318739,0.43950370281934736,0.7706249409251745,0.5454837545752524,0.2959451692995061,0.08343838270621247,0.02201449174433947,0.009631633307370867,0.02170246677240357,0.05102686766597831,0.010259898381808834,252.8866346762899,273608,0.08347127822227776,0.1648157411813736,0.11238226829096679,0.027799562260696905,0.011516270858854956,0.7593670898675919,0.9613297168413798,0.9319839149713516,0.6657517240958271,0.4380400776863098,0.00975355590693652,0.011673029812259804,0.009219225554261353,0.008695330394934237,0.009059893891574614,0.05178341649007048,0.060528501063171355,0.04700614213012157,0.049077850842346143,0.04909002323289811,34200
0.0007039761543273926,0.4379042291641235,0.18244840145111085,0.674605803489685,0.23946341722274236,0.420192828029394,0.7635873831696246,0.5466170898382212,0.28078744857731225,0.0838739173718501,0.02283677755855025,0.010888302630871236,0.02224175479928941,0.04975338791222003,0.009433844983369225,252.89442437041936,274408,0.077905150949955,0.1640468013646015,0.11214959858984187,0.023534958336473354,0.009560166673957201,0.746127947568894,0.9614415474273457,0.9300949040818333,0.6515784275964137,0.4342846404853745,0.008944385868962852,0.010107843881594622,0.009174037776473506,0.008243096233562711,0.008229374974752904,0.0491338221076876,0.05508418576838682,0.04907236951020893,0.04671442418943107,0.04562905652272463,34300
0.0006682467460632324,0.4610687208175659,0.1856462550163269,0.7008992505073547,0.2263057911181537,0.42684215545654297,0.7677381872528727,0.5410076691856921,0.2884935937449335,0.08983798508385296,0.02431415135040881,0.009605844732670295,0.02191520057056311,0.05617795022204518,0.00877763799232382,252.90064396193975,275208,0.07866816453635687,0.1644266313224126,0.11054021246590708,0.024367846871027738,0.010894550057128078,0.7584349852800373,0.9627003973782658,0.9301571801023663,0.6414212700724601,0.4771354323939269,0.009042264609597615,0.010174255046730073,0.008932022661199121,0.008419292012695229,0.00864137885111727,0.051063869940117024,0.05881249721895791,0.0452938490296837,0.048143816797528424,0.05250085341548057,34400
0.03625811815261841,0.4696569132804871,0.18249767541885376,0.7094544768333435,0.30217010707038117,0.4056143982708453,0.7637288975598197,0.5310591237079461,0.28973298405492,0.08175102843435145,0.02476699871476741,0.010404638565842783,0.022426563348158218,0.05609477955934614,0.008690096242812414,252.90606735979415,276008,0.07316312028095122,0.16427067869108875,0.10687687128958624,0.02436959275239429,0.008835187810363831,0.7329214221239089,0.9601340596311788,0.9301218831327537,0.6480725418689637,0.4455574208022277,0.008586458601057528,0.009858057792917842,0.008357968429356988,0.007719748278776577,0.008430697673170914,0.04819759360514581,0.05550277048235604,0.04267902774240318,0.045789724046927556,0.04804444186686768,34500
0.0007053637504577637,0.456429181098938,0.173137948513031,0.6860239863395691,0.2325846105105963,0.4156152947247029,0.7602097805183712,0.5402613839890691,0.271502460615757,0.08385115668214678,0.022125864056870337,0.00928261561612,0.021676842150933073,0.0504843184342369,0.007972331998512999,252.91085474888385,276808,0.07725919540971521,0.16407416281428672,0.11008594476498003,0.022823248160047802,0.009833240212029349,0.7490391224622723,0.960704365284136,0.9324345951623261,0.6295801312495496,0.46790598429257596,0.00884920835727825,0.010086502540985687,0.00869891694562491,0.00798704028248978,0.008593229325580898,0.04366128953872249,0.05003207267404967,0.03844601628923842,0.041204412455837634,0.04488356831594742,34600
0.030396535396575927,0.4718575763702393,0.17988564014434816,0.7050868678092956,0.2081015675136607,0.4186944782733915,0.7609205004179246,0.5447337266403379,0.2772456520133549,0.08438260357165443,0.021992156975902608,0.009031459126832347,0.02192436293074763,0.05322376487052278,0.008623608197063813,252.91729368200834,277608,0.07806962231174114,0.16269992896408403,0.11159235016279612,0.02310308816377074,0.010074023384748854,0.7459660914540293,0.9647147478360054,0.9301046090027715,0.6293641540739274,0.4604088867379125,0.009123884509317564,0.010273814361700615,0.008952550940484427,0.008532577776350076,0.008637383554095972,0.05058964472729712,0.05691771195621563,0.047361096866505664,0.04864663594505852,0.048881839181810036,34700
0.0006227779388427734,0.45402859210968016,0.16897108316421508,0.6779552888870239,0.2787041141566004,0.44476820334792144,0.7720664281327766,0.5557644441723817,0.29213382593895226,0.08069031764072986,0.024016651539132013,0.011482992104061377,0.02027989993168209,0.057121771078948926,0.008225913144506807,252.9255400558633,278408,0.08333089150488371,0.16400766182901708,0.11498706789517937,0.024153289583658685,0.011285442734670857,0.7670618706941603,0.9638645963848759,0.9398137683218175,0.6526332550927213,0.44129693709062734,0.009759761258028452,0.011016270235831033,0.009276534864594316,0.009099024607750928,0.00956577174574806,0.07224827390164139,0.08018576286135705,0.05641588550907641,0.06267386562632102,0.09258262985228993,34800
0.0299930477142334,0.4769577383995056,0.17131025552749635,0.7053225469589234,0.21954114351232917,0.4197565978765487,0.7681409147516566,0.5421876931071874,0.2803159079633616,0.0784066305766819,0.024471139460802073,0.009600095839319216,0.02144659891845055,0.05646281630701219,0.007630009747420749,252.93251310649197,279208,0.07716317361220723,0.16451134686194455,0.11086371207415162,0.023271426228559197,0.009518007649276307,0.7453353905677795,0.9625679134723533,0.9332540293238059,0.6232029530109388,0.45310803128297994,0.008955744872801005,0.01003519416641651,0.008566299027100726,0.008430953064748045,0.008819233111189626,0.05244179435074326,0.06058023249187587,0.04607177155546438,0.05265076638097871,0.05041392288717722,34900
0.0006043028831481934,0.44608028411865236,0.17626710891723632,0.6779500722885132,0.30799740535234926,0.41530641883611674,0.7680147813355668,0.5548162191379358,0.2854058659611605,0.08710795965151125,0.023044715486466884,0.009464492239900162,0.020078329655637116,0.054369878195799276,0.00914275488390078,252.939906540511,280008,0.07702611928805715,0.16497570799386266,0.11478017961106649,0.024264779614093616,0.011056099946935712,0.7487105047702786,0.9588421288322891,0.9409492623515249,0.6452232813223812,0.4716648507230691,0.009181295502930877,0.010578760874774707,0.009291839165749353,0.007957062115653975,0.008961203850735462,0.052689299315679804,0.06130970311177739,0.048557374370852245,0.047128683194900156,0.05415500140801634,35000
0.029010894298553466,0.4344998002052307,0.17993942975997926,0.6710662460327148,0.2238121622346162,0.42500066846609125,0.7579035321479948,0.5497083224069619,0.275115497299645,0.0868099170293719,0.02400857781060041,0.008980520746299058,0.02095616667289645,0.05636908874690238,0.00876138017532779,252.9518993261514,280808,0.07937825165688987,0.16412754143987393,0.11345643894030491,0.022328436054234017,0.01109854003506648,0.7512860906124115,0.9593574442886951,0.9344031504140443,0.6170242387469453,0.46676235147975964,0.009227659592870637,0.010187578132935792,0.009188075872281438,0.008471964433153005,0.00904595035496841,0.04614537259098146,0.05100451610303428,0.04408740830750994,0.04262181101735723,0.04696574625882872,35100
0.0006328034400939942,0.4497574424743652,0.17355548620223998,0.6745527052879333,0.3281999503338159,0.42615753918886207,0.7696371501491915,0.551682309153375,0.29477174198016093,0.0868325222549695,0.02205209172796458,0.010018099505510103,0.020863206324617516,0.05094771778258756,0.008663286208285997,252.96253372198262,281608,0.08058682212140411,0.1646817930145747,0.11449918521337961,0.029259758330403986,0.012604763649869708,0.7541773000359537,0.9612860976276313,0.9376153071944633,0.6696833494382023,0.46313797831535364,0.010413646537344895,0.011548289775951398,0.010237347570070053,0.009524806165016988,0.01021596799449375,0.06228778635850174,0.06588037508702942,0.053469870647603855,0.050244582012200216,0.07723265345363574,35200
0.03257303237915039,0.4608452248573303,0.184171359539032,0.6954788732528686,0.26069977059889693,0.4189278689026833,0.7603670303068011,0.5465068338324107,0.28677905855270525,0.08535622815550559,0.02369588017463684,0.008961579426423356,0.02135522368085961,0.0556621853978588,0.009288761558576452,252.9727641560523,282408,0.07774129435420038,0.16428346090366186,0.11190723701958409,0.023761064068485913,0.0111467312808283,0.748333078920841,0.9606648007205105,0.9350511880847512,0.6451747392996764,0.44852377733780985,0.009227758026681842,0.010245207277334103,0.009116733016366781,0.008555507530959744,0.009019536228007188,0.047030951178166996,0.05232953857944149,0.04408249173035307,0.04602455557682193,0.046014755741873775,35300
0.0006761789321899414,0.45905084133148194,0.18628477811813354,0.6962774586677551,0.23094124669761007,0.4189839850366116,0.7635484930827532,0.5483617723300194,0.2958301912958378,0.08446148358699355,0.024357086592353885,0.00941627555961726,0.021826174149182465,0.05478745126208968,0.008774490737723135,252.9791007277478,283208,0.07585107040591535,0.16337953333927274,0.11256014875560527,0.02454979640157529,0.008800219444586244,0.7506627622246743,0.9637436706402579,0.9317848155011679,0.6674133594905104,0.4539159003532295,0.00860496779438108,0.009823358334071428,0.008475672970501535,0.007982351993445618,0.008190382725907237,0.04775582617148754,0.05389348173107441,0.04516393117392094,0.04540136343773417,0.04669415356704231,35400
0.0005780744552612304,0.44084558963775633,0.16778966903686524,0.6562597060203552,0.2155714450679206,0.4268489262461662,0.7691032946109766,0.5486133975311395,0.29088110909468007,0.08698808732537591,0.022823018673807365,0.008767372055444866,0.021124043714399757,0.053953860284327866,0.007502668867438879,252.98511559651396,284008,0.07915724541991943,0.16425570338964465,0.11313418798076295,0.02552941342994496,0.010786680082377166,0.7655320575833323,0.9646292099356653,0.9328649964147406,0.6565879405748967,0.4965571563462819,0.009241631417535244,0.010446080830879516,0.009237772465267594,0.008404555514153816,0.008862274735738347,0.046935890039894713,0.054092353209853124,0.04680259749338536,0.043065665821272,0.04368318609028524,35500
0.04862293243408203,0.41988602161407473,0.19039116859436034,0.665255389213562,0.27757004882249536,0.4189556068181988,0.7707369788126516,0.5488457079045475,0.28090649528402734,0.08805636223878356,0.023952594762668013,0.010171976522542522,0.021818846713964966,0.05195787712328239,0.00960293342388912,252.99152473388227,284808,0.07685300236567853,0.1646141196140135,0.11266873450949788,0.023704207400647062,0.011205143323889099,0.7467566603422169,0.9624742257474648,0.9313277890905736,0.6480584533561558,0.4567718112529233,0.009322504007723184,0.010777771668132352,0.009357942098480043,0.008733797096975257,0.00846183122499719,0.05137757947202771,0.05816898613961206,0.047985046027558084,0.052037865253593836,0.04714421414046873,35600
0.0005715513229370118,0.43523674726486206,0.17733911514282227,0.6681981945037841,0.25974464974656597,0.4306088848412037,0.7710394960094763,0.5413472309563926,0.2856921026080699,0.08782805780820707,0.023349403087049733,0.009274118794758193,0.0218677036825893,0.05206304399680402,0.010077059474535915,253.00048880787492,285608,0.08009143073111773,0.16462884073096176,0.11008328839557835,0.02391006380328954,0.013615503691711479,0.7582752907276158,0.9622572933994056,0.9320092013160003,0.6547688751963513,0.45287270748868885,0.009871308202855287,0.011178910597295012,0.00928401851176637,0.00941629260638027,0.009556712907184147,0.05808485040543022,0.06701133405024316,0.05263364442446985,0.058018148722286195,0.05429995653600037,35700
0.04116170406341553,0.44571985721588137,0.18004607915878296,0.6778365397453308,0.23852964451496025,0.4002291095256805,0.7587872805054655,0.5441296240042522,0.2852858631029014,0.08898825662003626,0.022478770557790996,0.009176264261375614,0.021252215948849067,0.05087139678985944,0.008380884527642695,253.00860099931154,286408,0.07273122064769272,0.16482675213789194,0.110878859804562,0.024141504183145493,0.009682603728853989,0.7417063170671457,0.9569102768431,0.9372017059409833,0.6617647017751417,0.482188370227814,0.008706722990609699,0.009912348150746122,0.008748249891513618,0.008061455857629574,0.008237895065297684,0.04567865159362555,0.05227856262654218,0.041650466364944544,0.042441572561593956,0.0460707561733822,35800
0.0007050657272338868,0.46523002862930296,0.1697462010383606,0.6917396664619446,0.24420949163974234,0.42938783109188094,0.7583624758371488,0.5450599093316338,0.2865675623055362,0.08885177059624447,0.022958710836246617,0.009418082485974925,0.021255858487144882,0.05513868480920791,0.008889031254996852,253.01533384341826,287208,0.0813091830536723,0.1637951991906981,0.11136055353187747,0.025150242382456937,0.013854340484174778,0.7668838086724282,0.9605503800438668,0.9362175431669036,0.6426952647381139,0.4913937348585868,0.010198699019383636,0.010508079027257311,0.009798283539583678,0.010243325416619589,0.010277163772246767,0.0556354325619759,0.05499774986940502,0.04811336106887895,0.05925408947119963,0.061280562057315066,35900
0.029198334217071534,0.4429537463188171,0.20053810834884644,0.6942999005317688,0.2298859515106018,0.4316996914148333,0.7652050742694925,0.5464648433650531,0.2854399893965043,0.08433919370666076,0.02302278462797404,0.008803156155753082,0.022033609653590244,0.05518311983043397,0.00915667169779387,253.025505490625,288008,0.08090719155967235,0.16537272211936127,0.11199011172478403,0.02328275288726208,0.010713032267155687,0.7525840920209886,0.9597629808090826,0.9302317552889394,0.6469247309619163,0.4473432692779503,0.00956246168352663,0.011135229138187592,0.009011365994714042,0.008570847687897854,0.009278558345918128,0.05071814051363617,0.05607729165831596,0.045135473095191045,0.04924935676285594,0.05152900710815404,36000
0.0005981183052062988,0.4436079454421997,0.17589596271514893,0.6668823289871216,0.2465044590091876,0.42418985709547996,0.7720844143248616,0.549215990250514,0.282567264870382,0.08187959030069203,0.02385355629958212,0.009608665411855939,0.021549221630033834,0.05215981531476316,0.009231864390391344,253.03330607941865,288808,0.07813248332589862,0.1641897742260011,0.1128471156913941,0.024634886812866446,0.009733698461708186,0.7478226929903029,0.9643117950317701,0.9333777362353175,0.6391499890730934,0.4303492829606338,0.00898779780603945,0.01025955397338468,0.008831366569178026,0.008270181896827692,0.008687432349432957,0.05201845461502668,0.0597290769714783,0.04674117836982154,0.05010443655863544,0.052581926238899276,36100
0.030518136024475097,0.4146303844451904,0.19735393047332764,0.6573526906967163,0.30588112216267377,0.4356414808332919,0.7688793432173417,0.5486847894376814,0.28940207380347127,0.09049041788120053,0.02463401527144014,0.010034216813574632,0.0213223706386541,0.05593067393978924,0.00889839392844692,253.0404642784967,289608,0.08115225331857802,0.16440657694735103,0.11251286155284816,0.024153195898525614,0.014763684034358059,0.7692363446950912,0.9634569107587616,0.9345941549022452,0.6556101557685107,0.4778810729414729,0.010052364887669684,0.011668360228158873,0.010458792851106626,0.008475198424080531,0.009559304595498723,0.0549966261954978,0.06716386887745643,0.05501855633829691,0.04537773500083059,0.05243046065834536,36200
0.0005878305435180664,0.4256620955467224,0.19958802938461304,0.6720176696777344,0.2851416811481478,0.41679167211055745,0.7676033855583264,0.5531867397949101,0.2801418818740379,0.08619748407767873,0.024547511506825676,0.009161048523721202,0.021146636491175735,0.05668871000374633,0.009767335282238238,253.04821177394263,290408,0.07648992648348209,0.1651761074494657,0.11427039871923626,0.023315370606724176,0.009803584454005252,0.7287833470106126,0.9598688994135177,0.9335635580122469,0.6222395695470002,0.43942612092851974,0.009168173884972928,0.010124122567286002,0.009350217515020631,0.008517595247313792,0.008704198720068598,0.053994414322078174,0.06256341066829477,0.04961269287159668,0.05193695140985289,0.050545212457289435,36300
0.0005831718444824219,0.452222375869751,0.17255643606185914,0.6756505942344666,0.24911460913621988,0.42039532795548434,0.7698431177572777,0.5567451249366688,0.2916874958183428,0.08396202570521366,0.02251868210732938,0.008532826265788346,0.020264097158377743,0.05219689039325323,0.008865677477111675,253.05674630583533,291208,0.0781269379705191,0.16515038174422675,0.11500547084763153,0.026746185407080122,0.01008102869587567,0.7507985183596606,0.9615736316869599,0.9422534452795416,0.6571912316962925,0.4504176708413104,0.009068684321828188,0.009958014713928981,0.00906608958388744,0.008554726987230503,0.008754989511205576,0.04680024869740009,0.05094875929936923,0.04272373351246396,0.04501291656057637,0.04894860646477445,36400
0.03362774133682251,0.4622709107398987,0.17753020763397218,0.6940554428100586,0.24985245562853164,0.42004329264163964,0.766965198396433,0.5433934985450576,0.2751928036308656,0.08747037190943965,0.02247285577468575,0.009331571597916373,0.02124260413643134,0.052104501174328514,0.00817380276625045,253.06501781495552,292008,0.07773189175873996,0.1654004049722593,0.11041601426436004,0.022887143074809876,0.009710338723380127,0.7531487536430357,0.9590208093927373,0.9383608191207262,0.6276442430179965,0.47690066695213323,0.008874067727010696,0.010157655390694438,0.008831309359609789,0.007848268123874392,0.008637895050924266,0.048439093581400784,0.058619850936035334,0.044972972763907264,0.0423361050577863,0.047871623979881414,36500
0.0005772113800048828,0.43970417976379395,0.18090518951416015,0.6703642416000366,0.23747870283558012,0.4427695660293102,0.7593860948407966,0.5455759108066562,0.287951432286124,0.0918552048211352,0.02285735015757382,0.009276688955241799,0.02185999365257365,0.052606087285829266,0.009217414766905848,253.07396666077676,292808,0.08251112718135123,0.1626107298039101,0.11215785883721852,0.025077222579305898,0.008940994814090596,0.7745657968521118,0.9641504816643828,0.9289009477410994,0.6557686997087383,0.4828425702754035,0.009178501376882194,0.01006354302008477,0.009238706686578347,0.008518387644404645,0.008708272440610135,0.05284154981374741,0.05732584542485776,0.047581614806715904,0.051673411798516415,0.054701206828938455,36600
0.02957577705383301,0.4492125725746155,0.1781410074234009,0.6772006702423096,0.2662665303997827,0.3899918054044248,0.7639373020993331,0.5531475296526241,0.28880507240420605,0.08460625721204841,0.023353693792596452,0.010064532755899967,0.020705508113358962,0.05244395139597392,0.008346207069935503,253.08353216282325,293608,0.0710342234745621,0.16471743070416986,0.11407903473485596,0.024885547511092485,0.012310448078975317,0.7274312430620197,0.9586828543080222,0.9359775326468731,0.6680551857164456,0.4603461966676228,0.009202703377231959,0.010265555975234339,0.009015584824550333,0.008727346572463636,0.008963992503487448,0.04757363333366812,0.0537717432404558,0.042676606446956124,0.047016611088866775,0.046786927929842674,36700
0.0005759072303771973,0.42933929920196534,0.1834617018699646,0.6667376136779786,0.239318382093459,0.41732948437333106,0.7610211375385822,0.5558125966634508,0.29062829092921044,0.08835960326846251,0.021575356824323537,0.009946186228354232,0.02071021394565319,0.04893046436094059,0.008640927916154445,253.09319902724837,294408,0.0780001067649573,0.16488124129146048,0.11464062650234273,0.026185852361474346,0.011027879206203803,0.7548579430580145,0.9568556869270827,0.9378822510059063,0.672091281041503,0.47674587632334525,0.009177530796732752,0.010426442378736802,0.009251307189846654,0.008374660303767706,0.00867743891187359,0.0485686384746805,0.05594326971296335,0.047145458912620244,0.04116817847534548,0.04967669126209479,36800
0.029398496150970458,0.4508328628540039,0.1821749258041382,0.6855581498146057,0.25828679033355834,0.4188078087568281,0.7665182930751913,0.5378667547177242,0.2938308621397116,0.08614771295049527,0.024374292930588126,0.009224493860140525,0.022979851111128765,0.05701536330680295,0.00877588795604256,253.1007579750365,295208,0.07642144640907651,0.16506399033428387,0.10918777930720519,0.023859370386891877,0.00973522093698598,0.7484657120704649,0.9580842739748721,0.9281447488133621,0.6572991792518317,0.4660089976579239,0.008863781045656651,0.01020422314284641,0.008389482407339955,0.00835875308805026,0.008446810764794066,0.051315336524276084,0.05827665445338299,0.04638375863633171,0.050488057014380215,0.04961801834350219,36900
0.0007454538345336914,0.4912968349456787,0.170067617893219,0.7159334826469421,0.23270644650361547,0.41794860959053043,0.7650892498469595,0.5461153423356027,0.2957174087148059,0.08160778445502127,0.023121077828109265,0.009670925500115732,0.02147474213378484,0.05509394410685564,0.008705595991915288,253.1107303962106,296008,0.07769804468378429,0.16444421404659154,0.11176787743095275,0.02652812885066877,0.010285745509309876,0.7455830642580986,0.9599558474993942,0.9347573991903321,0.6583288486715385,0.4482235986861825,0.00907417704351246,0.010152839848052446,0.008636221032800904,0.008682675016019974,0.008801174540282548,0.050187218068167574,0.05709314728524577,0.04578541515433449,0.04912264001219294,0.04860170854762752,37000
0.029698832035064696,0.45048182010650634,0.17362943649291993,0.6760078120231628,0.25697898735538294,0.40955897644162165,0.7697273839493186,0.5524619626610178,0.27716192653993277,0.08516008848714264,0.024192612143233413,0.008783003764360083,0.020351730036529004,0.058259741287315,0.009044910337624334,253.11805163570952,296808,0.07523270830512042,0.16510254076244882,0.11414556387487956,0.021850069804207926,0.01090242047956603,0.7343829837441442,0.9608277210167476,0.939072016140689,0.6224516351048535,0.45949914483136894,0.009038156680762773,0.010098909503039044,0.009101902645931616,0.008393201954299361,0.008631546951310576,0.05450737664941699,0.06186955729356912,0.053282900472961234,0.052386076995966646,0.050866365668818726,37100
0.0006577610969543457,0.4633780431747436,0.18658589601516723,0.7026416230201721,0.23400545543404122,0.4044489182531833,0.766514520833989,0.5461061799741654,0.2750699266859701,0.08459968250418934,0.023282548468559986,0.009120310761039096,0.021265525965536197,0.051990946156716185,0.008970245848427236,253.12439682481298,297608,0.07365101376548408,0.16442064859784483,0.11242984895067039,0.02313058870233631,0.009355218982036782,0.7271518918871882,0.9625048835088716,0.9332215082214532,0.6322641378148974,0.4418092283690087,0.008862535378430035,0.010338112771843037,0.008567822917577734,0.008099354027104015,0.008475755797220368,0.052001707852468826,0.0618983287284137,0.04577373173361343,0.04857146017143388,0.050985449035902214,37200
0.029999983310699464,0.43530224084854124,0.18387073278427124,0.66991712808609,0.24879067827713466,0.43106473773717874,0.7688323996174875,0.5478943617225779,0.2793085054703515,0.08457446073899508,0.023114912230521444,0.009358699325280237,0.021547692657976944,0.0527915387290853,0.008190269099136218,253.13187803331044,298408,0.08052491733804343,0.16469478989066796,0.11258645057007002,0.024188433270735138,0.010440138716993678,0.7575664365291593,0.9621613444994438,0.9332059852711793,0.6352234002278775,0.4530466055609491,0.00931051252875478,0.010363937229217593,0.009207938772601058,0.008863046622778085,0.008768671960697152,0.04826915723271671,0.0524197288522094,0.048090756753342144,0.048268315976257525,0.043973015377023174,37300
0.0006335568428039551,0.46883587837219237,0.17841760396957398,0.7025355839729309,0.26970268778378437,0.41791449055075625,0.7595077122467149,0.546575663070524,0.2869314426574314,0.08130619339459577,0.023416014853864933,0.009138479026862307,0.021401857731923934,0.05327473821805664,0.009382115312115242,253.14902609817227,299208,0.07699532056227322,0.16335929642264962,0.1115147163390472,0.024592444436281065,0.009816426209252858,0.7430500286817551,0.9619511852517797,0.9370084965741762,0.646915094366351,0.43665690000970564,0.00906017686706036,0.010434977701248762,0.008894930561123188,0.008312763885857125,0.008563257037981688,0.04888906135660361,0.056720044081164565,0.04421982249265076,0.046108720432492235,0.0479946097898278,37400
0.0006196975708007812,0.42497997522354125,0.1928262972831726,0.6665699625015259,0.23196040067985757,0.4163101255893708,0.759266630630588,0.5504866174465629,0.27763024176685885,0.08305303598142645,0.02440584459342062,0.009716149338460826,0.02073124961184406,0.05784840439222392,0.007768335137187005,253.1621296574317,300008,0.07683988880366084,0.16401170453621963,0.11308134847122772,0.021646108013765823,0.011002362411201115,0.7444144964218142,0.9581006296831575,0.9391781036100236,0.6251622765110091,0.4629204222048166,0.009048871668055654,0.010288086444120943,0.008991138855178733,0.008460740838647616,0.008464990230747538,0.04832433418370783,0.056342526051720854,0.044259325075180406,0.04627855887296248,0.04629610921961789,37500
0.0307960844039917,0.4614364409446716,0.18575623512268066,0.699103238582611,0.282428135854111,0.4184170643985271,0.7624005359230619,0.5497014436757929,0.282184095781984,0.08488655907826285,0.022973033683374545,0.008915762746273863,0.021304741066720607,0.051533988355975384,0.008983664975426324,253.16936200827737,300808,0.07778089425526563,0.16457230921345506,0.11355078521401,0.02468567868486696,0.01046006485344748,0.7449835827946664,0.9597608209258376,0.9327646677542208,0.6380178427811962,0.4537128508090969,0.009201874400023364,0.010530838025545695,0.009245326897750305,0.008422452728128407,0.008640371733392127,0.05337003264576198,0.059426042232474344,0.052630862381045876,0.04982611942059785,0.05174029496206784,37600
0.0006883120536804199,0.4625500965118408,0.16822270631790162,0.6882506895065308,0.29786744137296856,0.40186724245548244,0.76220188773958,0.5477831508829183,0.2927119684080748,0.08338994480842768,0.023578482903540136,0.009255874025935336,0.021445630931348544,0.050583159182827096,0.010279584601846367,253.17585381693124,301608,0.07321189615875476,0.16435727569679748,0.1130379918634583,0.02542857064562307,0.01020839143825998,0.7362281066179274,0.9607891888268253,0.9322622545024892,0.6765531916951023,0.43505697499874024,0.008699209294281899,0.009764470833506287,0.008809029192234252,0.008128640494244393,0.008294212825726273,0.0453329977300018,0.04956099213137802,0.04606696634934588,0.04128348612074932,0.04524292351331472,37700
0.04296718835830689,0.46520028829574583,0.17660196781158446,0.6980281209945679,0.21479923776616047,0.4317511390149596,0.7654292766640824,0.5486224761223907,0.27919279942333997,0.08438226141793236,0.02393783941864967,0.008877816302247524,0.021078440135618517,0.054851067180470794,0.008636143962894752,253.18327879504258,302408,0.08050074352882802,0.16522744973985135,0.11265786235790125,0.024434477251679933,0.009605774803923727,0.7550795418024063,0.9598612041008188,0.9362861590362844,0.6273281366928762,0.45129257305867254,0.00930260999361052,0.010704212574424544,0.009293628331291465,0.008450225608621314,0.008686848238668284,0.04783356015570463,0.057519483025662704,0.046165162975507046,0.043688212611357066,0.0434522299769487,37800
0.0006928753852844239,0.49046270370483397,0.17368412494659424,0.7256763553619385,0.24799563984244954,0.42001708373427377,0.7683102293829226,0.5420422712340952,0.2814439832489952,0.08962071124226484,0.02521163656376304,0.009524215077723958,0.02163976324421432,0.05609012123753585,0.00916616509277175,253.18922156235874,303208,0.076200553663075,0.16490696153449064,0.10977222397923475,0.022638883969506324,0.010981368189528974,0.7498528587818148,0.9599237810427216,0.9347485828523829,0.6355371779985561,0.47304258955285916,0.008932596270460638,0.010514765432637999,0.009031022862473032,0.007801933657605517,0.008486462592276084,0.04716361121973021,0.05501698895039307,0.042281490614792916,0.04581907129745376,0.04541727244616187,37900
0.0365350079536438,0.4405467939376831,0.18120421171188356,0.6761668801307679,0.28796064258890847,0.4278320415318012,0.7667105790972709,0.5439527180369045,0.2921520739302527,0.08354871788403803,0.02338471281342209,0.008631821552407926,0.02169585227541047,0.0572458263486624,0.009101878727631808,253.20399723097276,304008,0.07960008293390271,0.16489457234740257,0.11083169247461783,0.02392258684171345,0.010427637835356168,0.7570695275068283,0.9615655085444453,0.9333146200876798,0.6483627063232463,0.457008056005641,0.009103844510391356,0.010270852623507389,0.009186911494492392,0.00831000414513215,0.00856558146685289,0.052076310075935925,0.06280502853507643,0.05055308674029443,0.04920225519850686,0.045598522168244865,38000
0.000692601203918457,0.4619859027862549,0.1828779411315918,0.7007826948165894,0.325624757663671,0.4266208969056607,0.7790564378695699,0.5390947568984259,0.2745008775606176,0.07955961286486514,0.023407495534047484,0.009483350434488795,0.023406044642130554,0.04928959469991516,0.00912893807016396,253.2221939894024,304808,0.07908330291509628,0.165728801889206,0.10929589683101293,0.02395535454315203,0.011161884063988593,0.7498373106122015,0.9633703205122879,0.924507372436069,0.635707910244282,0.4412078455666811,0.009296421599574388,0.010333635072821555,0.009556539851196456,0.008770927408477286,0.008446687073523997,0.056064563384279585,0.05993108073740606,0.0584344704058908,0.050004072988835635,0.055985732112100416,38100
0.03151355266571045,0.4402866578102112,0.17048654079437256,0.6660072803497314,0.26265436686272126,0.4137021990120411,0.7590751486519967,0.5484020433255608,0.2836893332639229,0.083957308428172,0.023540984457358707,0.00874382885497955,0.02162553477386126,0.05155977656142098,0.009073754055045388,253.23120091756817,305608,0.0762618807889521,0.16336547040070096,0.11287570651620629,0.025446540143565018,0.01032267013987602,0.7424189907312395,0.9620479460184773,0.9319705777630517,0.6439941023234966,0.4461889035847723,0.00908518427982926,0.01055934033502127,0.008984446988859184,0.008173404811208854,0.008746668522968442,0.05392648037057371,0.06554435589108229,0.05158655677579951,0.047346183053579995,0.05213738417214884,38200
0.000672001838684082,0.4688254809379578,0.18088885068893432,0.705821807384491,0.3014205645441993,0.42971268780529487,0.7704030969371536,0.5554404808802809,0.2810544527826771,0.08866152394077056,0.0223057325463742,0.008657128793574415,0.021257764243699136,0.054577338013557665,0.00869966338946515,253.23670219697354,306408,0.08042713767383249,0.16452861383353218,0.11564175338741949,0.023313128614738114,0.01078769296367207,0.755204865634441,0.9638928392706394,0.9311882206734193,0.6316842907859429,0.4855782596961313,0.009538090843707325,0.01110678596515634,0.009774398970160072,0.008407558700049762,0.008679679342981979,0.05432002810761335,0.060477544022001124,0.05038606766314112,0.05012134366458467,0.05515115798545482,38300
0.0006406307220458984,0.45560652256011963,0.16836920022964477,0.6752053189277649,0.2776957527741548,0.421650288850069,0.7648137345910075,0.5411642885323872,0.28213337327814825,0.07850088513000533,0.02370978720486164,0.008673418061807756,0.02186672879129791,0.0530117704415495,0.009617953628123274,253.24933508702725,307208,0.07861664710566404,0.16491593763232237,0.11039438501940767,0.023910571029861882,0.011932495487308969,0.7392218112945551,0.9615172630548481,0.9314645852857417,0.6453419006565245,0.39495670605213107,0.009648651829920708,0.010350556585472081,0.00935389294099171,0.009404543577015258,0.009492405447514446,0.04799598366487773,0.05374443248612803,0.04365650336348537,0.04755561812599959,0.047118103233205685,38400
0.029561972618103026,0.4623021960258484,0.18647602081298828,0.7014218950271607,0.28456813943642895,0.4274186310172082,0.7659421548321472,0.5516173375207324,0.28284434448270246,0.0837102129317934,0.023547345381230125,0.009535702057785131,0.02171024973829124,0.05560721994880686,0.009415971287195271,253.26144952699002,308008,0.08002667035907506,0.16473216974913185,0.11396940873805866,0.023297717490975554,0.010406469095375404,0.7456402349472042,0.9604298220345037,0.9305792373280193,0.6314427788882336,0.4330530690057633,0.009261016980744899,0.010436819815331736,0.009298042877209041,0.008379906747131577,0.00885731482944513,0.054956418583169554,0.05965265658549705,0.05409928897698951,0.054540310757244685,0.051495257112656165,38500
0.0005883932113647461,0.43494460105895993,0.17688883781433107,0.6617878913879395,0.21091361193773248,0.42440537184476845,0.7678753347957832,0.5419497346495563,0.28731303034431255,0.0750656257643221,0.021198610104620447,0.008521238738055676,0.02206377246551574,0.0505000888572439,0.007969964820614024,253.26595428578585,308808,0.0795897152461111,0.16499622408890618,0.11054114320061426,0.024939075419831123,0.009363571738783954,0.7452198183536527,0.9616956322441282,0.9292749737035784,0.6575754382040192,0.42727316600772025,0.009257509503513572,0.010704044749901304,0.008978080938266382,0.008282418076819542,0.008834363709096424,0.05120593525469304,0.06403854513347013,0.045168524349038605,0.04242709467855642,0.05076504930352363,38600
0.03167750835418701,0.47680689334869386,0.17441604614257813,0.7038366937637329,0.2031316023736474,0.4255763150751592,0.7660573262223449,0.5529613727554283,0.28096034156624217,0.08273750163760836,0.02318222750909626,0.008755999896246173,0.02105973960014986,0.05741544394792678,0.008253889696503659,253.27105157303015,309608,0.0792471671663225,0.16437609802742706,0.11412803007957131,0.021939965325145735,0.01065542073075787,0.7474067056179048,0.961217718739663,0.9346211581306662,0.6294254645084348,0.45939840843864493,0.009315433553420016,0.010317055778878363,0.00921541618003963,0.008641938099268989,0.008975543127413476,0.04878788834903392,0.05690539967749382,0.04325213536052378,0.04551346660688678,0.04830933356995458,38700
0.0006231498718261718,0.4656058645248413,0.1798488402366638,0.6977808690071106,0.23673062817334772,0.40674663394689564,0.7698521637254294,0.5398388328877362,0.28464042992773125,0.08862856089523655,0.024871324338018874,0.008441043354751944,0.022074616819883527,0.05626381656438247,0.008769021539880729,253.27734505047198,310408,0.07305239085108042,0.16470770214994748,0.10971813744893581,0.023447203358703983,0.00966971691686478,0.7412765330076216,0.9629136840502418,0.9300235675440889,0.6403393209804586,0.47121201666390006,0.008523703506216415,0.00972686706679977,0.008345820503591594,0.008020864874725387,0.008171349245964021,0.04799998679198327,0.051599045842885966,0.04623396518273336,0.04513836646890315,0.049574685619189984,38800
0.05350210905075073,0.4244512057304382,0.18504656791687013,0.661168897151947,0.2122388990704412,0.4324035343527794,0.7676553771826646,0.5500667666273164,0.2911161046475173,0.08295787072324375,0.02295600811950862,0.009368435267479339,0.021137627052702924,0.05238167557166888,0.00872090471068773,253.2851040963307,311208,0.08053479757159948,0.16471118626126838,0.11410371797719025,0.02537994837970473,0.009383806720390873,0.7572317707538609,0.9616332085509051,0.9326019011107572,0.6635009428858766,0.44034947232997157,0.009141904283314939,0.010335788132988223,0.009048230707498621,0.008590510042849933,0.008502398216304318,0.048139159318525304,0.05976717477178639,0.044626959435540826,0.04388253638055178,0.04353302067016905,38900
0.0007520079612731934,0.48069268703460694,0.16970155000686646,0.7062643074989319,0.3063728360039426,0.43740589201450325,0.7701332669391806,0.5478035714477298,0.2874275274836837,0.0780724854255355,0.024118144242092954,0.010082576994536109,0.021369877085537437,0.056163402526971676,0.008465878547080809,253.28969725445342,312008,0.08130190130323166,0.16425607785164767,0.11309944911716638,0.023371948578614913,0.009581102366564412,0.7584332683682445,0.9615606392655419,0.9342272788859327,0.6477944329755391,0.4343143801449397,0.009263501008972523,0.010335436243146104,0.00909057959618691,0.008697002426482473,0.008812700627194768,0.05727688403800132,0.06887975369501756,0.04741265136488858,0.055715640066144725,0.05660333007043382,39000
0.049333806037902835,0.44729808092117307,0.16612693071365356,0.6677022194862365,0.2704370360441479,0.43334824249148374,0.7775563864872371,0.546874491799445,0.2816371405809117,0.08499348901337787,0.023134406311437497,0.009051710690642362,0.021182863742467906,0.05116815566927479,0.008581359165699713,253.29510367993586,312808,0.08053043846040965,0.16594215427419837,0.11209148565928144,0.025372535212001092,0.010651807831809591,0.7641712349653238,0.9617086434599219,0.9358440302667164,0.6453301664174458,0.475892586319634,0.009532765718176956,0.01086683132286583,0.009125248236315591,0.008738114438398456,0.00942515600420367,0.058004388906992964,0.07306851438599925,0.04774635373392981,0.05249296944882528,0.05939796520397067,39100
0.002039296627044678,0.4498975014686584,0.19097623825073243,0.6942673754692078,0.327929065954175,0.41182097509503357,0.7699903947241762,0.5432150920635558,0.29476505721831203,0.08615624345839032,0.022553263790905487,0.009465398569095961,0.0216660262629163,0.04963848384013814,0.009427914350232651,253.3104433156115,313608,0.07636776648461813,0.16571988141600108,0.1116340265510046,0.026546962856922037,0.012201087967118369,0.7438714271783831,0.9572145945214211,0.9318882465967678,0.6796249960785482,0.44371117191894044,0.009400171255692848,0.010514324305559248,0.009023583673772774,0.008592771303687078,0.009526406632405567,0.05429878879105672,0.06095527574429881,0.051409348429459614,0.051053228247123036,0.05415933960113054,39200
0.029979677200317384,0.4435273575782776,0.16868766784667968,0.6636537528038025,0.27022207654700553,0.4279948887228964,0.7709496803399997,0.5464148603487707,0.28464883569723515,0.08153795262731117,0.023755956273525943,0.009007317003816729,0.021822758050464495,0.05512317582152976,0.00980277037684723,253.3196651857057,314408,0.07889671603217724,0.16438307776683697,0.11198670211909474,0.023278188299483225,0.008799728904874906,0.7509340214729311,0.9631693369004786,0.9322253471411375,0.6433717049085182,0.4397376936334402,0.008945723364595322,0.010249010271324615,0.008898496924751049,0.008202363777523602,0.008363118062249425,0.0541063226060942,0.06779205858616572,0.046923946910920195,0.04909333609617672,0.052337971634178415,39300
0.0007567811012268067,0.45920022249221804,0.18665507555007935,0.6977509164810181,0.24568238508025725,0.42764861479401567,0.772381479141272,0.5567213392257689,0.28322480071735906,0.08335538785728933,0.021325436346232882,0.009168935647803708,0.020594594550784686,0.05170972266439672,0.008746056314469931,253.32320681741388,315208,0.08067627016454945,0.16443016793208112,0.11577666442841293,0.02461357262395954,0.011010919413683077,0.7519495990872384,0.9636463553984578,0.9360687828063965,0.6427565179975688,0.45871999213155734,0.009601462595164782,0.010332400767106151,0.0094378852029331,0.009078390036030837,0.009465006779756339,0.054340814305469394,0.06014239723392498,0.05033786691259588,0.05245569593267838,0.05391685879912294,39400
0.0006281471252441406,0.46081223726272585,0.17824750185012816,0.6904450559616089,0.17909039997766052,0.43896065592765815,0.7664991414398573,0.5541418014898808,0.2779907051746433,0.08542796571713841,0.02175568870268763,0.009139325783715515,0.020880457041399365,0.04970227703452113,0.008022753781060106,253.32836256565938,316008,0.08197167079895738,0.16463241735434625,0.11519460373464427,0.02327872421024596,0.008977823036823521,0.7609595715999609,0.9591008625089874,0.9332239522031073,0.6488812493114938,0.4696694341865745,0.009504423490725456,0.010446559450361123,0.009476866677800223,0.008913446422212002,0.00895714043211695,0.05238627879414711,0.05686290415498543,0.05201297153349544,0.04803050340085131,0.05172225809530227,39500
0.033805193901062014,0.46464788913726807,0.17908582210540772,0.6958762693405152,0.2555597064093656,0.4243993206322193,0.7693934227739068,0.5498047932198176,0.28848925959130733,0.08100521749826055,0.022328844275325537,0.009550570045775236,0.021667853541868294,0.050057477985668654,0.009055360923475102,253.33196199253783,316808,0.0786558794230223,0.1646826591520084,0.11361975175769706,0.025048351729044113,0.008881281259110068,0.7479499316215513,0.9622014357930139,0.93052298457999,0.6628831688201797,0.43686836279264774,0.008957687723450361,0.010275695406432665,0.008858841689499583,0.00820859482116772,0.008414715088184657,0.050521145365200935,0.06227769432811157,0.048183839052523436,0.04660464983405258,0.04433638809968042,39600
0.0007200574874877929,0.4730174994468689,0.1809646940231323,0.7046890807151794,0.2724833175632286,0.422104696035385,0.7666031921782145,0.5537388591389912,0.28402589746181234,0.08447430374559449,0.023287323946133264,0.009354066424548804,0.021174943148109485,0.054365672573483355,0.007485968756358417,253.3374800180493,317608,0.07879808785393827,0.16478802707137133,0.1147098233825282,0.024294721635139873,0.012348468945450587,0.7480057817697524,0.9611808317463579,0.9341099986904552,0.6384155773422089,0.4641610312102426,0.010015350584872067,0.010512778453710602,0.009720477353977542,0.009631636835074116,0.010181673364854205,0.055448869462125,0.059499634073184024,0.05165508998753989,0.053116279557003716,0.057312813559406685,39700
0.03055271625518799,0.4473755955696106,0.17199194431304932,0.67074298620224,0.21965160098950332,0.4128523071110249,0.7658967717749176,0.5427952557095991,0.27790700146372305,0.08694645399466547,0.023836665078997614,0.009266067548817838,0.022367518726224306,0.05229051311398856,0.008311779336788908,253.342311401234,318408,0.07544777614995836,0.16390582837693676,0.11135977534886213,0.022979470431116075,0.010348067613533473,0.7463368850946426,0.9635558730917547,0.9277915109955308,0.6347318992230565,0.4669043455368431,0.008626481567043815,0.009617676958441736,0.00871012338450382,0.007896148154988738,0.008396036284139909,0.04527089703362434,0.0532023492371002,0.04106849214168024,0.044124215576462275,0.04361551993836965,39800
0.0006461501121520996,0.4607947301864624,0.18176392316818238,0.6946165657043457,0.1967214739104521,0.4524907577037811,0.7612176285735485,0.5457505097436669,0.29305507696040417,0.08752637002016271,0.022523277327418323,0.009001027988892144,0.021419194035825137,0.047358062447769154,0.010227201103923778,253.34965889070443,319208,0.08472453769296408,0.16459204686869844,0.11151684012579091,0.02676850290121161,0.0097062466786273,0.7778849411010745,0.9588521492892295,0.9324721625788295,0.679454389608131,0.4411807656288147,0.009450288696680218,0.010809016600652631,0.009283998259459041,0.008524551101353998,0.008898391111964178,0.046745988321490566,0.05486267403265909,0.04140414066371776,0.04558899279306027,0.04310678410373872,39900
0.03130801677703857,0.43889518022537233,0.18170671939849853,0.6721220755577088,0.2794839300311141,0.40588187083601923,0.7672714484834122,0.5574065559173945,0.2887186805642612,0.08961443912617305,0.023703304780647142,0.008864698554228626,0.02048121837796128,0.05456128572797958,0.00848144689883123,253.35660348995114,320008,0.07458278344944115,0.16418738628941024,0.11523916748300875,0.02684100403260633,0.011581365967652323,0.7421314722299572,0.9622652335413564,0.9391656946297269,0.6505512278791853,0.4727349273032613,0.009726036053616553,0.011779427338370136,0.009838824016486671,0.008552221362854205,0.009114647218397026,0.055459399712271984,0.07112689807090442,0.052962168508288845,0.04783707216020094,0.05258493401170532,40000
0.0010119318962097169,0.4760760283470154,0.17458357095718383,0.7077973079681397,0.2651150219333017,0.4104272441565992,0.7697903795374766,0.5617037473655331,0.28338360004857516,0.07971565411271649,0.022819100897759202,0.009680765477241947,0.019803724369806486,0.051711930751837054,0.00902248983176523,253.37189667854835,320808,0.07646331720054146,0.1642763540976577,0.11781260218562153,0.025040729860455583,0.011094870440820817,0.7360977786779407,0.9633266607920329,0.9401208127417213,0.6466675757193098,0.43049512288016767,0.009120388550218197,0.010501029914141525,0.009159411442261647,0.00817670758389045,0.008817051008776266,0.054954223781824095,0.06616016428193283,0.05111341697232024,0.05085922051768966,0.053085393316478775,40100
0.027779157161712646,0.45434762477874757,0.16615097761154174,0.6765412449836731,0.2509752905545173,0.4145060817897321,0.7551369931590691,0.5444823673407955,0.2841526500328823,0.08369136393271596,0.02457950880751013,0.009604585210510184,0.021625476948310046,0.053799252504379357,0.008400658925214929,253.38792247532544,321608,0.07632734270766374,0.1632973895816319,0.11045407992682305,0.02568944342352485,0.011003606858336045,0.7517033112049107,0.9588306914554554,0.9355859284487241,0.640937987852981,0.4620739959381723,0.00916360280010849,0.010540633616717853,0.008911471438859645,0.008806115639378762,0.008557261028201188,0.05118491213768722,0.05588316368043756,0.04363525975748423,0.059901504617839774,0.04550599551986198,40200
0.0007095193862915039,0.4556403398513794,0.18597491979598998,0.6979943609237671,0.22914722582652955,0.4359308733046055,0.7655309652382475,0.5463545700507374,0.29907178140994956,0.08420411617095978,0.024453383516520266,0.009881077647837373,0.021994257818407106,0.05622165797778022,0.008360619421352394,253.39583871612857,322408,0.08123891565948728,0.16528857724284227,0.11338989664591959,0.025754390703514183,0.01032381770482471,0.7572449779510496,0.9573454705049405,0.926217802424929,0.6607107816672902,0.44628162207184263,0.009347469210624694,0.010571902716655342,0.009087953088684608,0.008752856476277835,0.008877570572012411,0.04921778152231129,0.05486279284968122,0.0410585278895364,0.04668534927569879,0.054505782562645724,40300
0.0006614828109741211,0.4367614245414734,0.17731492280960082,0.67164222240448,0.24443805017322967,0.40735274434089697,0.7708607150808623,0.5485723945013988,0.28319082412983965,0.08102559561938993,0.023535854695364834,0.009970081165311454,0.021535753515626994,0.05626482016781402,0.007794775346774592,253.4018955650841,323208,0.07521673180162908,0.16567867799945496,0.11359240782671966,0.023041234445306914,0.0098595907826606,0.7302812734246256,0.9595077384425243,0.9306696553535648,0.6334962755748903,0.43767752984887387,0.008833401454612613,0.010160801942338758,0.008543892297893759,0.008368085104895312,0.00839869844510335,0.04978683523368091,0.05347290303831434,0.04647573887879775,0.048788558782952074,0.05064337274706049,40400
0.032253191471099854,0.47204888343811036,0.17037802934646606,0.6974781632423401,0.21985401818238529,0.42798442274332055,0.7602321732611881,0.5516748560133887,0.28223075835135175,0.08331192115401019,0.024134269892238096,0.009215007221791895,0.02101390722708486,0.057593417574142276,0.007973580551209877,253.4079664912361,324008,0.0795346422865987,0.16328905082884296,0.11399920247307971,0.023947058131991723,0.0095208488810966,0.7522597771883012,0.9622385924770716,0.9346000755851595,0.6232998068696775,0.46394915751954335,0.009068142781034112,0.01047319983398275,0.008844824060891298,0.008334988842860524,0.008526699662089663,0.04928026713896544,0.05644414594308255,0.04490204785374844,0.047854660400028885,0.04745180573948519,40500
0.0006224274635314942,0.45531548500061036,0.18954054594039918,0.6955588102340698,0.2758070101364934,0.4214181524515152,0.7684365379872754,0.5456690656912843,0.2922436353828518,0.08154621703120377,0.022529831286519766,0.009749526855248115,0.02207987072272887,0.04843722960540078,0.0085645902961588,253.41381448074756,324808,0.078337930906564,0.1657347587078656,0.11199144125690953,0.02734122804728488,0.00940790766706833,0.752877515852451,0.9591805379428171,0.9305190573936385,0.6643998546553364,0.4506965976495013,0.008885986045934264,0.010483416265452102,0.008715103016239354,0.00803988835008201,0.008387037223348237,0.048034854754805574,0.05697184042390731,0.04502070869067552,0.045242785664247796,0.04544926799642738,40600
0.03428096055984497,0.42242205381393433,0.16703592777252196,0.6426291656494141,0.23187502844749083,0.41666315436363216,0.769180757469601,0.5475882632190019,0.281349598455268,0.09025268439940594,0.024707381185144175,0.008690518533371177,0.021240339007546398,0.05503350187529321,0.008034559489068463,253.4207416640325,325608,0.07629738949239252,0.16534922619660705,0.11315151501747099,0.022924125890943947,0.012357890490756284,0.7487049618363381,0.959938576155239,0.9336377656290313,0.6368614972174711,0.46948772222600527,0.008969728709198535,0.010160619175682464,0.008690018769600795,0.008354535850754989,0.008869361478516599,0.05154972612392157,0.06229527186498879,0.04273630758765111,0.04867586830152655,0.05456271817917652,40700
0.0006271624565124512,0.46890451192855837,0.1730477237701416,0.6950637674331666,0.2189743059617856,0.42836563497781754,0.7631172175918304,0.5506515493181272,0.2855943385876864,0.09150999224674637,0.023169609126634894,0.008694901009332585,0.021697209636619856,0.05249720284550942,0.007950829705649039,253.4341548786293,326408,0.08047966266050932,0.1645210477314436,0.11470144344754869,0.02584183473121739,0.012471836803215612,0.7627608948945998,0.9602902832688124,0.9281202540776432,0.6435959368359802,0.4950565519512341,0.009365877283271406,0.01021760738008105,0.009122145141335624,0.00908517864916255,0.009056641265840059,0.04501478531863541,0.05103967194587981,0.03946036711404814,0.043095136584038414,0.04716196842992335,40800
0.03319487810134888,0.43902991771697997,0.1763328170776367,0.6678748345375061,0.2000234626024128,0.4333923637866973,0.7738757279629893,0.5494924576580529,0.2914596824637524,0.0792886871556386,0.022731456337496632,0.008266530415522328,0.02064435890875757,0.05203089333399778,0.007504620775837673,253.4401378578625,327208,0.08050124352797869,0.16561697280177717,0.11260851928964255,0.026368974062495006,0.010315507737847649,0.7606008243560792,0.9621657540018743,0.9401607879996304,0.6638391099834892,0.4433589663294794,0.009408999122679226,0.010378361272159967,0.00922509274678304,0.008819500584667333,0.009185452932666843,0.050880933264270456,0.058473440299097186,0.045222587911412114,0.04998351356800277,0.04945432090648138,40900
0.0007733559608459473,0.45734837770462033,0.17001278638839723,0.6810274076461792,0.2505689103778989,0.4349613887071608,0.7551142020501944,0.5550953094860378,0.28434288983393174,0.08373537615695038,0.024435544274747367,0.009887604693576222,0.02115493560046783,0.057600403559685806,0.00846179952881602,253.44578013108065,328008,0.08124706983566288,0.16425129310520387,0.11513434014012737,0.02240692563660705,0.008859073065660814,0.7573645347356797,0.956110239604821,0.9331128657688184,0.6371035268812459,0.44575742154978626,0.00902512774802744,0.010141271422954578,0.009043704282732752,0.008421293271686685,0.008376174813052749,0.04565149121917786,0.05043905151890965,0.04521350410642438,0.04590313497347509,0.04033796738812262,41000
0.04136183500289917,0.462120943069458,0.17835742712020874,0.6954465818405151,0.2090827010270685,0.42207966804504393,0.769629506468773,0.5457599676404328,0.28884699265785807,0.08110108079328647,0.024437363725155602,0.008918778660008677,0.021355310554923363,0.054640862706530804,0.008077196763723244,253.4508830663957,328808,0.07665405889973044,0.16532910332083703,0.11179989244769381,0.024544531457552105,0.007689336086973866,0.7475670611858366,0.9599742767214781,0.9339375433497406,0.6524137303968182,0.4418734526762394,0.008597459704615179,0.009909830989781772,0.008491744948014702,0.007985845865940703,0.008028143293334436,0.047397743772016825,0.05556922331452369,0.04366934942556982,0.04476352222002791,0.04559805999655199,41100
0.000642092227935791,0.4591099524497986,0.18489230632781983,0.693264012336731,0.24504963378633346,0.4308304834365843,0.7662673275075369,0.5501700093993893,0.27906476855278056,0.08334145247936248,0.022097435873001805,0.008954924239365182,0.021173149321099233,0.05339161516566362,0.008519941850159408,253.4580250480736,329608,0.08122490439563991,0.16423167310767425,0.11265421697458669,0.023320987056940815,0.011248839625682773,0.7581696635484693,0.9615148081252325,0.9359844953982857,0.642498071874891,0.44381899191783025,0.009487021602690207,0.010595185586237283,0.009455950866207421,0.008724803488169392,0.009076974820345642,0.051084699886851034,0.057142219101383,0.049432344071454075,0.04918924860390173,0.04856137601085581,41200
0.03645198583602905,0.4453575158119202,0.18427563905715943,0.6797977638244629,0.1983692278360615,0.4176767490804195,0.7617564791642527,0.546794947529338,0.2804528531432151,0.07885842434693083,0.024610665729269395,0.00883660874338506,0.021072277728546203,0.06061991704627871,0.008468149588351131,253.46340016501864,330408,0.07688149712979801,0.1645200749238333,0.11173332084691952,0.021698819920420647,0.00875600860085302,0.7356036996841431,0.9598378400871715,0.9348498620287913,0.6219649901986126,0.4299366692505257,0.00884264852851629,0.009993913979382037,0.008641406947366531,0.008219233332201847,0.008470412057888984,0.04774772018194198,0.052583300528804895,0.04628451557157086,0.04648808053229001,0.04542314037357891,41300
0.0006936907768249512,0.4498313355445862,0.19538925409317018,0.6956211280822754,0.25396559115599265,0.4072888097167013,0.7696163561677682,0.5480692723735436,0.2892029698363585,0.08461263297217576,0.023641019593924287,0.009770468646452946,0.021236229825337412,0.05491442338966609,0.009430879184604524,253.4687049316807,331208,0.07451000653207301,0.16555141545639132,0.11292053669528232,0.024785535708903815,0.00901448772071688,0.7309377193450928,0.9602122850368674,0.932868597937412,0.6466000216517287,0.44281454471194703,0.008707363395951693,0.009815340251251673,0.008493881420705653,0.00802269800153761,0.008540750896733576,0.05003523731604217,0.05798128356800023,0.04405545240237576,0.04698687388714568,0.05081297167380564,41400
0.0006835174560546875,0.46760724544525145,0.18046222448349,0.7017089557647705,0.30578410300867376,0.438910214304924,0.7672170321498303,0.5524470506496321,0.3016350167718802,0.08030651808765371,0.021691016294062136,0.009390700663093776,0.021581683698440747,0.04845669783294351,0.008536290672705768,253.4750666893011,332008,0.08232088832184677,0.1646161393913546,0.1140210746677332,0.02746071067704546,0.01057011823500752,0.7688380736112592,0.9617322620037377,0.931026531483538,0.6936288798096201,0.4589974673170796,0.00955128972418606,0.010711874147316653,0.009728390786055748,0.008773424450985407,0.008808049971335802,0.048776981150731445,0.056937449191392,0.04819419409238527,0.04351915354191356,0.045120046846568486,41500
0.03119807004928589,0.44586660861968996,0.18128633737564087,0.6773602867126465,0.2780195096938138,0.4362574297189714,0.76741638819733,0.5565240924867495,0.27453877696115964,0.08400051007149639,0.024615919739007952,0.009119238034663342,0.020567648454743872,0.058376369988683424,0.010218429239083003,253.48292738350108,332808,0.08070200046524405,0.16431105911998992,0.11515763454372065,0.02083900686711292,0.00867939744129327,0.7477483320236207,0.9629918700376425,0.9399642559389274,0.6128490945975773,0.4317031505998674,0.009253443535417315,0.010579186543872406,0.009201963744999368,0.008547368213956429,0.008470898036138853,0.05147455307422206,0.059539203656286115,0.049005977593575785,0.046332251988213696,0.04993299556292264,41600
0.0006096434593200684,0.44070741176605227,0.19736412048339844,0.690279426574707,0.2555209150982301,0.4134867924451828,0.7659259320515663,0.5528661360866146,0.28098109106604907,0.0800653245390915,0.023125153109431258,0.008806186752408017,0.020853345662257394,0.053688037298763015,0.007980762291472493,253.49189057821204,333608,0.07728850049898035,0.1651331274037433,0.11477057461283714,0.024047390731329183,0.012152722797061248,0.7360174703598023,0.9603617962846903,0.9330913107646135,0.6292828837266333,0.4460707975596914,0.009622777355834848,0.010460525658927132,0.009628977807924939,0.008912690986807536,0.009532452785841583,0.05400827820412813,0.05346719372242234,0.05149690834805365,0.054256729893565454,0.0566037707121634,41700
0.043372821807861325,0.4396947169303894,0.17073335647583007,0.6665418219566345,0.23480173515141756,0.4315729038417338,0.7711782258691144,0.558728425526151,0.2831603477603377,0.08919337991511019,0.02185029842890799,0.009677184693112946,0.020971385303282124,0.048743952058505305,0.008940047738308622,253.49665054359465,334408,0.08121967898681758,0.16432750673548693,0.1163905489021072,0.026534298115611553,0.011392605886557052,0.758850947320461,0.9637150347811512,0.933231098394768,0.652138875931809,0.46766008649553586,0.009816475412808353,0.01087614714882328,0.009455354030554496,0.009498246534986746,0.009393581467186465,0.0582152517978102,0.06541041227383083,0.050603354304079286,0.060927122116050454,0.055891380312719535,41800
0.000629582405090332,0.45143898487091066,0.19561224937438965,0.6990327262878417,0.29772025084045906,0.4102662679553031,0.7648847613562931,0.5481562458950548,0.2831223578680128,0.08072320305466381,0.022852580626495176,0.008946317471588588,0.02156896513981232,0.05475910744141962,0.008268100656870824,253.50539499036864,335208,0.07666180944070224,0.16494645923376094,0.11297373029128943,0.023909482332537823,0.01118082810016522,0.7404794764518741,0.9586365089771598,0.931837509219773,0.6387835185994539,0.4562012357292354,0.009184627127833665,0.01019895906025108,0.009174221762172542,0.008355408076630537,0.009037321146698335,0.0461857545329258,0.05486217168892952,0.04362103966591145,0.041202446517273374,0.045452304380618175,41900
0.029119226932525635,0.4581823444366455,0.16299411535263061,0.6770474934577941,0.2568685183823366,0.4280413223803041,0.7688520612494314,0.5446964689276436,0.29218993221052847,0.0832323221770185,0.0223832703754306,0.00861402825811888,0.022016717990944994,0.04846128366368619,0.008923187684793511,253.51366239214462,336008,0.08054984740912907,0.1652563959360124,0.11198362061245876,0.027973954380485232,0.012291569949968929,0.7569929522275918,0.9611775482874466,0.9267296173355798,0.6642157281216104,0.44461946173380795,0.009695236426778137,0.01056400566106093,0.009316874507137318,0.009465288055773395,0.009489789021812292,0.056133395750075574,0.057249133796020944,0.052971047038127744,0.05504697466046732,0.0598901157112171,42000
0.0006578445434570312,0.46554481506347656,0.18264728546142578,0.7018065738677979,0.21728285937013975,0.4292053423821926,0.7646993438027943,0.549122393131257,0.29010463030265504,0.07920298165560741,0.023723694086074824,0.009223486671338465,0.020475417278043896,0.05344411036428151,0.009397694808127261,253.52588200574027,336808,0.07940846139565116,0.1648620255291462,0.11355936492144757,0.02552978577258443,0.007871393853945292,0.746518628597259,0.9596171837370346,0.9375575372061805,0.6503912098530871,0.41396327187185683,0.008792199231684204,0.009897733495992444,0.008664373577821094,0.008134631417088319,0.008412326298876796,0.049148847002070416,0.05397125225039724,0.04750832986618098,0.04679058992496294,0.04802546448975234,42100
0.030107634067535402,0.4477114391326904,0.1727560019493103,0.6704031705856324,0.3006353766802436,0.43382138907909396,0.7692350434220359,0.5440117898914545,0.2869402673095463,0.08230475026208005,0.023084989869967112,0.00912524538299133,0.022742034835068325,0.052636096692973894,0.008435978731643907,253.53174220995436,337608,0.08075438071042293,0.16559651853957624,0.11090408663989759,0.024285213268740356,0.009226929507772059,0.7597582674026487,0.9589121511592957,0.9275843294130431,0.6517821624875071,0.453034617449786,0.009092152826488021,0.010269737838439024,0.008918413452597149,0.008536221985802214,0.008554349197829905,0.05259748391807079,0.0616411357389196,0.04567879416410711,0.055820202973942884,0.04721174878949249,42200
0.000615694522857666,0.4592052745819092,0.18065496206283568,0.6905856513977051,0.26943832360019243,0.42798832774162315,0.774169013957784,0.5549647083497169,0.28322619713585967,0.07719535411811106,0.024487206898629668,0.009020087302126209,0.020914782661838695,0.05835087030318567,0.008220970484507371,253.53590036116583,338408,0.07914627442136407,0.1657525977552538,0.1148958517618089,0.02267045973400984,0.008791899768031256,0.7456846129894262,0.9614825080139476,0.9369833799900033,0.6321579282506925,0.4262904229950396,0.008925673535559332,0.010366980555570792,0.008673140128094574,0.008348878700139336,0.008313945400469164,0.05232451276155189,0.06390037137375336,0.04558696722726544,0.05034951805458247,0.04982731078300578,42300
0.000663762092590332,0.4706942749023437,0.17253801345825195,0.6935247111320496,0.19844497333795866,0.4303963002562523,0.7628438136223976,0.5511839769103309,0.28946860867706875,0.07976720028389714,0.022254128796048447,0.008802986556762147,0.02076884068584327,0.05375316607103471,0.008056149785765087,253.5414751335806,339208,0.08049777273088696,0.16340722250596176,0.11341697997168484,0.025205338810804622,0.009377237709048079,0.7568132588267324,0.964477334296304,0.9376501278443765,0.64933248796565,0.44349125593136507,0.009057227096054707,0.01016854508066968,0.009302863636183326,0.008240046041873209,0.008386505872775344,0.04865109044127165,0.05699326578331623,0.0470253793237526,0.04380461782774819,0.046100061496671944,42400
0.028644769191741942,0.46049631357192994,0.1681184697151184,0.6803138756752014,0.20956372504865242,0.40310408681631105,0.7711006650799203,0.5394671545939501,0.2887682528534067,0.07942762157105114,0.025406458098441366,0.008054662489724395,0.021886838139610343,0.05978289202556288,0.008720808250668564,253.54837604281855,340008,0.07286978594958782,0.1651063994357461,0.11022207492522977,0.02528419314537608,0.008383784458371953,0.7218177774548534,0.9616404207129228,0.9311229630132737,0.6269268136505692,0.43146080001492354,0.00836681722197682,0.00996341806542324,0.008288672970859013,0.007550660275144997,0.00784568512316131,0.04847269491991026,0.058500416722687854,0.045183581323624517,0.04407977164347032,0.046780416190354404,42500
0.000691673755645752,0.45100114822387694,0.18332636833190918,0.685875244140625,0.17924575987067468,0.42723429173231137,0.7649430513975033,0.5518206485468355,0.29780862338659253,0.08324954360530477,0.022993204239755868,0.008406278947182927,0.021495518466893303,0.05185362944243157,0.009089678750913885,253.55399954997787,340808,0.07904705177992583,0.16455277600395135,0.11417773067580525,0.026101945819923814,0.009647204522574273,0.7528830367326731,0.9622214973269412,0.9310249873061679,0.6733113544743233,0.43386041716590446,0.008980022384785112,0.010291674616862439,0.009069868527927358,0.008206754595768162,0.008341777427942329,0.044544657645747075,0.04932485125143433,0.04174181325963483,0.04507257060215972,0.04192460920430062,42600
0.02966949701309204,0.42799795866012574,0.1897909474372864,0.6702463674545288,0.27433187865675357,0.42874810174107575,0.7703672815452922,0.5506503487888134,0.2737118318133678,0.08253252945576953,0.023001788454130277,0.010508703561076376,0.021470365153723636,0.05387939218780953,0.008410622609480556,253.56003530361986,341608,0.07969424050301316,0.16403385664929054,0.11246526584421337,0.02223118594944632,0.010258361659567759,0.7452159151434903,0.9624061833728444,0.9344988543736308,0.6177660763884588,0.4458459901689279,0.00931942390976474,0.010368028310635543,0.009692885693603832,0.0083626726748965,0.00872369426316724,0.05416880017495715,0.0608512085571419,0.05333484796513063,0.05172967802658,0.04990936849957725,42700
0.000725865364074707,0.46626237869262693,0.17620955944061278,0.695125093460083,0.2731977886261607,0.4020507772266865,0.7564730253070586,0.5417080762233335,0.2793794758067343,0.08433191437240042,0.023320638444274653,0.009507776889828758,0.021760691791513864,0.05491793955322996,0.007401038979077625,253.57055428722245,342408,0.07469827336259183,0.16432219060758754,0.11147448137641588,0.023081529533417126,0.012282017235528816,0.7355016708374026,0.9579024019961553,0.9284742742298762,0.6303386168526894,0.4720213079671248,0.009124971453566099,0.009919933540610746,0.0093549439972416,0.00842784689005299,0.008876708609590282,0.04713135904632511,0.049884769784209027,0.0437291809731228,0.04266850214011124,0.05178049844988716,42800
0.038076286315917966,0.4409136939048767,0.17978328227996826,0.6775125956535339,0.22890015942025424,0.42868250831961635,0.7619187224029316,0.5538192292054492,0.27972795362177416,0.09066965210478047,0.023452346501871946,0.009199107196043695,0.020905066052100817,0.0536833831054855,0.008202874898986037,253.5865681773397,343208,0.07981860423460602,0.1637705135906096,0.11416647723619487,0.024869508017306623,0.010906270841086233,0.7631553888320923,0.9610026903671796,0.9381175706352006,0.6301493109429914,0.49946309553610296,0.009263229770585892,0.010581464400644069,0.00917034032237199,0.008498408725412883,0.008779434396608457,0.047039218235295256,0.05713689765584025,0.04471336204135693,0.04308713449038641,0.043016787103654176,42900
0.000606687068939209,0.4678392195701599,0.18029292583465575,0.7012806344032287,0.27066219975018874,0.4204030400514603,0.7622570493328044,0.5420170602015252,0.27816820576786994,0.07957079178110385,0.023550718314945686,0.008910835570590896,0.021433422980821105,0.05467155491001905,0.008742016296309904,253.59985014814382,344008,0.07825446560978892,0.16326032979274868,0.11020545441891264,0.02597282081260345,0.009276836831607696,0.7458622115850445,0.9640779848122483,0.9362253903766765,0.6228965994715688,0.4402714738001428,0.009368264719378206,0.01095802667527576,0.009006251945443775,0.008979861438274376,0.008498864444845829,0.05342842823476532,0.06268432484858609,0.049422628341292144,0.05184503032010981,0.049706787305088526,43000
0.029495134353637695,0.45456428050994874,0.18140570878982543,0.6849809980392456,0.204838974094521,0.432423215508461,0.7753641848606911,0.5505064721016771,0.2767834302664986,0.08287390565294869,0.02269167103804648,0.008255494803382333,0.021051425992956636,0.05377675084821361,0.008251285173744943,253.60835210252327,344808,0.08053323529660704,0.16525934021836441,0.11419716987596906,0.022867844964488234,0.010168437054868387,0.751763916015625,0.9629368816790557,0.9332161526317182,0.6336345646050893,0.4553416390069491,0.00960233214311302,0.010744872847530207,0.009409694147863143,0.00892212919402167,0.009173325911476357,0.0560164751159027,0.06863681775530293,0.05074008573707113,0.05042190793071786,0.05228151076263626,43100
0.0006444597244262695,0.47319226026535033,0.17546527624130248,0.6993492937088013,0.2347116141159937,0.424023801088333,0.7663106186823415,0.5449515088608387,0.2828332018426487,0.08183304671804568,0.020378491086885345,0.008827550186966125,0.021464051698383516,0.048968600178403515,0.007967707008491596,253.61867467295224,345608,0.07959602568298581,0.16405552429231732,0.1116134110838175,0.024696337611281437,0.009563711936975444,0.7515081515908243,0.9626056313514708,0.9337029783349287,0.6555622737748282,0.45258754491805997,0.009254159834235906,0.01023431424559517,0.009228830828674527,0.00882939490090523,0.008619333805819581,0.051330645652487836,0.05926998855165118,0.04336608716433768,0.050296805309397834,0.0510866118616663,43200
0.031036150455474854,0.46317268133163453,0.18126578330993653,0.696931529045105,0.23548708079143585,0.4265338802337647,0.7709702916323823,0.5530618184142643,0.286446190359604,0.08261355764612004,0.02320783386006952,0.008221631674818132,0.02083043309963413,0.05285171559782484,0.009653350511422909,253.62733817855582,346408,0.07920164346694943,0.16435406416813958,0.1140349479847484,0.025394804299523524,0.010135850522952966,0.7547614711523053,0.9663659044128048,0.9379099533292977,0.6483548250629669,0.4393989513160058,0.009063974870368845,0.010373498502381652,0.009163290603707238,0.00836448918035881,0.008386571130286595,0.047495868653059006,0.05738239951511437,0.04361741664095059,0.04659486034576165,0.043279842646033705,43300
0.0006641554832458496,0.436308228969574,0.17895306825637816,0.6677389502525329,0.20527681352188817,0.40804958030581484,0.7702624419999252,0.5557732231838189,0.2866670145796472,0.08388322207990082,0.02229678279720247,0.008494784057399899,0.02043406666045258,0.05063268146253762,0.008311972387005087,253.636699562386,347208,0.07545168617740275,0.16489072966445334,0.11618231697795309,0.026813703946222983,0.009626631090027656,0.7409824430942541,0.9621556577135304,0.9370196437098319,0.6547397971153266,0.4592733915462049,0.009166709629353143,0.010247175131359545,0.009392398913611754,0.008759724694895192,0.008437146644952678,0.051062135893153046,0.058426949919501675,0.04905262079747563,0.049626418072596025,0.047995690629969195,43400
0.0006198310852050782,0.45612000703811645,0.1885308599472046,0.6952250576019288,0.20577895951608388,0.4103884395956991,0.7607770033371747,0.5462290857984722,0.2922800697774687,0.08686359680447538,0.02333081898745149,0.008696204988070987,0.02156929855229832,0.05359325980794088,0.008121022468507811,253.6433996586842,348008,0.0748870375193656,0.1641502339870501,0.11188718090291888,0.025623281817371252,0.009566196695663104,0.7485766828060154,0.9611116360395381,0.9333911020247662,0.6594081015383464,0.4810374105146148,0.008701724498532709,0.010043992878248278,0.00851412611133088,0.008091839409976202,0.008233828406110052,0.045584486359730336,0.05055126107942599,0.04383969586342571,0.04313271563341261,0.04495936414994895,43500
0.03128737688064575,0.4400951027870178,0.1726112413406372,0.6635059452056885,0.26269060974858593,0.41345917686820016,0.7678571843331862,0.5464098043199894,0.27907011690663125,0.0872757516450958,0.02381154702045023,0.008975051444209108,0.02219731871776534,0.053067116189475454,0.009437001644550722,253.6516999063976,348808,0.07602412233129148,0.1647851521609932,0.11265173275473608,0.02421327068061543,0.009339753068098344,0.7409753122925762,0.9607996818839865,0.927587364318866,0.6375916896796807,0.45225065031854234,0.00913498267997056,0.010205306082723603,0.00920764438735979,0.009100428264497258,0.00811004470388339,0.05307668243534863,0.057550584381666554,0.050860333742330885,0.05680277087930135,0.04744693137806758,43600
0.0006772112846374511,0.4743007445335388,0.17971492767333985,0.706576828956604,0.22149656544808116,0.44467918515205396,0.7707484609041463,0.5371083369646119,0.2923407334045236,0.08350324262490214,0.023085493156686433,0.008843166079037852,0.02257899396742383,0.05309486944512858,0.0077781912833238065,253.65992957653123,349608,0.0825666107796132,0.16415170000659104,0.10905697849140589,0.02619107942936454,0.00984616501888409,0.767946490645408,0.9639862370796695,0.9280879652058635,0.6528323630394027,0.4646598854284175,0.009350976888090376,0.010596046831188165,0.008954386130744021,0.008560032987499171,0.009030119981616746,0.0551676660962403,0.06721756824204683,0.049227409794059394,0.04905025319659651,0.05255195435843076,43700
0.030581173896789552,0.46412000894546507,0.1666546320915222,0.6836770868301392,0.24193537493923117,0.415742484331131,0.769007997133246,0.5458623086835472,0.28227808482166533,0.08887319729796478,0.02285133087076246,0.009584217782906102,0.021465918187923885,0.052006681885255215,0.008884290955583792,253.66490953754564,350408,0.07612097049597652,0.1647749943519705,0.11128520743643985,0.02437305696591254,0.009316185717692679,0.7463354197144512,0.9610845043291496,0.9343434416867314,0.6428640511498517,0.4715148074286328,0.008701613845769316,0.010049930961329985,0.00840005497547224,0.008316112568703899,0.008050028531856488,0.049594819946214556,0.06097749531250539,0.041705389090992064,0.04813980532402348,0.047155549428204,43800
0.0006742334365844727,0.46264697790145876,0.18361832380294799,0.6985647177696228,0.28001365727514643,0.4349391086399555,0.7641367198135446,0.5499978442017628,0.29052191532106825,0.07993220613570885,0.02257589174900204,0.008527922095336067,0.02085182478923987,0.05545310150851966,0.00844402688562696,253.66921232656003,351208,0.08124299250543114,0.16490159667856663,0.1122188707677329,0.02351689752146242,0.009540292844273306,0.7595905339717867,0.9614566504131264,0.9406513496143064,0.6596902557598645,0.4348980067297817,0.009284182882402098,0.010444628776475985,0.009146575258317883,0.008632153132429684,0.008751215889787988,0.04919788092374802,0.0542662952112437,0.04518371874057666,0.050469169598473314,0.046523910369918056,43900
0.030726463794708253,0.4712632703781128,0.17454760551452636,0.6996380281448364,0.21148849210291223,0.4320625770092011,0.7729210912341806,0.5508016901998665,0.28121148092295845,0.08786932801206909,0.022057917648926385,0.008520849509833664,0.02078569622420185,0.05169397540429092,0.008810781750780268,253.6824727475984,352008,0.08097432835027575,0.16594871088092877,0.11363876715826629,0.024199884279915793,0.011013820857549914,0.7539598822593694,0.9595026698470674,0.9361200179885981,0.6459818661521752,0.45041773013579534,0.009631374790333215,0.010927811485798295,0.009435864956347486,0.00888740816370733,0.009151123507091638,0.05538315298967062,0.062025548494530264,0.05375722652984471,0.052926998438284634,0.05221785530447958,44000
0.000670921802520752,0.46174705743789674,0.16712680101394653,0.6819219017028808,0.26996435716926404,0.4054352840781213,0.7579422540341808,0.5448880098836942,0.2832345606509554,0.08257969600910486,0.02299352846108378,0.008796402582447623,0.022264939514420858,0.054397687272735196,0.00833347192065876,253.68956293217258,352808,0.07564840503036975,0.1641353893404206,0.11215911521432326,0.024362385481807212,0.01145253591027788,0.7324595612287522,0.9592813762525713,0.925030796490994,0.6349615700466118,0.4506686570969496,0.009011064707301557,0.009969371727493122,0.00916683177233281,0.008401234526206385,0.008575125146572557,0.043475248105824,0.04992712774886361,0.041039230974064624,0.04060379479118843,0.04252474072008314,44100
0.030449395179748536,0.46942538022994995,0.172033588886261,0.6947935366630554,0.2567636497436104,0.4080211588740349,0.760258031363534,0.5480606149244043,0.2765221443449337,0.08183101172097648,0.023717863839119654,0.008901584981640998,0.020939116507706905,0.056629233872013296,0.008833908116353532,253.69583820676723,353608,0.07570546317845579,0.16413240791252348,0.11218676512330276,0.022888582970561636,0.011483351476969226,0.7295654293894767,0.9584086254091544,0.9368622790384022,0.6175320985281993,0.4444986509385512,0.009468980375677347,0.011356979401062903,0.009072262942996803,0.008456567678545494,0.00898276462663556,0.05217687827534976,0.06269982909451766,0.04748091365092369,0.047470574973729175,0.05068021052664966,44200
0.0006520390510559082,0.4365275764465332,0.17281000852584838,0.6600922918319703,0.203510480566643,0.40883585363626496,0.7675831420347083,0.5527079497513018,0.2788547042302966,0.0822206297933076,0.023749915258958934,0.008422030097184098,0.02108338600220646,0.056131797290702425,0.008779533150028699,253.7017544053749,354408,0.074674658216536,0.16483107783521214,0.11380498277905746,0.022916867663493264,0.008315751126840562,0.7281719791889194,0.9622485907748342,0.9360721581860593,0.6200955783448574,0.43573968399298624,0.008505851780064405,0.009806079154562516,0.008440237734956965,0.007853352407947545,0.00802033715072513,0.04825543671613557,0.058132724380508684,0.04498298836773946,0.043162063730698884,0.047173124118249025,44300
0.029077863693237303,0.4677319097518921,0.17836198806762696,0.6976650905609131,0.3539477017499007,0.41924432829022423,0.7610662194589772,0.5440190417822024,0.290456929795093,0.08331377233498471,0.023588592717424042,0.009275999535627003,0.021857782453298585,0.056346611953608634,0.008060673688017383,253.71042174385963,355208,0.07754904001951227,0.164919952241083,0.11074723355298817,0.02407472354179511,0.00973105805783099,0.7504477971792222,0.9578510463858643,0.9333706015764284,0.6437062112448722,0.4595459029816165,0.008786845444701624,0.010111228167564462,0.008573374327618719,0.008242968796552485,0.008269495183214693,0.05433230946306139,0.05600053405942167,0.051019241019736955,0.04878667664728786,0.06151659887210269,44400
0.017997350692749024,0.45829895257949826,0.16456310987472533,0.6756765604019165,0.23180700484604863,0.41725948303937915,0.7688277523184929,0.5529804812595915,0.2857899412793932,0.08425345083600595,0.024250481752678753,0.008260532939497946,0.020688245295489245,0.05535315735406185,0.008258741358785248,253.71756076157092,356008,0.07699093559756878,0.16537717054056575,0.11399584232244349,0.024885602354704623,0.01110035171732306,0.7508958238363264,0.9618192415597827,0.9379507079061151,0.6376199351166779,0.46384981964763816,0.009015702959150081,0.010159120580917873,0.009077983327308867,0.008158559607833902,0.00886291978194526,0.05051216608844696,0.058961281699106784,0.04687688866860963,0.045891630957518116,0.05234310429690304,44500
0.0006241106986999512,0.45019610166549684,0.18682395458221435,0.6880623722076415,0.1898190008969183,0.41829844921827314,0.7584312791146607,0.5459167448913353,0.2817426179327182,0.08702279057240837,0.022654104372486467,0.00854134484522782,0.021248488730349232,0.050386657234077405,0.009991054336135893,253.72650826258948,356808,0.07657033819705247,0.16258601322391927,0.11178954352862104,0.0238026602087144,0.008269822445458194,0.7481137454509741,0.9648653991936424,0.9350924155875745,0.6506177163242698,0.4387853536942993,0.008479416398331519,0.01001136335615201,0.00818756424169074,0.007883466219538771,0.007860882434702345,0.0470846093725413,0.052799885251044044,0.042393305722404934,0.04511287860312866,0.04823326836857534,44600
0.027795548439025878,0.44053048849105836,0.18491190433502197,0.6809349131584167,0.23679682012793096,0.43580530300736436,0.7645737574444161,0.5564747782129996,0.2907453560813645,0.08854873942173254,0.02364360108040273,0.008800510786157009,0.02059373722509726,0.05918016729022687,0.008600843257189975,253.73575764886036,357608,0.08179391009733082,0.16541797285144408,0.1150688271381353,0.02317500387410596,0.012243164369446816,0.7564641922712323,0.9579842643694834,0.9366608393819709,0.6370760292435692,0.4704831157411847,0.0100818245462142,0.011104831820236423,0.0102668992390758,0.009141496363251156,0.009664840896480838,0.05792975225951523,0.061867551297066815,0.058104554696106606,0.052928859583820084,0.05819897442504913,44700
0.0005998659133911133,0.4551910996437073,0.1874066710472107,0.6941686606407166,0.27724440657987365,0.41647352084517464,0.7789537055151811,0.5528127382887474,0.28500336397494846,0.0817438421251539,0.023507302091456926,0.008878846672516337,0.02088025121921948,0.05457054522463035,0.0093329297596938,253.7415384305032,358408,0.07644628943875434,0.16483852495907472,0.11371592310543105,0.02546852526187767,0.009195962305126993,0.7359788480401035,0.965500478706663,0.9374837789795193,0.6364240853940665,0.42793521886834734,0.008846283799503005,0.010258414777656077,0.008642158912504009,0.008310198815150266,0.008279425886799939,0.05289550586137919,0.06757302129168122,0.04589890818443557,0.04953090609074452,0.049604865805192196,44800
0.03822462558746338,0.4503000211715698,0.17918671369552613,0.6792994809150695,0.28829702177476996,0.4142303353548047,0.7645559222140214,0.5478389783956035,0.2837627275922655,0.08794960462075853,0.02344365530647338,0.00886557953608064,0.021181640436522434,0.05345503682422158,0.008146275108823773,253.75065335306778,359208,0.07600626569241291,0.1646695613385515,0.1120898641719677,0.023867431565735987,0.01102830567258174,0.7481952160596849,0.9595857750862201,0.9360605130101199,0.6479172814976095,0.465945821792925,0.008895861662458633,0.010020200737771835,0.009043009732711584,0.00807608509186709,0.008548765378397185,0.05216292241122573,0.061295446558320456,0.04677387912951335,0.0510780196525513,0.05016499644015638,44900
0.0007464456558227539,0.4453137516975403,0.1745704483985901,0.6707113862037659,0.27162967665623367,0.4199087032675742,0.7798325691467678,0.5409533559980964,0.2944441598314073,0.08456815108656884,0.022406958588398997,0.00835065368431597,0.022130827329554903,0.052470855506551985,0.008094700344372542,253.76160064242197,360008,0.07769797965884204,0.16577184857466284,0.11054994652766986,0.026235722478266825,0.0116109032660634,0.755248780846596,0.964243749777476,0.9296150998313831,0.6655069385785513,0.4759352675506049,0.009180230400525033,0.010274926014244557,0.008767781343477046,0.008708677860218159,0.008993843282085082,0.054365211660042406,0.061831121433239766,0.051478338031338014,0.04692884594433665,0.05704385285221398,45000
0.03358795166015625,0.4555443120002747,0.17735499858856202,0.6833820366859436,0.26543252211558477,0.42099873632192597,0.7666680469657439,0.5468206823761783,0.27824864771990293,0.08518013594642515,0.02454344304278493,0.008480420915264117,0.02170791835130298,0.056442571496415246,0.008605895732731489,253.77221870032744,360808,0.07757067169994111,0.16457989119520086,0.11187347940248044,0.02309963436696222,0.011037182381928514,0.7442798048257825,0.9630489978525373,0.9322258693661858,0.6213682665015166,0.45308292195910527,0.00925358091248199,0.010620767490543205,0.009097686428947385,0.008490521511291397,0.008843001239395961,0.053605788471177224,0.05820574922806988,0.05056975910727357,0.04835668174145778,0.05790346201075606,45100
0.0007137060165405273,0.434727303981781,0.17946014881134034,0.6631399345397949,0.30686074821251835,0.4236525344848633,0.7708289275329081,0.5539191663265233,0.28356417927891014,0.08359183505030683,0.023253885088488465,0.009470743297612608,0.020898941072060705,0.054461172397714114,0.008879248089537835,253.78276242149116,361608,0.0783839400857687,0.1648947346296036,0.11364857240163892,0.02399738683714531,0.010240114498149438,0.7476762530207639,0.9618162410110945,0.9397725155378912,0.6395174673199652,0.4558654248420826,0.009417778071947396,0.010588102220918563,0.008823808163721508,0.008941376532893643,0.009232304689790957,0.05741020753048363,0.06021890571813266,0.04814043316613647,0.05418079698923977,0.06628499456263807,45200
0.02911864757537842,0.47110164880752564,0.1751322865486145,0.6980811548233032,0.19904582676441182,0.423976027071476,0.7671383408268103,0.5549296487022095,0.2841551348002034,0.08323174170576614,0.022618482830002895,0.008747562979410387,0.020652692125657124,0.05130956721849632,0.008305019760528255,253.7926594415758,362408,0.07834300665184851,0.16389992312666327,0.11452590515081952,0.025534083718054365,0.009458139828907761,0.7465460941195486,0.9640715592785888,0.937095704916361,0.6367879224614514,0.4513895615553246,0.008984062802046536,0.010187450544596717,0.009082593972719204,0.008235532375520443,0.008410748008352056,0.05147697983775285,0.06130955460298646,0.05055353522200035,0.04881932611811149,0.04469028272403356,45300
0.0006715822219848633,0.4502235317230225,0.1656946659088135,0.6688667249679565,0.18867519207925987,0.41178812339901943,0.7670670593450515,0.5466913213973404,0.28061199822779453,0.08647016252283588,0.02448200558312237,0.0090264367107491,0.021570542824745017,0.05728571032258593,0.0087623168544199,253.799330832755,363208,0.07557730665430426,0.16639461039286568,0.1123066003764829,0.0233357919293175,0.009211050010680288,0.7371804285049439,0.9566789889698701,0.9323167035015677,0.6265660025286339,0.4659393111673686,0.008835654393769795,0.01004713244717284,0.008813224031880349,0.008031689087330016,0.008516133335293628,0.04900702159851789,0.05872393340855685,0.04527924460188673,0.04133593656889133,0.050845443069612466,45400
0.0006868052482604981,0.47576218605041504,0.17759337663650512,0.7067443346977234,0.22329165288056121,0.42209458440542225,0.7684111297130585,0.5502302912986219,0.28109447305139734,0.09111622116567268,0.02374097269959747,0.008536829473693308,0.021276058408697136,0.054663403084474885,0.007942247912069439,253.8073387430115,364008,0.07815924236550931,0.16476216190494594,0.11311812895003721,0.024720756381607513,0.012036291799328575,0.7529592818021774,0.9617618676275019,0.934142263615188,0.6349692615595731,0.47725582929948984,0.009510374702513228,0.010657234425404255,0.009491344637143016,0.00875326520072645,0.00920817700777359,0.048287672428414224,0.05408563931511405,0.045320414008959656,0.04574863920567566,0.048452624481190754,45500
0.03000596284866333,0.44726378679275514,0.1755684185028076,0.6763459014892578,0.19699407836278568,0.4115276041626931,0.7515693720309964,0.5461787016035238,0.28008572354611716,0.08460874745788247,0.024508125418797138,0.009305332874959342,0.02127593377970645,0.05879477384932942,0.008323234928965499,253.81734297552637,364808,0.07642842683941123,0.16398697074062088,0.11178605112238466,0.023084838276098696,0.010634416648610921,0.7404788970947264,0.9549500544865925,0.9354153815830977,0.6221729468817667,0.452441931951164,0.008744086879305543,0.009743005540522357,0.008370087693105923,0.008350080641155897,0.00860671158234525,0.043480429404880866,0.04964737027698265,0.041837293507801084,0.04191241071987525,0.04107967583753057,45600
0.0009090709686279297,0.46664947748184205,0.18038191318511962,0.7052289319038391,0.23584719903023388,0.43772625342011445,0.7713797185218559,0.5558595443671607,0.27845935948700196,0.08443535056871344,0.022964627793990066,0.009781065208064224,0.020727791555471876,0.05499149530306847,0.007569995490720851,253.82658582117966,365608,0.08235224111005664,0.16511135899795673,0.11556461557113334,0.02329937271842083,0.010423273917262419,0.7611264419555667,0.9599931867055169,0.9361345616151705,0.6293006938789524,0.46878722712800325,0.00953132934169843,0.011141200593830839,0.009278646960221935,0.008573404596192052,0.008965056832577731,0.05374185649212452,0.0636759154753373,0.04587471053742296,0.05016069348745482,0.05507059471832738,45700
0.05186399459838867,0.4647187304496765,0.1700264358520508,0.693771424293518,0.22378176757114976,0.4180942679941655,0.7666248714036129,0.5461021449507738,0.2872140885154773,0.08459758975199974,0.02347571136429906,0.00876602142593487,0.021556779817201013,0.05058478116388281,0.009139578388758786,253.8381807666863,366408,0.07688687715679404,0.16495614316552248,0.11192641727081157,0.025851467294910325,0.010226647016028627,0.7508237263560302,0.9610938379105106,0.9321643151888029,0.6566762064459147,0.4546364131726718,0.008751081307418643,0.010298448736145304,0.008562926075807428,0.007774103065944072,0.008538823540469538,0.04723093692795375,0.057335045284026886,0.04268615925400629,0.042420342090874426,0.04763096920092051,45800
0.0014593505859375,0.4270176482200623,0.1731249713897705,0.656784119606018,0.21749960528341783,0.43006658732891084,0.7670424351325397,0.5463936681357714,0.2860666622245122,0.0861126103748878,0.021976970331743353,0.007991852620482229,0.021591875623786245,0.05166525360709303,0.008530399532248382,253.85035383856757,367208,0.08062801722437138,0.1654809606619754,0.1117223741379208,0.02607135983459928,0.009828886657189102,0.7568706053495404,0.9602708822259532,0.9321447997712168,0.6451723629204684,0.4612125555674235,0.009306389652192583,0.010467120627604005,0.008955961805231007,0.008758660100361032,0.008972942650031577,0.04744118590839206,0.054395323417758414,0.040332219923864356,0.049512669547564454,0.045598590600853535,45900
0.056086809635162355,0.46839098691940306,0.17675306797027587,0.7010102486610412,0.2393682704382868,0.40705863744020476,0.7627136354946963,0.5461805430240932,0.29935617319677227,0.08960729036047015,0.022398697389289735,0.00958367622938541,0.021082855477288828,0.049293543260439096,0.0078426655048916,253.8568201831887,368008,0.07433211822062732,0.1643292517787184,0.11092453874880445,0.028657329677305405,0.010926673749223534,0.754411880373955,0.9597690326074201,0.9386641234159472,0.6833607959297464,0.4870479636414103,0.008978362255729731,0.01009036186640022,0.008714688287000172,0.008469396850691643,0.008779544294486895,0.051997085440671074,0.0578550262163131,0.050929017541420755,0.05098016385125203,0.04902205815333008,46000
0.0006629681587219238,0.42264881372451785,0.18258864164352417,0.6603330612182617,0.22681241823245157,0.40352665349841116,0.7606507877615042,0.5430510437428048,0.28656088758040904,0.07141579619064087,0.023377787470817566,0.009234284790342325,0.02151468157919531,0.05407279854019487,0.008047997884513844,253.86555656848884,368808,0.07417027058079846,0.16354885474245817,0.11100172243898906,0.02485798385368625,0.0085576073791533,0.7249326491355904,0.9620918937545409,0.9334390632392183,0.6451565745998836,0.39875234354217076,0.00846743629546836,0.009574403767200083,0.008494407516492861,0.007812428174029087,0.008096235394609632,0.046348159620538336,0.05267638791312672,0.04258092355720587,0.04227829578003903,0.04818315507914375,46100
0.030138213634490967,0.4553026843070984,0.17983165264129639,0.686882131099701,0.20755020832758192,0.4233523254096508,0.7670042336289657,0.5546792066039664,0.2810380404145262,0.08141299394089634,0.021930764429271207,0.008578224071575716,0.02078640921455291,0.049043699071325095,0.008269656976742836,253.87267124902186,369608,0.07846557695418602,0.1638672520515277,0.11480378499929456,0.0249014384000851,0.008659261325856784,0.7500125762820246,0.964205436597621,0.9348904784174934,0.6478315715132088,0.4405671172809108,0.008807622939348232,0.010029922603501893,0.008729651506207343,0.008208415152165542,0.00827387285447761,0.04461932486854495,0.05323453292931398,0.04013837070838698,0.04466547100378079,0.040583023613251286,46200
0.0006551289558410644,0.4525027823448181,0.16806995153427123,0.6715170478820801,0.24738368277562747,0.4317848467826842,0.7677806655191031,0.5484899872878818,0.2792611671345573,0.0871034585106284,0.022722707893699425,0.011040118033119117,0.02178098330107288,0.053014360299067836,0.009664576671512524,253.87950066343635,370408,0.08087545447051525,0.1646956078848748,0.11214354040347181,0.02353522758265693,0.009411936804225949,0.7540588143467902,0.9600725148646339,0.9327388720692336,0.633934506348201,0.4528979937828593,0.009167470494285226,0.010455392740385705,0.009288073132991926,0.00815310739246862,0.00856501411238861,0.04920383704826232,0.0574961781615989,0.04581331683076777,0.04586265240396774,0.046942748903153295,46300
0.028762030601501464,0.4636847949028015,0.17568119764328002,0.6921794319152832,0.23951899358725998,0.42220575347542755,0.7603550618886951,0.5431403929914407,0.2848567008345482,0.08412452794208719,0.02528470291756093,0.01037984330556354,0.02208617450067061,0.05649878721353468,0.008766120315428729,253.8859556967174,371208,0.07756785986945029,0.16359565228223802,0.11140356138719257,0.02340001049429772,0.010461834455034822,0.7491886979341503,0.9610015439987194,0.9287739748978497,0.6360593329523206,0.45594802386051936,0.008788911954034114,0.009870795526076111,0.008658832153398086,0.008285399900627472,0.008343079007809631,0.04925044127739965,0.05425109548494216,0.04154440592881753,0.04903192915649053,0.052469597263513364,46400
0.0006327939033508301,0.4422778034210205,0.17900466680526733,0.6722254085540772,0.2971655455682145,0.4241781780123711,0.7624853523272395,0.5538338054009164,0.27783803544614627,0.0821085209026932,0.02345824527554214,0.00882372383867339,0.021197208857182608,0.0593705941700255,0.008615194166020393,253.8944895410211,372008,0.07935212370008234,0.16389192099559974,0.11415083625476166,0.022301549868880895,0.009860489261449636,0.7412955302000042,0.9616967296262957,0.9365062289165725,0.6119723938729454,0.4423571058268688,0.009236683819908654,0.0104118825973205,0.009327709631326437,0.0081957645091714,0.008869518294198062,0.04994180067908019,0.0572289598442368,0.044167979058311005,0.0425599613378796,0.05458547726490546,46500
0.0006118559837341308,0.46316954374313357,0.18070457458496095,0.6954681324958801,0.2547387624808109,0.4195742896199228,0.7642481400367407,0.555614240680422,0.2878763169123263,0.08713202320750627,0.023719252403825518,0.008901046094096162,0.020441503991328533,0.054820891268843534,0.009219741585650414,253.90193485516727,372808,0.07750948764383787,0.16443901138509667,0.1148382752601589,0.024284266244720524,0.010992295583171862,0.7479689186811449,0.9624944479070245,0.9388496671404154,0.6433720562387915,0.45217258576771746,0.008946413453668358,0.010368613090445804,0.00915291319113402,0.007836735056366258,0.00852962006725858,0.0423456898564473,0.04553073657088895,0.0381478566543332,0.04176061785569887,0.04438235279612581,46600
0.028655271530151367,0.4410323905944824,0.19872063636779785,0.6887728953361512,0.23444547631054613,0.4131900836527348,0.7633237033197197,0.5504984958469864,0.26363683001988597,0.08295233509390149,0.021901623941957948,0.008552973916797931,0.021307640555314714,0.05204735892703351,0.00913717890121304,253.9151150915026,373608,0.07703825291246176,0.165103584970578,0.11258105598390107,0.021666978157515157,0.008302535896002376,0.7335470497608186,0.9576557387809947,0.9360815680027003,0.6141580582960791,0.43537281913178005,0.008755971696227783,0.009893379079657465,0.008969814077718189,0.007783454362019576,0.00831867460157095,0.046877213325351504,0.05106435190093252,0.04670620824676001,0.04279831702739975,0.04659177380326752,46700
0.0007390093803405762,0.4444775605201721,0.1701369023323059,0.6658273005485534,0.20622169829309203,0.4267159329354762,0.7641047405970599,0.544626528055084,0.28002709026743733,0.08507603943902767,0.023515342129394396,0.008258732278517917,0.021219518838678394,0.05430892745896082,0.009453858206162548,253.929030379649,374408,0.07924475701525806,0.16550131339879956,0.11067901726584049,0.023779316006864344,0.010144579868288109,0.7503922688961029,0.9583894613229834,0.937821982162339,0.632021267239641,0.45061794874515926,0.009155337186530242,0.010381736373308147,0.008944992560475148,0.008252832777343871,0.008982309113018854,0.04591612932039422,0.052949342706739504,0.04463263202045227,0.042782802536811014,0.04277724334648118,46800
0.028396446704864502,0.46439759254455565,0.17783294200897218,0.6959761643409729,0.22174314032345993,0.3984538327157496,0.7596612381425127,0.5494962106636964,0.28241647145121673,0.08886745017276616,0.02211083695292473,0.008973284462033557,0.020829351206661247,0.0538404177617738,0.007034923629059147,253.933876324283,375208,0.0734121863264591,0.1643643917087566,0.1132271816251707,0.024286336494771275,0.010738938665276193,0.7412615829706191,0.9594492548927268,0.9366834795540148,0.6342443592694347,0.5037063400969544,0.008647860526107245,0.00995379187326062,0.008702020592163089,0.007830528477064279,0.008246478592801802,0.047284112730994816,0.05226577130111462,0.04440868699851908,0.04588708300998772,0.046721935729918056,46900
0.000708003044128418,0.42470970153808596,0.1938356900215149,0.6705848360061646,0.2818197890646501,0.4156099206209183,0.7655777414639787,0.546558244633921,0.28867053367742695,0.08733260215630805,0.023304157084785403,0.009954701158074803,0.020929591034145382,0.05279247157911704,0.00883185219593817,253.93893299900154,376008,0.07703081395477057,0.16532892577159086,0.11159492860135348,0.027529472858849453,0.01015802317421016,0.7472797566652298,0.9577469553702926,0.9382208837676299,0.6480099198294845,0.4670206956493044,0.009502667100168762,0.010544719943442398,0.009562359635535747,0.00895793070653226,0.009002134597236382,0.0590591135621071,0.06294907373734393,0.056486258357667296,0.05844856949477668,0.05840743011207257,47000
0.028471686840057374,0.4566891503334045,0.18567363739013673,0.6933481574058533,0.19559808569037382,0.42439147233963015,0.77438858660256,0.5516686468048297,0.2845627139366808,0.08777483171655744,0.02245993362739683,0.008222380731958984,0.02089487035273316,0.05123763396626428,0.008092487700103882,253.94265399362868,376808,0.07843989800661796,0.16609484945855507,0.11410456142844042,0.02561538919828653,0.009500434248694003,0.7543080526590344,0.9592929031790757,0.9338006469163492,0.6477124705201102,0.483336323711473,0.009028597930446263,0.010575050388167539,0.008695741233594229,0.00816011447681203,0.008662789963129053,0.0486435145372525,0.05841957306398489,0.04486029402679825,0.044790758019579296,0.04618784106870744,47100
0.0007015728950500489,0.45256404876708983,0.17539013147354127,0.6781152224540711,0.19278516149713296,0.4330417546629907,0.76915187042866,0.5441774987728804,0.2760189157634524,0.08033096793453014,0.0238591728452593,0.008488614160041697,0.021819458852269654,0.056197253907632895,0.00820561813051928,253.9478838894138,377608,0.08060082262381907,0.1650304324461513,0.1118570993193121,0.02261548148802758,0.008715716392073896,0.7473164498806002,0.9612384156176922,0.9298682321454874,0.6127348335544074,0.42712527145160734,0.00896953348070383,0.010475575808061357,0.008592361490738304,0.008106181566514567,0.008619864887212607,0.05021718573290855,0.059726863827681165,0.04377110800096571,0.045807996107237285,0.051730481510082,47200
0.03022324085235596,0.46061765670776367,0.17764745473861696,0.6887900066375733,0.21098376113834957,0.4135891595482825,0.7707236792139437,0.5398710695456487,0.2841016711515676,0.08381030182953529,0.02397698231972754,0.008506341827695536,0.022369006487103747,0.05494800222476134,0.008274277998365021,253.95340999174738,378408,0.07521860355511309,0.16464527020800304,0.11020726934835619,0.023460644838159544,0.009378445924877542,0.7416829472780226,0.9637168655123735,0.9269950301671511,0.6427651210264733,0.4520795368912199,0.008549857088364662,0.00984268269979352,0.008330960570340407,0.007817725822525583,0.008284529410579262,0.047112661078572274,0.05581182851383724,0.04419220170025167,0.04306422267109157,0.045823524198909796,47300
0.0007415294647216796,0.4455594515800476,0.1778445315361023,0.6733132886886597,0.19270956089925287,0.4225752314925195,0.7639702084817388,0.5525049025969659,0.27988683003835707,0.08082007253830577,0.02314831599593163,0.008645928673152073,0.021081544717798852,0.054640551290711256,0.008397502621237342,253.9614160628138,379208,0.07838066741824153,0.16454271862381362,0.11444398000702731,0.022863269539868444,0.00777215628642301,0.7471240270137789,0.961306950920507,0.9328967062881709,0.6353446084600654,0.4350176631789847,0.008629860510118319,0.009757636445819548,0.008499286381836842,0.007738633481833912,0.008562063702295728,0.046031037652865044,0.05425088842595482,0.04236800766094781,0.042018568044325674,0.04618305144543497,47400
0.0006986689567565918,0.4741860508918762,0.1764255428314209,0.7026766109466552,0.24536647256812624,0.4261966189742089,0.7688826095889989,0.554543343429663,0.2852352816988244,0.08320622507290383,0.021019668588414774,0.008345366774526956,0.020897805225104104,0.05237423899593988,0.007603696418462645,253.96818645369038,380008,0.08005267413333053,0.16486117439650583,0.11428699640519165,0.0245324367110544,0.010139362330705856,0.7538804018497467,0.9622241490883446,0.9363735902066127,0.6482009994849721,0.46592289769033846,0.009308669711463154,0.010066484389695483,0.009436061715098963,0.008880011627471518,0.008791851776131733,0.05253072685096412,0.05534195566348765,0.05083124990318427,0.05479082568245157,0.04939461489177434,47500
0.033954319953918455,0.4441018843650818,0.19525524377822875,0.6916606426239014,0.20202775054329725,0.3994699279963973,0.759812746445339,0.5430632633557587,0.2800946621173017,0.08104211083083063,0.025679443553090094,0.008857187247162475,0.021666195670654264,0.05974735416164363,0.008338575102678498,253.9757924359213,380808,0.07194993058219554,0.16380457331736895,0.11118190909296745,0.022337948720808222,0.008360477379393997,0.7213414487242699,0.9606614394320379,0.9318976445519247,0.6180479761657363,0.4285329990980157,0.008155004663858566,0.009451146612668203,0.008411021109361571,0.00743856354522595,0.007549585712155653,0.04525787349790335,0.05267978693462081,0.04552251920876108,0.04023540453609385,0.04386015671737597,47600
0.0006751465797424316,0.4471837759017944,0.18030367374420167,0.6811454486846924,0.2099495104471634,0.4195704168081285,0.7610676410246869,0.5453387410769913,0.2877404241328034,0.08148729788566327,0.022652649525552994,0.009201996731666884,0.02117535311802119,0.04977819303041725,0.008418172320792415,253.98083353759432,381608,0.07789475763216622,0.16445427920137118,0.11174544655337125,0.025745894025752773,0.010508071776712306,0.7505663612484932,0.9578176037389402,0.9360174055169955,0.6556597480363255,0.44623135558019067,0.008812985792756084,0.009926724302278332,0.008822534070464919,0.008233226316593331,0.008297041429614188,0.050738179921172535,0.05869010685140039,0.046718525040775456,0.047632329810954416,0.05025138270987856,47700
0.03137014865875244,0.4569325184822082,0.17852373838424682,0.6868166828155517,0.256193974758842,0.43055812612175925,0.7678722509971037,0.5465112103120926,0.2895745941652701,0.09002591869768939,0.025059493137523526,0.008813457736463394,0.021389130276017985,0.05915267110909691,0.00907476488650243,253.98639411665297,382408,0.07978575671091676,0.1649136509603033,0.11222164157002719,0.023786586985806928,0.013215466345819753,0.753787553310394,0.9612825309427886,0.9328023643057963,0.6340002772899771,0.46764253135670963,0.009834807913284751,0.01019624093448958,0.010091353013998054,0.009258682771290366,0.009803345754374079,0.05718715885654092,0.05580018676566673,0.054965358823159643,0.05690995251419598,0.06137883650726653,47800
0.0007871317863464355,0.4562443375587463,0.16660791158676147,0.674161057472229,0.24135141520599432,0.4170511032640931,0.7662226041567696,0.5560151386318857,0.27971926642946493,0.08335373853443645,0.022633434142917394,0.009153874515983049,0.020700270902293087,0.054203808228805585,0.008635640341867984,253.99741843074304,383208,0.0774446756672113,0.1656543615552568,0.11464536029085948,0.022575016027543134,0.009171432178794134,0.7409658265113833,0.9575347473326419,0.9378585225170097,0.6309061532928837,0.448202848716935,0.008928433621767906,0.010235383794594976,0.008611625309093193,0.00832657845907663,0.008575186250351769,0.047305309367366134,0.05758438601888259,0.041043295034487705,0.0451858122389586,0.04586653704247416,47900
0.03059640884399414,0.4592689919471741,0.18935349225997924,0.6997372150421143,0.2548837019430523,0.4385776920616628,0.7711840027284412,0.5467490165661544,0.2767277566438659,0.08308585946190546,0.021749389013275514,0.008719100905114605,0.021938818843605427,0.05054103149140767,0.008633263272287797,254.00403682992692,384008,0.08243404008448124,0.1647558145257584,0.11284172095549411,0.023883410760429408,0.009169860233978784,0.755865540802479,0.9629354924614256,0.9286816994349156,0.6325309986763813,0.4477204626544993,0.009392569377087052,0.010383754354539653,0.009353441057296909,0.008635798526155043,0.00898257779462778,0.053034562277607604,0.060869655846394394,0.04855810738144777,0.05201902935043613,0.04914941582977377,48000
0.0006502509117126465,0.4376561260223389,0.17911415576934814,0.6692354059219361,0.2185245067479835,0.41150903061032285,0.7662666963135941,0.5469534717640779,0.2755186911284304,0.07834306692417989,0.022579868454486122,0.008158815071355808,0.02144981017511969,0.05271189744720079,0.008951891491261237,254.01151545214879,384808,0.07648944310843948,0.16408908240338593,0.11228384070520135,0.024472421762766313,0.008845807076095996,0.7333864590525627,0.9637607231419141,0.9319681128803281,0.6240607549746827,0.4236790626668011,0.008704367808531982,0.01017092686998558,0.008370126914979766,0.008282142217164298,0.008109239344216443,0.048009891647961926,0.05770394337076219,0.04257381185510347,0.046910045602089646,0.045803822575880296,48100
0.02925081253051758,0.47465201139450075,0.18648550271987915,0.7168262553215027,0.19307753237720784,0.41811723098158854,0.7604087677644324,0.5494878022043918,0.2809905822104123,0.08190453014526491,0.02195026353001594,0.008403917420486597,0.0210282893396669,0.05088601818481948,0.008150386317941216,254.0200823635086,385608,0.07793993465602399,0.16448871976662166,0.11227481095164037,0.02466877768361467,0.009602070053395317,0.7520690110325816,0.9592066465881818,0.9376170724770273,0.6462143199431459,0.4581916800778894,0.008801315915770826,0.009943040471446786,0.008693493218401648,0.008341586436844713,0.008260724795009226,0.047319266991689805,0.053993954139862965,0.042241814974782875,0.04534479996450055,0.048186703788959846,48200
0.0007561564445495606,0.41997782468795775,0.19321783304214477,0.6619736242294312,0.22536259494533015,0.4257372927665713,0.7621295431961768,0.5483370203640043,0.28504385837466906,0.08352567450823005,0.02371029029600323,0.008683889514624909,0.020576395593660427,0.053975447250756425,0.008800544211565444,254.0259019646989,386408,0.07815092489123343,0.16389068313266905,0.11218594331486323,0.023982984900570294,0.009183443571768098,0.7535930633544917,0.9614526272395956,0.9388622681504677,0.6408926730401052,0.4570997218827942,0.008773916140198706,0.010140833899306785,0.008780077819894887,0.007992487598785033,0.008141907307042454,0.046050069520715664,0.05507958654971157,0.044392137328575644,0.04110564925233514,0.0434048519948044,48300
0.030801968574523927,0.4618884563446045,0.17726069688796997,0.6921878004074097,0.2550274966004363,0.425780810713768,0.7684050858593897,0.5406277286265178,0.28563002017741995,0.08395724290961858,0.025284351687878372,0.008249068268364338,0.021764918285967313,0.05999135016135763,0.008241334190887593,254.03422210459678,387208,0.07827900923788543,0.16562934993551318,0.10973008476931197,0.023168944321931333,0.0110721040594702,0.7447859132289887,0.9586074323608325,0.9325143450900057,0.6162023474353012,0.4581291278203328,0.009371275394223635,0.009948927568844877,0.00923678685230603,0.009276629572060886,0.008973233439328694,0.05279442146420478,0.06072247978702823,0.04858134369187325,0.05383896483370748,0.04710409964274573,48400
0.0006184697151184082,0.4529419732093811,0.19059053421020508,0.6951129961013794,0.2407419725269147,0.4018006800115107,0.7777266609534791,0.5484506262475581,0.2661383579174681,0.07998846882680591,0.022993087330833054,0.008617004564390357,0.0207104591805655,0.0522180881706022,0.008208730733088313,254.0457138481046,388008,0.07317271392792463,0.16543031090430985,0.11207946434394647,0.02239556252579428,0.008817703139822544,0.7239976054430011,0.963559900776724,0.9398509907485241,0.6107424168359669,0.42899746098224584,0.008427184221800424,0.009462756575660758,0.008317020381175311,0.007937788425589955,0.008145592611291892,0.05150830470025539,0.06251121457310374,0.04943194145346015,0.04609486030059909,0.0495919747436993,48500
0.0008136773109436035,0.45106920719146726,0.1767771553993225,0.6792765545845032,0.21340776324337513,0.4385616701841356,0.7730856842772899,0.5456530562043191,0.2930989316825208,0.08794626312146145,0.023763761939480908,0.008146237407616073,0.021350767610128992,0.0565480559678941,0.008297580059561476,254.05439481259776,388808,0.08166988573968409,0.16507160268550686,0.11227857105433944,0.024931214890887784,0.012795400662171129,0.7664548021554947,0.9619095602700871,0.9323516961932187,0.6577597178261847,0.4744929687662439,0.010005513001233347,0.010786080113503837,0.010006804957520233,0.008768192368554946,0.010462083155289289,0.06395696158055217,0.0726247482716517,0.05981770141981546,0.051862046443696685,0.07175666304397306,48600
0.032350523471832274,0.4775360012054443,0.17949732065200805,0.7072098994255066,0.18870845140652787,0.4108556661009787,0.7688662593669078,0.5449262315576734,0.29005008518407904,0.07827012152703491,0.022751116156578072,0.00819351814471759,0.02184461829760535,0.05162531026787515,0.007965400563058058,254.06080072711526,389608,0.074942582603544,0.16475837408228117,0.11164692326477083,0.025832038673072828,0.007372796739078168,0.7403199172019955,0.9625616932803011,0.9309401632559423,0.6576586190053235,0.43880601752783377,0.008282146982382985,0.009581259144668241,0.008419199095276941,0.007757765739247343,0.007495564917003471,0.047933109416626415,0.05532167021908424,0.04409959190054747,0.04593572787409608,0.04688695007665222,48700
0.0007187557220458984,0.460656201839447,0.168400661945343,0.6811871743202209,0.24462250295473134,0.41432719081640246,0.7641510505651693,0.5478909026138746,0.29260970920626905,0.07877164766902017,0.023570180423557748,0.008744004219722427,0.021591744633700376,0.05629544462394065,0.008442131881435793,254.06592884373325,390408,0.07581606581807135,0.1642140647799699,0.11241163051308097,0.024384379882701115,0.007722318159704589,0.7376005607843394,0.9611488580703732,0.9327557152839164,0.6484472542849891,0.42978606962022314,0.008406829230953008,0.010063352116105182,0.008266690796727896,0.007484649026738054,0.007874408321055982,0.04869642694946377,0.05976471597972064,0.04380342712036183,0.04416758684101065,0.047356619308924375,48800
0.029911272525787354,0.47346101522445677,0.17556000947952272,0.6998196935653687,0.26437371381896235,0.4251461531221865,0.7654963815675195,0.5556248247322403,0.27920487745865863,0.0804851965901132,0.023934270590543743,0.009792781093618957,0.020621612536335203,0.05550423003367932,0.008980006386385261,254.079713903569,391208,0.07928949885070313,0.16419920043169875,0.11542672773051743,0.02306078334895929,0.01066495542727352,0.7423486036062239,0.9607780873775482,0.9359930419560634,0.6301689174245384,0.4274870653947194,0.009519338365644222,0.010701557718560958,0.00919510028089838,0.008990400532424886,0.009147282490933623,0.04950377214234321,0.056986435108537785,0.04478587438775739,0.04722622538661109,0.048760723822245694,48900
0.0006441116333007812,0.4372938013076782,0.17859194278717042,0.6681037330627442,0.2305434085980329,0.416822145283222,0.77269230523835,0.5462676872154174,0.2926702875466573,0.08542956222601712,0.025206301799044015,0.009225898204654784,0.021123273515610528,0.05511594479460087,0.008374509834461506,254.0952794894867,392008,0.07527985066175459,0.1649527569989796,0.11166999426665637,0.02546554618087715,0.010590654610844434,0.747484756112099,0.9616036732559617,0.9350912931001735,0.6500698862137737,0.4610297962072047,0.008639850919134915,0.009888426709474755,0.008528312190724203,0.00783807437189601,0.00851988052810602,0.05426882409490643,0.06211143378775732,0.04757898141095783,0.05335066293354158,0.05473134565622882,49000
0.03177007675170898,0.46751008987426756,0.18091373205184935,0.7040403509140014,0.21260785778730312,0.41512247458100315,0.7678567666118423,0.5479030850584866,0.2865067731451107,0.0835330017223096,0.025914758271537733,0.00819378935516219,0.02108629317134963,0.05988312273338017,0.009382785891587435,254.1033814664032,392808,0.07536506064236166,0.16498731379791842,0.11169731341026452,0.02405444170775203,0.009250861583448247,0.7416549533605571,0.961856318058941,0.9384351165758235,0.6270409673452378,0.444673097258463,0.008507242545019836,0.009971719132578464,0.008432625122454563,0.007870345610340501,0.007954754299820628,0.043642737769987436,0.0520463852464395,0.04059207937637069,0.03943260935786246,0.04406621602500414,49100
0.0006922101974487305,0.45897143125534057,0.17105249166488648,0.681521611213684,0.2490604644472584,0.41384635612368575,0.7709065657489154,0.5427278362098757,0.28444299483534163,0.08409133566041974,0.025358615275472396,0.01003207139342985,0.02163078633518264,0.060407579344298155,0.009053489182126487,254.10769062828913,393608,0.07586407460272311,0.16418530685561036,0.11149096878853489,0.023132378415530317,0.011044760325323576,0.7309264856576924,0.9631174644645386,0.9294095431584775,0.6205983103202483,0.4356378219448604,0.009314917107112708,0.011185705559613299,0.00906866282668602,0.008467069874045084,0.008608020605886566,0.05400803574826569,0.06989721897324275,0.04767592336953535,0.04707491801124929,0.05167746208294725,49200
0.028656823635101317,0.45107327222824095,0.18984485149383545,0.6898367071151733,0.19040282603973555,0.407156488597393,0.7627906778454776,0.5494417007912936,0.27733372518590055,0.07680022575977176,0.0214469644613564,0.008324122278718272,0.020744671676566916,0.05031373855353868,0.008649736205221753,254.11409795009715,394408,0.07527526186779145,0.16369179278612134,0.11285920983011082,0.02391728817200569,0.008005190435373647,0.7268221849203108,0.962445414364338,0.9365470724947309,0.6412055254600214,0.40946225009181253,0.008613541577942661,0.009689849461428817,0.008591005690694665,0.008099537388629093,0.008105157226832086,0.04959680128842594,0.057559136338532005,0.04486972201157382,0.04957674480395614,0.046393927271393194,49300
0.0007129955291748047,0.47346882581710814,0.1820850419998169,0.7052546143531799,0.23489507544298968,0.4181460605561735,0.7626285602893734,0.5433069560194264,0.28399476003616014,0.09494794757763068,0.02389980430714785,0.008174944180981475,0.021264397331701667,0.05969304849099309,0.008699254397086584,254.12059865690878,395208,0.07626414030790328,0.1635970600279682,0.11039909845883979,0.022440087138264994,0.010251876772315162,0.7505767619609837,0.9632554867584715,0.9364601185284749,0.6225261129245862,0.49306258177870266,0.008777339144144202,0.010156385251894376,0.008596417123760667,0.008137749860285167,0.008201094223980873,0.04316466521006077,0.051320132264968336,0.03889140934765415,0.042906232023795045,0.03946350963777414,49400
0.0006700563430786133,0.44912583589553834,0.17268649816513063,0.6734476017951966,0.21268231402663834,0.4231945237517357,0.7663714663263713,0.5489620821129888,0.27989259483509316,0.08473752337066749,0.024713713508099318,0.009252294676899728,0.02152375811811094,0.05738330308867754,0.007875853382957803,254.12577088977613,396008,0.07719207666814325,0.16338310052048088,0.11204774407369478,0.02385029344234701,0.008620526614647935,0.7444046413898467,0.9630444839810643,0.9342383223195225,0.6156542229097958,0.46375490834838473,0.008672136566601693,0.010236871765222423,0.008438763038445544,0.007913554049378557,0.008037784255697924,0.05223595765186473,0.06303869725681797,0.04775684110079239,0.048995268399025786,0.04840485918041514,49500
0.05439763069152832,0.47975549459457395,0.17117416620254516,0.706698386669159,0.2354827569456843,0.41861252993345244,0.7589448678669676,0.5563444641847465,0.2855101707300134,0.08544624945623619,0.02268160614650695,0.00904479678037802,0.020086929273530448,0.052931459958427685,0.008405606562554763,254.1317504616918,396808,0.07733617860823867,0.1638678423142785,0.11475531421798874,0.02433591600571411,0.009561222092266765,0.748749101758003,0.9604949619382471,0.9427391271742569,0.6520802010508143,0.4549840563068203,0.008881071517243983,0.009836936580576919,0.008970106395069882,0.008389447610277469,0.008339027778300307,0.04700370564591139,0.05299365230069815,0.04281414148185857,0.041856181465418044,0.05007215363073948,49600
0.0006955862045288086,0.4576034641265869,0.16907044410705566,0.677298653125763,0.2199632377940447,0.4285665035247802,0.765023449962994,0.5555785722169448,0.2832745750665023,0.08580800593633373,0.022036785930395122,0.008867500005026334,0.020230295761352633,0.052917188143618,0.009266467165119311,254.14510228459326,397608,0.07998965723440059,0.16393143304114083,0.11512920679758541,0.023911733290440943,0.00926092223452376,0.7457067677378658,0.9626892875387986,0.9380263665213656,0.636991375236101,0.43018542839388546,0.009148443453013903,0.010115707892801524,0.00906920236951892,0.00848609760343548,0.008822853514108022,0.0489237434696406,0.055616985193787626,0.04517834247019722,0.04584207521471121,0.04842895454740872,49700
0.028796632289886475,0.44777565002441405,0.19159180879592896,0.6923091459274292,0.19661070055749932,0.41998787939548504,0.75987631638433,0.5464124556344284,0.287044059304358,0.0857477032439542,0.022265688879415386,0.008790589593968544,0.021355984181774656,0.04843553165832842,0.008788616277055494,254.154339791774,398408,0.07715756643563508,0.1636206980968387,0.11230522840140529,0.02541741063180879,0.008040332419368312,0.7538082289695736,0.9601185865352815,0.9339052243874627,0.6612813330969761,0.4521629847393137,0.008381815701723094,0.009797839122134326,0.008452960493741557,0.007653913835913522,0.007666049626477331,0.04590857992880049,0.05677336970238023,0.041612117076650856,0.04036258372649982,0.04559373570403439,49800
0.0006914901733398438,0.4507270121574402,0.17678573846817017,0.6799428582191467,0.2642821456030427,0.41648453384637807,0.759827369965878,0.5560065457429836,0.2969408827682433,0.08595923807524959,0.022897880501113833,0.009796027863530567,0.02033416743552873,0.053315936048684905,0.00816205756571056,254.16098653634714,399208,0.07696161203086373,0.164831281237796,0.11543486811338909,0.02518870457410447,0.010270285147564458,0.7500971794128418,0.9557065137751817,0.9377844926541448,0.6689482052337944,0.4680843867396854,0.00887573461513967,0.01017382729628364,0.008652950380805621,0.008165824084813382,0.008546321343860073,0.04678536434192212,0.055249934607105027,0.04058346893914321,0.041481561559651575,0.04954038734516896,49900
0.03211317539215088,0.44507370233535765,0.19695720911026002,0.6932917833328247,0.2474513371096909,0.41699935898184776,0.7669096446493601,0.5458629254032585,0.2742314478618842,0.08316622241647639,0.022526401504874234,0.008499010229866473,0.021805250267672507,0.053554547359684644,0.007811595812318441,254.1691863742779,400008,0.07701335718855258,0.16426966685142236,0.11214653840836356,0.022157154459657553,0.009381464667334827,0.7412261885404584,0.9635588227276594,0.9298311226508199,0.6255161396137949,0.4564833666967308,0.008885958541650323,0.010078075943452317,0.00907488254939809,0.008080291828887568,0.00827839823241756,0.045979701117612425,0.05350421461316814,0.04347461651273588,0.04172232793880446,0.044697237430491296,50000
0.0006496405601501465,0.42450069189071654,0.18651145458221435,0.6597058987617492,0.19855397919677464,0.41718600690364827,0.7609195900921844,0.5534131037230461,0.28126022404040923,0.08091704452446863,0.023132838495075705,0.008741198711614379,0.020706170210474387,0.05491119440212245,0.008695233568455547,254.17422866883751,400808,0.07712043978273875,0.16410933517331466,0.1138989061454133,0.023438908970524395,0.008489254760492008,0.7386177974939349,0.9589703068062279,0.9373308450133359,0.6302363273471286,0.4350172491634596,0.008724709339439866,0.009647762985553726,0.008536188626877184,0.008316736334389202,0.008404153463083746,0.05141641644644552,0.05777895371850821,0.043929957520291635,0.05348390669354961,0.05050610929074715,50100
0.031592974662780764,0.46914847135543825,0.18658231258392333,0.7078102445602417,0.2130774704491496,0.431632291972637,0.7700546156651901,0.5484014934900273,0.29465613872104995,0.08123803589795088,0.02334271379746498,0.008093994425489843,0.021615761991715013,0.05411553896927071,0.00801037735859486,254.18097687289531,401608,0.07931768669746814,0.16507429009912045,0.11247633274591146,0.024090981580015703,0.009119075726768051,0.7579056161642076,0.9626040036725526,0.9316539385102012,0.66127728334829,0.44466079570151656,0.008790463359327988,0.010032270458702114,0.008680748706460708,0.008307971275416113,0.008090537486321029,0.04610052577219908,0.053748928569487806,0.04562684594381725,0.04226089430306398,0.042518398954809904,50200
0.0008249115943908691,0.4721448683738709,0.18407276391983032,0.7070940613746644,0.24389968735876372,0.42439392343163485,0.7685910033308753,0.5396931674745349,0.2791944215671297,0.08175679768707297,0.024003898212686173,0.009082061428359827,0.021865138059688923,0.05534959649087854,0.008908106766587782,254.18743013866458,402408,0.07712200246751312,0.1640646007235195,0.10941281047546193,0.021879711694142028,0.00781400412840109,0.7449268883466725,0.9630117865457933,0.9330218480692969,0.634806538312628,0.4397053538511198,0.008720336901023988,0.009933518613667378,0.008334762869506247,0.00802096426843456,0.00845932341568793,0.05455054714344444,0.06395757165588604,0.047819944403858616,0.053780950080050766,0.050968338347350525,50300
0.029706966876983643,0.4518298721313477,0.17359955072402955,0.6780857348442078,0.2505222241555451,0.4170055571198462,0.7676533566843168,0.5373696114508629,0.28216133222206324,0.07981113215908402,0.02396108716726304,0.008170338353893657,0.022921663300053872,0.05641445488812615,0.00831794144236482,254.19657802518105,403208,0.07656561590731147,0.16594139265246907,0.10938167490708045,0.022708576517781968,0.008098589461296789,0.7382191815972323,0.9578140513731703,0.923065774029282,0.6345013323707963,0.43859090834856074,0.008684930016752329,0.010104264231804435,0.008654709679646622,0.00784906261456917,0.008121216230792918,0.053208697920199464,0.06577241293265314,0.04696514929153098,0.04929187300902285,0.0506056501925923,50400
0.0006116819381713867,0.478015673160553,0.18106635570526122,0.7132574343681335,0.22236933538926992,0.40887230783700945,0.7620855297533992,0.5442775910099351,0.28139210814454885,0.08419368315709244,0.023715890999883433,0.00875349137412035,0.021761762215949915,0.05804049865885944,0.008795620401530242,254.2065306055515,404008,0.07524617267772553,0.1638468580348843,0.11160327965626488,0.022253566689566177,0.010130559447217208,0.7333579877018929,0.961996550184821,0.9312172854940093,0.6306102219969032,0.44430221760109656,0.008795847934670748,0.009658206573351842,0.008829549587971984,0.008194806978281125,0.008517512292537383,0.050574155753711256,0.05910875712140805,0.0434366400592504,0.052090115950704785,0.04782539861251232,50500
0.0006137657165527344,0.4594904327392578,0.1627868342399597,0.673782832622528,0.2799570513523896,0.42211798816919327,0.769253133158935,0.5417628922557407,0.2765055577241886,0.08134634155584003,0.024947105846367758,0.00984268306301123,0.022161672987966955,0.05867410593752546,0.008927685353218726,254.21110548191479,404808,0.07815491039305929,0.16519601258792374,0.11091501237742145,0.02181433038137969,0.009673225680537714,0.7424313896894459,0.9605786668626886,0.9278008051678133,0.6125677799441154,0.4363896438949989,0.008892077151685954,0.01021475849526102,0.008536645540951113,0.008395014904420245,0.008499699071245759,0.04511020051315428,0.051505184781394535,0.03907817225507668,0.04519824096548963,0.04580026118476923,50600
0.030299806594848634,0.46229050397872923,0.18309324741363525,0.6982941150665283,0.2055216980080784,0.4174222974479196,0.7640123338312717,0.5510284240855733,0.287376303726168,0.08222015315769753,0.024295598221942775,0.00846836697876554,0.020971684036559843,0.05775536108409886,0.008804477846025303,254.21546226836685,405608,0.07684516889043148,0.16417847316007353,0.1129160408883594,0.024943981518904087,0.00910768065550107,0.7424755287170411,0.9612787079166721,0.9359915378481839,0.6285786753270162,0.4450319906574999,0.008531810785643756,0.009733839914504744,0.008816152473175253,0.007732402695463368,0.00791458553171262,0.04718831792357377,0.051731690704017085,0.04769292395280373,0.04491218052276259,0.044718415194411026,50700
0.0006368446350097656,0.46186466932296755,0.15910558700561522,0.6727379775047302,0.2584813352574286,0.41490585446357725,0.7673657455882007,0.5447706424527702,0.2685574252089417,0.08635966841906775,0.023271099040284748,0.009687203398775227,0.02180316803149054,0.05109936707541001,0.008373576573327855,254.2199246146082,406408,0.07610327688977121,0.16506797852723487,0.11141787024421825,0.02296985224583534,0.008613426422671924,0.7398084712028502,0.9593137894275683,0.931991932127211,0.6237855147984294,0.4607746567822953,0.008788636105600737,0.010065943814796094,0.008604176780985049,0.00811211830888944,0.008356797662539986,0.049418743886053544,0.05955517436445196,0.045751391615097683,0.044081108234995274,0.04797108703515103,50800
0.02946047782897949,0.4388468408584595,0.16547584295272827,0.6553741669654847,0.2954022951177795,0.4101308456063272,0.7716355699080006,0.547677658073643,0.2904958309614715,0.07787266230625563,0.024750324198976156,0.009159455417098583,0.02192305765051991,0.058067152627568314,0.008616452487141466,254.2298198632363,407208,0.07530139796435832,0.1657119508458192,0.113237488184877,0.024911434142197954,0.00905240698269528,0.7238418185710905,0.9603834606352301,0.9278711170112532,0.6409834035928703,0.40662697677928683,0.008984134648926554,0.009952742234365184,0.008767428952679427,0.00880915238094574,0.00848640334655605,0.05915616377023976,0.061408382233123865,0.053700451915263375,0.06439016442093555,0.05699429156090976,50900
0.0006320023536682129,0.46259196519851686,0.17283087015151977,0.6854308581352234,0.20929551826767287,0.42430383980274194,0.7614158760264235,0.5528553004312042,0.2865070387295316,0.07681234402502597,0.021673766830936077,0.009229360039583155,0.0207941697882765,0.05312125388798972,0.008937191414002383,254.23974488775804,408008,0.07989643704146149,0.1631799478716445,0.11426698477330176,0.025976335040426686,0.008034177085327337,0.7430889010429382,0.9615250755593465,0.9363731331754435,0.6468832554136004,0.4183690084665305,0.008947156309150158,0.009828847982340825,0.009075126472381085,0.0082495912936117,0.008517323465691227,0.04933512384071945,0.05594205701468901,0.04303075158553624,0.04604648852188674,0.05145988471020383,51000
0.030223631858825685,0.46842231273651125,0.1859045958518982,0.705478138923645,0.22864349503827475,0.4312143220007423,0.773792102236614,0.5485466207776754,0.2709474540973834,0.0847605202773897,0.023392696585506207,0.008235091401185743,0.021547201055152544,0.057457707629719496,0.008350748787051993,254.2479805807247,408808,0.0801806452870368,0.16484290820972938,0.11202156697881635,0.02132975033250349,0.010696733993730355,0.7491631990671159,0.9639364297144885,0.935159958642105,0.6025891094931752,0.4589383946731689,0.009282309936825177,0.010552215927376232,0.009078242775887762,0.008442036384541092,0.008918549521088908,0.05579835567157714,0.06620267428953867,0.05310866402306141,0.04996720204100562,0.0528464471499319,51100
0.0006480264663696289,0.4580983257293701,0.18735806465148927,0.6946470403671264,0.19604168232780114,0.4214438690245151,0.764365404424533,0.5505918372900056,0.28392067889152967,0.073887274110628,0.02196391965262593,0.008474669180659604,0.02101686062434546,0.055388239690859015,0.007784227363906485,254.2630386254196,409608,0.07924739008769392,0.16527745442491185,0.11285206981194325,0.023513372211835408,0.009155166524647788,0.7351082432270047,0.9586868711480507,0.9368836726897805,0.6305178071253866,0.4126552365967448,0.009108763094991434,0.010153847053524604,0.008915886335456988,0.008520055284404627,0.008737029439341544,0.04644011999014765,0.052071769037524425,0.044599360215644854,0.04478257297389006,0.04387814330237245,51200
0.030498807430267335,0.42637302160263063,0.1903143048286438,0.6662792682647705,0.2701066993148931,0.4207865504920482,0.760385195314884,0.5454535585094763,0.2933690063254809,0.08249602767364413,0.02297994525637477,0.009476495151175192,0.02113637571776475,0.05496935848827642,0.009126215610779136,254.27358846390828,410408,0.0786346249654889,0.16434842564165608,0.11202154384143112,0.02595612978292328,0.00976674188241128,0.7464890092611314,0.9572356614470483,0.9350650123352016,0.6536445579221176,0.43771850314117294,0.008893884231802079,0.010517009010072803,0.008706283719607303,0.008249553103220236,0.008092212445746014,0.04723884531063959,0.059830255825072495,0.041058252938991555,0.04214927498301272,0.0458270607646645,51300
0.0006569504737854003,0.4585490536689758,0.18437394380569458,0.6949576187133789,0.17941638943817914,0.4448166275024414,0.7598132817453929,0.5512646082604283,0.2936980462171764,0.08421921727756063,0.02414949879050255,0.00863501732922433,0.021553055228813005,0.054085448601883704,0.009099736184801659,254.2798818120519,411208,0.08293710101395842,0.16472111231061665,0.11350897557590847,0.024902975977676975,0.010357455026209815,0.7667467135190958,0.9591914631122911,0.9311971024121388,0.6669698310232607,0.4330226939880043,0.009263897107448432,0.01040708763541746,0.00938805752885667,0.008282890432366281,0.008848007025619952,0.043578377790981886,0.04965998791421582,0.04239087950583492,0.041964872774480924,0.038922726808750016,51400
0.0008477020263671875,0.44024852514266966,0.1780029082298279,0.6718929076194763,0.21739477705128823,0.41576686680316916,0.7694180974593527,0.5528426331894419,0.2728226783020155,0.08751707242744174,0.024492576457560065,0.00878431654156564,0.021097624635271664,0.056801456341608624,0.008000608281287631,254.28736920017275,412008,0.07631541617214686,0.16591100067227746,0.11377017802306423,0.02166913059052257,0.01009894445893768,0.7436133801937104,0.9574781207592934,0.9351769980983208,0.6126710854825519,0.4734065981255364,0.008811798735987397,0.010025460114395554,0.00892799287037836,0.00802920965832614,0.008392168791033326,0.05524354229215532,0.06635518929828975,0.05399164156422506,0.05573934470081613,0.04566348298721631,51500
0.029217534065246582,0.46912442684173583,0.1823748517036438,0.7047918391227722,0.2553538727459779,0.42086936920881257,0.7616580240244937,0.5498686434299339,0.27948664022343495,0.08373891204303388,0.023863588022068144,0.008961579164265295,0.021787107059293816,0.05903723917251072,0.008181674823658,254.29610611548605,412808,0.07805441321805123,0.16463338770889874,0.11299413144953692,0.021313725364586665,0.009528706346720683,0.7412171941995622,0.9584976472878105,0.9317336427230463,0.6196118684672803,0.4471491437916663,0.00896180382929742,0.010315678802690478,0.008928722770446363,0.008150740413281007,0.008399072956914708,0.04889553047483787,0.05657781120917296,0.04769781364388215,0.0447372738062527,0.04630112731212971,51600
0.0008089852333068848,0.45661818027496337,0.17442817211151124,0.6854708957672119,0.2058062883175211,0.4079274871945384,0.7662031518088448,0.547721739577991,0.2832460009293364,0.08062809879951818,0.025484580020420252,0.00805462806063049,0.02127023749253761,0.05873808495276274,0.008715144729830182,254.3035962036422,413608,0.07372808209620414,0.16524875581895224,0.11281091948190033,0.022748982133634858,0.008317652966396239,0.7286267057061194,0.9616583860109724,0.9340215552878631,0.6256720591336485,0.43417602095437896,0.008308251085691153,0.009450972871115754,0.00817662487257152,0.007666556509710576,0.008070677171336183,0.046578683613333824,0.05195239941569822,0.04336439216915035,0.041829878154593235,0.0497924067214391,51700
0.03055138349533081,0.45759865283966067,0.1948818278312683,0.7078077125549317,0.256345554147074,0.41383547618985184,0.7727664325496938,0.5466291370062996,0.2796669962289541,0.08006536830024628,0.024336001425981534,0.008464205613023239,0.021724957881773678,0.0538956945924007,0.008159170158869912,254.3172540947487,414408,0.07492663927376272,0.1651583123620195,0.11270000832690587,0.023288143692416653,0.008315761427193421,0.7329746752977374,0.9629115648198838,0.931164554138293,0.6329197435275363,0.43441976345691447,0.00859005820238963,0.009591273781336342,0.008809845897251329,0.008000541657573832,0.008049337581020891,0.04941631657071414,0.05699967173859477,0.04980885187142541,0.047132643389151165,0.04387562556825964,51800
0.0006929254531860352,0.4299942398071289,0.2022129464149475,0.6835949182510376,0.220099908981588,0.4217450888454912,0.7663685244565103,0.5424965950094647,0.28253797524505114,0.07891171794229486,0.02513195663690567,0.00945105616297877,0.022059010528898394,0.05981609173062622,0.008796583670118712,254.32716987734895,415208,0.07761977514252065,0.16416064999541444,0.11047460204947784,0.022794976160212452,0.009194595186878962,0.7361196121573451,0.962832750714555,0.9295703445639564,0.6178800237901282,0.4110008931408327,0.008666779079940165,0.009896462536131852,0.0086203595801805,0.008095327685963405,0.008052524869223511,0.04501506696222351,0.05330208936653917,0.04461224575822947,0.04075316449443839,0.04139946297800636,51900
0.03155483722686767,0.47878223180770874,0.172453396320343,0.7037290644645691,0.230022408970662,0.39790683910250657,0.7682397306999029,0.5441417396068576,0.27521934621207733,0.0758690847119746,0.024359325198456645,0.008755912163800887,0.021752475961434224,0.054290952397003975,0.008642069994843604,254.33311708707086,416008,0.07197960135526954,0.16485230805556897,0.1111790764671152,0.02281519581353472,0.00795750356841241,0.7173417446017264,0.9605883983518347,0.9312559425240702,0.6219478084744391,0.4068039629894953,0.008119697703514252,0.00948455031272132,0.007952981109795454,0.007477106937434754,0.007816810428406682,0.04628581064054744,0.05938221252324179,0.03797099210833671,0.04292244578964906,0.04697699328691948,52000
0.0008166551589965821,0.4555220150947571,0.189171941280365,0.695371527671814,0.2109110823308269,0.42397329404950124,0.7628243676587653,0.5414992248378521,0.2907750177055753,0.08047522947831882,0.021812297333963206,0.008329878421386185,0.021722605955845454,0.05011959970533773,0.008490503130062024,254.33946789811006,416808,0.07887768067419527,0.16433329792583692,0.1097650537132353,0.02738451397568183,0.00821385611403696,0.750626529455185,0.9610205377433813,0.9345565611037651,0.6574684553121395,0.43143104664003007,0.00879284471971914,0.009840007469642394,0.008677535185338432,0.008282613055536731,0.008326693813109567,0.0493779683485627,0.05643679845767716,0.04361866657050767,0.04778818390697865,0.04965990246038394,52100
0.0396335768699646,0.43648486614227294,0.18081034421920777,0.6680476713180542,0.20959803294424964,0.43105256974697126,0.7620333547101297,0.5525537427062189,0.28352672090033176,0.08043134886303242,0.023404136942699553,0.00818834100980037,0.021387768485017604,0.05541793714703327,0.007911125712651415,254.35031938894957,417608,0.08060893520712852,0.16447392938768152,0.11387422339659985,0.024036135540891387,0.009738754007782121,0.7553264904022217,0.9617864623957986,0.9326200822246404,0.6360765707552736,0.4475236000910487,0.009084355887025594,0.010006245116100595,0.008929736890490635,0.008389965734028048,0.008992589236608615,0.04547251532552764,0.05067284742151112,0.03999403559180654,0.04248405908744536,0.049331694051287456,52200
0.0007938027381896972,0.46616032600402835,0.1779977035522461,0.6960502767562866,0.18578790839148146,0.41572051152586936,0.7722325881132105,0.5435702841464295,0.2774849540367722,0.07793003223084198,0.02231113541871309,0.008222496567592559,0.021397525795781212,0.052540198601782336,0.008204902462659036,254.35507032846962,418408,0.07630323089659212,0.16466649090559285,0.11071531301557691,0.02338390714488923,0.008123099805043933,0.7345283201336866,0.9651079066632466,0.934436166547035,0.6318609619140627,0.4256783443001601,0.008669008403085172,0.010108012875372704,0.008467381865885418,0.007902087864931675,0.008137901812845566,0.045407651164568956,0.0523532040096356,0.04439612427125861,0.04044184432365002,0.044093469650341326,52300
0.030486905574798585,0.451286244392395,0.1739087462425232,0.6772163867950439,0.2128301648148592,0.40880672693252573,0.7701219342609139,0.5486366937452175,0.28561520589841316,0.08018162856708357,0.025632423991337423,0.009302628078413271,0.021115108591286437,0.05871103665135766,0.00843636683501893,254.3617672295564,419208,0.07375491675920783,0.16484492116752164,0.11305997278937635,0.024143924267394572,0.007616650998951997,0.7266742753982546,0.9616710371512139,0.9340380496801215,0.6272045670603421,0.4259463601773327,0.008287166727241125,0.00925775264504361,0.008523401878576004,0.007856156381532012,0.007644609955028805,0.0480592371895909,0.054323464064276156,0.04729694387617902,0.04572616322508974,0.04554525803829921,52400
0.0006868267059326172,0.4308821368217468,0.1992981743812561,0.680947265625,0.23891511566137658,0.4322313392162326,0.7665682429807231,0.5432626532183757,0.2875464594202674,0.07856244908241679,0.024842917136847966,0.008756550846635696,0.021845653208179612,0.06066948085050716,0.008622845654528597,254.3687707815933,420008,0.07964779805392026,0.16389860572260714,0.11077931092845074,0.023745562706895075,0.008405986492073646,0.7416573941707613,0.9620083753477064,0.9298662430710263,0.6195553206457882,0.4277373079269648,0.008947534849867225,0.010220039202913376,0.008834856117351181,0.008098596383546822,0.008431586109239745,0.05153686970472336,0.06372934193023601,0.04359153362198009,0.04856025862961718,0.04759257804188458,52500
0.0006157541275024414,0.4345329070091248,0.18406795501708983,0.6711924004554749,0.22080448747299652,0.43205101639032395,0.7688870563318858,0.5389476329247577,0.2876236442672582,0.0764249471517709,0.022595165576785804,0.0081003727723248,0.022236468743552798,0.054942948116283696,0.008368551824241873,254.37564913202908,420808,0.07991317277774221,0.1644722525226442,0.10935023042527749,0.02348628576942963,0.007794756306789052,0.7484351250529289,0.9628572675742606,0.9300157389538815,0.6480159037991582,0.42143936707423285,0.00888847041875123,0.010029975136970746,0.00861856707665612,0.00796004557050764,0.008717237446361636,0.04982551724649965,0.058074375302040654,0.04397258133612529,0.04294264512381665,0.05249990228181464,52600
0.0305479097366333,0.4873460578918457,0.1747797441482544,0.7126514601707459,0.2690497827452501,0.4091872516274452,0.7732277150665011,0.5440381367464323,0.28564581876327555,0.08503552533786837,0.02366625871509313,0.00980705737756395,0.021590109864199486,0.05670162955497578,0.008317262810541674,254.38608538066885,421608,0.07441535305231817,0.1648938152558948,0.11084177977329975,0.024212590766229142,0.008727408932975009,0.7352389124035839,0.961480135516245,0.9340810015394883,0.6400711509176933,0.4542433313421299,0.00864360463107005,0.009739718751563722,0.008468117523384656,0.0082583607595206,0.008163964045485727,0.05309105247259138,0.0625606375195238,0.04938087454820804,0.05136337298143482,0.04935545385353733,52700
0.0007296156883239746,0.436714198589325,0.18325471639633178,0.6700129723548889,0.22921400552058327,0.43353398308157926,0.7737716175444116,0.5468594037478252,0.27720204515334923,0.07992303159267189,0.023142694784328344,0.009183812236803915,0.02129094547763541,0.0542011436457053,0.008944201054061473,254.3981966009744,422408,0.08090140599757435,0.16505064880518322,0.1124773751666297,0.02372384591219134,0.008936000067770566,0.7447719699144361,0.9627649481944776,0.9315480791514191,0.6211051473250755,0.42000490363268883,0.00916458942461759,0.010567309409980817,0.00904287231289109,0.008358634401781445,0.008508098152351566,0.05305413447320461,0.0662077763482654,0.046834342455055876,0.046017122170768504,0.05181378852526212,52800
0.033182287216186525,0.48381378650665285,0.17362344026565552,0.7091736769676209,0.21097020230300995,0.4015212559700013,0.7584238812406233,0.5461456196344632,0.2739377657722948,0.07645470507374277,0.02255511282943189,0.008821388958182155,0.02110047821117071,0.05250682603012809,0.008501393695829713,254.40565774517248,423208,0.07444721300154929,0.1644570430908255,0.1120706581871729,0.02279875698061943,0.009195329044722377,0.7235427680611608,0.9586393486255058,0.9349616583512756,0.6302028752938663,0.41298950899581227,0.008506895140744748,0.009630779974734185,0.00845159824500429,0.00792806243966097,0.008106124784780261,0.04215178739279508,0.04621802147221629,0.04200547271199064,0.03848959593986623,0.04208392261909455,52900
0.0006355023384094238,0.4489452362060547,0.19739622831344605,0.6981635856628418,0.21488343524279635,0.404046439230442,0.7649363263405576,0.5478801956772802,0.27616159914363736,0.08050069425187942,0.023036370901390907,0.008203451178674104,0.021183786196634174,0.0575505610779708,0.007505120752014319,254.41508463749818,424008,0.07512375764548776,0.16550733101240456,0.11272337896749376,0.02284173147036106,0.010097697650413824,0.7323384302854531,0.9582689493735206,0.9340586823225021,0.6155655309167837,0.46076439737199676,0.008889103112742304,0.010354916288711656,0.00862012224504723,0.008185854493713503,0.00850175894998214,0.04590683817863464,0.054830893077314855,0.03981598755344753,0.04236404406131094,0.0469250613110358,53000
0.03094380855560303,0.4464566659927368,0.17979159832000732,0.6743935012817383,0.2141323924154992,0.4163161881268023,0.7597228145721004,0.5427978298125354,0.28425693044853945,0.08070809106925138,0.02407851749099792,0.008282280588826666,0.022152421794509367,0.05852561331368558,0.008553399254219248,254.42537234630018,424808,0.07707557545974855,0.1638553917255936,0.11072650911787964,0.023546049818927387,0.00970099707308405,0.7407741415500642,0.9604691254849341,0.9304650222452788,0.6248265199093,0.4445276891656694,0.008686921414919203,0.010115539379493917,0.008730460822474792,0.007669217731330756,0.008230524829226397,0.0435347214480862,0.05265530711039901,0.04212035483886626,0.03962914285930403,0.03989102751970882,53100
0.0006736063957214355,0.45366429805755615,0.18842266321182252,0.6917418575286866,0.20576282333862825,0.42864155977964397,0.7751690185857266,0.5511899827342278,0.2756305805837301,0.08694819260976819,0.023495453321374957,0.007858465527533555,0.02111942214695246,0.05550528172170742,0.008276732786754636,254.43189251604878,425608,0.07920401033014064,0.16475325907176394,0.11491188573601994,0.02261292531777423,0.009993527714457162,0.7508319437503813,0.9644524306058881,0.93049182829104,0.6217793859541418,0.4740951478481291,0.00909480279311538,0.01012301274777373,0.008936508119988584,0.00843629922690944,0.008826719736680384,0.05064277948345987,0.06019330501802404,0.04393063724580173,0.04719267734057768,0.050475499786338515,53200
0.03000446319580078,0.45191680669784545,0.1757635235786438,0.6806343531608582,0.1767698711324216,0.4094568142294883,0.7659033620776847,0.5467578775620878,0.28088314677106896,0.07855449164552347,0.02304141608998178,0.008267750418932178,0.021305465284799582,0.04987904079587617,0.007806466908992404,254.43864811875463,426408,0.07452508490532633,0.16456211137412172,0.11164011743802554,0.02511332513652098,0.008837629500443934,0.7348653516173362,0.9614480365460834,0.9352832612274694,0.6493134927646856,0.4291805567181839,0.008573586745187645,0.010100711747798027,0.008126856656906567,0.00811806900812119,0.007956579320455855,0.04781143008789518,0.05837483587470047,0.04171765150470024,0.045041577475534895,0.04574363289088515,53300
0.0007967042922973633,0.46964675426483155,0.181869957447052,0.7055809378623963,0.21983677493726822,0.41551088169217104,0.7703023690895489,0.5522578632111076,0.2779898221059789,0.0817367049126789,0.02370307323522865,0.008493024042952041,0.020840933653884203,0.055806314269572777,0.007952640969719134,254.44744232599788,427208,0.07583098154515028,0.16489085621140848,0.11377244639200168,0.022527038591984197,0.008421790501644169,0.7336352759599682,0.9618126071732622,0.9340098002454739,0.6249731242094396,0.43929151214402284,0.008746689197141673,0.010218755812315367,0.008661625868446383,0.007845375601219827,0.00829215956796786,0.050642801257781686,0.05811585051470938,0.04774806036736693,0.04726979898657858,0.049287581180905905,53400
0.0006091451644897461,0.4681202292442322,0.16700506925582886,0.6889425373077392,0.21166061027663202,0.399256807267666,0.7638665125483552,0.5400171019728219,0.27881911484206595,0.07287339388912177,0.022130654091015448,0.008161941511191852,0.02156091498201173,0.050505464696666016,0.007987479681432381,254.45692192001027,428008,0.07336440611630676,0.16487092662740663,0.1097130131705728,0.02348173918293382,0.009130892623859691,0.7219683232903482,0.9591706902892506,0.932723694692843,0.6404831601352233,0.4087906600692854,0.008465525936335323,0.009577878933183103,0.008293371167152177,0.007930112510874145,0.008152448918782015,0.04570009886752817,0.05433900219945129,0.04133597028653617,0.0452171289157577,0.04243316989143122,53500
0.031222777366638185,0.4447330832481384,0.19094327211380005,0.6912817597389221,0.18892974181864877,0.43393274083733546,0.7626757386704561,0.5474726559150783,0.2865009329479593,0.0784365341026821,0.023003092650324113,0.008448777707488187,0.021707298748549955,0.05428418448590551,0.008519043799542879,254.46517581645156,428808,0.08084825437515973,0.16392255892775992,0.11197435029205824,0.02448729827753968,0.008274108761764619,0.7525314313173294,0.9615339096723035,0.9329838304292587,0.640463998589491,0.422186232779337,0.008858479761984206,0.010183994612381078,0.008941757395153958,0.007789843481690314,0.008349913653269751,0.050708085778169314,0.05925422381749592,0.04456736925058068,0.04694417204437632,0.051771446751207977,53600
0.0006055474281311035,0.4492993116378784,0.17190603256225587,0.6778145861625672,0.23746002101337257,0.4322815385460854,0.7692017116636601,0.549590578321183,0.28555826809424045,0.07751329069000633,0.023078645281493674,0.008055902448348829,0.021184386828416342,0.05472887304162059,0.007974676701642962,254.4813049370714,429608,0.08008129827678202,0.1645656644876272,0.11290880377487379,0.023416575746360545,0.008988149892035365,0.7517087787389756,0.9634326881957501,0.9354601148331515,0.6437698015526165,0.42572226202165725,0.009066923311911522,0.010447455508599312,0.009029139667786295,0.008128354942138816,0.008545905542937483,0.05002084092702718,0.06229021804152445,0.04586388155273946,0.045352308144468535,0.045572045979064855,53700
0.03129201650619507,0.45807035446166994,0.176916766166687,0.6904027390480042,0.2311160860849262,0.41910390734672537,0.7606410887092352,0.5490909232585516,0.2801652089068573,0.08224418631406746,0.022828888045623903,0.008753062830995377,0.020680444179258,0.05393529498767218,0.008343935040157343,254.49193816108698,430408,0.07810347806662328,0.16489089365738144,0.11306465137749908,0.02310046463839939,0.009698363994083593,0.7479687386751174,0.9571330801894267,0.9372509585486518,0.6374492666770504,0.4469397573760059,0.008788301907479769,0.010484798578545451,0.008730192143789098,0.007885828880669982,0.008090847944417463,0.04495628030039372,0.053188547606017246,0.04256364303270216,0.040945733746168084,0.04351315079868362,53800
0.0006576800346374512,0.45963904142379763,0.18165595293045045,0.696942527294159,0.22664190472209295,0.4234832757711412,0.7634282456710939,0.5463406646360544,0.29065814165700765,0.0860812412763033,0.023387307217344656,0.008757112502583677,0.021183616802793792,0.05586334297443252,0.008683684095034769,254.49637494805373,431208,0.07764285275712605,0.1640729669015854,0.11135042101553037,0.024073103589069143,0.008225085884638392,0.7553558337688444,0.9614333684245743,0.9365112332448565,0.6455016850801036,0.4611246519618565,0.008465035697445276,0.009567203616218945,0.008396725217093072,0.007806620489883951,0.008106960240055364,0.046365369035629565,0.05375099410533342,0.043781442248760016,0.0419065189561246,0.046362744379703946,53900
0.030973386764526368,0.45130587816238404,0.16854855060577392,0.6727962756156921,0.22920655809172438,0.4327343858033417,0.7590352394771127,0.5521306233371012,0.27679904673884553,0.08502556804274575,0.023469244865700605,0.009384292917339212,0.021149899506959714,0.05352938330573281,0.008362013036633694,254.50105170943024,432008,0.08124739027116444,0.16442279454687947,0.1142017000774835,0.024478403024557144,0.009329425399924185,0.7542046058177944,0.9579952708992046,0.9328001313934138,0.6256643702344197,0.45369814420014276,0.009171355452854192,0.010200447781107649,0.009244518928622412,0.008723802589697812,0.008371503329103325,0.045522843622602505,0.04971142373148334,0.04403977565850847,0.04392887333453427,0.04404611446831923,54000
0.0006683039665222168,0.46440677404403685,0.176121985912323,0.6921687293052673,0.2310857875672891,0.429678831845522,0.7632268089056014,0.549108462139619,0.2851396155695023,0.08327495114325163,0.023951319474726913,0.009865994643769228,0.02134385684201884,0.05406250417911508,0.008924390877927093,254.50914398768333,432808,0.07980046255514024,0.16434098981320863,0.11322787546141201,0.0239321025526564,0.009725067481797722,0.7548063504695894,0.9591766858100895,0.9345652128374853,0.6433960354974116,0.4421363960910631,0.008843820539768794,0.010054695887956768,0.00899540807207137,0.007993303342570963,0.008282768902123226,0.04231749311380554,0.050120573672174915,0.041137702712453504,0.037639299584805004,0.04035437284459636,54100
0.06360482931137085,0.450018789768219,0.16541418313980102,0.6667371249198913,0.20505727840149612,0.4222962118685244,0.7677168879077664,0.5526175455749046,0.28752241872859274,0.08869954164980391,0.021943860938772576,0.007824339564882642,0.020474449493922298,0.05189134796359103,0.008450980237741927,254.5196553397727,433608,0.07821004252880809,0.16530018940043803,0.11381516180932509,0.02588231136846565,0.008962590763027347,0.7537781286239627,0.9614998431661025,0.9395548701286314,0.6527922886366749,0.4674427977422391,0.008846465812530369,0.0106310937109043,0.00885288322693668,0.007895009859455562,0.008017494749822992,0.045974789285101,0.051399194576950726,0.04557448386913169,0.04408756407852073,0.04290406036122546,54200
0.0008496594429016113,0.4585929465293884,0.18485562562942504,0.6962860560417176,0.18825605488582628,0.4155293047428131,0.769788221257632,0.5441009214630829,0.28630974623236327,0.08136598327800847,0.022857984052971007,0.007863498125556102,0.02231138727748422,0.051605366345605634,0.008059414163882372,254.5266210044852,434408,0.07653288805857299,0.16476722794478063,0.11089827535949932,0.025797422563813947,0.009591963803208422,0.7425367295742035,0.9631218470510888,0.9280671987820562,0.6484792270872856,0.4337827533333745,0.008812144724652167,0.01013813836530584,0.008668019613078634,0.008029108908543789,0.00854404132120574,0.04576468266081066,0.05766487537114754,0.04136454049040808,0.04457654952219149,0.040803367770440746,54300
0.045321066379547116,0.4287223267555237,0.18615158557891845,0.6667137765884399,0.18212633825481733,0.42778008192777633,0.7686169034972485,0.5414882127993877,0.28835456802405174,0.08476420179241065,0.02283266711980106,0.008542618672696081,0.022127954403653588,0.05302024602810329,0.008913640851224904,254.5341274934862,435208,0.07898967009037731,0.16403267851897635,0.11048790704392433,0.024276570727012763,0.009079383499196533,0.7553064668178557,0.9642213263681954,0.9290253211344984,0.655257257229504,0.43846122650284836,0.008717492124997074,0.009910418782668302,0.008758901136129022,0.007998414743532323,0.008154685010679957,0.048521645008586356,0.056004652919779956,0.047360604308778406,0.04723399490576219,0.043517469544291816,54400
0.0006545639038085938,0.45722689390182497,0.1907149887084961,0.6982831239700318,0.2525340861884085,0.43538407087326064,0.7761069133401463,0.5457255274057392,0.29439942413332476,0.08033495169704545,0.022111117430031316,0.008955427198819647,0.02157631383375512,0.04976021163488306,0.008341761807930809,254.54000523212025,436008,0.07993296902626754,0.16549994772699866,0.11146428428198164,0.025231657517465304,0.007549619756111745,0.7588050836324696,0.9626146065045709,0.932346999958942,0.6811304924511671,0.43120197297404045,0.00885371108539402,0.010222570324257092,0.008674464742407994,0.008071376024607098,0.008283913805686612,0.050507003958337,0.06154262817562581,0.046316206715020694,0.045076712073831966,0.04773646815576483,54500
0.0007122540473937988,0.46930413484573363,0.1666810941696167,0.6881762838363648,0.23502327408224513,0.41868017941713337,0.7593155257331514,0.5393074830674164,0.28741253794608096,0.07704703562892977,0.02476381245069205,0.008495737379190769,0.022059409507559694,0.06050862353390117,0.009167373702512126,254.54702596132284,436808,0.07712486419826743,0.16384486260923378,0.10944628256438964,0.023794400088764652,0.008068916242918939,0.7328286367654797,0.9610855012264069,0.9318839188175971,0.6216841583349264,0.4095809307694436,0.008738833712413905,0.009764109796943886,0.008724423174774558,0.008139641765429046,0.008284273885656146,0.052863703703042136,0.05948420001184836,0.047664353033678185,0.04915276957124626,0.05482866511680186,54600
0.03507054328918457,0.43952558517456053,0.20061320781707764,0.6913039875030518,0.30517803932725485,0.41046309620141985,0.7723244664632732,0.5556438066836061,0.27779576533370554,0.08351219805213166,0.02555513344705105,0.010291815906181593,0.020678200419114424,0.05842699792650009,0.008198713839816504,254.55394538863305,437608,0.07422676727175707,0.16431289215378356,0.11510187224752609,0.022259951835084286,0.009684115412015012,0.7334232133626942,0.9639959807323317,0.9347042886690167,0.6206658077239988,0.4634461288943008,0.0087291147117503,0.009986856647384202,0.008667875599148202,0.008044423617215614,0.008321937949707113,0.05547129055485128,0.0639812722187584,0.05480636967795675,0.049807535964581706,0.05406724461171698,54700
0.0006648516654968262,0.46361915826797484,0.18053056716918944,0.6970124435424805,0.2265444880761159,0.4185680843889713,0.7656735935807224,0.5443095225554245,0.28858081558171417,0.08312888706649721,0.022566955685615526,0.008453329762851363,0.021665288326449886,0.05132999958004803,0.008292773486559851,254.56034888117287,438408,0.07723892375826834,0.16399346970021733,0.11079286892826742,0.027182330563436167,0.009167365540995906,0.743934680223465,0.9639741626381875,0.9327869445849689,0.6474779964077707,0.43967136577587207,0.008715017768554394,0.010097440527752041,0.008486136252012775,0.007917022172763365,0.008371427944810403,0.046129939462989544,0.054341362104751226,0.04180305433005861,0.043067714751825956,0.04526502361048512,54800
0.03137488603591919,0.44303523778915405,0.17234946966171263,0.6662322235107422,0.17863367298779723,0.419906711280346,0.7640919673502149,0.5376352791128488,0.284775965668336,0.08493575939174851,0.02440762675367295,0.00866189961575334,0.022757791418563888,0.057723291531073466,0.00876775879949106,254.56709922548075,439208,0.07710235715843738,0.16451316864336316,0.10888718485171567,0.023328728086051673,0.00955329559310669,0.7457102209329609,0.960287584297693,0.9255952106908032,0.6326833755681013,0.45648099467007774,0.00866759135620669,0.00990405024274887,0.00873782844374443,0.007896783247806434,0.00811119560114664,0.04687241957522931,0.05478062496441805,0.04572192781370849,0.04061305719531241,0.046283299855963175,54900
0.0006248855590820313,0.46831714153289794,0.18263026237487792,0.7011892628669739,0.24942495446290022,0.42651194855570795,0.769520953993931,0.5536127729931066,0.2746366339070454,0.08632887439485994,0.022416091356426488,0.009017887668331613,0.020470575303138814,0.05803999749145335,0.00836038266287739,254.5729667305211,440008,0.07988246256485582,0.16502806962093455,0.11399466372165247,0.02278016761477505,0.009049509572335253,0.743210176825523,0.9615755972461164,0.9393267352976389,0.602151857784816,0.4551338221666947,0.009185584036167711,0.010344222512218011,0.009208136888679549,0.008510336271886314,0.008552243032510273,0.05150733773363752,0.06066909196098972,0.046625929528931624,0.048209963154845964,0.04956311782501319,55000
0.0303593373298645,0.44845435619354246,0.17779703855514525,0.6764198970794678,0.20969331411542458,0.41843906372785594,0.7705151178334887,0.5427496508487215,0.2827030744403602,0.07800147459720788,0.024621702833101167,0.00875981213910946,0.021188687026790047,0.05515584429641335,0.008336101534001971,254.58209552008046,440808,0.07638414913788441,0.1655733896713508,0.1108366025304331,0.023823456768877788,0.008559101711042509,0.7427159133553504,0.9601486055474535,0.9335123575428153,0.6338684320449833,0.43472770212785067,0.008489889949560162,0.00993300540323713,0.008285244108512271,0.007965281633236856,0.00785607982264912,0.047495502857491365,0.055575461131765654,0.0459384818977306,0.04481215081177652,0.04410360989909941,55100
0.0006087112426757812,0.46232215881347655,0.17852349042892457,0.6925609636306763,0.2069603801636155,0.42625095546245584,0.7711327336366894,0.5378883860327982,0.2848254634688301,0.07846234439768722,0.024837971720844506,0.008323205070393795,0.021791580194287535,0.05779341105544184,0.007542706976851651,254.5902413991513,441608,0.07747341558337205,0.16555601850296675,0.10857809340637745,0.022388107315809636,0.008554993027226171,0.7521047657728193,0.960783808266075,0.9344819013518515,0.6418619384920149,0.4449597540828917,0.00864313693251461,0.010071396380120395,0.008412371855229145,0.007974824029521111,0.008064390411083063,0.04786663026548925,0.05612091005788843,0.04441744009634913,0.04399171143908191,0.04686407739193074,55200
0.03001218557357788,0.4229338908195496,0.18587084770202636,0.6611133933067321,0.201575234508072,0.4370477119088173,0.7650668280465257,0.5495442250021942,0.29523550742065774,0.08317732990035039,0.02373385439626873,0.008129079441948258,0.021351099108673045,0.0569350631648348,0.008572011216458704,254.5986067129871,442408,0.08156652130186555,0.16527478360190168,0.11314570885319428,0.026006119431370937,0.008502219072337265,0.7589458721876146,0.9588052598126419,0.9319047036471667,0.6424249647204413,0.4475466286279878,0.00885670194867998,0.0103840138052081,0.008497276425210618,0.008061369276154294,0.008437048345392589,0.04125049965921791,0.04890819978693802,0.036178931797359565,0.038553835768924696,0.04177275233392638,55300
0.0006992387771606446,0.45304624319076536,0.18983612298965455,0.694503870010376,0.26694036866675197,0.4176486121118069,0.7677475266340308,0.5444393378371991,0.2715553979982026,0.07960419435553331,0.02391090808436273,0.008320944145514925,0.021707198148457486,0.05508942013766851,0.008976608862831578,254.6061683351313,443208,0.07682003282941875,0.16557634785407924,0.10980417561950166,0.021042232769296357,0.01047756028428828,0.7328390181064608,0.9595445723068426,0.936627375272413,0.6138903678319091,0.41973727695720736,0.009252970109228044,0.010140353890999067,0.00960868763650068,0.008333261448970185,0.008954040570539829,0.05576497265137736,0.05137287637945721,0.055355614553263884,0.05680884348014679,0.05968666073059682,55400
0.029791178703308104,0.4509213185310364,0.16701382637023926,0.6714151358604431,0.2404248025485239,0.4225849765539167,0.7695781645320701,0.5522582240672922,0.2765239151495119,0.08738049262719692,0.022953754453919832,0.008236860540983751,0.02061911689243014,0.05818189972991587,0.008682179771765398,254.61640789130328,444008,0.07821420734748248,0.16447687262580502,0.11360720435031953,0.02222613099041164,0.009341097110772054,0.7400986492633822,0.9624286793527153,0.9376634452009452,0.6089378002510276,0.4537318365833768,0.009043033416382957,0.010260152466417783,0.008762521058842168,0.008253566525195556,0.00878419325647266,0.05327312058536336,0.06443868528142391,0.051021799460835196,0.04581391290506166,0.05079515385264928,55500
0.002033252716064453,0.42815335512161257,0.1965205192565918,0.6748583674430847,0.25230686394464674,0.4157834361493585,0.7688582142194105,0.547019805134954,0.29248033678334856,0.08384548657369309,0.024070346420630814,0.009065120071737138,0.020874540872771206,0.05605089117526867,0.008374655023557923,254.62302954776916,444808,0.07547231709584591,0.16475483444001937,0.11239000929368517,0.024040403081771893,0.009110632807970394,0.7442435532808301,0.96120911656004,0.9364041396089503,0.6508411593594642,0.45786511316532025,0.008595797731541097,0.010024957669277976,0.00838555561227573,0.007896321638979298,0.008128529712103488,0.05079454614780842,0.06162218893925209,0.04568610363010622,0.04811852356366246,0.047714084591262196,55600
0.0006939363479614258,0.43425511121749877,0.1982254195213318,0.680846951007843,0.19528763334472338,0.417675677984953,0.768931458736288,0.5406858484552366,0.27149605314906045,0.07904622016340188,0.0242160320095718,0.008437780547242495,0.02261783302093695,0.05617511486407458,0.008586219299498212,254.63080935713435,445608,0.07730692729353905,0.16663171644574912,0.11044130116851639,0.02268712345238138,0.007737451010940538,0.7286958453059198,0.9572051640214585,0.9258680018511689,0.603037933314719,0.42113085352268403,0.008596647770609714,0.010028524138492163,0.008468652625022591,0.00805601279660151,0.007800267903691106,0.04297798171843168,0.04943382284983077,0.03930616399715423,0.04092873553248553,0.042135608663059945,55700
0.028431503772735595,0.44874512434005737,0.1760311555862427,0.6770307493209838,0.18973404918142714,0.4359129402041436,0.7667273619528591,0.5503546859419679,0.29097621867893875,0.07692745880766674,0.02226778657175602,0.008191309437048776,0.021168477107010298,0.05484015864860868,0.006883679592190058,254.63756230620132,446408,0.08171863654628399,0.16547199941137752,0.11293018517007522,0.024838771659790756,0.00830197635101763,0.7624001014232635,0.9592826198162647,0.9358400877462614,0.6554111014771213,0.44657972821577324,0.0090053932229057,0.010294153649163865,0.008949488373644187,0.008329991293790674,0.008301976575132677,0.04518709017429503,0.05162103412200534,0.04301866040770133,0.043036702442012964,0.04266300205798706,55800
0.0007806205749511718,0.4444725060462952,0.16829101085662843,0.666586389541626,0.2366494460910545,0.4135035318136216,0.7659885997467849,0.5524125761123156,0.27880687026137657,0.08046298250169953,0.024829824008047584,0.008663662673380383,0.020680404434345625,0.056327653549272924,0.008951328236397377,254.64677546396666,447208,0.07516113854944699,0.16459227147254546,0.11385840269264269,0.022505713023499335,0.008168314432802515,0.7325684469938276,0.961823489437712,0.9384351291848183,0.6203078806400305,0.42495139336956583,0.008393495006021118,0.00968114336942661,0.008489103478861587,0.007736534103539525,0.0077894920015157436,0.04951891312841325,0.05896549599066849,0.04794038330490269,0.04689408818005841,0.04493669212018885,55900
0.030644307136535643,0.4436135268211365,0.17460333108901976,0.6700111532211304,0.20701536705510215,0.43778978094458554,0.77059882311594,0.5558038588186996,0.2880750956124366,0.08000617125893336,0.02457656145095823,0.009233136541609259,0.020705916858579393,0.0555489154991835,0.00820699319763876,254.65466027101164,448008,0.0804539914615452,0.16491066316763558,0.11450516519632506,0.023720387715982397,0.008950884773752051,0.7578847807645801,0.9601727902889251,0.9381219608273677,0.6421768708860491,0.4439546378219828,0.008970684998203074,0.010261271641190568,0.00889460306118858,0.008306119900375405,0.008322502826066577,0.04838042589370162,0.05848143501872459,0.044578483511244354,0.044106185993341256,0.045904173192513366,56000
0.0006847000122070313,0.4379750370979309,0.1946750497817993,0.6796062135696411,0.21690903614212773,0.42593708276748643,0.7606441655898483,0.553862561044735,0.27408707650351866,0.08001334504951114,0.02474322599358857,0.008709705927792718,0.02048620566579321,0.05725475306671236,0.008056485012706609,254.66152773229894,448808,0.0784895014762878,0.16348784428866783,0.11428442844657408,0.021096980474531773,0.009229927687808826,0.7519536224007607,0.9613314975391736,0.9396240575865364,0.616933998055933,0.4418897239459044,0.008802360550034796,0.009434043474614937,0.008851288138648829,0.008257081533530596,0.008719844641325438,0.04496373389149084,0.049550022961033995,0.039967182625133955,0.044757829240845474,0.046871364326620056,56100
0.032354156970977786,0.43371626377105715,0.1796014976501465,0.6647948503494263,0.2777928808240661,0.42854314699769047,0.7706532768227837,0.5468022469051036,0.2747349018988372,0.07978121633871944,0.02325075694359838,0.009013194781833931,0.02148417222351596,0.05963717774580141,0.007687319486775422,254.67103321160133,449608,0.08033398743718863,0.16486803286454874,0.1116335127616719,0.021101816750520447,0.01126496722612826,0.7451265251636507,0.9619933740659191,0.9338748698331877,0.6037288023220313,0.45319090621306185,0.009768287301994864,0.011191791715100406,0.009363040990880409,0.008675124808368108,0.009596073836327938,0.059841364435851564,0.06881353719244619,0.04971609166253132,0.058757009931359065,0.06087120590583964,56200
0.0006748819351196289,0.45473764181137083,0.18457472801208497,0.6901429867744446,0.2604828675109471,0.40331206336617476,0.7595475644481423,0.5433924494527329,0.2778502813211963,0.08291336138629254,0.02417767835780977,0.008573536045982384,0.021573334428075266,0.05637599426155214,0.009662616439594847,254.6796686249636,450408,0.07331372166052467,0.16427100373774153,0.11099176862127873,0.022072483823693183,0.008311789585773286,0.7240152144432068,0.9596168383651852,0.9334921277030397,0.6217897623633422,0.4326607162753742,0.008330140067264439,0.009385974802152837,0.008319542271172554,0.007872319740922628,0.00781969284785359,0.052270138459280135,0.056014936892505834,0.050814230921189446,0.05231775634962582,0.050046443404560846,56300
0.033815040588378906,0.4430223870277405,0.18165718555450439,0.6763302159309387,0.21703276513266379,0.4272319218516352,0.765897609685597,0.5501161830728514,0.29588452149387245,0.08493759693577883,0.02342143492773176,0.008808989535502505,0.021177152437239628,0.058058025080014716,0.008342442488065,254.68943958619727,451208,0.07979122765362259,0.16388338819930443,0.11366601807898596,0.025206618712048275,0.010958407483412883,0.756061820983887,0.9632263923946178,0.933201767896351,0.6531707949035767,0.4509467718005177,0.009243073472753167,0.009974511119684115,0.0093358336547553,0.008762794206492036,0.008879515232983975,0.05328105041757226,0.0550080057380623,0.04958950239233672,0.05123918335168406,0.05770690664183354,56400
0.0006668233871459961,0.43445576190948487,0.16544396162033081,0.6529772496223449,0.21884297918130022,0.41433892041444786,0.7675123067789303,0.5514426065084027,0.2685918580326772,0.08168903551995764,0.022021494060754758,0.008792621166943456,0.02093129052435825,0.055652725737955835,0.008574676271694316,254.6995245821525,452008,0.07699265204370019,0.16320119132829267,0.11345600925427113,0.022133801736506725,0.008867159667196187,0.7256756788492204,0.9670627552409508,0.9354229417953702,0.5992736306455405,0.42607698270252775,0.009095672084949904,0.010237501269249712,0.008651913545037833,0.008680339136885264,0.008692042405268049,0.050389856500551125,0.05960350928958073,0.044545799771642816,0.047625854559656636,0.04848967465971204,56500
0.0006164693832397461,0.44880916595458986,0.18582673072814943,0.6854779481887817,0.2311786564987786,0.43117974579334273,0.7651458934296006,0.5497814131695685,0.27246700517915096,0.08218618183752002,0.02271982058882712,0.008783586321636849,0.021032230235618368,0.056887274070714526,0.007928687600855787,254.70595400929054,452808,0.0812840885668993,0.16607593928658698,0.11378246146526062,0.02182226430286991,0.008086376413630955,0.7485508295893666,0.9557311465573871,0.9341357743911194,0.6143229122345262,0.444934641270293,0.009009319497272364,0.010465959994512232,0.009049506433548751,0.007997333215406306,0.008301096439083144,0.050787919550202815,0.05498532421540382,0.04627035665615466,0.05028539483824356,0.051474456351308,56600
0.02998417615890503,0.439528067111969,0.17927693843841552,0.6704169034957885,0.21724907868334017,0.4089959719777106,0.7606342875311536,0.5520244845225982,0.27231424538445154,0.08431281005010084,0.024891269905492654,0.010392803814046527,0.020410797206190347,0.05773537087594095,0.009609580562454449,254.71304426407016,453608,0.07466757422313094,0.16373904247589294,0.113993021370159,0.02112278910144121,0.008906029954632855,0.7265447261929512,0.9600407158212709,0.9391250223089749,0.6152322043739785,0.4320975610514008,0.008682188608217989,0.009914891335544322,0.008652556945417228,0.008162823550941611,0.008034304291250524,0.0472034847689792,0.055687038053579496,0.04108495157117311,0.04630711794305614,0.045050147254661645,56700
0.0005883526802062988,0.4538913369178772,0.18621023654937743,0.688903648853302,0.279999704836619,0.4129843299090864,0.7651808078711232,0.5521834261715413,0.2766691279038787,0.08510691877633612,0.024747887644916755,0.008771125162941953,0.021388425764162087,0.05934791272506117,0.009456664919875598,254.722219618874,454408,0.0758421229943633,0.1642460636018464,0.11447678579017527,0.021942792813060823,0.008916048336406954,0.7323286783695223,0.962842714662353,0.932085148096084,0.610668539404869,0.44445386930153963,0.00871491989353672,0.010138686663898026,0.008712439229711901,0.008047414439497516,0.008044891064995544,0.049260104750283036,0.05157077910068137,0.04809656466357412,0.04802908625220883,0.049429634758360846,56800
0.030285515785217286,0.427211332321167,0.19060505151748658,0.6697559499740601,0.21802304425441998,0.4109886352717877,0.7647405121136792,0.5424657595871785,0.2875349194599461,0.08379018253380038,0.025889007328078147,0.010007213086778806,0.02169100491089686,0.061131887594596104,0.007676159201339633,254.73722531360295,455208,0.07449062848463654,0.16456828283315356,0.1105316186212175,0.022920164992683567,0.009425775324644984,0.7423807144165036,0.9598475511778488,0.931905785738597,0.62936021358921,0.4615121909122373,0.00833350047236309,0.009844639124242927,0.008460045614052338,0.0076863446402757486,0.00753544878691959,0.04462595754535867,0.05466205535842821,0.042988872408763916,0.04002719838731883,0.04234171716552506,56900
0.0006359481811523438,0.45239427566528323,0.20113504886627198,0.7042182540893555,0.24815566227491043,0.43345591977238657,0.7668011353432558,0.545843495449549,0.279161727589341,0.0778427950128735,0.02433226720429956,0.00902191356606601,0.021748804120005856,0.05324998003443782,0.009717609518182674,254.74249420358547,456008,0.079798229560256,0.16501454090319792,0.11143275327595749,0.023127957304038913,0.007048551262068072,0.7496040314435957,0.9586179716494482,0.9343406681163768,0.6378963346212685,0.4007228758363499,0.008740786379203197,0.00990771185109411,0.008759085808229143,0.008064943538462753,0.008143584590427393,0.04987437077797949,0.06019749549823329,0.041825126786607006,0.0496848580698557,0.04766182009119627,57000
0.03774263143539429,0.4557822751998901,0.1704198884963989,0.6797916102409363,0.2210310324767817,0.4080613006651401,0.7659032451139917,0.5458501940316492,0.2790852432774605,0.07422592696832064,0.023757155034691096,0.008197508124332573,0.021123498629797056,0.054924502981844085,0.0073788674865924156,254.75066161505706,456808,0.07468632010743019,0.16442785037530433,0.11192903730391278,0.02336695292424931,0.008641760788118496,0.7363678526878353,0.9624070373741356,0.9347572087651429,0.6327573253172579,0.43627114841087344,0.008367336622904986,0.009953605257780166,0.008086834376041624,0.007680650821138411,0.007915841738445372,0.04707728360663172,0.055422623442938995,0.04226998357842259,0.044955613420706086,0.0464804200677847,57100
0.0009002542495727539,0.45446827650070193,0.19653921842575073,0.7007524752616883,0.20949971998027492,0.4298106293380261,0.7666173718794432,0.5476548956661685,0.29312046120564134,0.08409293759082045,0.0240333484299481,0.008792923609055843,0.021432279565984882,0.05243310021647662,0.008296653175992638,254.76802986666655,457608,0.07905655769631267,0.1644468120101726,0.11260214593352347,0.026717474013944517,0.00954319084927971,0.7616022342443469,0.9617729454931582,0.9311119245319829,0.6584537254797439,0.4674061243874685,0.008711354411207142,0.009901423042527202,0.008887627541382864,0.007942297487511291,0.008133989019053328,0.04640298518817873,0.056238719788991476,0.042155683481293484,0.043920813006692885,0.04339877732098104,57200
0.03451759099960327,0.4400801753997803,0.19507351160049438,0.6868077898025513,0.21778913474624143,0.4236573857069018,0.7645734083084832,0.5453443404418138,0.2874990625584382,0.07779382624356032,0.022396275242790586,0.008884065405055435,0.02140892955975317,0.05301134138704929,0.008989444460715233,254.77358127475287,458408,0.07845108436420566,0.16443242430686952,0.11103553719930907,0.024848221887913642,0.007204534953317874,0.7401400721073152,0.9607712734313235,0.9364062050479143,0.6468083011977221,0.40593742061718335,0.008596320478245618,0.009956002332979726,0.008457807639155102,0.007939437032736677,0.00793388182425807,0.047216877280734475,0.05544956343115438,0.04251202017808306,0.04694682938304354,0.043562549579283,57300
0.0006296396255493164,0.4265511417388916,0.19277894735336304,0.671887240409851,0.20322310071818397,0.40292436867952347,0.7578961193246191,0.5535892743256786,0.2732246859563053,0.08003160635522315,0.023744480600580573,0.008619913774377427,0.021090776980003344,0.054074820374574374,0.007996258205522737,254.77782755379792,459208,0.07322200116701423,0.16389014631036716,0.11446303485702443,0.021140128226711526,0.008230389688604907,0.7286621361970902,0.9598364924627637,0.9332599828961079,0.6245852522893784,0.44335588596869224,0.008331884609069683,0.009659051993694257,0.008641224763836828,0.007579114280615445,0.007634937880191823,0.044002264221198836,0.051452773608385585,0.041957057053623834,0.04047439458198983,0.04275268857065891,57400
0.03149564027786255,0.46453825950622557,0.18321657180786133,0.6996129965782165,0.17316996500392784,0.40485421106219266,0.7598264606631532,0.538775704123757,0.2788008464182298,0.08043467857049043,0.022604527138173573,0.00877080103162705,0.021432492518448906,0.05133527061652121,0.008645934634841985,254.78461856935124,460008,0.07413365211337802,0.16418855059511803,0.10921365680063465,0.02416722442068885,0.008248730557136043,0.7308201867341995,0.9600280696640215,0.9342000165725136,0.6330983519554135,0.43400982190977855,0.008358619983773683,0.009724948647888185,0.008182405413223062,0.007622846594171186,0.007962323999787978,0.04626581938471647,0.05466535126989971,0.042316104439809404,0.04217929121606595,0.045935756742145936,57500
0.0006329464912414551,0.44793650865554807,0.17589501142501832,0.6777317380905151,0.1870975987328345,0.43416015908122063,0.7674373741925613,0.5464137125371106,0.29176972873227736,0.08567066956311462,0.0243695256486535,0.008490252218311692,0.02199953540103202,0.05619317712042623,0.007788188911168682,254.79182908579625,460808,0.07932634640485044,0.1638246070254932,0.11146954261693197,0.02429321704581731,0.009360639275747535,0.7601768192648887,0.9634486123135224,0.9300243878245943,0.6508831840078786,0.45987954199983805,0.008750305054709303,0.010289033513926156,0.008763751603514702,0.00780944702575721,0.008048984256123054,0.047507966696284716,0.05700829534893901,0.042254830926045095,0.044605449538344104,0.04574192871255906,57600
0.0006215262413024902,0.4605607223510742,0.1808852219581604,0.692535150051117,0.22159774053662956,0.4121645334362982,0.771967281348741,0.5493424908163846,0.28340301175133975,0.08169280960070852,0.024301837529055775,0.008239758052938062,0.021258616997870843,0.0572985384896535,0.0076890365385622215,254.79840265258483,461608,0.07453822214156393,0.1648060228656884,0.11295156965681004,0.02371964322978178,0.007677852968432152,0.7363301867246629,0.9633876238037,0.9344436251715325,0.6278790405818393,0.46004510244119534,0.00851279543479905,0.009844765715282321,0.008576884659090898,0.007664165811501618,0.008064653010116616,0.053183481991291054,0.06609539618837328,0.0495680442545563,0.04773926953162807,0.04956926400908855,57700
0.03193729639053345,0.4372441005706787,0.1873072385787964,0.6752878499031066,0.2159647030545312,0.4209365467727186,0.7653023193661989,0.5458964510425841,0.2808051081001759,0.08526921427961599,0.023207543361932023,0.008746095688436005,0.021128193214438196,0.05543589329812672,0.008080512975615926,254.80399260917454,462408,0.07817572433501481,0.16476384758089604,0.11209372025353743,0.02392545441398396,0.01032192968944115,0.7442531538009641,0.9598872501116534,0.933825316541482,0.6246956601738927,0.45993137063078626,0.009121395964175454,0.011103239747731456,0.008447625908357,0.007808338855393227,0.009017306389240774,0.051828113603405654,0.06927532464480743,0.040786164744479186,0.039124103086069235,0.0569066929014688,57800
0.0007711911201477051,0.45513860940933226,0.18134259939193725,0.6873196840286255,0.25319218386762266,0.4149912963807584,0.769049100718408,0.5491722907338827,0.285241563726404,0.07906180314949432,0.021473740255460134,0.008525381213436259,0.02062894532886836,0.05402272609816917,0.008577424481035198,254.8129191402657,463208,0.07752724524587383,0.16596780956353802,0.11308160098781307,0.024128954205922135,0.008531660147704644,0.7351303189992906,0.9583376266483989,0.9371439768717834,0.6455631236124311,0.4353333624974222,0.009014736739918592,0.010953014246451684,0.009059583251415693,0.00767470102798839,0.008225263153830546,0.04879597806284437,0.06003023332980454,0.04242516300323736,0.044266305669398154,0.0469838088235483,57900
0.029293909072875976,0.44496501207351685,0.180142605304718,0.6748538637161254,0.22303010739458476,0.42499749019742,0.7678182044318904,0.5436580219994415,0.2949434586241839,0.08249074667876606,0.025282122939825062,0.008484237982127725,0.02193295197439907,0.06309556621592494,0.00868957929600187,254.82985626027207,464008,0.07892970042303209,0.16583583281140488,0.11126568670506065,0.023643697673687725,0.012144878330308542,0.7408899468183514,0.958167539021679,0.9286844095458152,0.6345702466368673,0.44491150650647615,0.009885880695655947,0.011383660788273561,0.009862382820321496,0.008295913673937335,0.009894752347067298,0.05292451893910765,0.06201577849825411,0.051658331912577765,0.04481184546835722,0.05247889300531681,58000
0.0006544852256774903,0.44934510231018066,0.1790801167488098,0.682168231010437,0.2024590880473972,0.40890264868736265,0.7671758541985157,0.5379756525451059,0.29157419790879147,0.08674301088383779,0.0240933457762003,0.008183008531680106,0.022316411569002343,0.061503708473206055,0.009041454690916502,254.84578066583595,464808,0.0751953816227615,0.16518528767363738,0.10856982368026288,0.025078636736902325,0.009950481522086585,0.7296669733524326,0.9599494189812394,0.9292080443279421,0.6226355331378746,0.4426887805482983,0.008712279098108407,0.010234992519986863,0.008451864440633243,0.008046312731026958,0.00820728646904494,0.04913940072059634,0.060626340616080535,0.044326919834038206,0.04887755949420658,0.044086780024082554,58100
0.031413025856018066,0.46237812042236326,0.18664667129516602,0.702157506942749,0.24616798668340673,0.4246233475208285,0.7636197027314472,0.549477753481029,0.28238018389259084,0.08505330872082827,0.022648445358499872,0.009012535336574217,0.021643706542214643,0.05396927698709809,0.009313632933281395,254.85308182320418,465608,0.07942141277715568,0.16424017895031445,0.11343197353290158,0.024509333927378803,0.008831021287501342,0.7434858983755112,0.9612677919453585,0.9296713067457012,0.62497368651432,0.4399289173238416,0.008763484130613501,0.010172398735681926,0.008788658961459507,0.007699534350719589,0.00828464739435516,0.04492065539583566,0.05179712969094073,0.041715482633860955,0.040151946681582375,0.04564747969419055,58200
0.0008861851692199707,0.4622614049911499,0.1670446515083313,0.6820162177085877,0.2270974144785922,0.4177416674792764,0.7592627611971393,0.5470197423243183,0.27993802315726557,0.0787477048898711,0.02373540720436722,0.01021879598361526,0.021277105772404336,0.05598334940530511,0.007619894946438405,254.8631897654215,466408,0.07824623329564932,0.16400228594381774,0.11186634308435543,0.024848742363618063,0.010571871239450872,0.7439985612034801,0.9592751900559848,0.9356297878592226,0.6207041919839623,0.4474735816723197,0.008936341027729215,0.01043122368096613,0.008958801909179338,0.00800769050885943,0.00836387452631622,0.04178545951610431,0.049041667019410706,0.03942014519540604,0.03860106738996979,0.040365401401331026,58300
0.03169458627700806,0.4651471543312073,0.17333291292190553,0.6892869305610657,0.20813989624884752,0.4329250246286392,0.76640211297694,0.5481246564153064,0.28373548051013725,0.08613975955173381,0.02157194538973272,0.007878093050054958,0.02120872508868109,0.05468130665557348,0.008007115811342379,254.8706125751577,467208,0.08182312365621335,0.16520856659193553,0.11220844293790011,0.026271458916530443,0.008858475587330755,0.7632826745510102,0.961065167390207,0.9343305064423735,0.6285001425182115,0.4824246147274973,0.009480704311281446,0.010544413309274376,0.009226117516980586,0.009252648225382848,0.008857477447018026,0.0502753661898896,0.055429559452954115,0.04100198276349315,0.05937556641669398,0.047545428490266176,58400
0.0006307315826416016,0.4317715406417847,0.1794039273262024,0.6646950316429138,0.20825225978412226,0.42192579686641707,0.7710063890698031,0.5342851025117952,0.2849985410404555,0.0847776151267151,0.024901136346161357,0.00890179930528454,0.022480247362993405,0.057920272571637364,0.00841233656106014,254.87679619513415,468008,0.0767411524429917,0.16477913202084218,0.10796989934265336,0.023913476554512536,0.008200174854777583,0.7494072887301443,0.9635105891940519,0.9272607349453962,0.6291062902001774,0.459050546562861,0.008390794943552462,0.009661821048399535,0.008286604051097797,0.008028762304342766,0.007594330679802672,0.04377161276061086,0.05358139708513374,0.03728641616617782,0.04266588132846733,0.0422045118495743,58500
0.0009306883811950684,0.45630817413330077,0.19271992206573485,0.7001886987686157,0.2400594488365052,0.4071186985075476,0.7728517645506693,0.5431825360540523,0.28887789366982075,0.0791050278719498,0.023877032091841104,0.008603380959029521,0.02135922505329904,0.05902417342707367,0.008049011028438574,254.88390694567843,468808,0.07382051613181828,0.1645630790194884,0.11061401564360325,0.023510352156157766,0.008689639823106136,0.7279697692394261,0.9641464104507176,0.9352851506754833,0.6295363804203786,0.4388996482964587,0.008541677587199955,0.009929731497682897,0.008279757396683348,0.007772272675012665,0.008214648491431513,0.05967712222365663,0.07338295472658184,0.04313746681411165,0.056889766636515154,0.06348121364918347,58600
0.03021444320678711,0.4514557600021362,0.17859100103378295,0.6797694540023804,0.18297929211276442,0.42276331350207347,0.7600822730730938,0.5465582479370963,0.2927984860040211,0.08426271489588542,0.02378332581371068,0.008689255135694653,0.021848645069532907,0.055712220358288767,0.007912534293306338,254.89079295858605,469608,0.07794561730697747,0.16374140609336152,0.11178886195023854,0.02549926476638179,0.008983037199868713,0.7534482359886171,0.961047920808997,0.9309667454825505,0.6439047806759172,0.45670268901934247,0.00846021628472955,0.010004282470852624,0.008286846859587558,0.007703876883963946,0.007943605201338253,0.04278195019811391,0.04844300456405173,0.039428445311884094,0.04253979655559444,0.041476152046622375,58700
0.0006602334976196289,0.45601783990859984,0.1878766894340515,0.6946581220626831,0.18145720234287838,0.4070522651076317,0.7643165513088822,0.5501243390680586,0.2728619175910385,0.07770010075696247,0.02449631670489909,0.008404271241498031,0.02137667836006926,0.05763404804967205,0.008013470240186107,254.89450841179828,470408,0.07430773748084903,0.16397721571357626,0.1132781294548942,0.021313075819667786,0.00880485142389421,0.7254534882307045,0.9617471007924331,0.9305230972078663,0.6106190852961447,0.42969666216887686,0.008550499713746827,0.009980903279134326,0.008610032891888249,0.007790910066896165,0.007951023689968795,0.05068255077116191,0.061214025661741465,0.04698570039046483,0.0475130352138911,0.047683266667174366,58800
0.039192683696746826,0.4673022389411926,0.17418767690658568,0.6937735176086426,0.18964623932252533,0.4241586400568484,0.7664386669391302,0.5569084641134859,0.2936557852450361,0.07882581109646705,0.022070628795772786,0.00964407023334365,0.020744904699436954,0.04997557914830027,0.008189908699714577,254.89947361535982,471208,0.07888697762042284,0.1649317181654992,0.11565927701812344,0.025917210377431298,0.008432661328115503,0.749059053659439,0.9603294712032769,0.9358006058966066,0.6697570469778807,0.4267263630032539,0.008680671853944657,0.009857942437667988,0.0088061441653815,0.007910443484064585,0.0081504987925291,0.04071800603531301,0.04718082650626067,0.041038921982212685,0.037341944861514126,0.037347004702314696,58900
0.0007780098915100098,0.46701301097869874,0.172156982421875,0.6925092720985413,0.2351612829226338,0.4122821196913718,0.768196063750498,0.5434401228581325,0.2865118556678014,0.08653721594168705,0.023613609019666908,0.008275077751258759,0.02231770820251785,0.053278102318787136,0.00797099592844209,254.90657447405167,472008,0.07472817197442054,0.1647803380682661,0.11110748149602133,0.024628312902975284,0.008207373889301454,0.7459491413831713,0.9620676121196234,0.9287148132772731,0.6448812397170409,0.470824126559909,0.008288935669697824,0.009790015983319758,0.008118416802810122,0.007767425225473833,0.007629448822284541,0.045350316434632984,0.05319630410018798,0.04101262872088879,0.045658361405063616,0.04218055262912692,59000
0.029466869831085204,0.48072736978530883,0.17736666917800903,0.7113746762275696,0.186841757721598,0.4396980607509614,0.7645373776041227,0.5493085748791077,0.28485690996526425,0.07923059419474825,0.022940793726593255,0.008138399369460684,0.021195700056754425,0.05788975766305116,0.00797048984730446,254.91410726921654,472808,0.08258743837475774,0.16391758254632882,0.11305662109444181,0.024673470946157645,0.008462734201693915,0.7521685230731965,0.9636186864869344,0.9321804744591986,0.6228631661927448,0.4340437249066358,0.009182837172411376,0.010660311247318468,0.00902586319565852,0.008237796300586225,0.008461926349085122,0.04717768368311228,0.057096368151492105,0.04319882361034961,0.0426084212116659,0.0435723710735453,59100
0.0007272672653198242,0.4320921206474304,0.18419268608093262,0.6676789259910584,0.17988072594080468,0.43672214925289154,0.7667090754790851,0.5493091445948397,0.2914317842313952,0.08705797609222199,0.02148415319621561,0.008069897339486628,0.020321376679930843,0.05052510931350809,0.008327686246008851,254.92267963828166,473608,0.08158655505627392,0.1648894734864164,0.11314801549139837,0.0258502278708539,0.008696411633663758,0.765311116874218,0.9603113088701744,0.9397596796708441,0.6628072857856752,0.4454546609232499,0.008829065826721487,0.009875668969757745,0.008597974889978249,0.008390999122717005,0.008405530372113787,0.046621712637716,0.052644794160818985,0.04287130482953216,0.042749862675617284,0.048457420932101515,59200
0.0315472936630249,0.4423998761177063,0.19229812383651734,0.684375102519989,0.1838710076343421,0.42155295342206955,0.7684788019884202,0.5465578469782247,0.2759724540103759,0.08171359944987948,0.023331486536189893,0.007733913631888018,0.02205872642215938,0.051002968634877875,0.008777150787048145,254.92746295304894,474408,0.0768997877463698,0.16452808252402717,0.11245427861068788,0.023125109544447978,0.007755046122002636,0.7416152089834211,0.9635328471660618,0.9276729608108979,0.6370901257864062,0.4342339309486184,0.008689227190334341,0.010194057119744158,0.008699131523675772,0.007873354880887615,0.007959218691984134,0.05578715549083428,0.06150512888783684,0.046640832008001586,0.052956233288568924,0.06167275933045393,59300
0.0005942177772521972,0.4468270540237427,0.17704891443252563,0.674124162197113,0.22046503324141373,0.40913976624608034,0.7601404945816149,0.5503350041847856,0.27884048509754633,0.07205510125918825,0.022164281448349362,0.008651456097140901,0.020831031202549623,0.054633312275339116,0.008056930901313358,254.93365569233518,475208,0.07619710156694058,0.16385049397865553,0.11404114056028715,0.02318938471940593,0.007570448591881854,0.7191232797503473,0.9605208084914104,0.934253556293677,0.626133274718335,0.39311162477189837,0.008662833371199668,0.009695166216173952,0.008424991808667046,0.008314711541721705,0.008178446579470556,0.04797005720203743,0.05613053399115873,0.04251091038931716,0.046678099626871354,0.04582477476320823,59400
0.03194122552871704,0.47608643770217896,0.17520923852920534,0.7087865948677063,0.27621072928155305,0.41008062586188304,0.7666125016164048,0.5421827023566073,0.28232839253574343,0.0783552617278128,0.024668152425438156,0.009148135107024788,0.021868261025916214,0.05942559073503953,0.008340629114813758,254.94168579511842,476008,0.07483329191803934,0.16561674073262878,0.1113766590572152,0.021810740835867846,0.007435351846894866,0.7275709959864612,0.9580788769697787,0.9286336025018342,0.6214164982337762,0.4305719216664634,0.008391728017013522,0.009376995074019057,0.008143065188869996,0.008045470786954063,0.008026684923762725,0.048228060351684685,0.05395432779574911,0.04028846112845459,0.04799147417750388,0.05030510402949794,59500
0.0006935334205627441,0.4387382674217224,0.17818374872207643,0.6693966817855835,0.22327074206224154,0.4246156416833401,0.7649233453376321,0.5543916731169731,0.2840226655016124,0.08589007279568889,0.023116709478199493,0.009075938701449389,0.02105679770818714,0.055645787152056786,0.008554260494788855,254.9529554355439,476808,0.079446206446737,0.16589052406369983,0.11431991487934995,0.023900337181934773,0.009526458792341642,0.752079690098762,0.9564390634336778,0.9367932194755191,0.6362851935884231,0.4537204932327841,0.008937953663989903,0.01032379254828938,0.00913278321691212,0.007928940267605796,0.008349445150070012,0.04273393705720079,0.05175822476045259,0.04158400602082344,0.03808525456090298,0.039932299549246805,59600
0.0006791305541992188,0.4654607129096985,0.1796769380569458,0.6979588699340821,0.25749576421155657,0.4136127690970899,0.7676345905708387,0.5438604725570206,0.28308447316671026,0.08411071008365407,0.023615741925314057,0.008706729966995959,0.02114726675038294,0.05715331252043447,0.008370921088986395,254.9653013265827,477608,0.07644482517614956,0.16516717121551172,0.11100720710507249,0.02496006131076657,0.009498761843725079,0.7366941508650777,0.9595154636193318,0.9381220369804196,0.6218260062046541,0.442663995557995,0.008712697164155547,0.009711928020782414,0.008623851961796974,0.008363009890159354,0.008212932529213115,0.04968686276115475,0.05817012419602322,0.04502787355151843,0.050475256025600136,0.04576845686330177,59700
0.03069350719451904,0.46099953174591063,0.18706748247146607,0.6983966732025146,0.2177291226352914,0.41149500072002376,0.767978901814932,0.5511886596038775,0.2910286137554313,0.08272002559706501,0.021838028524070973,0.007867324876250956,0.021023868583142754,0.05237568687608976,0.008492131642068032,254.97946890531,478408,0.07602550057694317,0.16529275364044954,0.11348864874772488,0.02603052215834044,0.00878769430674345,0.7367600101232527,0.9617223197763619,0.9349172570372142,0.6544045815196065,0.44301478157128976,0.00879003170179203,0.01025778946532596,0.008562607982356144,0.008168051194235528,0.00821481651162952,0.0478117160871625,0.05408518515395549,0.038665216641440465,0.05028755335050387,0.047727704561845906,59800
0.0006566882133483887,0.45040226459503174,0.169034161567688,0.6697666883468628,0.1907717269675764,0.42515047088265395,0.7698646005496231,0.5505939701303323,0.2753568506903115,0.08378575711678236,0.024341966770589352,0.008116289668940273,0.020938075349124084,0.06064584349150387,0.008129167261246894,254.9896994075028,479208,0.07835990848951042,0.16429356926853203,0.11327919979297103,0.02150091033127875,0.009318729867346774,0.7399838864803316,0.9626840610527296,0.9362999618943055,0.601954303606592,0.4425176745805986,0.008803183350246402,0.009954910888110544,0.008994556860349587,0.00798156353376918,0.008223484762204004,0.05099340175278487,0.05703141505477355,0.04363799604832828,0.05114032603292301,0.052047323798521956,59900
0.029663670063018798,0.4861826515197754,0.16850011110305785,0.7074501228332519,0.21010966893756558,0.4130514593422415,0.7537943475054341,0.54290545919088,0.28897230097310467,0.07716291216001551,0.023593300464563063,0.008561071088444892,0.021460901787140368,0.0579960397977512,0.00750980374813258,254.99580730792428,480008,0.07595668255351481,0.16327767985126987,0.11029137843730734,0.024154937809879963,0.008212712499798765,0.7371518146991732,0.9593763125451251,0.9353954309191782,0.6394619763787116,0.43696369109541583,0.008474346415605398,0.0097328163871003,0.008525134803071707,0.0077560250624198685,0.007851161279951764,0.0434483537171036,0.05144784928815902,0.03998712287414508,0.03889588552031353,0.04271492243936047,60000
0.0007718276977539063,0.4223302626609802,0.18498831510543823,0.6577049708366394,0.25000588389481304,0.4045316866785289,0.7691321910797861,0.5448351602675179,0.27586733301480626,0.07748934062412725,0.024163994044065475,0.008400605473635279,0.021685373304145685,0.05677428360639222,0.008423716114171288,254.99931473096876,480808,0.07407707084901635,0.16532063638341843,0.11197900270811423,0.02287226666022204,0.007687964975887626,0.7259260094165806,0.9606110326860138,0.9291639135729888,0.6129691974440618,0.42672648653388034,0.008202282516285783,0.009464587622868089,0.00819855626063071,0.007505750048451531,0.007823294703624797,0.043921835478395205,0.0534766298804389,0.04238802059832527,0.037615619150374924,0.043623052232970416,60100
0.0309751033782959,0.4666554594039917,0.17417693853378297,0.6926376271247864,0.23758764453817602,0.416075440943241,0.7658233006590424,0.5431095075788847,0.29286826303078684,0.07829724812898971,0.02436486152000726,0.007701864055617117,0.022178700969077005,0.05573499808750026,0.00943655998450751,255.00464265480971,481608,0.0758246036991477,0.1643552969872336,0.1104086852883022,0.025817911647110146,0.007962955093726218,0.7374221444129943,0.9635546271948473,0.9296834314535105,0.6476780215710817,0.42020415266354866,0.008427918083034457,0.009436016909528479,0.008434626198170448,0.007887401192126817,0.008009516027276266,0.053196379598230134,0.056049350802738644,0.04969390884495632,0.051030796233087886,0.0561935938142165,60200
0.0007048797607421875,0.4709290361404419,0.16605320930480957,0.6893624186515808,0.20518444621938828,0.41172660186886795,0.7690483723732235,0.5411195154554147,0.28322983579710087,0.08321866133056655,0.023836965244263403,0.008941619757520539,0.021558072736826295,0.05397110436192281,0.008887182268784325,255.00953461052674,482408,0.07471582628786567,0.1653210204393469,0.10991643475634709,0.023867102210015922,0.00782295476211845,0.7373577600717546,0.9591699500772404,0.9349048930435931,0.6442978946635357,0.4293157154380688,0.008255449223797772,0.009564727798781609,0.008025590242047253,0.007767591634407061,0.0077767396117514485,0.04764331524464068,0.057528256254400195,0.04387941318099599,0.043267909577899936,0.04678030796135814,60300
0.031181237697601318,0.46944883823394773,0.17687634706497193,0.6974383997917175,0.18443064327415176,0.4312303499877455,0.765801347499331,0.5463095488066372,0.27527005990724196,0.08170796154843805,0.02211241643875837,0.008365259332456285,0.02110955799295704,0.0553854834592051,0.00811438587138513,255.01558270904553,483208,0.08063739806413653,0.16440091265861653,0.11193485137947064,0.02243458969219909,0.008494436688225101,0.7481347495317464,0.9620055522460605,0.9344384720984924,0.6221671706956364,0.4424891154370714,0.00917174427770079,0.010619275796524053,0.009176321374747822,0.00844313478623719,0.008175357013248166,0.050696222842670995,0.06021669782966572,0.04469733329569086,0.050520722508815175,0.04557006467302246,60400
0.0007566976547241211,0.43041090488433836,0.18728331327438355,0.6669717597961425,0.22809255950650653,0.43258966401219356,0.7685184891190012,0.5433955479602112,0.28592625582775894,0.0850950525471227,0.020966873941943073,0.008062619131645505,0.02137616499056741,0.0500814297198378,0.009302160827459225,255.02535285326456,484008,0.08154450204223394,0.16508949650407395,0.1108470735256024,0.026232308355481394,0.009264567830433034,0.7577859133481984,0.9619282913433992,0.9335150801091696,0.6512083878294069,0.44444006473863873,0.009152414826676251,0.010422965200503148,0.0088991366910495,0.008141986031782383,0.00895171109772293,0.05348644403042267,0.06227491197277796,0.04681884811779113,0.05595183704859898,0.04936166478214387,60500
0.0007309460639953613,0.4364601683616638,0.1957893753051758,0.6828431248664856,0.2114953212379929,0.41821453303098655,0.7633749066255039,0.5521049292064183,0.28094753000885264,0.08405277112600813,0.024416921455413108,0.008141676966960608,0.021070560333136385,0.05936431414447723,0.00882911970097552,255.0375606495518,484808,0.07718260468915109,0.16509648706668448,0.11352215269032655,0.022327508024172854,0.009593271772581069,0.7358140212297438,0.9583365250856448,0.9351595222365625,0.615564583539963,0.4372643641571503,0.00899361811578274,0.010282611407530612,0.008501200630859115,0.007955708608496932,0.009275615013746626,0.05177545556798581,0.06073211778241855,0.04123878937360698,0.04152238991111514,0.06398214165362257,60600
0.03211471080780029,0.45184356689453126,0.1780596947669983,0.6799179029464721,0.2034496316549253,0.4220226402580738,0.7601852791556899,0.5483791499168832,0.281469039803389,0.08136888586349136,0.02507810428738595,0.009943494267247699,0.02152031326456829,0.058058018664746455,0.008390825699240415,255.0442468028221,485608,0.07782651234418152,0.1637293131299358,0.11302796070709889,0.023236272201901005,0.00812804058153668,0.746534353494644,0.9616149878892741,0.9305203962119629,0.6248479367482779,0.4352306866127513,0.008377529499121015,0.009541747905822882,0.008493416601977439,0.007750991381483502,0.007761979556601978,0.04471505555324258,0.04831721208216066,0.042683363529285055,0.04543720932197897,0.04289033355029388,60700
0.0007152748107910156,0.4378614091873169,0.1887822413444519,0.6758942341804505,0.1946067895615291,0.41529662102460857,0.7638396372397747,0.5478868579864502,0.29201833833709806,0.08259713552096513,0.023701725872233518,0.00848720060791188,0.02130469107069076,0.05632320129875057,0.008221423172039317,255.04823653834734,486408,0.07675000555813306,0.16483493607180827,0.11306519206613302,0.025788619686701895,0.009365808933032954,0.7403482502698902,0.9595850020026166,0.9322081759572032,0.6440862417221068,0.44413215066622797,0.008832060904242099,0.010363133784267125,0.008576233002822828,0.007813138400877611,0.008652555724624,0.05276569516863675,0.06376184995315268,0.04498553933110091,0.04345973959828884,0.05919565863509491,60800
0.030351150035858154,0.4344844388961792,0.18912239551544188,0.670689160823822,0.23313018039738437,0.4116252845525741,0.7727432942645438,0.5464363346005423,0.2774523727108385,0.07635676244339971,0.02530325836502017,0.008729244307814086,0.021383292562706324,0.05879614563989584,0.008672272923300842,255.0544644272622,487208,0.0745063091441989,0.1647234622010572,0.11200219774526536,0.021757703030777887,0.0077216614677150025,0.731703536510468,0.9645841507350703,0.9319810218150074,0.6193943577949131,0.4272844077366863,0.008214672629255803,0.009631563748736038,0.0081697728376522,0.007686989685459606,0.007488963332471586,0.04898735486203806,0.05633650218350761,0.0446151256213186,0.04807202967654076,0.047488772868164594,60900
0.0006143045425415039,0.4354369497299194,0.18432591438293458,0.671001341342926,0.2669814628121732,0.42468924105167405,0.7698331449590804,0.5457291943470236,0.28332836560980246,0.07779896628035572,0.024427074156701565,0.009040335118636916,0.021452994468777912,0.05878343319783763,0.009116681305126158,255.06793446271314,488008,0.07887233328074217,0.16474129402181203,0.11185494519127204,0.023902188059920917,0.009688157308490335,0.7338252809643748,0.9641182582344163,0.9324856179619805,0.6167461447643514,0.4068576872957,0.008986190776340663,0.010442204051539661,0.008839610982969927,0.008286885472691878,0.008287373913585085,0.04445623752195389,0.05520548578351736,0.04057930811747982,0.03829888089776338,0.04311092536687393,61000
0.041508500576019285,0.45987186431884763,0.1692730140686035,0.6840241503715515,0.18400481146176217,0.4193731169402599,0.7687238401705683,0.5536898395629845,0.27618628425389197,0.08255121813526445,0.023509683748707173,0.008591769521624892,0.0212460923892907,0.05737865839835217,0.008417590049398365,255.07972251820203,488808,0.07780993435531856,0.16441333139001757,0.114509028373192,0.023157779853454984,0.009082804165568054,0.7346714437007906,0.9618076192270415,0.932743039998141,0.6143525589987172,0.43487619659275706,0.008780915008392186,0.010124177204002395,0.008607791121719839,0.00789245169072114,0.008466844375751632,0.04926625723950565,0.05716992657871381,0.04559483692388647,0.04425145858015447,0.04976757255934391,61100
0.0006625103950500488,0.45794358491897585,0.16957945585250855,0.6825111579895019,0.24807471114702864,0.43459592819213844,0.774274099931539,0.5516481786035003,0.28965103729140174,0.08282019612986753,0.024498792821541437,0.008232793530827889,0.02168253763132573,0.057687610263625816,0.008477016454613158,255.08661730425163,489608,0.08021678449586034,0.16569303957936932,0.11408059236903983,0.024152924989660582,0.009453964356393762,0.7555711448192595,0.9621268619443768,0.9299136133243638,0.6384859859943396,0.46704509400803096,0.009102667355909946,0.01053358615750326,0.009061397075129202,0.008187028838853756,0.008526533437163922,0.053047397742047864,0.0632213058916278,0.04940396960591895,0.04913958818873476,0.049476538309017624,61200
0.031436998844146725,0.47839227199554446,0.17823478937149048,0.7142442655563355,0.1954711196989384,0.43429337397217754,0.7637555883811399,0.5443700155114181,0.2683193006098566,0.07774218833989141,0.022797960760071866,0.008540680937716517,0.021487275763221157,0.052951525997719164,0.007241317632573119,255.09416933531466,490408,0.08123847872018813,0.16404811386858015,0.11128133585178612,0.022514692880442635,0.008802249450290395,0.7499159392714501,0.9609270350890114,0.9317022871853099,0.610196015811319,0.4308282929348809,0.009014793296810245,0.010051082280623881,0.008915332179415127,0.008325145211703898,0.008610362964924524,0.05181338308844716,0.060916784104077276,0.04612417656716219,0.04723462078197323,0.05214721800199565,61300
0.0006000590324401855,0.4341083860397339,0.18455501794815063,0.670090045928955,0.235744663748442,0.4215754176676274,0.7707561139228204,0.5586954493892379,0.2656298197314219,0.08360252690994575,0.02207064440939575,0.008362640069362732,0.019731839361754953,0.05290913265576669,0.008679817484888046,255.104169145656,491208,0.07803339827805755,0.16447987646426798,0.11544510722160337,0.021202715760248195,0.008783406827384235,0.7398344886302943,0.9632513506232565,0.9433204289426139,0.6118808936346604,0.44469043758569987,0.008979465847369287,0.010201685627008678,0.008724912515477856,0.008300771702761719,0.008598062054564554,0.05193354467861356,0.06106413734795632,0.0459440616781221,0.04900998609414717,0.050758489366511304,61400
0.029252238273620605,0.47285707712173464,0.18009538412094117,0.7085862040519715,0.2381665754578791,0.41002797611057756,0.764317787686984,0.5492511211372,0.27979829221963914,0.07838991368679628,0.026253146855160583,0.008161838806053224,0.02067842210029684,0.060581831189079394,0.00875472578612205,255.10959042918904,492008,0.07432659546844661,0.16553693877326114,0.11344661300138725,0.021779819112271056,0.00793480391638646,0.7281934121251107,0.9581352896160547,0.9354432047867199,0.6203040986590922,0.4145057599795487,0.008234894266352065,0.009116221480588946,0.008518386025708634,0.007706828632702428,0.007719420889196419,0.04156857923138887,0.0473464855432717,0.03763437739278123,0.03842625018002251,0.04406074911208919,61500
0.0006609749794006347,0.45691943645477295,0.18614720344543456,0.6934178256988526,0.20241538759897337,0.4277802544832228,0.7672950119768848,0.5583688043989234,0.3021305298999597,0.08228228412603543,0.02248870437033475,0.00957127536042323,0.020527809213187233,0.05431703590717084,0.009557514194565271,255.11555946191342,492808,0.07946155751124027,0.1653394658136142,0.11536426384312412,0.026282259746474888,0.007965936175735542,0.747941365838051,0.9585016923493122,0.939681735821068,0.6769969884468162,0.42780706020588033,0.008838085879106073,0.010053121246468117,0.008908911876157312,0.00821818197373827,0.00810611998539925,0.04881115452386438,0.05895716329745206,0.043307470075281636,0.046723832755916496,0.04552461352951371,61600
0.0006791210174560547,0.4664626121520996,0.16486137390136718,0.6825663208961487,0.24370649125025998,0.41767920762300487,0.7604227961622514,0.5548988253173264,0.2839042255517296,0.0738280597001765,0.024272173941135414,0.010099423896795528,0.02092450201778793,0.05666507180926982,0.008577746735424774,255.121616861761,493608,0.07744622335769236,0.1634073720365611,0.11495892157649051,0.024218384507960947,0.008220666914830222,0.732463015913963,0.9612005809842027,0.9338318850144308,0.6298143687506617,0.40468455956439797,0.008785945614799867,0.010283865663341168,0.008863516769713097,0.00785492256448921,0.008170986303476362,0.0512694767070934,0.06446666482287616,0.05017896501882238,0.043125365840115136,0.04760125351627593,61700
0.02924294948577881,0.46121553182601926,0.18125423908233643,0.6934364628791809,0.20256400412254688,0.4135119590163232,0.766797008032494,0.5541680487827286,0.2870658795231754,0.07867502984931564,0.023795633064582954,0.00856586225873276,0.02100347178242174,0.057230428263581185,0.00690223577051855,255.12806916120297,494408,0.07583794053643943,0.16485413052934283,0.11474223403417645,0.023735085905764636,0.008415413487748036,0.7408553242683411,0.9603108256421189,0.933405979948851,0.6367262497688955,0.4554420215327567,0.008454077616333962,0.009458193946827915,0.008522241981005044,0.00759632863755365,0.008328328261197346,0.04635018034139648,0.05316704629048549,0.04129624130570364,0.042608285002925766,0.04881408954856963,61800
0.0008281040191650391,0.4505019187927246,0.18564507007598877,0.6879370975494384,0.20404170641334865,0.4327190642058848,0.7744458493928019,0.5514340912832797,0.2941087137907747,0.08662606376413437,0.023220890397205953,0.007872091524252493,0.02068058670570767,0.05664150724187497,0.0072784059058084915,255.14022972956656,495208,0.0803823217190802,0.16677157140424093,0.11349230440496251,0.02523337735095991,0.010602815082194328,0.7588809344172479,0.9588709893485011,0.9396685547041661,0.6538376799225805,0.4613334018522534,0.009142258726060391,0.01040748918997904,0.009110186739544418,0.008215647253673521,0.008802401864930443,0.054408238399773844,0.057014205135184806,0.04317469720602109,0.05968991999048748,0.058223745836851935,61900
0.032263722419738766,0.44489972114562987,0.18654415607452393,0.6851646447181702,0.22853771249230828,0.4184021273255349,0.7613168626881107,0.5443527136530197,0.2796801223673607,0.08027166480994428,0.02153171699028463,0.008410421470525493,0.02212609606129782,0.057977753697422856,0.008337186013260183,255.151942847083,496008,0.07927327815443275,0.1643012827663331,0.11150569491797976,0.024163157038100354,0.008556531475024056,0.7373885527253151,0.9601118102598418,0.9291605353355414,0.620044167939719,0.4345240585079275,0.009001501935999844,0.010121509885085676,0.00885086998432165,0.008660683040990932,0.008340872677518995,0.04767112545901908,0.05514646962989106,0.04210125349927693,0.04983386472351368,0.04447405203655856,62000
0.0006618189811706543,0.4517944622039795,0.17101277589797972,0.6745600914955139,0.21544863325243468,0.42101641908288,0.761135254502297,0.5510129381744369,0.2795688608742277,0.08005230898475828,0.02383590467274188,0.009288158916169784,0.021205302349836506,0.059408585875011674,0.008747000068051777,255.16178856835415,496808,0.07847386535257103,0.16362353056669238,0.11400977321812564,0.02261571907666108,0.00844618503812372,0.7361508393287655,0.9617697325348852,0.932255395178525,0.6123914877357693,0.42278701096188775,0.008700974973617132,0.010007276781834652,0.008497365781123627,0.008010300919641344,0.008254841704483082,0.0481019960623235,0.057974861050024605,0.04324573821405758,0.045425699436632175,0.04588333059869265,62100
0.034875307083129886,0.45824093341827393,0.1891746735572815,0.7001824307441712,0.20429756467614868,0.4138370460271838,0.7585267476018912,0.5479178168834788,0.2855136775925976,0.08409489557183007,0.023852160172536982,0.009658290616941023,0.02129360797504582,0.0558615436091723,0.00868899047662671,255.16933295175244,497608,0.076310536917299,0.16385057061759362,0.11279462595016532,0.023785810925724387,0.009632689963828248,0.7393220767378804,0.9583793107023091,0.9327197108513271,0.6382481624831017,0.44680538154454613,0.008716562099289147,0.010255794544340245,0.008494309645193892,0.008019917804414215,0.008137508670030092,0.043978595708031226,0.0558122100076889,0.036150680543281716,0.04339056033339926,0.04066176744906797,62200
0.0006107354164123535,0.4157202458381653,0.198120641708374,0.6664765810966492,0.24609293334366053,0.4241718113422395,0.7717699052682567,0.5614603999333497,0.29244714101204716,0.07748810738546423,0.022355304453521966,0.008475853259378663,0.02042786699170487,0.05167045120592462,0.00871154389691096,255.18067515835347,498408,0.07984774967655543,0.16569463841950732,0.11736698609132024,0.029423486638472985,0.008631041810598842,0.741294397711754,0.9594070042543742,0.9347896615664164,0.6632961020021152,0.41546986244692635,0.009868354320060465,0.011370197538545916,0.010217073417674655,0.009473798669745575,0.008431866846858802,0.0576544017111883,0.06753388104441377,0.05587174705444618,0.05316481946985987,0.05403429242819178,62300
0.03202598094940186,0.4551197862625122,0.18874226093292237,0.696175696849823,0.25624248324524757,0.400058774203062,0.7539326846599579,0.5440848081400894,0.29477100485741214,0.07855823564414789,0.024402682939544312,0.009434191396899732,0.022439428581620992,0.05668184364131139,0.008995178020748878,255.19285459849254,499208,0.0729777137190104,0.16411118507385247,0.11121091662407527,0.02530772727682483,0.007853135899577408,0.7263094815611839,0.9570718824863435,0.9267468127337374,0.6520781024771538,0.42629448860479174,0.008129473133012651,0.009410431983673738,0.008123645351992724,0.007531615319332819,0.007635132536056092,0.04258949165232479,0.04695752667935776,0.036868638697672956,0.04451621346527815,0.04240492828468457,62400
0.0006538534164428711,0.461916127204895,0.18658128023147583,0.6992063879966736,0.18229669211383795,0.4310178285837174,0.7624520355692276,0.5546871171209026,0.2885643136664408,0.08309217385868434,0.023175391205586485,0.008190427282198265,0.02010733143568698,0.056446708148039565,0.007495359222260995,255.19720277820983,500008,0.08002663955092437,0.16393465763674347,0.11457991645914582,0.024417308506680942,0.009336706805736466,0.7587541228532789,0.9622357312876442,0.9415927828826347,0.6421805510473488,0.4608331842625398,0.008910197806544612,0.010373867595962327,0.009000196825859725,0.007838513361595904,0.008339428957155413,0.04691694866865879,0.056344614144808694,0.04308237211567717,0.040756657955917826,0.047213135128642704,62500
0.0006474065780639649,0.4560396409034729,0.16663519859313966,0.6708586406707764,0.20032192000159815,0.4266690553724764,0.7708958084990335,0.5460106358655449,0.28374898526334996,0.08193805494478765,0.02368013298138977,0.009230747669594499,0.021824109083204313,0.05722278489494803,0.007714485060613675,255.20181762880304,500808,0.07870413314551114,0.16492437938364563,0.11155980514380542,0.023479058415691673,0.008372605244904692,0.7484716010093688,0.9618515090244572,0.933236306732141,0.6323704704101839,0.4454262256622314,0.008684606016613536,0.010015598702721484,0.008694699427420368,0.00771153010572717,0.008240069830505053,0.05034790783829521,0.060821293293294075,0.045859936349833125,0.049520573495233325,0.04492522231053697,62600
0.03136384725570679,0.4663772320747375,0.1824701952934265,0.7007585477828979,0.2513290278787342,0.4352094061672688,0.7688816286796756,0.5538011100785486,0.2885002556992205,0.08136094696237711,0.021835194276645785,0.008037735808229201,0.02080613229506339,0.05203156246264511,0.008491669163049664,255.21194560847297,501608,0.08182351538911457,0.16476055016351313,0.1134977543478822,0.024664702055681685,0.01202581449858068,0.7572931310534481,0.9625676676284438,0.9392014433597697,0.6584681391716,0.4328938253844777,0.00995796446688473,0.011461917689979772,0.009452412297187619,0.008963745692744858,0.009792228605268363,0.0563271772954613,0.06748465475041507,0.048945620779883986,0.05036068119010646,0.05754193031558917,62700
0.0006494688987731934,0.44025306463241576,0.17846388816833497,0.6714623856544495,0.19601925412716836,0.4017949900031091,0.7692731832238758,0.5569910093521078,0.28043153549058275,0.07633063138363151,0.026243486935272817,0.008098605357107854,0.01993390583811561,0.06113182821731395,0.009351125667979314,255.22678437658445,502408,0.07228071359917528,0.1652207626876505,0.11550790087009463,0.022640149255357365,0.007046242200462061,0.7136890327930451,0.9607256864282216,0.9412159780040386,0.6155736496490716,0.39820578520737826,0.00822797321015969,0.010020822670247238,0.00848396008101796,0.007343833713866438,0.007427606909101813,0.04657234577927741,0.056414696607548234,0.04494821572249444,0.04328193868493937,0.04328696339309794,62800
0.031239349842071534,0.4732972574234009,0.17707059621810914,0.7034289002418518,0.1896064279254543,0.4230025348067285,0.7739139572168006,0.5543734029245873,0.28663004362166755,0.08375451339752946,0.023718594694510098,0.007826492087676747,0.020933755879620236,0.05182236976368458,0.008489706438052488,255.2339734425475,503208,0.07733895124867554,0.1655700100538057,0.11476936585192252,0.025465953708768665,0.009334715116141451,0.7465815621614458,0.9623019218444823,0.9328167929003635,0.6464432139584065,0.4482611761144971,0.008578797725494948,0.009720669648586174,0.0086809255068753,0.007843411393365996,0.00817732985065643,0.04854294917080553,0.05766494350316814,0.043546410747997776,0.047457054857262204,0.04544086373694569,62900
0.0006190204620361328,0.44696152210235596,0.1822744870185852,0.6802831697463989,0.18646464739621293,0.4235241235792638,0.7616979177318404,0.5473890403421916,0.2773531313098612,0.08292992439363966,0.023322587842121715,0.008825593724712474,0.021154854080935082,0.05246501572075348,0.008313736930532561,255.2400536599165,504008,0.07767013845965261,0.16359954197608426,0.1116921179178284,0.022960735249909596,0.00833676180944008,0.7516894987225533,0.9623939718180036,0.9354034406382865,0.6378172854582467,0.44679932620214396,0.008560283011756839,0.009498322340868311,0.008559759474563873,0.008032910361708633,0.008138052992644192,0.045913685866107716,0.051812172500301956,0.045414210802580166,0.04159802759102255,0.04495219028087928,63000
0.030869603157043457,0.4709571719169617,0.17836787939071655,0.7017436671257019,0.16703008857522703,0.4345456728339194,0.7688755475052997,0.5470137837178567,0.2821569593742172,0.08097552376750264,0.022414131499826913,0.008259053457391634,0.021600988972019047,0.05392637986075532,0.008347739547638141,255.24555440161942,504808,0.0812520970962941,0.16486888481389475,0.11226638114335483,0.02422993201167977,0.00843521841421821,0.7495769435167317,0.961560965131182,0.9307393390758365,0.6320070228044029,0.4281743093540795,0.009067763232160358,0.010163153587934492,0.008962402483174458,0.008150841343523747,0.008831341181097454,0.04968414440751075,0.054838540775855184,0.045341923650281064,0.047677117112548406,0.05041822734239849,63100
0.0006340456008911133,0.4412073230743408,0.1776578903198242,0.6700120568275452,0.21595356352523162,0.41829119443893426,0.7622492673496399,0.5438013188715838,0.2913901543930955,0.08335260652550835,0.021814811751246457,0.009035192128067138,0.021632243717360392,0.049915250961815885,0.007929399494854062,255.25155376263967,505608,0.07780094498768447,0.16475110524334022,0.11110626362229173,0.02705656714663889,0.008791033594255777,0.7516746562719344,0.9598292143394545,0.9335442445647544,0.6556779789297198,0.4567257264765297,0.00851583213079721,0.009994728415525353,0.008624133129249983,0.007599906119714044,0.007867099168687695,0.04038134475238624,0.04455919748579618,0.0369294648727691,0.03809131353995516,0.042177484361682054,63200
0.03135136365890503,0.4570856380462647,0.192504358291626,0.701170449256897,0.24046172119761428,0.41678472697734836,0.7601769414764872,0.5467296184764967,0.2710217277705673,0.08144061815212748,0.023451342023909093,0.009111181083156868,0.022072458127513524,0.05646844392176718,0.007481996920735886,255.25806594398276,506408,0.07714070368558161,0.16388147841725076,0.11224428278704486,0.021926052677445105,0.008455795824285779,0.7359013581275937,0.9612130266096856,0.9287435528304842,0.6060379788279531,0.4544981945963465,0.008781702991109341,0.010188398733993787,0.0088839612189784,0.007901027858024453,0.008065439584920663,0.045232533394009816,0.04815274975893166,0.042049498357745414,0.044620225006074175,0.04554940226308624,63300
0.0006366848945617675,0.46766454219818115,0.17381720304489134,0.6898554372787475,0.2226306990936719,0.42465115889906885,0.7609856025637871,0.5443337567076821,0.27894769906183425,0.07894109032899879,0.021760272779501967,0.0083176662800529,0.02121918083924689,0.05297608298498908,0.008195720676712646,255.26522926717936,507208,0.07989352002739905,0.165166248993896,0.11012176879783085,0.023071801482033125,0.010460208654311012,0.7477169302105908,0.9567004489564451,0.9378766432256987,0.6419565117424298,0.4304006108597143,0.009381406286265699,0.010997936834589904,0.008890262184812136,0.008574246595578034,0.008888788348693987,0.04864230861654506,0.05667503644107341,0.03880613016905175,0.044905047769571764,0.05337774656152365,63400
0.029336540699005126,0.46827399253845214,0.16333731174468993,0.6843967390060425,0.2164099623320742,0.4156919023394588,0.7632988520570704,0.5501828765546946,0.2796208391912646,0.0858667668842134,0.023718852698802948,0.012478337932151511,0.021074671902366567,0.055630874616485824,0.008607440406922257,255.2752590937652,508008,0.07673423998057842,0.1634221230004284,0.11316467475917961,0.021514051939905337,0.009974618006630666,0.7472962450981139,0.9613646665134947,0.9349793335338971,0.6397433720651227,0.45402896943546506,0.008693460826762022,0.010063715165833365,0.008593757663064788,0.00796342683101043,0.008227904973595981,0.045183302657678684,0.05400278861760287,0.04299615838707563,0.04443027994142531,0.04038208495559437,63500
0.0006368207931518555,0.4360154914855957,0.19853557348251344,0.6871531248092652,0.21031422326756471,0.42180701628327366,0.7728834586838882,0.5461104417012802,0.2744001181423668,0.08443807047054477,0.0230368493683636,0.008281498397688365,0.021216496607478433,0.054087588544935006,0.0074955779831119155,255.29494917941065,508808,0.07775868587195878,0.16550760941269493,0.11164554532755305,0.022893337901914484,0.009038450598988368,0.7467287582159047,0.9609143355240424,0.9349162264002707,0.6198976987600321,0.45294795899341495,0.008688507252372801,0.009838437659103274,0.008744262120065582,0.007957788472995168,0.008237018014672986,0.04593520798254757,0.049659155008460736,0.044247064717907326,0.041808822767343386,0.04840874006185915,63600
0.0006208372116088867,0.4437764048576355,0.17735174894332886,0.6697343277931214,0.21776952880046796,0.40824368029832814,0.7628841624787107,0.5357981724664572,0.27390962709390093,0.08101880755454591,0.02342793338932096,0.007949902112104336,0.022336109589862947,0.05565945965826365,0.008097268218989479,255.3014391859266,509608,0.0746763391047716,0.16583415970730403,0.1077623678720556,0.02225323542790367,0.00758076450214363,0.7271579903364181,0.9571398990837174,0.9314377528304857,0.6089644310486261,0.4327771706649893,0.008283527242019775,0.00950886668805876,0.008402387087699019,0.00754901233467445,0.007711286166270907,0.0469637889228761,0.05223675557510485,0.04788764986248371,0.04448315246836907,0.04346333826498053,63700
